timestamp_panama,timestamp_utc,open,high,low,close,volume_BTC,taker_buy_BTC,taker_sell_BTC,delta_BTC,delta_volume_ratio,OI_start_BTC,OI_end_BTC,dOI_BTC,bar_count,position_relative_to_LR
2026-09-20 00:00:00,2026-09-20T05:00:00.000Z,80411.9,80618,80384.2,80563.1,1201.56,735.695,465.86500000000007,269.83,0.22456639701721096,109228.911,109252.239,23.328000000008615,15,BELOW_LR
2026-09-20 00:15:00,2026-09-20T05:15:00.000Z,80563,80563.1,80414.4,80511.4,723.7679999999998,268.975,454.79299999999995,-185.81800000000004,-0.2567369654364383,109106.089,109165.237,59.147999999986496,15,BELOW_LR
2026-09-20 00:30:00,2026-09-20T05:30:00.000Z,80511.5,80591.6,80414.8,80505.1,763.5030000000002,317.22099999999995,446.282,-129.06100000000004,-0.16903797365563725,109146.917,109155.556,8.638999999995576,15,BELOW_LR
2026-09-20 00:45:00,2026-09-20T05:45:00.000Z,80505.1,80525.1,80420,80459.9,779.6680000000001,341.57700000000006,438.091,-96.51399999999997,-0.1237885869370039,109172.493,109102.644,-69.84900000000198,15,BELOW_LR
2026-09-20 01:00:00,2026-09-20T06:00:00.000Z,80460,80505.1,80399.9,80489,1063.085,536.2149999999999,526.87,9.345000000000013,0.00879045419698332,109034.88,109100.472,65.59199999998964,15,BELOW_LR
2026-09-20 01:15:00,2026-09-20T06:15:00.000Z,80488.9,80580,80418,80430.5,1030.992,373.748,657.244,-283.496,-0.2749740056178903,109098.567,109297.437,198.8700000000099,15,BELOW_LR
2026-09-20 01:30:00,2026-09-20T06:30:00.000Z,80430.5,80455.8,80245,80352.9,1275.427,526.3499999999999,749.077,-222.727,-0.17462935942237387,109296.565,109208.67,-87.89500000000407,15,BELOW_LR
2026-09-20 01:45:00,2026-09-20T06:45:00.000Z,80352.9,80423.2,80188,80280,1622.244,789.4309999999999,832.8129999999999,-43.38199999999994,-0.02674196976533736,109219.09,109354.425,135.3350000000064,15,BELOW_LR
2026-09-20 02:00:00,2026-09-20T07:00:00.000Z,80280,80342.4,80261.8,80310.1,817.441,456.30300000000005,361.138,95.16500000000002,0.11641818797931595,109424.118,109426.942,2.823999999993248,15,BELOW_LR
2026-09-20 02:15:00,2026-09-20T07:15:00.000Z,80310,80400.4,80254,80368.9,1208.0729999999999,651.1289999999999,556.944,94.185,0.07796300389132114,109402.479,109273.66,-128.81900000000314,15,BELOW_LR
2026-09-20 02:30:00,2026-09-20T07:30:00.000Z,80368.9,80368.9,80262.5,80303.2,376.12199999999996,158.224,217.898,-59.67399999999998,-0.15865596801037957,109189.943,109184.778,-5.164999999993597,15,BELOW_LR
2026-09-20 02:45:00,2026-09-20T07:45:00.000Z,80303.3,80364.2,80278.7,80286.3,675.9759999999999,272.159,403.817,-131.65800000000002,-0.19476726984389983,109179.424,109232.531,53.10700000000361,15,BELOW_LR
2026-09-20 03:00:00,2026-09-20T08:00:00.000Z,80286.4,80432.5,80278.9,80390.1,703.3130000000001,419.891,283.42199999999997,136.46900000000002,0.1940373631654754,109283.332,109278.405,-4.926999999996042,15,BELOW_LR
2026-09-20 03:15:00,2026-09-20T08:15:00.000Z,80390.1,80402.2,80344,80347.2,383.61400000000003,219.39599999999996,164.218,55.178,0.143837294780691,109242.777,109268.923,26.145999999993364,15,BELOW_LR
2026-09-20 03:30:00,2026-09-20T08:30:00.000Z,80347.3,80383.7,80214.7,80228,596.01,275.91999999999996,320.09000000000003,-44.16999999999999,-0.0741094948071341,109264.388,109266.954,2.565999999991618,15,BELOW_LR
2026-09-20 03:45:00,2026-09-20T08:45:00.000Z,80228.1,80266.8,80127.6,80235.2,946.1529999999999,435.65700000000004,510.4960000000001,-74.83900000000003,-0.07909820081952923,109245.206,109255.186,9.979999999995925,15,BELOW_LR
2026-09-20 04:00:00,2026-09-20T09:00:00.000Z,80235.2,80310.6,80222.1,80241.5,515.352,335.82000000000005,179.532,156.28800000000004,0.30326456480230995,109270.155,109237.448,-32.70699999999488,15,BELOW_LR
2026-09-20 04:15:00,2026-09-20T09:15:00.000Z,80241.5,80380,80226,80354.2,424.64599999999996,293.374,131.27200000000002,162.102,0.38173443291588766,109243.272,109224.944,-18.327999999994063,15,BELOW_LR
2026-09-20 04:30:00,2026-09-20T09:30:00.000Z,80354.2,80555,80354.1,80520.4,1352.4160000000002,776.1770000000001,576.239,199.93800000000005,0.1478376475877245,109230.926,109259.663,28.736999999993714,15,BELOW_LR
2026-09-20 04:45:00,2026-09-20T09:45:00.000Z,80520.4,80520.5,80433.7,80437.4,305.6789999999999,123.937,181.74199999999996,-57.805,-0.18910360214473357,109170.077,109166.8,-3.2770000000018626,15,BELOW_LR
2026-09-20 05:00:00,2026-09-20T10:00:00.000Z,80437.4,80489.7,80297.7,80382.4,869.588,358.408,511.18000000000006,-152.772,-0.17568319710023597,109172.197,109047.925,-124.2719999999972,15,BELOW_LR
2026-09-20 05:15:00,2026-09-20T10:15:00.000Z,80382.5,80418.5,80295.5,80356.2,338.837,177.17299999999997,161.664,15.509000000000002,0.0457712705519173,109090.687,109059.492,-31.195000000006985,15,BELOW_LR
2026-09-20 05:30:00,2026-09-20T10:30:00.000Z,80356.3,80409.3,80291.9,80329.2,455.292,210.645,244.64700000000005,-34.001999999999995,-0.07468174270578003,109049.848,109036.077,-13.770999999993364,15,BELOW_LR
2026-09-20 05:45:00,2026-09-20T10:45:00.000Z,80329.2,80370.7,80286,80286.1,330.522,184.465,146.057,38.40800000000001,0.1162040650849263,109012.091,108993.119,-18.971999999994296,15,BELOW_LR
2026-09-20 06:00:00,2026-09-20T11:00:00.000Z,80286.1,80395.8,80247.6,80334.5,645.0720000000001,306.524,338.548,-32.02400000000003,-0.04964407073939037,108990.63,108974.979,-15.650999999998021,15,BELOW_LR
2026-09-20 06:15:00,2026-09-20T11:15:00.000Z,80334.5,80355,80270.5,80339.1,460.9390000000001,207.59400000000002,253.34500000000003,-45.75099999999999,-0.09925608377681208,108991.493,109004.266,12.773000000001048,15,BELOW_LR
2026-09-20 06:30:00,2026-09-20T11:30:00.000Z,80339.1,80466,80339.1,80423.9,670.4119999999999,295.02199999999993,375.39,-80.368,-0.11987852246081515,109036.911,108972.886,-64.02499999999418,15,BELOW_LR
2026-09-20 06:45:00,2026-09-20T11:45:00.000Z,80423.9,80500,80411.3,80448.4,525.8820000000001,227.59199999999998,298.28999999999996,-70.69799999999998,-0.1344370029778543,108978.192,108947.393,-30.79899999999907,15,BELOW_LR
2026-09-20 07:00:00,2026-09-20T12:00:00.000Z,80448.3,80500,80384.8,80453.4,601.325,298.9630000000001,302.362,-3.398999999999994,-0.005652517357502172,108940.755,108960.929,20.17399999999907,15,BELOW_LR
2026-09-20 07:15:00,2026-09-20T12:15:00.000Z,80453.5,80467.4,80325,80334.9,303.106,125.49300000000001,177.613,-52.11999999999999,-0.17195304612907691,108982.353,108977.32,-5.032999999995809,15,BELOW_LR
2026-09-20 07:30:00,2026-09-20T12:30:00.000Z,80334.8,80334.9,80287.7,80317.5,385.93499999999995,186.43799999999996,199.49699999999999,-13.059000000000008,-0.03383730420925806,108966.911,108914.881,-52.029999999998836,15,BELOW_LR
2026-09-20 07:45:00,2026-09-20T12:45:00.000Z,80317.5,80461.9,80317.5,80457,804.3560000000001,619.6949999999999,184.66099999999994,435.03400000000005,0.5408475849002183,108902.93,108806.718,-96.21199999999953,15,BELOW_LR
2026-09-20 08:00:00,2026-09-20T13:00:00.000Z,80457,80640.5,80457,80525.2,1517.4059999999997,942.629,574.7769999999999,367.85200000000015,0.24242160634662063,108759.751,108837.91,78.15899999999965,15,BELOW_LR
2026-09-20 08:15:00,2026-09-20T13:15:00.000Z,80525.2,80538.8,80443.4,80475.6,643.6949999999999,320.24499999999995,323.45000000000005,-3.2050000000000036,-0.004979066172643883,108871.317,108891.334,20.0170000000071,15,BELOW_LR
2026-09-20 08:30:00,2026-09-20T13:30:00.000Z,80475.7,80533.5,80389,80533.4,610.0479999999999,384.576,225.472,159.10399999999998,0.260805707091901,108918.263,109003.296,85.03299999999581,15,BELOW_LR
2026-09-20 08:45:00,2026-09-20T13:45:00.000Z,80533.4,80549.9,80503.5,80532.9,239.46000000000004,121.52999999999999,117.93,3.599999999999989,0.015033826108744628,109115.559,109098.637,-16.921999999991385,15,BELOW_LR
2026-09-20 09:00:00,2026-09-20T14:00:00.000Z,80532.8,80762.2,80532.8,80550.3,1758.8149999999998,1078.8110000000001,680.0039999999999,398.80699999999996,0.2267475544613845,109102.389,108967.805,-134.58400000000256,15,BELOW_LR
2026-09-20 09:15:00,2026-09-20T14:15:00.000Z,80550.4,80550.4,80377.1,80500.8,818.935,380.656,438.279,-57.62299999999999,-0.07036333774963824,108901.447,108892.533,-8.914000000004307,15,BELOW_LR
2026-09-20 09:30:00,2026-09-20T14:30:00.000Z,80500.8,80629.7,80464.7,80601.1,522.899,272.18999999999994,250.70899999999997,21.480999999999995,0.041080591089292566,108901.558,108902.14,0.5819999999948777,15,BELOW_LR
2026-09-20 09:45:00,2026-09-20T14:45:00.000Z,80601.1,80735.7,80571.9,80647,627.182,364.61699999999996,262.565,102.05199999999999,0.16271512894183823,108936.752,109017.078,80.32600000000093,15,BELOW_LR
2026-09-20 10:00:00,2026-09-20T15:00:00.000Z,80646.9,80910,80646.9,80720.3,2109.003,1325.856,783.1469999999999,542.7089999999998,0.2573296481797322,109025.257,108854.724,-170.5329999999958,15,BELOW_LR
2026-09-20 10:15:00,2026-09-20T15:15:00.000Z,80720.3,80855.5,80623.1,80625.5,1021.0059999999999,415.352,605.6539999999999,-190.302,-0.1863867597252122,108848.345,109013.23,164.88499999999476,15,BELOW_LR
2026-09-20 10:30:00,2026-09-20T15:30:00.000Z,80625.4,80844,80625.4,80806.4,958.3699999999999,550.5969999999999,407.773,142.82399999999998,0.14902803718814236,108867.602,108858.284,-9.317999999999302,15,BELOW_LR
2026-09-20 10:45:00,2026-09-20T15:45:00.000Z,80806.4,80937,80800,80871.4,971.5630000000001,562.1460000000001,409.417,152.72899999999998,0.15719927580609797,108845.363,108785.967,-59.395999999993364,15,BELOW_LR
2026-09-20 11:00:00,2026-09-20T16:00:00.000Z,80871.4,81168.4,80767.7,81121.6,2875.087,2047.3100000000002,827.777,1219.5330000000001,0.42417255547397353,108755.326,108456.937,-298.3889999999956,15,BELOW_LR
2026-09-20 11:15:00,2026-09-20T16:15:00.000Z,81121.6,81238,80998.2,81138.8,2709.67,1389.624,1320.0459999999998,69.57799999999997,0.025677665545988985,108375.802,108048.419,-327.38300000000163,15,BELOW_LR
2026-09-20 11:30:00,2026-09-20T16:30:00.000Z,81138.9,81472.6,81066.3,81336,4425.704000000001,2374.5800000000004,2051.1240000000003,323.456,0.07308577347242382,107798.077,107367.526,-430.55100000000675,15,BELOW_LR
2026-09-20 11:45:00,2026-09-20T16:45:00.000Z,81336,81413.3,81177,81297.8,1165.0989999999997,503.373,661.726,-158.353,-0.13591377213438519,107162.752,107096.475,-66.27699999998731,15,BELOW_LR
2026-09-20 12:00:00,2026-09-20T17:00:00.000Z,81297.8,81418,81112.4,81196.3,1502.3069999999998,835.5179999999999,666.789,168.729,0.11231326220273222,107044.671,106928.972,-115.6990000000078,15,BELOW_LR
2026-09-20 12:15:00,2026-09-20T17:15:00.000Z,81196.3,81279.7,81084.9,81118.8,979.1360000000001,448.90700000000004,530.2289999999999,-81.322,-0.08305485652657035,106934.591,106861.919,-72.67200000000594,15,BELOW_LR
2026-09-20 12:30:00,2026-09-20T17:30:00.000Z,81118.8,81383.6,81118.8,81356.5,1111.572,656.0239999999999,455.54800000000006,200.476,0.18035358933114545,106827.827,106801.756,-26.071000000010827,15,BELOW_LR
2026-09-20 12:45:00,2026-09-20T17:45:00.000Z,81356.5,81385.8,81025.4,81115.5,1817.7889999999998,617.8770000000001,1199.9119999999998,-582.035,-0.32018842670959063,106840.78,107123.987,283.2069999999949,15,BELOW_LR
2026-09-20 13:00:00,2026-09-20T18:00:00.000Z,81115.5,81172.5,80980,81069.9,1825.1250000000002,533.187,1291.9379999999999,-758.751,-0.4157254982535442,107112.486,107092.315,-20.171000000002095,15,BELOW_LR
2026-09-20 13:15:00,2026-09-20T18:15:00.000Z,81069.9,81234.6,81069.8,81234.4,615.5440000000002,426.34999999999997,189.194,237.15599999999992,0.38527871281338105,107139.684,107287.824,148.13999999999942,15,BELOW_LR
2026-09-20 13:30:00,2026-09-20T18:30:00.000Z,81234.5,81279.7,81142.5,81181.9,368.63499999999993,158.90499999999997,209.73,-50.82500000000001,-0.13787350631383352,107282.623,107302.877,20.253999999986263,15,BELOW_LR
2026-09-20 13:45:00,2026-09-20T18:45:00.000Z,81182,81185.7,80973.9,80998.3,662.4209999999998,185.72400000000002,476.69700000000006,-290.973,-0.4392569076161536,107309.62,107316.988,7.368000000002212,15,BELOW_LR
2026-09-20 14:00:00,2026-09-20T19:00:00.000Z,80998.4,81094.8,80998.3,81050,452.93899999999996,283.29400000000004,169.64499999999992,113.64900000000004,0.25091458231682423,107289.985,107219.41,-70.57499999999709,15,BELOW_LR
2026-09-20 14:15:00,2026-09-20T19:15:00.000Z,81050.1,81087.3,81025,81087.3,310.459,128.509,181.95000000000002,-53.440999999999974,-0.17213545105794958,107220.322,107295.91,75.58800000000338,15,BELOW_LR
2026-09-20 14:30:00,2026-09-20T19:30:00.000Z,81087.3,81261.1,81087.2,81197.7,741.914,291.61299999999994,450.3010000000001,-158.68800000000002,-0.2138900195979588,107238.408,107306.441,68.03300000001036,15,BELOW_LR
2026-09-20 14:45:00,2026-09-20T19:45:00.000Z,81197.8,81264.2,81113.7,81144,373.693,141.707,231.986,-90.27900000000001,-0.24158600776573289,107329.618,107338.486,8.868000000002212,15,BELOW_LR
2026-09-20 15:00:00,2026-09-20T20:00:00.000Z,81144,81194,81108.5,81115,265.11899999999997,129.591,135.528,-5.937000000000005,-0.02239371753816213,107319.792,107361.332,41.5399999999936,15,BELOW_LR
2026-09-20 15:15:00,2026-09-20T20:15:00.000Z,81115,81192.4,81050.1,81141.8,494.183,210.225,283.958,-73.733,-0.1492018139029469,107365.912,107411.591,45.679000000003725,15,BELOW_LR
2026-09-20 15:30:00,2026-09-20T20:30:00.000Z,81141.8,81141.8,81038.3,81099.8,242.16800000000003,123.71200000000002,118.456,5.2560000000000064,0.021703941065706476,107379.115,107388.325,9.209999999991851,15,BELOW_LR
2026-09-20 15:45:00,2026-09-20T20:45:00.000Z,81099.8,81195.6,81034,81049.9,369.574,169.67700000000002,199.89700000000002,-30.219999999999988,-0.08176982147012503,107391.925,107368.447,-23.478000000002794,15,BELOW_LR
2026-09-20 16:00:00,2026-09-20T21:00:00.000Z,81050,81050,80533.6,80732.1,3275.2740000000003,1100.9510000000002,2174.323,-1073.372,-0.32771975718672697,107369.019,107283.662,-85.35700000000361,15,BELOW_LR
2026-09-20 16:15:00,2026-09-20T21:15:00.000Z,80732,80897.1,80732,80849.9,714.3679999999998,332.74800000000005,381.62,-48.871999999999986,-0.06841291883175057,107373.642,107341.442,-32.20000000001164,15,BELOW_LR
2026-09-20 16:30:00,2026-09-20T21:30:00.000Z,80849.9,80907.7,80758,80758,438.966,188.10299999999998,250.863,-62.76000000000002,-0.14297234865570457,107312.907,107310.403,-2.504000000000815,15,BELOW_LR
2026-09-20 16:45:00,2026-09-20T21:45:00.000Z,80758.1,80925.6,80754.9,80897.4,462.435,182.555,279.88000000000005,-97.325,-0.21046201087720437,107303.526,107321.211,17.68499999999767,15,BELOW_LR
2026-09-20 17:00:00,2026-09-20T22:00:00.000Z,80897.4,81256.1,80734.1,81256.1,1922.4229999999995,1248.1989999999998,674.224,573.975,0.29856852524132316,107415.645,107406.99,-8.654999999998836,15,BELOW_LR
2026-09-20 17:15:00,2026-09-20T22:15:00.000Z,81256.1,81256.1,81033.4,81126.8,740.9580000000001,356.98400000000004,383.97399999999993,-26.99000000000001,-0.03642581630807685,107450.549,107382.438,-68.11100000000442,15,BELOW_LR
2026-09-20 17:30:00,2026-09-20T22:30:00.000Z,81126.8,81240.6,81072,81077.7,559.36,308.879,250.481,58.397999999999996,0.10440145881006864,107388.825,107393.725,4.900000000008731,15,BELOW_LR
2026-09-20 17:45:00,2026-09-20T22:45:00.000Z,81077.8,81237.5,81068.5,81181.2,447.206,200.91199999999998,246.29399999999998,-45.38199999999998,-0.10147896047906328,107410.743,107431.023,20.279999999998836,15,BELOW_LR
2026-09-20 18:00:00,2026-09-20T23:00:00.000Z,81181.3,81228,81090,81116.3,638.141,246.68200000000002,391.45899999999995,-144.777,-0.2268730578351806,107440.863,107469.074,28.210999999995693,15,BELOW_LR
2026-09-20 18:15:00,2026-09-20T23:15:00.000Z,81116.2,81266,81100,81117.6,639.6800000000001,377.688,261.992,115.69600000000005,0.18086543271635824,107429.709,107468.823,39.1140000000014,15,BELOW_LR
2026-09-20 18:30:00,2026-09-20T23:30:00.000Z,81117.6,81254.5,81091.1,81234.5,1135.321,635.8389999999999,499.4820000000001,136.3569999999999,0.12010435815069036,107460.722,107614.952,154.23000000001048,15,BELOW_LR
2026-09-20 18:45:00,2026-09-20T23:45:00.000Z,81234.5,81311,81120.2,81143.9,889.6940000000002,452.237,437.45699999999994,14.779999999999976,0.01661245327045026,107726.102,107781.514,55.411999999996624,15,BELOW_LR
2026-09-20 19:00:00,2026-09-21T00:00:00.000Z,81144,81687,81135.1,81643.7,4001.798,2413.8489999999997,1587.949,825.9,0.2063822311870814,107777.74,107954.527,176.78699999999662,15,BELOW_LR
2026-09-20 19:15:00,2026-09-21T00:15:00.000Z,81643.7,81800,81480,81705.1,2600.765,1443.8350000000003,1156.93,286.905,0.11031561867373638,107855.781,107777.374,-78.40700000000652,15,BELOW_LR
2026-09-20 19:30:00,2026-09-21T00:30:00.000Z,81705.1,81815.5,81493.3,81663.7,2168.244,1021.367,1146.877,-125.50999999999999,-0.05788555162610849,107883.203,107972.372,89.16900000000896,15,BELOW_LR
2026-09-20 19:45:00,2026-09-21T00:45:00.000Z,81663.6,81800,81550,81573.3,3139.5899999999997,2000.314,1139.2759999999998,861.0380000000001,0.2742517335066044,107922.971,107773.325,-149.64600000000792,15,BELOW_LR
2026-09-20 20:00:00,2026-09-21T01:00:00.000Z,81573.1,81782.1,81475.5,81767.5,1438.28,707.266,731.014,-23.74799999999997,-0.016511388603053626,107795.938,107830.346,34.40800000001036,15,BELOW_LR
2026-09-20 20:15:00,2026-09-21T01:15:00.000Z,81767.4,82099.9,81461,81559.9,5649.771,3128.992,2520.779,608.213,0.10765268185206091,107991.167,108003.377,12.209999999991851,15,BELOW_LR
2026-09-20 20:30:00,2026-09-21T01:30:00.000Z,81559.9,81637.9,81229,81429.9,2465.873000000001,1121.7520000000002,1344.1209999999996,-222.36899999999991,-0.09017861017173222,107730.159,107761.152,30.993000000002212,15,BELOW_LR
2026-09-20 20:45:00,2026-09-21T01:45:00.000Z,81429.9,81462.8,80819.4,80964.3,5736.981999999999,2278.236,3458.746,-1180.51,-0.20577195466187626,107697.738,107553.557,-144.18099999999686,15,BELOW_LR
2026-09-20 21:00:00,2026-09-21T02:00:00.000Z,80964.3,81341.7,80909.7,81341.6,2859.851,1701.2269999999999,1158.6239999999998,542.6030000000002,0.18973121326950257,107481.687,107765.425,283.73799999999756,15,BELOW_LR
2026-09-20 21:15:00,2026-09-21T02:15:00.000Z,81341.7,81488.7,81283.1,81394.9,1583.8229999999999,887.478,696.345,191.133,0.12067825760833124,107971.778,108259.197,287.4189999999944,15,BELOW_LR
2026-09-20 21:30:00,2026-09-21T02:30:00.000Z,81394.9,81394.9,81113.9,81227.1,1751.101,548.073,1203.028,-654.955,-0.37402468504101133,108341.089,107915.2,-425.8890000000101,15,BELOW_LR
2026-09-20 21:45:00,2026-09-21T02:45:00.000Z,81227,81368.5,81162,81280,839.7319999999999,320.00499999999994,519.727,-199.72199999999998,-0.23784016805361713,107883.44,107896.803,13.362999999997555,15,BELOW_LR
2026-09-20 22:00:00,2026-09-21T03:00:00.000Z,81279.9,81428,81211,81292.8,566.382,281.91999999999996,284.462,-2.541999999999975,-0.0044881369817543195,107982.043,108046.498,64.45500000000175,15,BELOW_LR
2026-09-20 22:15:00,2026-09-21T03:15:00.000Z,81292.8,81482.8,81292.8,81409.6,692.169,398.685,293.4839999999999,105.20100000000002,0.15198744815211318,108060.464,108073.441,12.976999999998952,15,BELOW_LR
2026-09-20 22:30:00,2026-09-21T03:30:00.000Z,81409.6,81549,81409.6,81447.9,840.7980000000001,446.414,394.384,52.02999999999997,0.06188168858631914,108144.513,108242.732,98.21899999999732,15,BELOW_LR
2026-09-20 22:45:00,2026-09-21T03:45:00.000Z,81447.8,81486.9,81338.6,81403.7,432.13,215.048,217.08199999999997,-2.0340000000000176,-0.004706916900006983,108223.794,108209.138,-14.655999999988126,15,BELOW_LR
2026-09-20 23:00:00,2026-09-21T04:00:00.000Z,81403.7,81439.2,81249.1,81250.1,775.6610000000001,244.28700000000003,531.374,-287.087,-0.37011916288172275,108224.538,108216.37,-8.168000000005122,15,BELOW_LR
2026-09-20 23:15:00,2026-09-21T04:15:00.000Z,81250,81326.6,81213.8,81270,506.76000000000005,233.55200000000002,273.20799999999997,-39.656,-0.07825400584102928,108209.182,108157.254,-51.927999999999884,15,BELOW_LR
2026-09-20 23:30:00,2026-09-21T04:30:00.000Z,81270,81395.9,81199.9,81394.1,551.47,258.399,293.07099999999997,-34.67200000000002,-0.06287196039675778,108155.509,108177.749,22.239999999990687,15,BELOW_LR
2026-09-20 23:45:00,2026-09-21T04:45:00.000Z,81394,81481.5,81341.3,81365.5,544.347,311.445,232.90199999999996,78.54300000000002,0.1442884777540797,108184.018,108195.012,10.994000000006054,15,BELOW_LR
2026-09-21 00:00:00,2026-09-21T05:00:00.000Z,81365.5,81395,81271,81300,331.429,101.771,229.65800000000002,-127.887,-0.385865449311919,108166.008,108182.527,16.519000000000233,15,BELOW_LR
2026-09-21 00:15:00,2026-09-21T05:15:00.000Z,81300,81626,81299.9,81554.4,1557.5800000000002,1059.301,498.27899999999994,561.0220000000002,0.3601882407324183,108174.739,108244.155,69.41599999999744,15,BELOW_LR
2026-09-21 00:30:00,2026-09-21T05:30:00.000Z,81554.3,81765.5,81551.5,81589,1555.2889999999995,774.725,780.564,-5.838999999999935,-0.0037542861808962428,108669.106,108896.62,227.51399999999558,15,BELOW_LR
2026-09-21 00:45:00,2026-09-21T05:45:00.000Z,81589,81653.6,81487.1,81520,616.234,231.03400000000005,385.19999999999993,-154.16600000000003,-0.25017444671991484,108882.126,108907.009,24.88300000000163,15,BELOW_LR
2026-09-21 01:00:00,2026-09-21T06:00:00.000Z,81520,81664.3,81506,81639.9,833.3730000000002,363.09099999999995,470.2819999999998,-107.19100000000002,-0.128623077541509,108931.408,108931.16,-0.2479999999923166,15,BELOW_LR
2026-09-21 01:15:00,2026-09-21T06:15:00.000Z,81640,81857.1,81639.9,81786.6,1161.793,673.132,488.66100000000006,184.471,0.15878129752890577,108994.272,109017.38,23.10800000000745,15,BELOW_LR
2026-09-21 01:30:00,2026-09-21T06:30:00.000Z,81786.6,81807.7,81356,81357.3,1989.013,513.669,1475.344,-961.675,-0.4834935719374383,109021.948,108953.513,-68.43499999999767,15,BELOW_LR
2026-09-21 01:45:00,2026-09-21T06:45:00.000Z,81357.4,81727.8,81357.4,81609,1596.628,756.3589999999999,840.269,-83.91000000000003,-0.05255450862693128,109214.791,109427.342,212.55100000000675,15,BELOW_LR
2026-09-21 02:00:00,2026-09-21T07:00:00.000Z,81609.1,81650,81438.2,81534.4,952.3999999999999,474.74199999999996,477.658,-2.915999999999997,-0.0030617387652246927,109452.686,109599.203,146.51699999999255,15,BELOW_LR
2026-09-21 02:15:00,2026-09-21T07:15:00.000Z,81534.5,81638.8,81504.2,81581.4,573.21,272.42400000000004,300.78599999999994,-28.36199999999997,-0.049479248442978956,109575.156,109654.119,78.96300000000338,15,BELOW_LR
2026-09-21 02:30:00,2026-09-21T07:30:00.000Z,81581.5,81586.6,81433.2,81475.4,857.4650000000001,458.265,399.20000000000005,59.06500000000003,0.068883278034672,109662.103,109629.76,-32.34300000000803,15,BELOW_LR
2026-09-21 02:45:00,2026-09-21T07:45:00.000Z,81475.4,81700,81450,81699.9,954.221,533.671,420.55,113.12100000000001,0.11854800931859602,109603.469,109661.511,58.04200000000128,15,BELOW_LR
2026-09-21 03:00:00,2026-09-21T08:00:00.000Z,81700,81975.7,81697.2,81860,2745.964,1535.7589999999998,1210.2050000000002,325.5540000000001,0.11855727169037908,109752.972,110123.925,370.9530000000086,15,BELOW_LR
2026-09-21 03:15:00,2026-09-21T08:15:00.000Z,81859.9,82249.9,81838.6,82204.8,4236.581,2612.0299999999993,1624.551,987.479,0.2330839419805735,110339.078,110588.262,249.18400000000838,15,BELOW_LR
2026-09-21 03:30:00,2026-09-21T08:30:00.000Z,82204.7,84275.5,82153.2,83501.5,27043.941999999995,16567.597999999998,10476.344000000003,6091.254,0.22523543350300046,110782.567,109394.287,-1388.2799999999988,15,TOUCH/CROSS_LR
2026-09-21 03:45:00,2026-09-21T08:45:00.000Z,83501.6,83865.6,83273.6,83717.3,6803.339000000002,3420.272,3383.0670000000005,37.204999999999785,0.005468638267180245,109655.772,110070.093,414.3209999999963,15,ABOVE_LR
2026-09-21 04:00:00,2026-09-21T09:00:00.000Z,83717.3,84020.6,83660.4,83892.7,5400.912999999999,2727.7560000000003,2673.157,54.5990000000001,0.01010921671946949,110314.84,110815.832,500.99199999999837,15,ABOVE_LR
2026-09-21 04:15:00,2026-09-21T09:15:00.000Z,83892.7,84578.9,83861.5,84419,9187.381,5547.0470000000005,3640.3340000000007,1906.7129999999997,0.2075360758414177,110821.05,111036.574,215.52399999999034,15,ABOVE_LR
2026-09-21 04:30:00,2026-09-21T09:30:00.000Z,84418.9,85285,84291.1,84990,15654.771,9014.14,6640.631000000001,2373.508999999999,0.1516156959434283,110446.734,109720.058,-726.6759999999922,15,ABOVE_LR
2026-09-21 04:45:00,2026-09-21T09:45:00.000Z,84990,85033.9,84543.4,84626,5670.277,2496.571,3173.706,-677.1350000000001,-0.11941832824040167,110112.542,110034.241,-78.30100000000675,15,ABOVE_LR
2026-09-21 05:00:00,2026-09-21T10:00:00.000Z,84625.9,84800.8,84460.8,84543.7,4809.022,2255.768,2553.254,-297.4860000000001,-0.06185997901444412,110234.141,110147.393,-86.74800000000687,15,ABOVE_LR
2026-09-21 05:15:00,2026-09-21T10:15:00.000Z,84543.6,84717.2,84337,84339.7,2778.5969999999998,1246.133,1532.464,-286.3309999999999,-0.10304876885708864,110198.134,110236.435,38.3009999999922,15,ABOVE_LR
2026-09-21 05:30:00,2026-09-21T10:30:00.000Z,84339.6,84444.2,84100.3,84231.4,3524.7270000000003,1582.249,1942.4779999999996,-360.229,-0.10220053921906574,110277.667,110448.721,171.05400000000373,15,ABOVE_LR
2026-09-21 05:45:00,2026-09-21T10:45:00.000Z,84231.4,84421.2,84117.4,84400.1,2554.6549999999997,1626.269,928.386,697.8829999999998,0.2731809187541957,110241.352,110196.652,-44.69999999999709,15,ABOVE_LR
2026-09-21 06:00:00,2026-09-21T11:00:00.000Z,84400.2,84617.8,84350.8,84560.1,2877.081,1679.593,1197.4879999999998,482.10499999999996,0.16756740599239298,109938.354,109965.025,26.670999999987544,15,ABOVE_LR
2026-09-21 06:15:00,2026-09-21T11:15:00.000Z,84560,84675.8,84488,84632,1360.3369999999998,699.378,660.9590000000001,38.41900000000002,0.028242266438389917,110007.417,109974.625,-32.79200000000128,15,ABOVE_LR
2026-09-21 06:30:00,2026-09-21T11:30:00.000Z,84632,84855.5,84573.1,84788.9,2165.885,1261.018,904.867,356.15099999999995,0.16443670832015547,110002.853,110143.165,140.3119999999908,15,ABOVE_LR
2026-09-21 06:45:00,2026-09-21T11:45:00.000Z,84788.8,84882.2,84672,84849.9,1895.166,781.3890000000002,1113.777,-332.38800000000015,-0.1753872747822619,110327.539,110197.775,-129.76400000001013,15,ABOVE_LR
2026-09-21 07:00:00,2026-09-21T12:00:00.000Z,84849.9,85133,84773.4,84954.8,4154.093,2181.51,1972.5829999999999,208.92700000000002,0.050294251958249374,110196.805,110462.11,265.30500000000757,15,ABOVE_LR
2026-09-21 07:15:00,2026-09-21T12:15:00.000Z,84954.9,85449,84937.3,85045,5608.347,2893.1470000000004,2715.2,177.94699999999997,0.03172895685662816,110571.522,111128.426,556.9040000000095,15,ABOVE_LR
2026-09-21 07:30:00,2026-09-21T12:30:00.000Z,85045.1,85383.1,84995,85250,2908.785,1494.931,1413.854,81.07699999999994,0.027873149785907155,111103.672,111392.862,289.1899999999878,15,ABOVE_LR
2026-09-21 07:45:00,2026-09-21T12:45:00.000Z,85250,85389.5,85120.4,85277.7,2093.33,1098.748,994.582,104.16599999999994,0.04976090726259116,111502.706,111572.189,69.4829999999929,15,ABOVE_LR
2026-09-21 08:00:00,2026-09-21T13:00:00.000Z,85277.7,85419.9,85032.4,85126,2791.9470000000006,1270.8439999999998,1521.103,-250.25900000000001,-0.08963601386416002,111704.039,111728.24,24.20100000000093,15,ABOVE_LR
2026-09-21 08:15:00,2026-09-21T13:15:00.000Z,85126.1,85180,84855.9,84894.7,3506.438,1390.2759999999998,2116.1620000000003,-725.8860000000002,-0.20701521030744024,111655.878,111670.647,14.769000000000233,15,ABOVE_LR
2026-09-21 08:30:00,2026-09-21T13:30:00.000Z,84894.7,85190,84724.9,85033.7,4941.061000000001,2533.208,2407.8529999999996,125.35500000000019,0.025370057159788188,111836.616,111687.513,-149.10299999998824,15,ABOVE_LR
2026-09-21 08:45:00,2026-09-21T13:45:00.000Z,85033.8,85803.1,84993.9,85430,9842.336000000001,5422.122,4420.214000000001,1001.9079999999999,0.10179575255305243,111788.765,111384.015,-404.75,15,ABOVE_LR
2026-09-21 09:00:00,2026-09-21T14:00:00.000Z,85430,85505.1,85007,85269.9,5936.103999999999,2676.9730000000004,3259.131,-582.1580000000001,-0.09807072113291819,111403.866,111401.79,-2.0760000000009313,15,ABOVE_LR
2026-09-21 09:15:00,2026-09-21T14:15:00.000Z,85269.9,85754.8,85178.4,85680.4,5286.499,3100.805999999999,2185.6929999999998,915.1129999999998,0.1731037875917502,111455.885,111960.953,505.0679999999993,15,ABOVE_LR
2026-09-21 09:30:00,2026-09-21T14:30:00.000Z,85680.4,85980.3,85531.9,85757.5,7488.931000000002,3302.0760000000005,4186.8550000000005,-884.7789999999998,-0.11814489945227157,112048.853,111728.79,-320.0630000000092,15,ABOVE_LR
2026-09-21 09:45:00,2026-09-21T14:45:00.000Z,85757.5,86099.3,85649.5,85808.8,5684.978000000001,2868.873,2816.1050000000005,52.767999999999944,0.009282006016558013,111532.25,111595.279,63.028999999994994,15,ABOVE_LR
2026-09-21 10:00:00,2026-09-21T15:00:00.000Z,85808.7,86340,85759.3,86245,6662.455,3743.0099999999998,2919.4450000000006,823.5649999999994,0.12361284241319444,111363.465,111349.457,-14.00800000000163,15,ABOVE_LR
2026-09-21 10:15:00,2026-09-21T15:15:00.000Z,86245,86245,85759.2,85810,4540.7300000000005,1784.071,2756.659,-972.588,-0.2141919911556071,111264.161,110955.752,-308.40899999999965,15,ABOVE_LR
2026-09-21 10:30:00,2026-09-21T15:30:00.000Z,85809.9,86080,85750,86080,2784.743,1654.082,1130.6609999999998,523.421,0.18796025342374506,110954.562,111022.405,67.84299999999348,15,ABOVE_LR
2026-09-21 10:45:00,2026-09-21T15:45:00.000Z,86079.9,86134,85848.5,85877.5,3495.703,1682.7690000000005,1812.9339999999997,-130.16499999999996,-0.03723571481902209,110843.052,110626.409,-216.6429999999964,15,ABOVE_LR
2026-09-21 11:00:00,2026-09-21T16:00:00.000Z,85877.4,85921.7,85636.9,85682.6,3166.071,1283.405,1882.6660000000002,-599.2609999999999,-0.18927591958613685,110573.409,110651.421,78.01200000000244,15,ABOVE_LR
2026-09-21 11:15:00,2026-09-21T16:15:00.000Z,85682.6,85934.3,85682.5,85804.7,1615.8229999999999,851.67,764.1529999999999,87.51699999999994,0.05416249180758038,110619.591,110570.134,-49.45699999999488,15,ABOVE_LR
2026-09-21 11:30:00,2026-09-21T16:30:00.000Z,85804.7,85925.4,85562.1,85815.8,1977.7890000000002,887.5300000000001,1090.2590000000002,-202.72899999999998,-0.10250284534902357,110501.863,110353.126,-148.7369999999937,15,ABOVE_LR
2026-09-21 11:45:00,2026-09-21T16:45:00.000Z,85815.8,86067.5,85796.2,85910.1,2479.2900000000004,1181.145,1298.145,-117.00000000000004,-0.047190929661314336,110354.288,110323.689,-30.59900000000198,15,ABOVE_LR
2026-09-21 12:00:00,2026-09-21T17:00:00.000Z,85910.2,86067.5,85846.9,85907.8,1885.771,997.4729999999998,888.298,109.17499999999995,0.057894092124653504,110567.62,110545.584,-22.035999999992782,15,ABOVE_LR
2026-09-21 12:15:00,2026-09-21T17:15:00.000Z,85907.8,85949.1,85699.9,85840.1,2303.9040000000005,971.054,1332.8500000000004,-361.796,-0.15703605705793294,110613.702,110410.34,-203.36200000000827,15,ABOVE_LR
2026-09-21 12:30:00,2026-09-21T17:30:00.000Z,85840.1,85931.2,85765,85850,900.9439999999998,391.645,509.2989999999999,-117.654,-0.13058969258910655,110329.929,110349.713,19.78399999999965,15,ABOVE_LR
2026-09-21 12:45:00,2026-09-21T17:45:00.000Z,85850,85860.3,85635.9,85854.2,1886.245,910.732,975.5129999999999,-64.78099999999998,-0.03434389488109974,110338.913,110289.029,-49.88400000000547,15,ABOVE_LR
2026-09-21 13:00:00,2026-09-21T18:00:00.000Z,85854.2,85972.6,85768.4,85947.7,1290.9499999999998,589.035,701.9150000000001,-112.88,-0.08743948255160928,110244.611,110309.291,64.67999999999302,15,ABOVE_LR
2026-09-21 13:15:00,2026-09-21T18:15:00.000Z,85947.7,86035.8,85845.5,85880.2,1523.863,639.2550000000001,884.6080000000001,-245.353,-0.1610072559016132,110349.153,110601.569,252.41599999999744,15,ABOVE_LR
2026-09-21 13:30:00,2026-09-21T18:30:00.000Z,85880.3,85947.7,85723.6,85887.7,1360.7320000000002,453.356,907.3759999999999,-454.02,-0.33365864843334314,110831.129,110693.178,-137.95100000000093,15,ABOVE_LR
2026-09-21 13:45:00,2026-09-21T18:45:00.000Z,85887.8,86029.2,85840.8,86021.5,907.3380000000001,532.063,375.27500000000003,156.78799999999995,0.1727999929463992,110664.885,110641.578,-23.3070000000007,15,ABOVE_LR
2026-09-21 14:00:00,2026-09-21T19:00:00.000Z,86021.5,86033,85941.6,86015.1,1021.957,546.7129999999999,475.24399999999997,71.469,0.06993347078203876,110645.963,110596.489,-49.47400000000198,15,ABOVE_LR
2026-09-21 14:15:00,2026-09-21T19:15:00.000Z,86015.1,86435.5,86000,86326.2,4355.096,2968.4580000000005,1386.6380000000001,1581.82,0.36321128168012834,110505.521,110242.971,-262.54999999998836,15,ABOVE_LR
2026-09-21 14:30:00,2026-09-21T19:30:00.000Z,86326.1,86874,86276.2,86534,7631.471999999999,4395.313,3236.1589999999997,1159.1540000000002,0.1518912734004659,110242.827,110338.56,95.7329999999929,15,ABOVE_LR
2026-09-21 14:45:00,2026-09-21T19:45:00.000Z,86534,86640.8,86430.1,86454.3,1632.473,721.9330000000001,910.54,-188.60699999999994,-0.11553452951442379,110278.056,110240.978,-37.07799999999406,15,ABOVE_LR
2026-09-21 15:00:00,2026-09-21T20:00:00.000Z,86454.2,86769.4,86454.2,86704.3,1760.835,1079.5159999999998,681.319,398.1970000000002,0.22614100696544545,110231.019,110357.316,126.29700000000594,15,ABOVE_LR
2026-09-21 15:15:00,2026-09-21T20:15:00.000Z,86704.3,87385.1,86659.7,87238.6,7016.100999999999,4371.771000000001,2644.33,1727.441,0.2462109653210523,110269.175,110245.232,-23.9429999999993,15,ABOVE_LR
2026-09-21 15:30:00,2026-09-21T20:30:00.000Z,87238.7,87271.6,86855.9,86915.9,3179.370000000001,1398.9600000000005,1780.4100000000003,-381.4499999999999,-0.11997659913756492,109642.797,109191.681,-451.1160000000091,15,ABOVE_LR
2026-09-21 15:45:00,2026-09-21T20:45:00.000Z,86915.8,87053.4,86825.6,86961.4,1411.399,758.1959999999999,653.203,104.99300000000005,0.07438931159792522,109139.767,109026.427,-113.34000000001106,15,ABOVE_LR
2026-09-21 16:00:00,2026-09-21T21:00:00.000Z,86961.4,86961.5,86555.5,86555.5,1735.41,758.805,976.605,-217.8,-0.12550348332670666,109029.467,108890.714,-138.75299999999697,15,ABOVE_LR
2026-09-21 16:15:00,2026-09-21T21:15:00.000Z,86555.5,86666.6,86517.1,86596.5,926.89,531.1500000000001,395.74,135.41000000000003,0.14609069037318348,108949.639,108968.953,19.313999999998487,15,ABOVE_LR
2026-09-21 16:30:00,2026-09-21T21:30:00.000Z,86596.6,86822,86596.5,86747.8,1082.3880000000001,596.9850000000001,485.40299999999996,111.58200000000002,0.10308872603909135,108976.584,108820.524,-156.05999999999767,15,ABOVE_LR
2026-09-21 16:45:00,2026-09-21T21:45:00.000Z,86747.7,86747.8,86544,86544.1,589.278,203.373,385.90500000000003,-182.532,-0.30975532770610814,108836.578,108847.422,10.844000000011874,15,ABOVE_LR
2026-09-21 17:00:00,2026-09-21T22:00:00.000Z,86544,86678,86502.6,86583.9,1002.2850000000001,540.794,461.491,79.30299999999997,0.07912220575983873,108849.848,108840.494,-9.353999999992084,15,ABOVE_LR
2026-09-21 17:15:00,2026-09-21T22:15:00.000Z,86584,86729,86325,86388.9,1315.019,450.307,864.7120000000001,-414.4050000000001,-0.31513232888650283,108876.548,108835.661,-40.887000000002445,15,ABOVE_LR
2026-09-21 17:30:00,2026-09-21T22:30:00.000Z,86388.9,86574,86350,86393.9,1324.5510000000002,667.915,656.636,11.278999999999982,0.008515338405240705,108880.672,109088.758,208.0859999999957,15,ABOVE_LR
2026-09-21 17:45:00,2026-09-21T22:45:00.000Z,86394,86430.1,86252.9,86419.2,1195.415,417.69499999999994,777.7199999999998,-360.025,-0.30117155966756315,109039.795,108940.919,-98.87600000000384,15,ABOVE_LR
2026-09-21 18:00:00,2026-09-21T23:00:00.000Z,86419.2,86664.2,86392.3,86615.5,1368.1609999999998,831.44,536.721,294.719,0.21541251358575492,108950.196,108952.744,2.548000000009779,15,ABOVE_LR
2026-09-21 18:15:00,2026-09-21T23:15:00.000Z,86615.4,86666,86452.3,86457.1,647.7360000000001,282.602,365.134,-82.53199999999998,-0.12741610779700366,108978.349,109012.74,34.39100000000326,15,ABOVE_LR
2026-09-21 18:30:00,2026-09-21T23:30:00.000Z,86457.1,86502.6,86325.5,86428.2,923.3779999999998,397.605,525.773,-128.168,-0.13880339362644553,109023.471,109069.22,45.74899999999616,15,ABOVE_LR
2026-09-21 18:45:00,2026-09-21T23:45:00.000Z,86428.1,86624.2,86400,86578.7,728.309,400.91299999999995,327.39599999999996,73.517,0.1009420452033409,109156.689,109166.259,9.570000000006985,15,ABOVE_LR
2026-09-21 19:00:00,2026-09-22T00:00:00.000Z,86578.8,86592.8,86265.9,86440.6,2414.554,763.6299999999999,1650.9239999999998,-887.2939999999999,-0.367477389198999,109189.231,108845.289,-343.94199999999546,15,ABOVE_LR
2026-09-21 19:15:00,2026-09-22T00:15:00.000Z,86440.5,86467.2,86286.9,86363.1,809.415,281.027,528.388,-247.36100000000002,-0.3056046650976323,108879.113,108845.962,-33.15099999999802,15,ABOVE_LR
2026-09-21 19:30:00,2026-09-22T00:30:00.000Z,86363.1,86482.8,86093.8,86318.8,2184.861,912.084,1272.7769999999998,-360.6929999999999,-0.165087389998723,109025.595,109021.111,-4.48399999999674,15,ABOVE_LR
2026-09-21 19:45:00,2026-09-22T00:45:00.000Z,86318.9,86370,85815.4,85854.9,4331.34,1399.634,2931.7059999999997,-1532.072,-0.35371778710514523,108929.766,108638.171,-291.59500000000116,15,ABOVE_LR
2026-09-21 20:00:00,2026-09-22T01:00:00.000Z,85855,85945.7,85587.1,85750,3260.3969999999995,1481.617,1778.78,-297.163,-0.09114319513850616,108782.999,108826.173,43.17399999999907,15,ABOVE_LR
2026-09-21 20:15:00,2026-09-22T01:15:00.000Z,85750.1,85849.9,85354.4,85744.9,3211.509,1400.576,1810.933,-410.35699999999997,-0.12777700451719112,108867.237,108840.344,-26.89299999999639,15,ABOVE_LR
2026-09-21 20:30:00,2026-09-22T01:30:00.000Z,85744.9,85810.1,85599.4,85648,1049.4769999999999,553.5979999999998,495.8790000000001,57.71899999999997,0.05499787036781176,108910.752,108918.052,7.30000000000291,15,ABOVE_LR
2026-09-21 20:45:00,2026-09-22T01:45:00.000Z,85648.1,85699.9,85505,85588.3,1147.009,514.9,632.1089999999999,-117.20900000000003,-0.10218664369678009,108896.865,109017.766,120.90099999999802,15,ABOVE_LR
2026-09-21 21:00:00,2026-09-22T02:00:00.000Z,85588.3,85666,85308,85570.4,2290.333,1160.7359999999999,1129.5969999999998,31.13900000000004,0.013595839556955272,109088.844,109068.121,-20.722999999998137,15,ABOVE_LR
2026-09-21 21:15:00,2026-09-22T02:15:00.000Z,85570.4,85820,85488,85707.7,2231.0019999999995,1281.0259999999998,949.9760000000001,331.05000000000007,0.14838624080121854,108933.204,109191.74,258.53600000000733,15,ABOVE_LR
2026-09-21 21:30:00,2026-09-22T02:30:00.000Z,85707.7,85816.2,85602.8,85781.8,833.758,456.409,377.3490000000001,79.05999999999997,0.09482367785376569,109095.607,109122.655,27.047999999995227,15,ABOVE_LR
2026-09-21 21:45:00,2026-09-22T02:45:00.000Z,85781.8,85840.1,85626.5,85683.5,1657.9299999999998,826.072,831.858,-5.785999999999959,-0.0034898940244762803,109096.864,108992.061,-104.80299999999988,15,ABOVE_LR
2026-09-21 22:00:00,2026-09-22T03:00:00.000Z,85683.5,85730.1,85416.1,85512.7,1417.8649999999998,529.799,888.0659999999999,-358.267,-0.2526806148681292,109090.404,109133.316,42.912000000011176,15,ABOVE_LR
2026-09-21 22:15:00,2026-09-22T03:15:00.000Z,85512.7,85624.3,85268,85577.6,1893.415,827.6489999999999,1065.766,-238.117,-0.12576059659398495,109361.837,109477.009,115.17200000000594,15,ABOVE_LR
2026-09-21 22:30:00,2026-09-22T03:30:00.000Z,85577.5,85578.4,85390.7,85460.9,1287.865,557.612,730.2529999999999,-172.641,-0.1340520939694766,109467.21,109546.721,79.5109999999986,15,ABOVE_LR
2026-09-21 22:45:00,2026-09-22T03:45:00.000Z,85460.9,85762.2,85436.6,85656.6,1429.827,898.346,531.481,366.8649999999999,0.2565799918451672,109517.289,109518.004,0.7149999999965075,15,ABOVE_LR
2026-09-21 23:00:00,2026-09-22T04:00:00.000Z,85656.5,85710.6,85576.9,85586,1421.9399999999998,692.2120000000001,729.7280000000001,-37.51600000000006,-0.02638367301011299,109917.995,110022.679,104.68400000000838,15,ABOVE_LR
2026-09-21 23:15:00,2026-09-22T04:15:00.000Z,85586,85605.9,85464.4,85524.1,1610.9660000000001,810.967,799.999,10.967999999999932,0.006808337357833705,110025.473,110107.636,82.16300000000047,15,ABOVE_LR
2026-09-21 23:30:00,2026-09-22T04:30:00.000Z,85524.2,85582.4,85419.2,85480.2,1229.11,381.1139999999999,847.9959999999999,-466.88200000000006,-0.3798537152899253,110367.233,110485.548,118.31500000000233,15,ABOVE_LR
2026-09-21 23:45:00,2026-09-22T04:45:00.000Z,85480.2,85500,85400,85424.7,1421.32,392.0640000000001,1029.256,-637.192,-0.44831002166999695,110531.483,110671.736,140.25300000001153,15,ABOVE_LR
2026-09-22 00:00:00,2026-09-22T05:00:00.000Z,85424.8,85479.6,85316,85374.9,2519.1879999999996,824.581,1694.6069999999997,-870.0259999999998,-0.3453596952668876,110662.843,110519.543,-143.29999999998836,15,ABOVE_LR
2026-09-22 00:15:00,2026-09-22T05:15:00.000Z,85375,85384.4,85109,85181.2,2540.7079999999996,1029.1380000000001,1511.57,-482.43199999999996,-0.18988093082715526,110522.683,110496.837,-25.846000000005006,15,ABOVE_LR
2026-09-22 00:30:00,2026-09-22T05:30:00.000Z,85181.1,85400.7,85080,85400.6,1983.665,1181.356,802.3090000000001,379.04699999999997,0.1910841800404806,110465.658,110583.52,117.86200000000827,15,ABOVE_LR
2026-09-22 00:45:00,2026-09-22T05:45:00.000Z,85400.6,85571,85364.3,85377.2,1904.0290000000002,897.6310000000001,1006.3979999999999,-108.76700000000004,-0.05712465513918119,110660.237,110577.307,-82.92999999999302,15,ABOVE_LR
2026-09-22 01:00:00,2026-09-22T06:00:00.000Z,85377.3,85449.9,85228.6,85323.8,997.8899999999999,457.74500000000006,540.1450000000001,-82.4,-0.08257423162873664,110459.732,110473.848,14.115999999994528,15,ABOVE_LR
2026-09-22 01:15:00,2026-09-22T06:15:00.000Z,85323.8,85349.6,85216.3,85341.7,601.991,328.21299999999997,273.7779999999999,54.435,0.09042493990773949,110500.796,110464.512,-36.28399999999965,15,ABOVE_LR
2026-09-22 01:30:00,2026-09-22T06:30:00.000Z,85341.7,85549.1,85312.1,85453.1,1656.24,1122.955,533.2850000000001,589.67,0.3560293194223059,110462.157,110344.4,-117.75700000001234,15,ABOVE_LR
2026-09-22 01:45:00,2026-09-22T06:45:00.000Z,85453,85472.5,85324,85349.9,938.2910000000002,391.82899999999995,546.462,-154.63299999999998,-0.16480281703650568,110348.922,110344.493,-4.429000000003725,15,ABOVE_LR
2026-09-22 02:00:00,2026-09-22T07:00:00.000Z,85350,85475,85250.2,85412.1,2394.014,703.3319999999999,1690.682,-987.3499999999999,-0.4124244887456798,110324.412,110015.523,-308.8889999999956,15,ABOVE_LR
2026-09-22 02:15:00,2026-09-22T07:15:00.000Z,85412,85437.2,85165,85289.4,1937.424,908.8659999999999,1028.5580000000002,-119.69200000000002,-0.06177893945775423,110239.323,110061.615,-177.70799999999872,15,ABOVE_LR
2026-09-22 02:30:00,2026-09-22T07:30:00.000Z,85289.4,85299.8,85132,85220.3,1223.792,581.5840000000001,642.2080000000001,-60.62400000000001,-0.0495378299580321,110016.799,110035.035,18.236000000004424,15,ABOVE_LR
2026-09-22 02:45:00,2026-09-22T07:45:00.000Z,85220.2,85324.7,85214.6,85324.7,1135.0780000000002,630.2520000000001,504.8259999999999,125.42600000000003,0.11049989516138979,110082.673,110150.328,67.65499999999884,15,ABOVE_LR
2026-09-22 03:00:00,2026-09-22T08:00:00.000Z,85324.7,85514.8,85305.7,85455.4,1783.8310000000001,1075.6539999999998,708.1769999999999,367.477,0.2060043804598081,110210.93,110099.273,-111.65699999999197,15,ABOVE_LR
2026-09-22 03:15:00,2026-09-22T08:15:00.000Z,85455.3,85643,85363.6,85382.9,1566.4820000000002,818.581,747.9010000000001,70.68000000000004,0.04512021204201518,110141.987,110079.63,-62.35699999998906,15,ABOVE_LR
2026-09-22 03:30:00,2026-09-22T08:30:00.000Z,85382.9,86133.2,85287.2,86116.1,5888.509999999999,3838.134,2050.3759999999997,1787.758,0.3036010807487803,110018.429,109789.4,-229.02900000000955,15,ABOVE_LR
2026-09-22 03:45:00,2026-09-22T08:45:00.000Z,86116,86365.5,85988.7,86179.1,5027.789,2759.655,2268.1340000000005,491.52099999999984,0.09776086466635729,109701.725,109972.215,270.4899999999907,15,ABOVE_LR
2026-09-22 04:00:00,2026-09-22T09:00:00.000Z,86179.1,86179.1,85643,85892.6,5225.6449999999995,2070.674,3154.9709999999995,-1084.2970000000003,-0.20749534268018596,110080.74,109790.195,-290.54499999999825,15,ABOVE_LR
2026-09-22 04:15:00,2026-09-22T09:15:00.000Z,85892.6,85958,85771.5,85858,1061.1200000000001,406.98199999999997,654.1380000000001,-247.15600000000003,-0.23291993365500605,109747.629,109775.625,27.995999999999185,15,ABOVE_LR
2026-09-22 04:30:00,2026-09-22T09:30:00.000Z,85858,86041.8,85800,86000.1,1360.8790000000001,746.3020000000001,614.577,131.72499999999997,0.09679405737027315,109800.053,109740.857,-59.195999999996275,15,ABOVE_LR
2026-09-22 04:45:00,2026-09-22T09:45:00.000Z,86000.1,86241.1,85976.1,86211.5,2078.123,1277.408,800.7149999999999,476.693,0.2293863260259378,109724.454,109736.275,11.820999999996275,15,ABOVE_LR
2026-09-22 05:00:00,2026-09-22T10:00:00.000Z,86211.4,86228.9,85952.6,85994.1,1430.3690000000001,565.956,864.413,-298.45700000000005,-0.2086573464609482,109840.138,109809.003,-31.135000000009313,15,ABOVE_LR
2026-09-22 05:15:00,2026-09-22T10:15:00.000Z,85994.1,86060.1,85777,85822.9,1599.3939999999998,558.872,1040.522,-481.65,-0.3011453087857026,109615.04,109655.248,40.20800000001327,15,ABOVE_LR
2026-09-22 05:30:00,2026-09-22T10:30:00.000Z,85822.9,85910,85693.6,85807.7,1969.516,743.6260000000001,1225.8899999999999,-482.264,-0.24486422044806946,109643.481,109661.555,18.073999999993248,15,ABOVE_LR
2026-09-22 05:45:00,2026-09-22T10:45:00.000Z,85807.7,85943.6,85741,85856.2,949.5919999999999,556.4720000000001,393.12,163.35199999999998,0.1720233531874742,109517.837,109625.134,107.29700000000594,15,ABOVE_LR
2026-09-22 06:00:00,2026-09-22T11:00:00.000Z,85856.1,85956,85726.5,85933.1,1044.258,427.10099999999994,617.157,-190.05600000000004,-0.18200099975293466,109627.615,109596.946,-30.669000000008964,15,ABOVE_LR
2026-09-22 06:15:00,2026-09-22T11:15:00.000Z,85933.2,86063.3,85875.5,85883.4,808.3249999999999,417.79900000000004,390.52599999999995,27.272999999999996,0.033740141650944855,109546.337,109516.984,-29.353000000002794,15,ABOVE_LR
2026-09-22 06:30:00,2026-09-22T11:30:00.000Z,85883.4,86110,85804.2,86063.8,921.223,478.151,443.072,35.07899999999998,0.03807872795186397,109471.436,109370.572,-100.8640000000014,15,ABOVE_LR
2026-09-22 06:45:00,2026-09-22T11:45:00.000Z,86063.9,86100,85850,85950.1,962.6680000000001,425.871,536.797,-110.92599999999999,-0.11522767974005574,109400.712,109392.79,-7.922000000005937,15,ABOVE_LR
2026-09-22 07:00:00,2026-09-22T12:00:00.000Z,85950.1,86000.1,85870.2,85870.2,812.4800000000001,418.3739999999999,394.106,24.268000000000008,0.02986904293028752,109357.2,109411.575,54.375,15,ABOVE_LR
2026-09-22 07:15:00,2026-09-22T12:15:00.000Z,85870.2,86078.3,85739.3,86078.3,1417.6650000000002,877.448,540.217,337.23099999999994,0.23787777789534192,109390.66,109443.509,52.84900000000198,15,ABOVE_LR
2026-09-22 07:30:00,2026-09-22T12:30:00.000Z,86078.2,86163.4,85931.6,85938.8,1445.2669999999998,789.914,655.3530000000002,134.56099999999998,0.09310459589819735,109466.545,109502.136,35.59100000000035,15,ABOVE_LR
2026-09-22 07:45:00,2026-09-22T12:45:00.000Z,85938.9,86028.2,85900,85993.6,964.514,418.13599999999997,546.378,-128.24200000000005,-0.13296022660116913,109502.733,109559.479,56.74600000001374,15,ABOVE_LR
2026-09-22 08:00:00,2026-09-22T13:00:00.000Z,85993.6,86182.7,85980,86015.1,1234.0460000000003,611.172,622.8740000000001,-11.702000000000005,-0.009482628686450912,109567.794,109582.463,14.669000000008964,15,ABOVE_LR
2026-09-22 08:15:00,2026-09-22T13:15:00.000Z,86015.1,86019.5,85658.7,85697.1,2365.9259999999995,995.8499999999999,1370.0759999999998,-374.226,-0.15817316348862986,109546.969,109537.819,-9.14999999999418,15,ABOVE_LR
2026-09-22 08:30:00,2026-09-22T13:30:00.000Z,85697.1,86131.1,85519.5,85896.6,4307.098,2076.44,2230.658,-154.21799999999996,-0.03580554702957768,109546.848,109252.154,-294.69400000000314,15,ABOVE_LR
2026-09-22 08:45:00,2026-09-22T13:45:00.000Z,85896.5,86333,85830.7,86309.7,3351.1249999999995,2064.044,1287.081,776.963,0.2318513931888545,109281.361,109521.368,240.0069999999978,15,ABOVE_LR
2026-09-22 09:00:00,2026-09-22T14:00:00.000Z,86309.7,86431.2,86033.3,86315.8,2919.714,1402.7259999999999,1516.9880000000003,-114.26199999999992,-0.03913465496963056,109709.704,109713.02,3.31600000000617,15,ABOVE_LR
2026-09-22 09:15:00,2026-09-22T14:15:00.000Z,86315.7,86344,85881.3,85882.5,1960.1080000000002,708.9130000000001,1251.1950000000002,-542.2819999999999,-0.2766592453068912,109643.336,109658.665,15.328999999997905,15,ABOVE_LR
2026-09-22 09:30:00,2026-09-22T14:30:00.000Z,85882.4,85960.3,85405.9,85855.7,5425.865999999999,2490.0299999999997,2935.8359999999993,-445.80600000000004,-0.08216310539183977,109561.309,109187.3,-374.0089999999909,15,ABOVE_LR
2026-09-22 09:45:00,2026-09-22T14:45:00.000Z,85855.6,86220,85838.2,86209.1,1920.0330000000001,1040.224,879.809,160.41500000000002,0.08354804318467443,109162.679,109153.908,-8.771000000007916,15,ABOVE_LR
2026-09-22 10:00:00,2026-09-22T15:00:00.000Z,86209,86362.9,86089.1,86265.7,2738.2360000000003,1228.096,1510.1399999999999,-282.04400000000004,-0.10300207871052751,109119.316,109263.459,144.1429999999964,15,ABOVE_LR
2026-09-22 10:15:00,2026-09-22T15:15:00.000Z,86265.7,86300,86078.5,86237.2,1486.9660000000003,725.0339999999998,761.9319999999999,-36.897999999999996,-0.024814286271508553,109287.174,109410.867,123.6929999999993,15,ABOVE_LR
2026-09-22 10:30:00,2026-09-22T15:30:00.000Z,86237.1,86547.6,86202.8,86517.1,1961.636,1131.286,830.35,300.936,0.1534107245176985,109461.982,109540.656,78.67399999999907,15,ABOVE_LR
2026-09-22 10:45:00,2026-09-22T15:45:00.000Z,86517,86699.9,86280.3,86367.4,2446.295,1196.8819999999998,1249.4130000000002,-52.5310000000001,-0.021473697980006538,109530.619,109566.552,35.93299999998999,15,ABOVE_LR
2026-09-22 11:00:00,2026-09-22T16:00:00.000Z,86367.4,86485.7,86102.7,86133.7,1958.0649999999998,788.0649999999999,1170,-381.935,-0.19505736530707612,109548.024,109605.854,57.830000000001746,15,ABOVE_LR
2026-09-22 11:15:00,2026-09-22T16:15:00.000Z,86133.7,86252.5,86025.8,86043.3,1693.239,868.0129999999998,825.2260000000001,42.786999999999985,0.025269321105880496,109477.525,109528.504,50.979000000006636,15,ABOVE_LR
2026-09-22 11:30:00,2026-09-22T16:30:00.000Z,86043.4,86250,86025,86185.7,921.059,413.035,508.024,-94.989,-0.10313020121403733,109487.894,109490.054,2.1600000000034925,15,ABOVE_LR
2026-09-22 11:45:00,2026-09-22T16:45:00.000Z,86185.6,86554,86168,86378,4136.091,1834.1399999999999,2301.951,-467.81100000000015,-0.11310461979680818,109439.575,109745.954,306.3790000000008,15,ABOVE_LR
2026-09-22 12:00:00,2026-09-22T17:00:00.000Z,86377.9,86522.6,86329,86383,2786.1740000000004,1330.731,1455.443,-124.71199999999999,-0.044761023539807626,109310.131,109495.566,185.43500000001222,15,ABOVE_LR
2026-09-22 12:15:00,2026-09-22T17:15:00.000Z,86382.9,86542.8,86207.4,86542.8,1786.569,686.655,1099.914,-413.259,-0.23131432371209845,109476.2,109285.906,-190.2939999999944,15,ABOVE_LR
2026-09-22 12:30:00,2026-09-22T17:30:00.000Z,86542.8,86590.5,86393.7,86435.2,1770.306,637.759,1132.547,-494.788,-0.27949292382220925,109298.158,109153.298,-144.86000000000058,15,ABOVE_LR
2026-09-22 12:45:00,2026-09-22T17:45:00.000Z,86435.2,86615,86360.2,86527.5,2474.282,1062.277,1412.005,-349.728,-0.14134524682311878,109114.31,109100.166,-14.144000000000233,15,ABOVE_LR
2026-09-22 13:00:00,2026-09-22T18:00:00.000Z,86527.6,86600,86389.1,86476.4,1854.455,572.0889999999999,1282.366,-710.2769999999998,-0.3830111811826115,109077.632,108982.529,-95.1030000000028,15,ABOVE_LR
2026-09-22 13:15:00,2026-09-22T18:15:00.000Z,86476.5,86596.4,86226.2,86235.5,1701.454,490.981,1210.473,-719.492,-0.42286891094322854,108848.657,108740.341,-108.31600000000617,15,ABOVE_LR
2026-09-22 13:30:00,2026-09-22T18:30:00.000Z,86235.5,86399.5,86187.4,86352.6,1665.6960000000004,803.087,862.609,-59.522000000000034,-0.03573401148829079,108640.088,108348.995,-291.09300000000803,15,ABOVE_LR
2026-09-22 13:45:00,2026-09-22T18:45:00.000Z,86352.6,86530.5,86352.5,86403.2,1514.347,551.8259999999999,962.521,-410.69499999999994,-0.27120270321135115,108316.518,108182.13,-134.38799999999173,15,ABOVE_LR
2026-09-22 14:00:00,2026-09-22T19:00:00.000Z,86403.2,86481.1,86347.2,86430.9,1143.6599999999999,383.45,760.21,-376.76,-0.32943357291502723,108135.726,108036.408,-99.3179999999993,15,ABOVE_LR
2026-09-22 14:15:00,2026-09-22T19:15:00.000Z,86430.9,86538.5,86384.8,86483.9,1418.0479999999998,658.335,759.713,-101.37799999999994,-0.07149123301891047,107955.611,107822.47,-133.14100000000326,15,ABOVE_LR
2026-09-22 14:30:00,2026-09-22T19:30:00.000Z,86483.9,86483.9,86211.6,86330.7,1648.3329999999996,668.129,980.204,-312.0749999999999,-0.1893276419267223,107776.192,107463.032,-313.15999999998894,15,ABOVE_LR
2026-09-22 14:45:00,2026-09-22T19:45:00.000Z,86330.8,86360.6,86095.8,86146.1,1489.719,540.5889999999999,949.1299999999999,-408.541,-0.27424030974969105,107452.861,107349.617,-103.24400000000605,15,ABOVE_LR
2026-09-22 15:00:00,2026-09-22T20:00:00.000Z,86146.2,86233.2,86081.2,86164.1,952.742,532.5509999999999,420.19100000000003,112.35999999999997,0.11793329148919642,107279.236,107153.514,-125.72200000000885,15,ABOVE_LR
2026-09-22 15:15:00,2026-09-22T20:15:00.000Z,86164.1,86331.7,86153.7,86296.1,708.6670000000001,427.92100000000005,280.746,147.175,0.207678641731589,107089.51,107024.11,-65.39999999999418,15,ABOVE_LR
2026-09-22 15:30:00,2026-09-22T20:30:00.000Z,86296,86324.5,86188.2,86276.1,372.029,174.73200000000003,197.29699999999994,-22.564999999999998,-0.06065387375715334,107014.252,106992.234,-22.01799999999639,15,ABOVE_LR
2026-09-22 15:45:00,2026-09-22T20:45:00.000Z,86276.1,86276.1,86150,86229.9,468.94899999999996,165.792,303.157,-137.365,-0.29292097861387917,106996.324,106969.462,-26.861999999993714,15,ABOVE_LR
2026-09-22 16:00:00,2026-09-22T21:00:00.000Z,86229.9,86314,86172,86221.7,516.969,235.79,281.179,-45.38899999999999,-0.087798301252106,106991.027,106977.71,-13.31699999999546,15,ABOVE_LR
2026-09-22 16:15:00,2026-09-22T21:15:00.000Z,86221.7,86231.6,86175,86205.6,349.941,167.61200000000002,182.329,-14.717000000000002,-0.04205566081139393,106976.907,106957.693,-19.214000000007218,15,ABOVE_LR
2026-09-22 16:30:00,2026-09-22T21:30:00.000Z,86205.5,86269.4,86129.8,86165.1,430.01099999999997,181.63799999999998,248.37300000000002,-66.73499999999999,-0.1551937043470981,106947.674,106957.672,9.998000000006869,15,ABOVE_LR
2026-09-22 16:45:00,2026-09-22T21:45:00.000Z,86165.1,86264.7,86143.2,86143.2,325.52000000000004,130.44899999999998,195.071,-64.622,-0.19851929220938802,106954.822,106962.667,7.845000000001164,15,ABOVE_LR
2026-09-22 17:00:00,2026-09-22T22:00:00.000Z,86143.3,86246.3,85948.5,86013.1,1342.5779999999997,533.241,809.337,-276.09600000000006,-0.20564615240231862,106972.746,107010.356,37.61000000000058,15,ABOVE_LR
2026-09-22 17:15:00,2026-09-22T22:15:00.000Z,86013.1,86185.2,85987.3,86128.7,596.2860000000002,302.45599999999996,293.83,8.626000000000017,0.01446621252217898,107057.655,107034.72,-22.93499999999767,15,ABOVE_LR
2026-09-22 17:30:00,2026-09-22T22:30:00.000Z,86128.7,86241.9,86123.9,86183.9,714.9259999999999,426.389,288.53700000000003,137.85199999999998,0.19281995619127013,107039.73,107022.585,-17.144999999989523,15,ABOVE_LR
2026-09-22 17:45:00,2026-09-22T22:45:00.000Z,86184,86247.8,86079.6,86080.5,639.4950000000001,350.95300000000003,288.54200000000003,62.41100000000002,0.09759419541982348,107008.873,107065.115,56.24199999999837,15,ABOVE_LR
2026-09-22 18:00:00,2026-09-22T23:00:00.000Z,86080.6,86473.6,86080.6,86349.2,1792.7620000000002,1034.424,758.338,276.086,0.15400036368463857,107082.742,106884.64,-198.10199999999895,15,ABOVE_LR
2026-09-22 18:15:00,2026-09-22T23:15:00.000Z,86349.2,86431.5,86123.4,86186.4,1015.6530000000001,437.753,577.9,-140.14700000000002,-0.13798708810981702,106857.369,106830.936,-26.43300000000454,15,ABOVE_LR
2026-09-22 18:30:00,2026-09-22T23:30:00.000Z,86186.4,86234.5,86047.8,86117.4,1022.6310000000001,499.284,523.347,-24.063000000000017,-0.023530481669341154,106826.858,106812.21,-14.647999999986496,15,ABOVE_LR
2026-09-22 18:45:00,2026-09-22T23:45:00.000Z,86117.4,86183.7,86069.6,86158.6,846.8459999999999,476.33899999999994,370.507,105.832,0.1249719547591888,106802.824,106746.958,-55.86599999999453,15,ABOVE_LR
2026-09-22 19:00:00,2026-09-23T00:00:00.000Z,86158.6,86333,86089.9,86311,987.5440000000001,616.2039999999998,371.34000000000003,244.86400000000003,0.24795249629383603,106719.998,106663.919,-56.079000000012456,15,ABOVE_LR
2026-09-22 19:15:00,2026-09-23T00:15:00.000Z,86311,86495,86302,86417.6,1209.1970000000001,681.1709999999998,528.026,153.145,0.12665016535767123,106708.699,106714.142,5.443000000013853,15,ABOVE_LR
2026-09-22 19:30:00,2026-09-23T00:30:00.000Z,86417.5,86557.7,86389.4,86412.2,1663.117,931.035,732.082,198.95299999999997,0.11962658069155686,106721.492,106827.081,105.58900000000722,15,ABOVE_LR
2026-09-22 19:45:00,2026-09-23T00:45:00.000Z,86412.2,86479.6,86376.9,86423.3,631.6019999999999,300.50499999999994,331.09700000000004,-30.591999999999985,-0.048435565435194936,106971.411,106941.52,-29.890999999988708,15,ABOVE_LR
2026-09-22 20:00:00,2026-09-23T01:00:00.000Z,86423.2,86817.3,86396.4,86685.8,2432.846,1574.813,858.033,716.78,0.2946261292330053,106861.987,106950.421,88.43400000000838,15,ABOVE_LR
2026-09-22 20:15:00,2026-09-23T01:15:00.000Z,86685.7,86700,86549.3,86599.9,1072.549,430.42999999999995,642.1189999999998,-211.689,-0.19737000360822676,106926.778,106919.033,-7.745000000009895,15,ABOVE_LR
2026-09-22 20:30:00,2026-09-23T01:30:00.000Z,86599.9,86609,86222.9,86232.1,1633.8450000000003,459.33799999999997,1174.5069999999998,-715.1690000000001,-0.4377214484850154,106914.731,106871.577,-43.153999999994994,15,ABOVE_LR
2026-09-22 20:45:00,2026-09-23T01:45:00.000Z,86232.2,86333.1,86125,86320.1,1488.9199999999998,791.041,697.8790000000002,93.16199999999998,0.06257018510060983,106746.369,106661.583,-84.78600000000733,15,ABOVE_LR
2026-09-22 21:00:00,2026-09-23T02:00:00.000Z,86320.1,86346.5,86214,86339.4,620.0889999999999,328.679,291.41,37.269000000000005,0.0601026626822924,106601.901,106609.304,7.403000000005704,15,ABOVE_LR
2026-09-22 21:15:00,2026-09-23T02:15:00.000Z,86339.4,86593.3,86329.4,86541.4,1185.361,675.7989999999999,509.56199999999984,166.23700000000008,0.140241664775541,106582.292,106720.748,138.4560000000056,15,ABOVE_LR
2026-09-22 21:30:00,2026-09-23T02:30:00.000Z,86541.4,86549.5,86428.5,86437.1,534.2299999999999,179.57099999999997,354.659,-175.08800000000002,-0.327738988825038,106745.856,106759.395,13.539000000004307,15,ABOVE_LR
2026-09-22 21:45:00,2026-09-23T02:45:00.000Z,86437.2,86510,86410,86506,428.42100000000005,207.05599999999998,221.36500000000004,-14.309000000000008,-0.03339938985250491,106725.482,106744.363,18.880999999993946,15,ABOVE_LR
2026-09-22 22:00:00,2026-09-23T03:00:00.000Z,86505.9,86512,86388.8,86506.3,375.53499999999997,172.56400000000002,202.97099999999998,-30.406999999999982,-0.08096981639527603,106771.184,106766.501,-4.682999999989988,15,ABOVE_LR
2026-09-22 22:15:00,2026-09-23T03:15:00.000Z,86506.4,86781,86460.1,86656.3,1514.113,857.9439999999998,656.169,201.77499999999995,0.1332628410164895,106758.97,106769.596,10.626000000003842,15,ABOVE_LR
2026-09-22 22:30:00,2026-09-23T03:30:00.000Z,86656.3,86963.4,86624.8,86848.3,2092.991,1225.185,867.8059999999998,357.379,0.17075037589745967,106808.724,106900.143,91.41899999999441,15,ABOVE_LR
2026-09-22 22:45:00,2026-09-23T03:45:00.000Z,86848.4,86848.4,86659.9,86664,769.8969999999999,295.1429999999999,474.75400000000013,-179.61100000000005,-0.23329224558609796,106838.737,106850.885,12.148000000001048,15,ABOVE_LR
2026-09-22 23:00:00,2026-09-23T04:00:00.000Z,86663.9,86871.6,86587.9,86804.3,1104.4279999999999,525.455,578.973,-53.517999999999994,-0.04845766315232863,106548.06,106472.881,-75.17900000000373,15,ABOVE_LR
2026-09-22 23:15:00,2026-09-23T04:15:00.000Z,86804.3,87212,86729,86976.4,4352.712,2455.171,1897.541,557.6300000000001,0.1281109340567444,106507.198,106627.7,120.50199999999313,15,ABOVE_LR
2026-09-22 23:30:00,2026-09-23T04:30:00.000Z,86976.3,87247.3,86976.3,87098.2,2861.2419999999997,1763.3399999999997,1097.9019999999998,665.4380000000001,0.2325696323484697,106479.865,106293.501,-186.3640000000014,15,ABOVE_LR
2026-09-22 23:45:00,2026-09-23T04:45:00.000Z,87098.2,87185.9,87070,87115.1,867.9680000000003,385.208,482.76,-97.55199999999999,-0.11239124023005452,106304.931,106399.032,94.10100000000966,15,ABOVE_LR
2026-09-23 00:00:00,2026-09-23T05:00:00.000Z,87115.1,87115.1,86836.2,86881.6,1636.4030000000005,524.622,1111.7810000000002,-587.159,-0.3588107574967779,106454.161,106289.783,-164.37799999999697,15,ABOVE_LR
2026-09-23 00:15:00,2026-09-23T05:15:00.000Z,86881.7,86922.7,86700,86731.5,1722.271,658.5239999999999,1063.747,-405.223,-0.23528411034035876,106275.503,106195.204,-80.29899999999907,15,ABOVE_LR
2026-09-23 00:30:00,2026-09-23T05:30:00.000Z,86731.5,86783.3,86663,86704.1,1109.887,542.044,567.843,-25.798999999999978,-0.02324470869556989,106237.161,106214.744,-22.41699999998673,15,ABOVE_LR
2026-09-23 00:45:00,2026-09-23T05:45:00.000Z,86704.2,86729.1,86366.1,86448.5,2836.606,1046.46,1790.1459999999997,-743.686,-0.26217458469734606,106233.564,106141.049,-92.51499999999942,15,ABOVE_LR
2026-09-23 01:00:00,2026-09-23T06:00:00.000Z,86448.5,86564.7,86400,86561.4,968.02,490.187,477.833,12.354000000000031,0.012762133013780739,106082.672,106078.777,-3.8950000000040745,15,ABOVE_LR
2026-09-23 01:15:00,2026-09-23T06:15:00.000Z,86561.5,86561.8,86369.8,86375.9,814.025,302.9560000000001,511.069,-208.11300000000003,-0.25565922422530024,106049.481,106122.62,73.13899999999558,15,ABOVE_LR
2026-09-23 01:30:00,2026-09-23T06:30:00.000Z,86375.8,86534.9,86311.2,86529.1,1211.833,601.9209999999999,609.912,-7.991,-0.006594142922333357,106114.677,106111.189,-3.4879999999975553,15,ABOVE_LR
2026-09-23 01:45:00,2026-09-23T06:45:00.000Z,86529,86529.1,86400,86424.1,1064.212,460.4549999999999,603.757,-143.302,-0.13465550097161091,106014.9,105975.239,-39.66099999999278,15,ABOVE_LR
2026-09-23 02:00:00,2026-09-23T07:00:00.000Z,86424,86425.6,86253.1,86325,1244.5759999999998,518.7450000000001,725.8310000000001,-207.08599999999993,-0.1663908029722572,105992.888,105952.699,-40.18900000001304,15,ABOVE_LR
2026-09-23 02:15:00,2026-09-23T07:15:00.000Z,86324.9,86407,86265.4,86372.2,686.518,373.35100000000006,313.167,60.184000000000005,0.08766558196580425,105945.072,105908.16,-36.911999999996624,15,ABOVE_LR
2026-09-23 02:30:00,2026-09-23T07:30:00.000Z,86372.3,86383.5,85951.2,86024.8,3264.742,1259.1979999999999,2005.5440000000003,-746.3460000000002,-0.2286079573822373,105897.353,105952.686,55.33299999999872,15,ABOVE_LR
2026-09-23 02:45:00,2026-09-23T07:45:00.000Z,86024.9,86197.1,86016,86100,1699.5420000000001,880.351,819.191,61.16,0.03598616568463739,105898.639,105937.996,39.35700000000361,15,ABOVE_LR
2026-09-23 03:00:00,2026-09-23T08:00:00.000Z,86100,86219.9,86051.8,86151.5,1247.9979999999998,665.7250000000001,582.2730000000001,83.452,0.066868696904963,105987.95,106078.151,90.20100000000093,15,ABOVE_LR
2026-09-23 03:15:00,2026-09-23T08:15:00.000Z,86151.6,86232.9,86102.5,86126.3,915.591,514.9280000000001,400.663,114.265,0.12479917343005774,106105.222,106104.568,-0.6539999999949941,15,ABOVE_LR
2026-09-23 03:30:00,2026-09-23T08:30:00.000Z,86126.4,86187.7,86050,86065.8,786.038,307.724,478.31399999999996,-170.58999999999997,-0.217025131100532,106114.88,106095.287,-19.593000000008033,15,ABOVE_LR
2026-09-23 03:45:00,2026-09-23T08:45:00.000Z,86065.7,86065.8,85638.8,85878.1,5188.866,2164.238,3024.6279999999997,-860.3900000000001,-0.16581465006034077,106077.091,105806.168,-270.9229999999952,15,ABOVE_LR
2026-09-23 04:00:00,2026-09-23T09:00:00.000Z,85878,85986,85844.2,85920.2,1348.5159999999998,659.2190000000002,689.2969999999999,-30.07799999999996,-0.022304518448427728,105923.183,105957.875,34.69199999999546,15,ABOVE_LR
2026-09-23 04:15:00,2026-09-23T09:15:00.000Z,85920.2,86008.8,85830,85861.9,1180.1940000000002,554.307,625.887,-71.58,-0.060651045506077805,106022.003,105990.775,-31.228000000002794,15,ABOVE_LR
2026-09-23 04:30:00,2026-09-23T09:30:00.000Z,85861.9,85905.6,85751.9,85765.8,911.1380000000001,417.06299999999993,494.075,-77.012,-0.08452287139818555,106022.968,106122.182,99.21400000000722,15,ABOVE_LR
2026-09-23 04:45:00,2026-09-23T09:45:00.000Z,85765.9,85899,85691.8,85819.3,1645.021,957.172,687.8489999999999,269.323,0.16372009840603857,106101.161,106082.603,-18.55799999998999,15,ABOVE_LR
2026-09-23 05:00:00,2026-09-23T10:00:00.000Z,85819.2,85891.2,85777.4,85814,850.882,496.69700000000006,354.18500000000006,142.51199999999997,0.1674873836795231,106365.36,106400.623,35.263000000006286,15,ABOVE_LR
2026-09-23 05:15:00,2026-09-23T10:15:00.000Z,85813.6,85814.7,85591.4,85767.9,2271.72,901.672,1370.0479999999998,-468.3759999999999,-0.20617681756554504,106429.27,106161.909,-267.3610000000044,15,ABOVE_LR
2026-09-23 05:30:00,2026-09-23T10:30:00.000Z,85767.9,85844.4,85688,85843.1,1311.3329999999996,861.4209999999999,449.91200000000003,411.5089999999999,0.3138096883095293,106168.507,106336.254,167.74700000000303,15,ABOVE_LR
2026-09-23 05:45:00,2026-09-23T10:45:00.000Z,85843.1,85886.3,85781.2,85879.1,1195.2359999999999,782.5590000000001,412.6770000000001,369.88199999999995,0.3094635703743863,106341.551,106379.527,37.97599999999511,15,ABOVE_LR
2026-09-23 06:00:00,2026-09-23T11:00:00.000Z,85879.2,85932.5,85649,85707.4,1498.504,768.3230000000001,730.1809999999999,38.14200000000005,0.02545338550981516,106503.258,106698.948,195.69000000000233,15,ABOVE_LR
2026-09-23 06:15:00,2026-09-23T11:15:00.000Z,85707.3,85711.9,85381.4,85468.7,2934.821,1030.815,1904.006,-873.1909999999999,-0.2975278560430091,106706.745,106583.685,-123.05999999999767,15,ABOVE_LR
2026-09-23 06:30:00,2026-09-23T11:30:00.000Z,85468.7,85563.9,85402.3,85478.5,1529.2609999999995,794.0860000000001,735.175,58.91100000000001,0.038522528201530036,106422.679,106406.022,-16.65700000000652,15,ABOVE_LR
2026-09-23 06:45:00,2026-09-23T11:45:00.000Z,85478.4,85641.3,85466.5,85622.8,855.9369999999999,552.583,303.3539999999999,249.22900000000004,0.29117680390028716,106364.469,106273.102,-91.36699999999837,15,ABOVE_LR
2026-09-23 07:00:00,2026-09-23T12:00:00.000Z,85622.7,85648.5,85392.6,85432.8,2093.935,849.9440000000002,1243.9909999999995,-394.0469999999999,-0.18818492455591979,106267.456,106223.199,-44.25700000001234,15,ABOVE_LR
2026-09-23 07:15:00,2026-09-23T12:15:00.000Z,85432.8,85483.8,85200.6,85440.7,4572.892,1701.3799999999997,2871.512,-1170.1320000000003,-0.2558844599872467,106232.286,105703.481,-528.804999999993,15,ABOVE_LR
2026-09-23 07:30:00,2026-09-23T12:30:00.000Z,85440.7,85540.9,85414.4,85416.4,1010.086,506.6260000000001,503.46000000000004,3.1660000000000075,0.003134386576984541,105750.317,105824.579,74.26200000000244,15,ABOVE_LR
2026-09-23 07:45:00,2026-09-23T12:45:00.000Z,85416.4,85511,85363.7,85465.1,1034.0040000000001,497.191,536.813,-39.622000000000035,-0.038319000700190745,105815.962,105819.163,3.2010000000009313,15,ABOVE_LR
2026-09-23 08:00:00,2026-09-23T13:00:00.000Z,85465,85482.6,85241.1,85325.5,1536.937,725.459,811.4780000000001,-86.01900000000002,-0.05596781130261034,105847.452,105796.125,-51.32700000000477,15,ABOVE_LR
2026-09-23 08:15:00,2026-09-23T13:15:00.000Z,85325.5,85549.9,85325.5,85511,1661.3339999999998,940.941,720.393,220.54799999999994,0.13275355828508895,105841.265,105744.051,-97.21399999999267,15,ABOVE_LR
2026-09-23 08:30:00,2026-09-23T13:30:00.000Z,85511,85837.9,85480.2,85788.9,4590.26,2683.541,1906.719,776.8220000000001,0.16923267963034774,105666.801,105495.778,-171.02300000000105,15,ABOVE_LR
2026-09-23 08:45:00,2026-09-23T13:45:00.000Z,85788.9,85799.6,85506.7,85755.1,2776.886,1182.82,1594.066,-411.2459999999999,-0.14809610477347646,105515.842,105754.074,238.23199999998906,15,ABOVE_LR
2026-09-23 09:00:00,2026-09-23T14:00:00.000Z,85755,85908.5,84491.4,84836.6,14876.301,6190.852,8685.448999999999,-2494.5970000000007,-0.16768933352450993,105773.152,105695.828,-77.3240000000078,15,ABOVE_LR
2026-09-23 09:15:00,2026-09-23T14:15:00.000Z,84836.6,84836.7,83873.8,84000,21670.11,10223.180999999999,11446.928999999998,-1223.7479999999996,-0.05647170226639364,104786.611,104866.688,80.07699999999022,15,ABOVE_LR
2026-09-23 09:30:00,2026-09-23T14:30:00.000Z,83999.9,84443.3,83813.8,84267.5,11387.623000000001,6332.475,5055.148,1277.3270000000005,0.11216800907441353,104939.704,103155.422,-1784.281999999992,15,ABOVE_LR
2026-09-23 09:45:00,2026-09-23T14:45:00.000Z,84267.5,84524.1,84155,84482.5,5199.228,2777.6949999999993,2421.5330000000004,356.1619999999999,0.0685028623480255,102953.302,102513.765,-439.5369999999966,15,ABOVE_LR
2026-09-23 10:00:00,2026-09-23T15:00:00.000Z,84482.6,84667.8,84396,84592.8,5584.476000000001,3021.859,2562.617,459.24200000000025,0.08223546846651328,101769.747,101553.969,-215.7780000000057,15,ABOVE_LR
2026-09-23 10:15:00,2026-09-23T15:15:00.000Z,84592.9,84735.4,84439,84453.5,3533.426999999999,1701.614,1831.813,-130.199,-0.03684779677067052,101341.375,101394.593,53.21799999999348,15,ABOVE_LR
2026-09-23 10:30:00,2026-09-23T15:30:00.000Z,84453.6,84487.9,84231.1,84243.2,3642.394,1764.043,1878.351,-114.30799999999994,-0.03138265657147468,101341.497,100821.068,-520.4290000000037,15,ABOVE_LR
2026-09-23 10:45:00,2026-09-23T15:45:00.000Z,84243.3,84296,83900.3,83961.2,5911.256,2633.474,3277.7819999999997,-644.308,-0.10899680203327346,100764.394,100485.628,-278.76600000000326,15,ABOVE_LR
2026-09-23 11:00:00,2026-09-23T16:00:00.000Z,83961.1,84317.5,83450.1,84300.3,12157.570000000003,5734.7750000000015,6422.795,-688.0200000000002,-0.0565919011776202,100520.506,99450.675,-1069.830999999991,15,ABOVE_LR
2026-09-23 11:15:00,2026-09-23T16:15:00.000Z,84300.3,84315,84100,84193.6,2464.1909999999993,1251.2750000000003,1212.916,38.35899999999997,0.015566569312200225,99378.689,99187.484,-191.20500000000175,15,ABOVE_LR
2026-09-23 11:30:00,2026-09-23T16:30:00.000Z,84193.6,84294.3,83888,84051.1,2492.444,999.097,1493.347,-494.2500000000001,-0.19829933992498933,99195.75,99107.591,-88.15899999999965,15,ABOVE_LR
2026-09-23 11:45:00,2026-09-23T16:45:00.000Z,84051.1,84108.5,83802.7,84004.4,2324.4710000000005,1223.6830000000002,1100.7879999999998,122.89499999999997,0.05287009388372664,99217.913,99289.514,71.60099999999511,15,ABOVE_LR
2026-09-23 12:00:00,2026-09-23T17:00:00.000Z,84004.4,84142.2,83665.1,83766.3,3570.4120000000003,1846.8110000000001,1723.6009999999999,123.21000000000012,0.0345086225343182,99241.338,99269.186,27.847999999998137,15,ABOVE_LR
2026-09-23 12:15:00,2026-09-23T17:15:00.000Z,83766.3,84179.1,83741.8,84021.6,2533.2789999999995,1219.1519999999998,1314.1270000000002,-94.97500000000002,-0.037490935660856956,99312.63,99002.522,-310.10800000000745,15,ABOVE_LR
2026-09-23 12:30:00,2026-09-23T17:30:00.000Z,84021.6,84219,83932,84207.8,1875.091,826.719,1048.372,-221.65300000000005,-0.11820919624700885,98919.466,99061.649,142.18300000000454,15,ABOVE_LR
2026-09-23 12:45:00,2026-09-23T17:45:00.000Z,84207.8,84346.5,84207.5,84280,1700.9060000000002,1047.858,653.048,394.80999999999995,0.23211747151224107,99181.401,99241.699,60.29799999999523,15,ABOVE_LR
2026-09-23 13:00:00,2026-09-23T18:00:00.000Z,84280,84295.4,84110.4,84153.1,1193.8129999999999,534.7610000000001,659.0519999999999,-124.291,-0.1041126206533184,99277.68,99245.491,-32.18899999999849,15,ABOVE_LR
2026-09-23 13:15:00,2026-09-23T18:15:00.000Z,84153.1,84231.2,84103.8,84105.1,718.8570000000002,312.18999999999994,406.66700000000003,-94.477,-0.13142669543455787,99221.008,99181.967,-39.04099999999744,15,ABOVE_LR
2026-09-23 13:30:00,2026-09-23T18:30:00.000Z,84105.1,84197.6,84087.3,84184.3,674.3539999999999,352.424,321.93,30.493999999999986,0.04521957310255443,99195.877,99134.55,-61.32699999999022,15,ABOVE_LR
2026-09-23 13:45:00,2026-09-23T18:45:00.000Z,84184.4,84368.7,84150,84281.1,985.843,637.9690000000002,347.87399999999997,290.09499999999997,0.2942608508657058,99143.625,99196.766,53.14100000000326,15,ABOVE_LR
2026-09-23 14:00:00,2026-09-23T19:00:00.000Z,84281.2,84357.5,84168.2,84327.9,1067.1970000000001,458.477,608.72,-150.243,-0.14078281704315135,99192.255,99071.418,-120.83699999999953,15,ABOVE_LR
2026-09-23 14:15:00,2026-09-23T19:15:00.000Z,84328,84420.3,84253.8,84365.7,1042.787,505.79,536.9970000000001,-31.207000000000022,-0.029926533414781756,99060.775,98965.03,-95.74499999999534,15,ABOVE_LR
2026-09-23 14:30:00,2026-09-23T19:30:00.000Z,84365.7,84444.8,84344.9,84395.8,732.8900000000001,379.59,353.3,26.290000000000003,0.03587168606475733,99020.047,98987.263,-32.78399999999965,15,ABOVE_LR
2026-09-23 14:45:00,2026-09-23T19:45:00.000Z,84395.8,84524,84385.1,84466.9,1480.4099999999999,837.631,642.779,194.85199999999998,0.13162029437790881,98979.393,98853.976,-125.41700000000128,15,ABOVE_LR
2026-09-23 15:00:00,2026-09-23T20:00:00.000Z,84466.9,84523.8,84234.9,84296.5,1002.4870000000001,457.28600000000006,545.201,-87.91499999999998,-0.08769689781513373,98852.025,98807.992,-44.03299999999581,15,ABOVE_LR
2026-09-23 15:15:00,2026-09-23T20:15:00.000Z,84296.5,84362.4,84210.5,84267.2,529.581,252.21400000000003,277.367,-25.153000000000006,-0.04749603932165241,98766.04,98704.812,-61.22799999998824,15,ABOVE_LR
2026-09-23 15:30:00,2026-09-23T20:30:00.000Z,84267.3,84389.4,84254.8,84358.7,345.65299999999996,193.46300000000002,152.18999999999994,41.272999999999996,0.11940587814947361,98676.554,98636.6,-39.953999999997905,15,ABOVE_LR
2026-09-23 15:45:00,2026-09-23T20:45:00.000Z,84358.7,84372,84178.7,84198.4,586.595,207.35100000000003,379.244,-171.89299999999997,-0.2930352287353284,98619.542,98639.996,20.453999999997905,15,ABOVE_LR
2026-09-23 16:00:00,2026-09-23T21:00:00.000Z,84198.4,84338,84169.4,84328.3,457.86000000000007,258.659,199.20099999999996,59.45799999999999,0.12986065609574976,98621.028,98544.129,-76.89900000000489,15,ABOVE_LR
2026-09-23 16:15:00,2026-09-23T21:15:00.000Z,84328.4,84383.6,84283.5,84383.6,361.617,209.974,151.643,58.33099999999999,0.16130602267039432,98522.489,98479.627,-42.862000000008265,15,ABOVE_LR
2026-09-23 16:30:00,2026-09-23T21:30:00.000Z,84383.5,84477.8,84383.5,84458.4,391.361,266.959,124.40199999999999,142.55699999999996,0.3642595966383977,98453.783,98419.632,-34.15099999999802,15,ABOVE_LR
2026-09-23 16:45:00,2026-09-23T21:45:00.000Z,84458.3,84477.8,84372.8,84372.9,657.954,361.562,296.39200000000005,65.16999999999999,0.0990494776230557,98424.917,98434.119,9.202000000004773,15,ABOVE_LR
2026-09-23 17:00:00,2026-09-23T22:00:00.000Z,84372.9,84638.5,84301.5,84553.4,1302.3709999999999,790.5500000000002,511.8210000000001,278.72899999999987,0.21401658974286122,98493.696,98340.552,-153.14400000000023,15,ABOVE_LR
2026-09-23 17:15:00,2026-09-23T22:15:00.000Z,84553.5,84561.4,84437,84437.1,522.228,262.953,259.27500000000003,3.678000000000001,0.0070429008019485765,98343.653,98358.92,15.26699999999255,15,ABOVE_LR
2026-09-23 17:30:00,2026-09-23T22:30:00.000Z,84437.1,84488.9,84353.9,84450,495.142,278.543,216.59900000000005,61.944,0.1251035056610023,98384.09,98368.304,-15.785999999992782,15,ABOVE_LR
2026-09-23 17:45:00,2026-09-23T22:45:00.000Z,84450,84585.3,84450,84524.1,483.14399999999995,265.088,218.05599999999998,47.03200000000003,0.0973457188747041,98356.474,98335.398,-21.07600000000093,15,ABOVE_LR
2026-09-23 18:00:00,2026-09-23T23:00:00.000Z,84524,84533.3,84431,84445.3,695.5949999999999,248.23299999999995,447.3619999999999,-199.12899999999996,-0.2862714654360655,98338.692,98367.463,28.771000000007916,15,ABOVE_LR
2026-09-23 18:15:00,2026-09-23T23:15:00.000Z,84445.2,84467.3,84389.2,84439.9,309.246,138.82199999999997,170.42399999999998,-31.602000000000004,-0.10219048912516251,98373.006,98359.547,-13.45899999998801,15,ABOVE_LR
2026-09-23 18:30:00,2026-09-23T23:30:00.000Z,84440,84485,84393.2,84424.4,525.88,169.401,356.479,-187.07799999999995,-0.35574275500114083,98339.286,98397.398,58.112000000008265,15,ABOVE_LR
2026-09-23 18:45:00,2026-09-23T23:45:00.000Z,84424.5,84437.6,84304.7,84355.1,491.07799999999986,168.937,322.14099999999996,-153.20400000000004,-0.3119748797543365,98469.85,98501.477,31.62699999999313,15,ABOVE_LR
2026-09-23 19:00:00,2026-09-24T00:00:00.000Z,84355.2,84457.5,84255.2,84324.6,635.462,298.8589999999999,336.60299999999995,-37.74399999999999,-0.0593961558676994,98503.139,98496.348,-6.790999999997439,15,ABOVE_LR
2026-09-23 19:15:00,2026-09-24T00:15:00.000Z,84324.7,84406.4,84291.6,84306.6,498.7490000000001,191.118,307.631,-116.513,-0.23361049345462345,98476.149,98432.18,-43.969000000011874,15,ABOVE_LR
2026-09-23 19:30:00,2026-09-24T00:30:00.000Z,84306.7,84415.8,84229.2,84326,756.959,401.74699999999996,355.21200000000005,46.53499999999999,0.06147624904387159,98419.576,98373.773,-45.802999999999884,15,ABOVE_LR
2026-09-23 19:45:00,2026-09-24T00:45:00.000Z,84326,84333,84146.6,84278.4,944.6320000000001,350.431,594.201,-243.76999999999998,-0.25805816444922464,98304.14,98242.389,-61.75100000000384,15,ABOVE_LR
2026-09-23 20:00:00,2026-09-24T01:00:00.000Z,84278.3,84366.1,84206.7,84244.4,560.935,229.985,330.95000000000005,-100.96500000000002,-0.17999411696542386,98208.914,98219.328,10.413999999989755,15,ABOVE_LR
2026-09-23 20:15:00,2026-09-24T01:15:00.000Z,84244.4,84307.9,84139,84185.4,980.3090000000001,459.81700000000006,520.4920000000001,-60.675,-0.06189374982786039,98277.908,98242.223,-35.68499999999767,15,ABOVE_LR
2026-09-23 20:30:00,2026-09-24T01:30:00.000Z,84185.4,84441.5,84037.6,84102.4,1414.618,702.661,711.9570000000001,-9.296000000000078,-0.006571385349260421,98199.592,98223.948,24.355999999999767,15,ABOVE_LR
2026-09-23 20:45:00,2026-09-24T01:45:00.000Z,84102.4,84156.7,84023.2,84070.7,873.625,394.21399999999994,479.411,-85.19700000000003,-0.09752124767491777,98196.188,98269.359,73.1710000000021,15,ABOVE_LR
2026-09-23 21:00:00,2026-09-24T02:00:00.000Z,84070.8,84098.9,83708,83915.7,3594.544,1483.22,2111.324,-628.1039999999999,-0.1747381587205498,98324.65,98535.782,211.13200000001234,15,ABOVE_LR
2026-09-23 21:15:00,2026-09-24T02:15:00.000Z,83915.7,84227.3,83915.7,84130.8,1381.7480000000005,817.715,564.0330000000001,253.68200000000002,0.18359498258727347,98694.124,98604.421,-89.70299999999406,15,ABOVE_LR
2026-09-23 21:30:00,2026-09-24T02:30:00.000Z,84130.8,84307,84103.2,84296.5,903.396,612.1960000000001,291.20000000000005,320.9959999999999,0.35532147585333557,98618.396,98632.931,14.535000000003492,15,ABOVE_LR
2026-09-23 21:45:00,2026-09-24T02:45:00.000Z,84296.4,84348.4,84294,84327.7,734.945,383.732,351.21299999999997,32.519000000000005,0.044246848403622044,98611.509,98620.246,8.736999999993714,15,ABOVE_LR
2026-09-23 22:00:00,2026-09-24T03:00:00.000Z,84327.6,84451.7,84200.6,84298.9,906.472,469.127,437.34499999999997,31.782000000000007,0.035061204317397565,98640.993,98522.703,-118.29000000000815,15,ABOVE_LR
2026-09-23 22:15:00,2026-09-24T03:15:00.000Z,84299,84333.5,83949,84025,901.2940000000001,342.598,558.6959999999999,-216.09799999999998,-0.23976416130585576,98517.123,98496.338,-20.785000000003492,15,ABOVE_LR
2026-09-23 22:30:00,2026-09-24T03:30:00.000Z,84025,84025,83827.7,83971.5,1163.3129999999996,498.88,664.4329999999999,-165.553,-0.14231165645015575,98451.748,98292.21,-159.53800000000047,15,ABOVE_LR
2026-09-23 22:45:00,2026-09-24T03:45:00.000Z,83971.5,83981.9,83811,83902.3,971.0640000000001,419.68,551.384,-131.70399999999998,-0.13562854765494342,98303.545,98362.162,58.61699999999837,15,ABOVE_LR
2026-09-23 23:00:00,2026-09-24T04:00:00.000Z,83902.4,83930.1,83765.5,83793.7,1708.102,931.694,776.408,155.286,0.09091143268961689,98377.56,98052.58,-324.9799999999959,15,ABOVE_LR
2026-09-23 23:15:00,2026-09-24T04:15:00.000Z,83793.8,83908.6,83742,83893.4,1474.3919999999998,845.913,628.479,217.434,0.14747367050282423,98248.175,98305.16,56.98500000000058,15,ABOVE_LR
2026-09-23 23:30:00,2026-09-24T04:30:00.000Z,83893.4,83898.3,83808.5,83844.5,470.349,191.465,278.884,-87.41899999999998,-0.18585986150709363,98153.971,98070.876,-83.09500000000116,15,ABOVE_LR
2026-09-23 23:45:00,2026-09-24T04:45:00.000Z,83844.5,84018.4,83752.2,84001.9,1027.841,547.784,480.05699999999996,67.72700000000006,0.06589248726213497,98080.019,98086.6,6.581000000005588,15,ABOVE_LR
2026-09-24 00:00:00,2026-09-24T05:00:00.000Z,84002,84375,84001.9,84163.6,1953.4359999999997,1222.669,730.7669999999999,491.90199999999976,0.25181372719659095,98018.623,97672.927,-345.6960000000108,15,ABOVE_LR
2026-09-24 00:15:00,2026-09-24T05:15:00.000Z,84163.7,84200,84089,84146.5,504.362,224.87400000000005,279.48799999999994,-54.613999999999976,-0.10828333617520744,97689.44,97672.331,-17.10899999999674,15,ABOVE_LR
2026-09-24 00:30:00,2026-09-24T05:30:00.000Z,84146.5,84219.5,84064.2,84161.3,717.905,450.201,267.704,182.49699999999999,0.25420772943495307,97632.118,97630.225,-1.8929999999963911,15,ABOVE_LR
2026-09-24 00:45:00,2026-09-24T05:45:00.000Z,84161.4,84211.2,83920.8,83937.8,911.3360000000001,475.937,435.39899999999994,40.538,0.04448194738274357,97547.056,97525.571,-21.485000000000582,15,ABOVE_LR
2026-09-24 01:00:00,2026-09-24T06:00:00.000Z,83937.8,84155,83871.5,84089.9,983.084,575.5749999999999,407.509,168.06599999999997,0.1709579242465547,97532.517,97573.968,41.45099999998638,15,ABOVE_LR
2026-09-24 01:15:00,2026-09-24T06:15:00.000Z,84089.9,84176.5,84034.5,84155.8,717.8009999999999,458.34000000000003,259.461,198.87899999999996,0.2770670422582303,97584.756,97638.099,53.34300000000803,15,ABOVE_LR
2026-09-24 01:30:00,2026-09-24T06:30:00.000Z,84155.8,84199,84115.5,84152.5,563.506,357.36100000000005,206.14499999999998,151.216,0.26834851802820203,97703.301,97798.018,94.71699999998964,15,ABOVE_LR
2026-09-24 01:45:00,2026-09-24T06:45:00.000Z,84152.4,84167.7,84049.6,84070.5,447.47499999999997,208.08600000000004,239.38899999999998,-31.302999999999987,-0.0699547460751997,97815.846,97777.647,-38.1990000000078,15,ABOVE_LR
2026-09-24 02:00:00,2026-09-24T07:00:00.000Z,84070.4,84116.9,83907.9,84055.2,775.855,378.18199999999996,397.67299999999994,-19.490999999999993,-0.02512196222232246,97780.62,97748.887,-31.7329999999929,15,ABOVE_LR
2026-09-24 02:15:00,2026-09-24T07:15:00.000Z,84055.2,84384.1,84020.4,84384,1058.9080000000001,746.202,312.706,433.496,0.4093802294439176,97727.644,97733.027,5.38300000000163,15,ABOVE_LR
2026-09-24 02:30:00,2026-09-24T07:30:00.000Z,84384,84537.7,84331.4,84381.4,2557.3809999999994,1476.2709999999997,1081.1100000000001,395.16100000000006,0.15451784462307344,97677.327,97652.218,-25.109000000011292,15,ABOVE_LR
2026-09-24 02:45:00,2026-09-24T07:45:00.000Z,84381.4,84561.8,84321.3,84468,2171.857,1328.49,843.3670000000001,485.12299999999993,0.22336783683271963,97656.102,97722.247,66.14500000000407,15,ABOVE_LR
2026-09-24 03:00:00,2026-09-24T08:00:00.000Z,84468,84584.6,84342.8,84346.4,2018.194,834.6320000000001,1183.5620000000001,-348.92999999999995,-0.17289219965969574,97525.592,97435.094,-90.49800000000687,15,ABOVE_LR
2026-09-24 03:15:00,2026-09-24T08:15:00.000Z,84346.5,84407.4,83728,83728.1,3633.8889999999997,1090.202,2543.687,-1453.4850000000001,-0.3999805717786097,97329.113,97340.781,11.668000000005122,15,ABOVE_LR
2026-09-24 03:30:00,2026-09-24T08:30:00.000Z,83728.1,83936.9,83559.4,83690.9,3651.785,1664.409,1987.376,-322.96699999999987,-0.08844085837473999,97268.754,97346.146,77.39199999999255,15,ABOVE_LR
2026-09-24 03:45:00,2026-09-24T08:45:00.000Z,83691,83738.4,83122,83615.1,6967.388,2937.17,4030.218,-1093.0479999999993,-0.1568805985829983,97372.138,97047.4,-324.7380000000121,15,TOUCH/CROSS_LR
2026-09-24 04:00:00,2026-09-24T09:00:00.000Z,83615.2,83697,83408.4,83425.2,2461.848,1346.9099999999999,1114.938,231.97199999999995,0.09422677598292013,97029.588,97101.377,71.78899999998976,15,ABOVE_LR
2026-09-24 04:15:00,2026-09-24T09:15:00.000Z,83425.3,83486.3,83285.2,83330.8,2475.8129999999996,1257.083,1218.73,38.352999999999966,0.015491073033383367,97163.463,97349.452,185.9890000000014,15,ABOVE_LR
2026-09-24 04:30:00,2026-09-24T09:30:00.000Z,83330.7,83330.8,82832,83121.8,7969.4580000000005,3188.9079999999994,4780.550000000001,-1591.6420000000005,-0.19971772233444238,97421.346,97014.461,-406.8850000000093,15,TOUCH/CROSS_LR
2026-09-24 04:45:00,2026-09-24T09:45:00.000Z,83121.7,83240.6,82993.9,83231.7,2145.9979999999996,1295.0109999999997,850.9870000000001,444.024,0.2069079281527756,97207.497,97338.198,130.70100000000093,15,TOUCH/CROSS_LR
2026-09-24 05:00:00,2026-09-24T10:00:00.000Z,83231.6,83356.9,83102.7,83260.6,2199.0980000000004,1311.234,887.8639999999998,423.3700000000001,0.19251984222622187,97380.83,97212.387,-168.4429999999993,15,TOUCH/CROSS_LR
2026-09-24 05:15:00,2026-09-24T10:15:00.000Z,83260.5,83330,83137,83220.6,1172.9750000000001,569.1070000000001,603.868,-34.761000000000024,-0.02963490270466124,97261.829,97248.332,-13.497000000003027,15,TOUCH/CROSS_LR
2026-09-24 05:30:00,2026-09-24T10:30:00.000Z,83220.5,83403.3,83114.4,83353.4,1344.962,765.4309999999999,579.5310000000001,185.89999999999998,0.1382195184696668,97195.955,97118.523,-77.4320000000007,15,TOUCH/CROSS_LR
2026-09-24 05:45:00,2026-09-24T10:45:00.000Z,83353.4,83530,83328.2,83473.5,2046.375,1220.5130000000001,825.8619999999999,394.65099999999995,0.19285370472176408,96954.887,96648.792,-306.09500000000116,15,ABOVE_LR
2026-09-24 06:00:00,2026-09-24T11:00:00.000Z,83473.5,83564,83465,83524,1322.146,561.004,761.142,-200.13799999999992,-0.1513736001924144,96621.112,96350.514,-270.59799999999814,15,ABOVE_LR
2026-09-24 06:15:00,2026-09-24T11:15:00.000Z,83524.1,83577.7,83465.2,83480.1,1012.2960000000002,332.435,679.861,-347.426,-0.34320593976465374,96347.616,96193.249,-154.36699999999837,15,ABOVE_LR
2026-09-24 06:30:00,2026-09-24T11:30:00.000Z,83480.1,83510,83370.3,83419.2,773.1579999999999,260.79600000000005,512.3620000000001,-251.56599999999995,-0.3253746323519901,96225.038,96269.69,44.65200000000186,15,ABOVE_LR
2026-09-24 06:45:00,2026-09-24T11:45:00.000Z,83419.2,83513,83350.5,83451.1,619.206,298.879,320.327,-21.44799999999998,-0.03463790725542062,96272.744,96285.941,13.197000000000116,15,ABOVE_LR
2026-09-24 07:00:00,2026-09-24T12:00:00.000Z,83451.1,83567.9,83353,83488.1,943.345,511.797,431.548,80.24900000000002,0.08506855922276582,96290.772,96367.215,76.4429999999993,15,ABOVE_LR
2026-09-24 07:15:00,2026-09-24T12:15:00.000Z,83488,83647.2,83480,83507.1,1145.186,592.64,552.546,40.093999999999944,0.03501090652522817,96293.797,96399.307,105.50999999999476,15,ABOVE_LR
2026-09-24 07:30:00,2026-09-24T12:30:00.000Z,83507.1,83536.8,83301,83465.1,1090.384,524.1450000000001,566.2389999999999,-42.09400000000001,-0.03860474841890564,96420.888,96469.899,49.0109999999986,15,ABOVE_LR
2026-09-24 07:45:00,2026-09-24T12:45:00.000Z,83465.2,83621.7,83383.9,83561,725.544,427.085,298.459,128.62600000000003,0.17728214966976508,96472.949,96533.892,60.94300000001385,15,ABOVE_LR
2026-09-24 08:00:00,2026-09-24T13:00:00.000Z,83561,83728.1,83554.8,83718.5,1332.4950000000001,800.7420000000001,531.7529999999999,268.98900000000003,0.20186867492936184,96496.017,96462.894,-33.12300000000687,15,ABOVE_LR
2026-09-24 08:15:00,2026-09-24T13:15:00.000Z,83718.5,83922,83685,83743.5,2490.265,1371.3680000000002,1118.897,252.4709999999999,0.10138318612677763,96503.338,96288.003,-215.3350000000064,15,ABOVE_LR
2026-09-24 08:30:00,2026-09-24T13:30:00.000Z,83743.5,84302.9,83719.6,83906.9,6186.506000000001,3375.8670000000006,2810.639,565.2279999999996,0.09136465720715368,96320.794,95952.695,-368.0989999999874,15,ABOVE_LR
2026-09-24 08:45:00,2026-09-24T13:45:00.000Z,83906.9,84218.1,83812.6,84216.9,2152.0519999999997,982.5430000000001,1169.5089999999998,-186.96599999999998,-0.0868780122413399,95928.03,96063.183,135.1530000000057,15,ABOVE_LR
2026-09-24 09:00:00,2026-09-24T14:00:00.000Z,84217,84333,84090.7,84187.2,2407.9030000000002,1241.2069999999997,1166.6959999999997,74.51099999999998,0.030944352824843847,96127.008,96213.225,86.21700000000419,15,ABOVE_LR
2026-09-24 09:15:00,2026-09-24T14:15:00.000Z,84187.2,84901.6,84096.6,84832.8,5871.464999999999,3919.9010000000003,1951.5639999999999,1968.337,0.335237798402954,96265.152,96337.509,72.35700000000361,15,ABOVE_LR
2026-09-24 09:30:00,2026-09-24T14:30:00.000Z,84832.9,84832.9,84340.7,84367.9,4166.982999999999,1714.0380000000002,2452.9449999999997,-738.9069999999998,-0.17732421754540395,96283.372,96044.221,-239.15099999999802,15,ABOVE_LR
2026-09-24 09:45:00,2026-09-24T14:45:00.000Z,84368,84371.1,83327.8,83628.3,8485.146,3524.637,4960.509,-1435.872,-0.1692218377857022,96109.972,96062.705,-47.26699999999255,15,ABOVE_LR
2026-09-24 10:00:00,2026-09-24T15:00:00.000Z,83628.2,83886.5,83440.4,83856.3,4134.369000000001,2195.8080000000004,1938.5610000000001,257.24699999999996,0.06222158689754106,96206.215,95873.553,-332.6619999999966,15,ABOVE_LR
2026-09-24 10:15:00,2026-09-24T15:15:00.000Z,83856.3,84214.9,83839.1,84081.1,2424.961,1531.131,893.8299999999998,637.3010000000002,0.262808762697627,95967.169,96028.286,61.11699999999837,15,ABOVE_LR
2026-09-24 10:30:00,2026-09-24T15:30:00.000Z,84081.1,84420.6,84057,84380,1612.153,857.504,754.6489999999998,102.85500000000005,0.06379977582772854,96063.815,96072.434,8.618999999991502,15,ABOVE_LR
2026-09-24 10:45:00,2026-09-24T15:45:00.000Z,84379.9,84429,84240.4,84374.4,1335.1280000000002,497.837,837.2909999999999,-339.454,-0.2542482818126801,96098.913,96064.852,-34.06100000000151,15,ABOVE_LR
2026-09-24 11:00:00,2026-09-24T16:00:00.000Z,84374.4,84390,83991.2,84210.7,1794.385,632.411,1161.974,-529.563,-0.2951222842366605,96002.509,96012.641,10.131999999997788,15,ABOVE_LR
2026-09-24 11:15:00,2026-09-24T16:15:00.000Z,84210.8,84799,84210.8,84672.4,5056.036,2904.263000000001,2151.773,752.4899999999999,0.1488300320646451,95930.283,95945.824,15.540999999997439,15,ABOVE_LR
2026-09-24 11:30:00,2026-09-24T16:30:00.000Z,84672.4,84883.6,84391.5,84503.3,3064.465,1418.2930000000001,1646.172,-227.87899999999996,-0.07436175645667349,95925.999,96018.888,92.88900000001013,15,ABOVE_LR
2026-09-24 11:45:00,2026-09-24T16:45:00.000Z,84503.3,84665.2,84375.7,84450.7,1524.7470000000003,673.147,851.6000000000001,-178.45299999999997,-0.117037777414876,95959.882,96008.097,48.21499999999651,15,ABOVE_LR
2026-09-24 12:00:00,2026-09-24T17:00:00.000Z,84450.6,84520,84316.9,84436.9,914.7949999999998,478.645,436.15,42.49500000000002,0.046453030460376396,95992.665,95898.951,-93.71399999999267,15,ABOVE_LR
2026-09-24 12:15:00,2026-09-24T17:15:00.000Z,84436.9,84510.9,84135.7,84287.5,1601.098,699.17,901.928,-202.75799999999998,-0.12663684546479978,95892.895,95715.604,-177.29099999999744,15,ABOVE_LR
2026-09-24 12:30:00,2026-09-24T17:30:00.000Z,84287.6,84402.1,84082.9,84133.6,887.505,368.33099999999996,519.174,-150.84300000000002,-0.16996298612402186,95697.379,95721.899,24.520000000004075,15,ABOVE_LR
2026-09-24 12:45:00,2026-09-24T17:45:00.000Z,84133.6,84185.8,83932.4,84074.4,1277.767,545.205,732.562,-187.35699999999997,-0.1466284541704395,95725.794,95717.504,-8.289999999993597,15,ABOVE_LR
2026-09-24 13:00:00,2026-09-24T18:00:00.000Z,84074.5,84218.8,83833.4,84214.4,1568.22,910.7840000000001,657.4359999999998,253.34799999999998,0.16155131295353967,95653.023,95384.696,-268.3270000000048,15,ABOVE_LR
2026-09-24 13:15:00,2026-09-24T18:15:00.000Z,84214.3,84446.8,84200,84381.3,1473.387,865.0680000000002,608.319,256.749,0.17425767975419904,95341.207,95280.788,-60.41899999999441,15,ABOVE_LR
2026-09-24 13:30:00,2026-09-24T18:30:00.000Z,84381.3,84519.9,84215,84384.9,1208.222,603.89,604.3320000000001,-0.4419999999999771,-0.0003658268099736448,95243.936,95238.333,-5.603000000002794,15,ABOVE_LR
2026-09-24 13:45:00,2026-09-24T18:45:00.000Z,84385,84510.1,84324,84437.5,579.0550000000001,298.899,280.156,18.743000000000016,0.03236825517437897,95219.932,95224.938,5.005999999993946,15,ABOVE_LR
2026-09-24 14:00:00,2026-09-24T19:00:00.000Z,84437.5,84589.9,84249.4,84545,1045.3270000000002,526.059,519.2680000000001,6.790999999999968,0.006496531707303042,95197.007,95219.893,22.885999999998603,15,ABOVE_LR
2026-09-24 14:15:00,2026-09-24T19:15:00.000Z,84545,84622.3,84495,84601.5,628.2510000000001,283.95699999999994,344.29400000000004,-60.33700000000002,-0.0960396402074967,95200.186,95206.086,5.899999999994179,15,ABOVE_LR
2026-09-24 14:30:00,2026-09-24T19:30:00.000Z,84601.5,84606.6,84378.7,84405.1,796.0369999999999,293.44100000000003,502.59599999999995,-209.15500000000003,-0.2627453246519949,95176.236,95169.004,-7.232000000003609,15,ABOVE_LR
2026-09-24 14:45:00,2026-09-24T19:45:00.000Z,84405,84554.4,84235.3,84367.9,2215.768,923.7399999999999,1292.0279999999998,-368.288,-0.16621234714103644,95173.793,95159.852,-13.94100000000617,15,ABOVE_LR
2026-09-24 15:00:00,2026-09-24T20:00:00.000Z,84367.9,84402.6,84200,84211.3,1177.0059999999999,560.5189999999999,616.4870000000001,-55.96800000000003,-0.04755115946732645,96012.487,96140.69,128.20300000000861,15,ABOVE_LR
2026-09-24 15:15:00,2026-09-24T20:15:00.000Z,84211.4,84285.7,84125.2,84236.4,637.5589999999999,305.68500000000006,331.87399999999997,-26.188999999999993,-0.04107698267925008,96160.853,96154.945,-5.907999999995809,15,ABOVE_LR
2026-09-24 15:30:00,2026-09-24T20:30:00.000Z,84236.4,84372.9,84163,84339.6,447.51800000000003,298.73400000000004,148.78400000000002,149.95,0.3350703211937843,96148.434,96102.507,-45.92699999999604,15,ABOVE_LR
2026-09-24 15:45:00,2026-09-24T20:45:00.000Z,84339.6,84431.6,84209.9,84320,892.999,426.88700000000006,466.112,-39.22500000000003,-0.043925021192632946,96049.81,95941.795,-108.01499999999942,15,ABOVE_LR
2026-09-24 16:00:00,2026-09-24T21:00:00.000Z,84320,84363.8,84245.2,84283.3,460.98499999999996,242.19299999999998,218.79199999999997,23.401000000000007,0.050763040012147924,95956.134,95975.202,19.0679999999993,15,ABOVE_LR
2026-09-24 16:15:00,2026-09-24T21:15:00.000Z,84283.2,84408,84283.2,84378,421.147,260.89000000000004,160.25700000000003,100.633,0.23894982037150922,95949.275,95926.681,-22.593999999997322,15,ABOVE_LR
2026-09-24 16:30:00,2026-09-24T21:30:00.000Z,84378,84453.4,84365,84445.2,343.79099999999994,175.43900000000002,168.352,7.087000000000001,0.020614268552696265,95959.093,95964.913,5.820000000006985,15,ABOVE_LR
2026-09-24 16:45:00,2026-09-24T21:45:00.000Z,84445.1,84447,84297.6,84304,302.46400000000006,133.14,169.32400000000007,-36.18400000000001,-0.11963076597545495,95962.465,95972.357,9.892000000007101,15,ABOVE_LR
2026-09-24 17:00:00,2026-09-24T22:00:00.000Z,84304,84330,84206.2,84281.6,558.5649999999999,229.637,328.928,-99.291,-0.17776086937061936,95973.204,96019.311,46.10700000000361,15,ABOVE_LR
2026-09-24 17:15:00,2026-09-24T22:15:00.000Z,84281.7,84295.2,83903.1,84090.1,1777.4870000000005,715.841,1061.646,-345.805,-0.19454713311546015,95999.523,95937.09,-62.43300000000454,15,ABOVE_LR
2026-09-24 17:30:00,2026-09-24T22:30:00.000Z,84090.1,84154.4,84024.9,84097.5,617.3430000000001,246.39199999999994,370.95099999999996,-124.559,-0.20176627903774721,95876.15,95776.257,-99.89299999999639,15,ABOVE_LR
2026-09-24 17:45:00,2026-09-24T22:45:00.000Z,84097.5,84235.4,84093.1,84235.4,510.157,291.30400000000003,218.853,72.45100000000002,0.14201706533478914,95762.362,95798.625,36.263000000006286,15,ABOVE_LR
2026-09-24 18:00:00,2026-09-24T23:00:00.000Z,84235.4,84331.8,84221.8,84262,501.2849999999999,228.13199999999998,273.15299999999996,-45.02099999999998,-0.08981118525389746,95789.142,95784.61,-4.532000000006519,15,ABOVE_LR
2026-09-24 18:15:00,2026-09-24T23:15:00.000Z,84262,84404,84250,84392.7,399.03200000000004,241.703,157.329,84.37400000000002,0.21144670101645988,95779.356,95800.386,21.029999999998836,15,ABOVE_LR
2026-09-24 18:30:00,2026-09-24T23:30:00.000Z,84392.7,84433.3,84361.7,84365.7,431.534,131.362,300.172,-168.81,-0.391185862527634,95790.653,95812.893,22.239999999990687,15,ABOVE_LR
2026-09-24 18:45:00,2026-09-24T23:45:00.000Z,84365.7,84409.5,84323.7,84370,388.7530000000001,150.70800000000003,238.04500000000002,-87.33700000000002,-0.22465935954191993,95894.729,95886.566,-8.163000000000466,15,ABOVE_LR
2026-09-24 19:00:00,2026-09-25T00:00:00.000Z,84370.1,84689.2,84370,84628.6,1877.736,1197.7689999999998,679.967,517.8019999999999,0.2757586796013923,95872.91,96041.931,169.02099999999336,15,ABOVE_LR
2026-09-24 19:15:00,2026-09-25T00:15:00.000Z,84628.5,84634.2,84505.7,84634.1,694.6020000000001,309.178,385.424,-76.24599999999998,-0.1097693355331542,96054.113,96097.188,43.07499999999709,15,ABOVE_LR
2026-09-24 19:30:00,2026-09-25T00:30:00.000Z,84634,84648.3,84508,84551.1,513.6379999999999,223.577,290.06100000000004,-66.48399999999998,-0.12943746373905354,96173.878,96215.197,41.31900000000314,15,ABOVE_LR
2026-09-24 19:45:00,2026-09-25T00:45:00.000Z,84551,84630.5,84522.5,84560.6,577.471,262.687,314.784,-52.097,-0.09021578572776814,96262.12,96275.767,13.647000000011758,15,ABOVE_LR
2026-09-24 20:00:00,2026-09-25T01:00:00.000Z,84560.6,84763.7,84536.1,84660,1158.5100000000002,606.1419999999999,552.368,53.77399999999999,0.04641651776851299,96205.398,96187.935,-17.463000000003376,15,ABOVE_LR
2026-09-24 20:15:00,2026-09-25T01:15:00.000Z,84660,84714,84460.8,84493.7,1008.9959999999999,412.795,596.201,-183.406,-0.18177078997339932,96198.72,96077.505,-121.21499999999651,15,ABOVE_LR
2026-09-24 20:30:00,2026-09-25T01:30:00.000Z,84493.8,84499.5,84306.1,84438.9,1022.6679999999999,465.253,557.4150000000001,-92.16199999999998,-0.09011917846260956,96096.412,96042.609,-53.802999999999884,15,ABOVE_LR
2026-09-24 20:45:00,2026-09-25T01:45:00.000Z,84438.9,84600.8,84433.1,84576.6,798.4259999999999,505.37800000000004,293.0479999999999,212.33,0.26593572854591413,95991.594,95957.269,-34.32499999999709,15,ABOVE_LR
2026-09-24 21:00:00,2026-09-25T02:00:00.000Z,84576.5,84850,84518.5,84796.2,2286.94,1116.06,1170.8800000000003,-54.82000000000009,-0.023970895607230664,95972.015,96225.787,253.7719999999972,15,ABOVE_LR
2026-09-24 21:15:00,2026-09-25T02:15:00.000Z,84796.2,84855,84611.7,84654.8,1114.2399999999998,405.95599999999996,708.2840000000001,-302.3280000000001,-0.2713311315336015,96249.951,96395.687,145.73600000000442,15,ABOVE_LR
2026-09-24 21:30:00,2026-09-25T02:30:00.000Z,84654.7,84690.3,84360.3,84444.6,1253.69,740.7940000000001,512.8960000000001,227.89800000000002,0.18178178018489421,96352.505,96407.036,54.530999999988126,15,ABOVE_LR
2026-09-24 21:45:00,2026-09-25T02:45:00.000Z,84444.6,84444.7,84139.8,84194.4,1482.0559999999998,588.655,893.401,-304.7459999999999,-0.2056238090868361,96395.17,96391.435,-3.735000000000582,15,ABOVE_LR
2026-09-24 22:00:00,2026-09-25T03:00:00.000Z,84194.9,84297,84141.2,84219.3,1046.69,624.0059999999999,422.684,201.32199999999997,0.19234157200317187,96414.918,96409.724,-5.194000000003143,15,ABOVE_LR
2026-09-24 22:15:00,2026-09-25T03:15:00.000Z,84219.3,84297,84110.3,84115.9,793.9559999999999,379.63800000000003,414.3179999999999,-34.67999999999997,-0.04368000241827,96444.738,96509.587,64.84900000000198,15,ABOVE_LR
2026-09-24 22:30:00,2026-09-25T03:30:00.000Z,84116,84355.6,84026,84170.6,1215.707,656.264,559.443,96.82100000000003,0.07964172288224056,96547.672,96510.017,-37.654999999998836,15,ABOVE_LR
2026-09-24 22:45:00,2026-09-25T03:45:00.000Z,84170.5,84208,84108.7,84201.1,560.4699999999999,242.49,317.98,-75.48999999999998,-0.13469052759291308,96604.993,96588.857,-16.135999999998603,15,ABOVE_LR
2026-09-24 23:00:00,2026-09-25T04:00:00.000Z,84201,84201.1,84036.1,84036.1,688.51,248.804,439.70599999999996,-190.90200000000004,-0.2772683040188233,96586.49,96579.902,-6.588000000003376,15,ABOVE_LR
2026-09-24 23:15:00,2026-09-25T04:15:00.000Z,84036.2,84138,84018.3,84094.1,525.4860000000001,230.38600000000002,295.0999999999999,-64.71399999999998,-0.1231507594874078,96663.109,96712.125,49.01600000000326,15,ABOVE_LR
2026-09-24 23:30:00,2026-09-25T04:30:00.000Z,84094.1,84263.9,84094.1,84234.3,576.644,351.658,224.98600000000002,126.67199999999997,0.21967106221516217,96690.581,96659.794,-30.787000000011176,15,ABOVE_LR
2026-09-24 23:45:00,2026-09-25T04:45:00.000Z,84234.4,84254.9,84131.9,84171.5,569.308,293.81700000000006,275.491,18.325999999999986,0.03218995693016783,96657.998,96655.558,-2.4400000000023283,15,ABOVE_LR
2026-09-25 00:00:00,2026-09-25T05:00:00.000Z,84171.5,84223.2,84123.5,84123.5,327.117,168.065,159.05200000000002,9.012999999999995,0.027552832778485966,96677.557,96672.068,-5.489000000001397,15,ABOVE_LR
2026-09-25 00:15:00,2026-09-25T05:15:00.000Z,84123.5,84233.6,84050.1,84142,524.682,260.063,264.61899999999997,-4.55599999999999,-0.00868335487018802,96657.777,96628.909,-28.868000000002212,15,ABOVE_LR
2026-09-25 00:30:00,2026-09-25T05:30:00.000Z,84141.9,84310.6,84080.2,84219.3,796.7529999999999,515.3620000000001,281.391,233.971,0.29365562476702317,96642.763,96597.438,-45.32500000001164,15,ABOVE_LR
2026-09-25 00:45:00,2026-09-25T05:45:00.000Z,84219.2,84250,84152,84152,249.03,97.16399999999997,151.866,-54.702,-0.21966028189374773,96583.9,96562.642,-21.257999999987078,15,ABOVE_LR
2026-09-25 01:00:00,2026-09-25T06:00:00.000Z,84152,84192.7,83890.5,84081.2,2241.763,834.307,1407.456,-573.1490000000001,-0.25566886419304813,96564.343,96707.715,143.37200000000303,15,ABOVE_LR
2026-09-25 01:15:00,2026-09-25T06:15:00.000Z,84081.2,84246.6,84013.7,84057.1,875.3319999999998,439.16,436.1720000000001,2.9879999999999853,0.0034135619399267778,97026.256,97081.541,55.28500000000349,15,ABOVE_LR
2026-09-25 01:30:00,2026-09-25T06:30:00.000Z,84057.1,84064.6,83885.7,83995.1,930.322,394.5830000000001,535.739,-141.15599999999998,-0.15172811134209443,97090.592,97149.503,58.91099999999278,15,ABOVE_LR
2026-09-25 01:45:00,2026-09-25T06:45:00.000Z,83995.1,84038,83966.1,83999.3,734.3039999999997,460.21,274.09400000000005,186.11599999999993,0.2534590578289101,97153.893,97131.833,-22.05999999999767,15,ABOVE_LR
2026-09-25 02:00:00,2026-09-25T07:00:00.000Z,83999.2,84020,83683.7,83774.7,2852.5920000000006,757.587,2095.005,-1337.4179999999997,-0.4688430732470677,97157.712,96568.295,-589.4170000000013,15,ABOVE_LR
2026-09-25 02:15:00,2026-09-25T07:15:00.000Z,83774.8,84013.5,83774.3,84005,1000.3580000000001,630.3249999999998,370.033,260.2919999999999,0.2601988488121252,96633.253,96630.103,-3.1499999999941792,15,ABOVE_LR
2026-09-25 02:30:00,2026-09-25T07:30:00.000Z,84005,84059.9,83769.9,83870,2408.2609999999995,1049.673,1358.5879999999997,-308.9149999999999,-0.12827305678246667,96561.657,96428.099,-133.55800000000454,15,ABOVE_LR
2026-09-25 02:45:00,2026-09-25T07:45:00.000Z,83870,84033.8,83841.3,83994.7,1926.8309999999997,1004.0660000000001,922.7650000000001,81.30100000000003,0.04219415195209131,96317.407,96259.413,-57.994000000006054,15,ABOVE_LR
2026-09-25 03:00:00,2026-09-25T08:00:00.000Z,83994.7,84138,83973.5,84067.6,1231.2160000000001,564.977,666.239,-101.26199999999999,-0.0822455198762849,96440.679,96441.063,0.3839999999909196,15,ABOVE_LR
2026-09-25 03:15:00,2026-09-25T08:15:00.000Z,84067.6,84470.5,84067.5,84382.2,1939.369,1203.1149999999998,736.254,466.8609999999999,0.24072829874046656,96426.946,96265.894,-161.05199999999604,15,ABOVE_LR
2026-09-25 03:30:00,2026-09-25T08:30:00.000Z,84382.3,84406.9,84269.3,84276.4,716.6260000000001,241.46699999999996,475.159,-233.69199999999998,-0.32610036476488424,96208.278,96249.408,41.129999999990105,15,ABOVE_LR
2026-09-25 03:45:00,2026-09-25T08:45:00.000Z,84276.4,84441.8,84244.9,84376.1,718.832,296.716,422.1159999999999,-125.4,-0.17444966278629778,96236.193,96298.634,62.44100000000617,15,ABOVE_LR
2026-09-25 04:00:00,2026-09-25T09:00:00.000Z,84376.2,84684.4,84376.1,84549.4,2174.775,1360.887,813.8879999999999,546.9989999999999,0.2515198123943856,96271.248,96227.269,-43.979000000006636,15,ABOVE_LR
2026-09-25 04:15:00,2026-09-25T09:15:00.000Z,84549.5,84800,84488.2,84763.5,2030.1519999999998,1174.653,855.4989999999999,319.1539999999999,0.15720694805118035,96232.768,96335.348,102.58000000000175,15,ABOVE_LR
2026-09-25 04:30:00,2026-09-25T09:30:00.000Z,84763.4,84822.2,84517.1,84590.8,1615.299,490.84900000000005,1124.45,-633.601,-0.39224997972511594,96219.595,96250.244,30.64900000000489,15,ABOVE_LR
2026-09-25 04:45:00,2026-09-25T09:45:00.000Z,84590.8,84601.9,84525,84533.2,659.807,286.53999999999996,373.26700000000005,-86.72699999999999,-0.1314429825691452,96206.398,96279.183,72.78500000000349,15,ABOVE_LR
2026-09-25 05:00:00,2026-09-25T10:00:00.000Z,84533.2,84533.3,84350,84451.6,1608.348,535.168,1073.18,-538.0120000000003,-0.33451218268683164,96293.729,96371.16,77.43099999999686,15,ABOVE_LR
2026-09-25 05:15:00,2026-09-25T10:15:00.000Z,84451.6,84707.5,84402.5,84679,1046.889,623.832,423.05699999999996,200.77500000000003,0.19178250989359907,96387.335,96404.225,16.889999999999418,15,ABOVE_LR
2026-09-25 05:30:00,2026-09-25T10:30:00.000Z,84679,84777.7,84609.7,84737.9,1266.213,754.9380000000001,511.27500000000015,243.66300000000007,0.19243444823264338,96378.614,96161.561,-217.05299999999988,15,ABOVE_LR
2026-09-25 05:45:00,2026-09-25T10:45:00.000Z,84737.9,84844.2,84665.9,84678.3,1228.498,657.18,571.3180000000001,85.862,0.0698918516757862,96139.563,96147.678,8.115000000005239,15,ABOVE_LR
2026-09-25 06:00:00,2026-09-25T11:00:00.000Z,84678.3,85206.3,84652.7,85195.8,4894.09,3129.148,1764.942,1364.2059999999997,0.2787455890676305,96165.285,96250.311,85.02599999999802,15,ABOVE_LR
2026-09-25 06:15:00,2026-09-25T11:15:00.000Z,85195.8,85224,84788.8,84892,3144.995000000001,1145.9690000000003,1999.0260000000003,-853.0569999999999,-0.2712427205766622,96127.826,95977.948,-149.87799999999697,15,ABOVE_LR
2026-09-25 06:30:00,2026-09-25T11:30:00.000Z,84892,84929.9,84650,84679.9,1891.3469999999998,668.6709999999998,1222.676,-554.005,-0.2929155781567317,95954.601,95933.393,-21.20799999999872,15,ABOVE_LR
2026-09-25 06:45:00,2026-09-25T11:45:00.000Z,84680,84700,84520.7,84533.4,1617.5010000000002,569.111,1048.3899999999996,-479.27899999999994,-0.2963083175837294,95825.118,95730.931,-94.18700000000536,15,ABOVE_LR
2026-09-25 07:00:00,2026-09-25T12:00:00.000Z,84533.4,84660,84148.5,84323.7,3063.306,1235.7240000000002,1827.5819999999999,-591.858,-0.1932089056724989,95758.736,95725.485,-33.25100000000384,15,ABOVE_LR
2026-09-25 07:15:00,2026-09-25T12:15:00.000Z,84323.6,84364.7,83824.2,84360.7,5224.844,2592.0920000000006,2632.752,-40.66,-0.007782050526293225,95661.046,95509.404,-151.6420000000071,15,ABOVE_LR
2026-09-25 07:30:00,2026-09-25T12:30:00.000Z,84360.7,84500,84280.4,84392.4,1970.1220000000003,944.015,1026.107,-82.09199999999998,-0.04166848550495856,95522.861,95636.113,113.25199999999313,15,ABOVE_LR
2026-09-25 07:45:00,2026-09-25T12:45:00.000Z,84392.4,84542.4,84289.2,84427.8,1280.628,609.4080000000001,671.22,-61.81199999999992,-0.048266944030584936,95603.198,95691.683,88.48500000000058,15,ABOVE_LR
2026-09-25 08:00:00,2026-09-25T13:00:00.000Z,84427.7,84528.5,84290.8,84406.4,1131.945,547.705,584.24,-36.53500000000002,-0.032276303177274535,95707.024,95838.566,131.54200000000128,15,ABOVE_LR
2026-09-25 08:15:00,2026-09-25T13:15:00.000Z,84406.3,84516.7,84053.2,84057.1,1925.641,823.847,1101.7939999999999,-277.947,-0.14433998860639133,95862.097,95869.815,7.718000000008033,15,ABOVE_LR
2026-09-25 08:30:00,2026-09-25T13:30:00.000Z,84057.1,84306.3,83752.4,83973.1,4731.849999999999,2572.868,2158.982,413.88600000000014,0.08746811500787223,95829.159,95967.521,138.3619999999937,15,ABOVE_LR
2026-09-25 08:45:00,2026-09-25T13:45:00.000Z,83973.1,84075.7,83434.3,83887.9,5276.857,2510.562,2766.2949999999996,-255.73299999999995,-0.04846312871468754,95874.658,95614.565,-260.0929999999935,15,ABOVE_LR
2026-09-25 09:00:00,2026-09-25T14:00:00.000Z,83887.8,83980.4,83130.1,83544.9,7280.671,3347.5910000000013,3933.0800000000004,-585.4889999999999,-0.08041690113452454,95555.827,95699.478,143.65099999999802,15,TOUCH/CROSS_LR
2026-09-25 09:15:00,2026-09-25T14:15:00.000Z,83544.9,83766,83415.9,83618.1,2683.677,1447.5410000000002,1236.136,211.40499999999994,0.0787743830572755,95751.232,95769.866,18.63399999999092,15,ABOVE_LR
2026-09-25 09:30:00,2026-09-25T14:30:00.000Z,83618,83892.9,83613.9,83645.2,2505.1899999999996,1236.3709999999999,1268.8190000000002,-32.44800000000005,-0.012952311002359124,95793.143,95687.554,-105.58899999999267,15,ABOVE_LR
2026-09-25 09:45:00,2026-09-25T14:45:00.000Z,83645.3,83997.6,83521.2,83973.6,1962.0410000000004,1005.4129999999999,956.6279999999999,48.785,0.024864414148328188,95845.58,95745.272,-100.30800000000454,15,ABOVE_LR
2026-09-25 10:00:00,2026-09-25T15:00:00.000Z,83973.5,84059.4,83711,83959,1904.7329999999995,983.1439999999999,921.5890000000002,61.555000000000014,0.03231686540843259,95683.79,95621.865,-61.92499999998836,15,ABOVE_LR
2026-09-25 10:15:00,2026-09-25T15:15:00.000Z,83959,83968.1,83690.5,83730.5,1722.5919999999999,692.6619999999999,1029.9300000000003,-337.2680000000001,-0.19579099403689332,95583.647,95703.57,119.92300000000978,15,ABOVE_LR
2026-09-25 10:30:00,2026-09-25T15:30:00.000Z,83730.5,83866.1,83411.9,83442.3,2721.245,1074.788,1646.457,-571.6689999999999,-0.21007627023660122,95599.324,95770.177,170.8530000000028,15,ABOVE_LR
2026-09-25 10:45:00,2026-09-25T15:45:00.000Z,83442.2,83769,83323.6,83767,2526.2,1428.8899999999999,1097.3100000000004,331.58000000000004,0.13125643258649358,95821.711,95885.127,63.41599999999744,15,ABOVE_LR
2026-09-25 11:00:00,2026-09-25T16:00:00.000Z,83767,84081,83761.6,83986.5,3077.832,1745.4420000000002,1332.39,413.05200000000013,0.13420225665338464,95832.295,95890.197,57.90200000000186,15,ABOVE_LR
2026-09-25 11:15:00,2026-09-25T16:15:00.000Z,83986.6,84090.2,83884.6,83947.9,1447.3619999999999,911.9910000000001,535.371,376.62,0.2602113362102916,95836.659,95616.767,-219.89199999999255,15,ABOVE_LR
2026-09-25 11:30:00,2026-09-25T16:30:00.000Z,83947.8,84012.4,83781.1,83865.7,1438.9470000000001,598.943,840.004,-241.061,-0.16752597559187377,95606.1,95482.188,-123.91200000001118,15,ABOVE_LR
2026-09-25 11:45:00,2026-09-25T16:45:00.000Z,83865.7,83875.9,83684.1,83715.9,1003.8739999999999,371.616,632.258,-260.64200000000005,-0.25963616947943674,95401.244,95401.771,0.5269999999873107,15,ABOVE_LR
2026-09-25 12:00:00,2026-09-25T17:00:00.000Z,83715.8,83928.5,83715.8,83925,642.6880000000001,339.15500000000003,303.533,35.621999999999986,0.05542658334993026,95370.898,95380.837,9.938999999998487,15,ABOVE_LR
2026-09-25 12:15:00,2026-09-25T17:15:00.000Z,83925,83954.9,83637.5,83646.5,767.043,277.594,489.449,-211.85500000000002,-0.2761970319786505,95382.083,95435.557,53.47400000000198,15,ABOVE_LR
2026-09-25 12:30:00,2026-09-25T17:30:00.000Z,83646.6,83806.7,83585.1,83764.2,979.1910000000001,488.40899999999993,490.782,-2.372999999999962,-0.0024234291369099204,95379.219,95335.365,-43.853999999992084,15,ABOVE_LR
2026-09-25 12:45:00,2026-09-25T17:45:00.000Z,83764.1,83776.3,83665,83750.1,579.8009999999999,209.279,370.522,-161.24300000000002,-0.27810058968508167,95305.735,95328.694,22.95900000000256,15,ABOVE_LR
2026-09-25 13:00:00,2026-09-25T18:00:00.000Z,83750.2,83993.6,83750.2,83966.2,870.8119999999999,547.9480000000001,322.864,225.08400000000003,0.2584759971153361,95323.186,95289.446,-33.74000000000524,15,ABOVE_LR
2026-09-25 13:15:00,2026-09-25T18:15:00.000Z,83966.2,84056,83865.9,83927.6,861.5530000000001,436.294,425.25900000000007,11.034999999999993,0.012808266003368327,95315.168,95345.047,29.879000000000815,15,ABOVE_LR
2026-09-25 13:30:00,2026-09-25T18:30:00.000Z,83927.7,83986.6,83870.2,83949.3,376.90299999999996,174.20800000000003,202.69500000000005,-28.487,-0.07558178098874246,95358.031,95371.27,13.239000000001397,15,ABOVE_LR
2026-09-25 13:45:00,2026-09-25T18:45:00.000Z,83949.3,83973,83895.1,83931.7,412.303,251.30999999999997,160.993,90.31700000000001,0.21905491834888421,95364.409,95373.08,8.671000000002095,15,ABOVE_LR
2026-09-25 14:00:00,2026-09-25T19:00:00.000Z,83931.7,84019.8,83892.3,84008.4,488.50500000000005,304.67199999999997,183.83300000000003,120.839,0.24736491949928863,95356.395,95369.116,12.720999999990454,15,ABOVE_LR
2026-09-25 14:15:00,2026-09-25T19:15:00.000Z,84008.4,84012.5,83909.3,83972.8,493.92699999999996,273.122,220.805,52.317,0.10592051052078547,95348.804,95377.555,28.75099999998929,15,ABOVE_LR
2026-09-25 14:30:00,2026-09-25T19:30:00.000Z,83972.8,84040.8,83915.2,83952.2,426.439,225.11,201.32900000000006,23.78100000000002,0.05576647539272914,95353.98,95355.557,1.577000000004773,15,ABOVE_LR
2026-09-25 14:45:00,2026-09-25T19:45:00.000Z,83952.3,84035.2,83950,83971.4,648.415,331.81499999999994,316.6,15.215000000000018,0.02346491058966868,95364.482,95365.352,0.8699999999953434,15,ABOVE_LR
2026-09-25 15:00:00,2026-09-25T20:00:00.000Z,83971.4,84009.4,83900,83930.6,358.29699999999997,129.478,228.81900000000002,-99.341,-0.27725881042822015,95344.844,95348.396,3.551999999996042,15,ABOVE_LR
2026-09-25 15:15:00,2026-09-25T20:15:00.000Z,83930.6,84071,83930.5,84021.5,535.4110000000001,350.2459999999999,185.16500000000002,165.081,0.3083257534865738,95337.523,95402.766,65.24300000000221,15,ABOVE_LR
2026-09-25 15:30:00,2026-09-25T20:30:00.000Z,84021.5,84154.9,83996.4,84084.8,1280.398,867.196,413.202,453.99399999999997,0.3545725625938185,95422.878,95437.204,14.326000000000931,15,ABOVE_LR
2026-09-25 15:45:00,2026-09-25T20:45:00.000Z,84084.7,84084.7,83792.6,83839.7,1304.6570000000004,418.97599999999994,885.6809999999999,-466.70500000000004,-0.35772237453982153,95502.639,95346.204,-156.43499999999767,15,ABOVE_LR
2026-09-25 16:00:00,2026-09-25T21:00:00.000Z,83839.7,83882.9,83600,83651.7,1250.4389999999999,320.17600000000004,930.263,-610.0869999999999,-0.4878982501345527,95067.585,95252.059,184.47399999998743,15,ABOVE_LR
2026-09-25 16:15:00,2026-09-25T21:15:00.000Z,83651.6,83733,83587,83732.9,621.7189999999999,278.915,342.8040000000001,-63.88900000000003,-0.10276185865318582,95295.914,95327.001,31.086999999999534,15,ABOVE_LR
2026-09-25 16:30:00,2026-09-25T21:30:00.000Z,83733,83795.2,83682.6,83768.4,353.82500000000005,218.409,135.416,82.99300000000002,0.23455945735886388,95254.639,95223.601,-31.038000000000466,15,ABOVE_LR
2026-09-25 16:45:00,2026-09-25T21:45:00.000Z,83768.3,83834.3,83732.4,83747.3,254.44,104.35499999999999,150.085,-45.730000000000004,-0.17972803018393335,95214.259,95219.629,5.369999999995343,15,ABOVE_LR
2026-09-25 17:00:00,2026-09-25T22:00:00.000Z,83747.3,83887.3,83726.8,83887.2,259.47099999999995,141.46700000000004,118.00400000000002,23.46299999999999,0.09042629041395761,95236.352,95228.597,-7.755000000004657,15,ABOVE_LR
2026-09-25 17:15:00,2026-09-25T22:15:00.000Z,83887.3,83939.3,83857.5,83866.2,378.54600000000005,156.46600000000004,222.07999999999998,-65.614,-0.17333164265373296,95231.585,95257.337,25.75199999999313,15,ABOVE_LR
2026-09-25 17:30:00,2026-09-25T22:30:00.000Z,83866.2,84058.8,83866.2,84044.9,565.585,336.664,228.921,107.74299999999997,0.19049833358381138,95246.837,95293.656,46.81900000000314,15,ABOVE_LR
2026-09-25 17:45:00,2026-09-25T22:45:00.000Z,84045,84097.6,84013.9,84032.8,834.3980000000001,423.946,410.452,13.494000000000042,0.01617213847588326,95306.851,95300.421,-6.429999999993015,15,ABOVE_LR
2026-09-25 18:00:00,2026-09-25T23:00:00.000Z,84032.9,84071.5,84024.4,84024.9,241.584,76.45100000000001,165.13299999999998,-88.68200000000002,-0.3670855685807008,95254.638,95274.37,19.731999999989057,15,ABOVE_LR
2026-09-25 18:15:00,2026-09-25T23:15:00.000Z,84024.9,84051.4,83968.6,84051.4,486.3419999999999,249.38299999999998,236.959,12.424000000000014,0.02554580932759255,95260.759,95234.423,-26.336000000010245,15,ABOVE_LR
2026-09-25 18:30:00,2026-09-25T23:30:00.000Z,84051.4,84059.7,84030.6,84030.7,152.581,50.554,102.02700000000002,-51.47299999999999,-0.3373486869269437,95206.992,95189.567,-17.42500000000291,15,ABOVE_LR
2026-09-25 18:45:00,2026-09-25T23:45:00.000Z,84030.6,84056,83975.2,84056,304.95799999999997,140.46699999999998,164.49099999999999,-24.024000000000022,-0.07877806124122018,95199.022,95215.346,16.3240000000078,15,ABOVE_LR
2026-09-25 19:00:00,2026-09-26T00:00:00.000Z,84056,84106.8,84006.2,84033.3,768.0479999999999,500.6910000000001,267.35699999999997,233.33399999999997,0.3038013249171927,95211.408,95117.485,-93.92299999999523,15,ABOVE_LR
2026-09-25 19:15:00,2026-09-26T00:15:00.000Z,84033.4,84042.3,83867.5,83916.4,615.051,137.798,477.253,-339.45500000000004,-0.5519135811501811,95133.519,95136.739,3.220000000001164,15,ABOVE_LR
2026-09-25 19:30:00,2026-09-26T00:30:00.000Z,83916.4,83916.4,83750,83841.7,987.4230000000001,422.2580000000001,565.1650000000001,-142.90699999999998,-0.1447272344273933,95120.291,95105.223,-15.067999999999302,15,ABOVE_LR
2026-09-25 19:45:00,2026-09-26T00:45:00.000Z,83841.8,83911.5,83841.7,83869,194.702,113.836,80.86600000000001,32.97,0.1693357027662787,95069.967,95064.811,-5.1560000000026776,15,ABOVE_LR
2026-09-25 20:00:00,2026-09-26T01:00:00.000Z,83869,83945,83863.8,83900.1,432.04499999999996,198.865,233.18,-34.31499999999998,-0.07942459697485213,95058.658,95100.245,41.586999999999534,15,ABOVE_LR
2026-09-25 20:15:00,2026-09-26T01:15:00.000Z,83900.1,83954.6,83889.2,83912.3,348.72099999999995,193.89799999999997,154.82299999999998,39.07500000000002,0.11205232836565628,95103.671,95078.091,-25.580000000001746,15,ABOVE_LR
2026-09-25 20:30:00,2026-09-26T01:30:00.000Z,83912.4,84049.2,83903.1,84008.6,488.34999999999997,260.61400000000003,227.736,32.878,0.06732466468721204,95064.597,95050.077,-14.519999999989523,15,ABOVE_LR
2026-09-25 20:45:00,2026-09-26T01:45:00.000Z,84008.6,84050,83992.4,84041.4,276.608,127.745,148.863,-21.118000000000002,-0.07634630957889867,95024.334,94990.656,-33.677999999999884,15,ABOVE_LR
2026-09-25 21:00:00,2026-09-26T02:00:00.000Z,84041.4,84105.6,83949.8,84100.1,539.85,317.352,222.49799999999996,94.854,0.17570436232286746,94994.814,94991.974,-2.8399999999965075,15,ABOVE_LR
2026-09-25 21:15:00,2026-09-26T02:15:00.000Z,84100.1,84101,83993.3,83993.3,444.595,172.014,272.581,-100.567,-0.2261991250463905,94965.207,95015.542,50.3350000000064,15,ABOVE_LR
2026-09-25 21:30:00,2026-09-26T02:30:00.000Z,83993.3,84012.6,83959.3,83978.3,352.94,157.02399999999997,195.91600000000003,-38.891999999999996,-0.1101943673145577,95013.277,94948.391,-64.8859999999986,15,ABOVE_LR
2026-09-25 21:45:00,2026-09-26T02:45:00.000Z,83978.4,84027.4,83973.4,83981.3,154.473,56.692,97.78099999999999,-41.089,-0.2659947045762042,94924.611,94911.786,-12.825000000011642,15,ABOVE_LR
2026-09-25 22:00:00,2026-09-26T03:00:00.000Z,83981.3,83981.4,83876.4,83911,219.00799999999998,62.34599999999999,156.662,-94.31600000000002,-0.4306509351256576,94921.988,94913.653,-8.334999999991851,15,ABOVE_LR
2026-09-25 22:15:00,2026-09-26T03:15:00.000Z,83911.1,83998.1,83888.5,83988,314.599,194.622,119.97699999999999,74.645,0.23727030282995176,94904.265,94906.675,2.4100000000034925,15,ABOVE_LR
2026-09-25 22:30:00,2026-09-26T03:30:00.000Z,83987.9,84024.7,83919,83919.1,250.735,95.89,154.845,-58.95499999999999,-0.2351287215586176,94885.392,94882.923,-2.4690000000118744,15,ABOVE_LR
2026-09-25 22:45:00,2026-09-26T03:45:00.000Z,83919,83935.4,83899.9,83908.6,204.171,105.07799999999999,99.09299999999999,5.9849999999999985,0.029313663546732878,94872.682,94858.05,-14.631999999997788,15,ABOVE_LR
2026-09-25 23:00:00,2026-09-26T04:00:00.000Z,83908.6,83984.1,83908.5,83951.8,326.74100000000004,186.361,140.38,45.980999999999995,0.14072614088834884,94881.554,94919.31,37.755999999993946,15,ABOVE_LR
2026-09-25 23:15:00,2026-09-26T04:15:00.000Z,83951.8,84011,83860,83860,438.964,164.70199999999997,274.26200000000006,-109.56000000000003,-0.24958766550332154,94912.328,94853.891,-58.4369999999908,15,ABOVE_LR
2026-09-25 23:30:00,2026-09-26T04:30:00.000Z,83860,83957.3,83794.2,83953.3,624.5610000000001,347.3479999999999,277.213,70.13499999999999,0.11229487592084676,94822.359,94976.541,154.1820000000007,15,ABOVE_LR
2026-09-25 23:45:00,2026-09-26T04:45:00.000Z,83953.3,83958.8,83939,83947.6,98.155,54.16300000000001,43.992000000000004,10.171,0.10362182262747695,94984.546,94983.855,-0.69100000000617,15,ABOVE_LR
2026-09-26 00:00:00,2026-09-26T05:00:00.000Z,83947.6,83978.5,83898.1,83934.9,268.23499999999996,94.96199999999999,173.273,-78.311,-0.29194922362853476,94991.494,94962.436,-29.05800000000454,15,ABOVE_LR
2026-09-26 00:15:00,2026-09-26T05:15:00.000Z,83934.8,83960.3,83866,83894.8,181.62400000000005,89.04400000000001,92.58000000000001,-3.5360000000000067,-0.019468792670572204,94957.925,94939.158,-18.7670000000071,15,ABOVE_LR
2026-09-26 00:30:00,2026-09-26T05:30:00.000Z,83894.7,83928.6,83855,83926,278.999,166.51299999999998,112.48600000000002,54.02699999999999,0.19364585536148868,94950.242,94957.194,6.952000000004773,15,ABOVE_LR
2026-09-26 00:45:00,2026-09-26T05:45:00.000Z,83925.9,83951.1,83868.7,83894.5,330.1940000000001,187.188,143.00600000000003,44.182,0.13380618666602057,94939.159,94935.876,-3.282999999995809,15,ABOVE_LR
2026-09-26 01:00:00,2026-09-26T06:00:00.000Z,83894.4,83898.2,83858.2,83860.1,182.05599999999998,86.547,95.50900000000001,-8.961999999999998,-0.04922661159203761,94976.914,94968.892,-8.021999999997206,15,ABOVE_LR
2026-09-26 01:15:00,2026-09-26T06:15:00.000Z,83860,83898.2,83836.6,83898.2,200.694,129.732,70.962,58.76999999999998,0.29283386648330284,94973.748,94977.148,3.3999999999941792,15,ABOVE_LR
2026-09-26 01:30:00,2026-09-26T06:30:00.000Z,83898.2,83936.3,83860.4,83878.4,268.37,128.713,139.65699999999998,-10.943999999999974,-0.040779520810820785,94977.614,94937.911,-39.703000000008615,15,ABOVE_LR
2026-09-26 01:45:00,2026-09-26T06:45:00.000Z,83878.4,83895.6,83847.9,83861.3,188.086,55.485,132.601,-77.116,-0.4100039343704475,94927.903,94918.45,-9.453000000008615,15,ABOVE_LR
2026-09-26 02:00:00,2026-09-26T07:00:00.000Z,83861.3,83980,83861.3,83976,584.898,418.01400000000007,166.88400000000001,251.12999999999997,0.42935691351312527,94933.395,94884.264,-49.1310000000085,15,ABOVE_LR
2026-09-26 02:15:00,2026-09-26T07:15:00.000Z,83976,83985.2,83955.3,83975,177.32399999999996,93.212,84.11200000000001,9.099999999999998,0.05131849044686562,94882.487,94877.299,-5.187999999994645,15,ABOVE_LR
2026-09-26 02:30:00,2026-09-26T07:30:00.000Z,83975,84028.1,83975,84002.7,409.59499999999997,237.5,172.09499999999997,65.405,0.15968212502594029,94891.873,94844.75,-47.12300000000687,15,ABOVE_LR
2026-09-26 02:45:00,2026-09-26T07:45:00.000Z,84002.7,84097.9,84002.6,84075.1,560.057,348.745,211.312,137.43299999999996,0.24539109412077692,94849.093,94846.736,-2.356999999989057,15,ABOVE_LR
2026-09-26 03:00:00,2026-09-26T08:00:00.000Z,84075,84075.1,84009.1,84037.4,390.8059999999999,169.96800000000002,220.83800000000002,-50.86999999999999,-0.13016688587176245,94793.864,94804.65,10.785999999992782,15,ABOVE_LR
2026-09-26 03:15:00,2026-09-26T08:15:00.000Z,84037.4,84063.7,83987.7,84063.7,401.523,186.76999999999998,214.75300000000001,-27.983000000000004,-0.06969214714972742,94801.305,94788.386,-12.918999999994412,15,ABOVE_LR
2026-09-26 03:30:00,2026-09-26T08:30:00.000Z,84063.7,84296.6,84063.6,84248.5,1638.484,1042.982,595.502,447.48000000000013,0.27310611516499406,94767.34,94785.749,18.40899999999965,15,ABOVE_LR
2026-09-26 03:45:00,2026-09-26T08:45:00.000Z,84248.5,84248.5,84167.3,84167.3,305.08299999999997,106.92699999999999,198.156,-91.22899999999997,-0.2990301000055722,94792.554,94790.102,-2.452000000004773,15,ABOVE_LR
2026-09-26 04:00:00,2026-09-26T09:00:00.000Z,84167.4,84172.5,83928.9,83973.5,802.445,298.06,504.38499999999993,-206.32499999999996,-0.2571204256989575,94799.163,94809.032,9.869000000006054,15,ABOVE_LR
2026-09-26 04:15:00,2026-09-26T09:15:00.000Z,83973.4,84005.1,83920,83989.7,602.4139999999999,324.597,277.817,46.779999999999994,0.07765423778331845,94749.268,94733.813,-15.455000000001746,15,ABOVE_LR
2026-09-26 04:30:00,2026-09-26T09:30:00.000Z,83989.7,84014.2,83936.2,83978.4,290.239,116.27699999999997,173.96200000000002,-57.68500000000001,-0.19874999569320462,94729.811,94737.079,7.267999999996391,15,ABOVE_LR
2026-09-26 04:45:00,2026-09-26T09:45:00.000Z,83978.4,83990,83942.3,83977.9,269.483,129.065,140.41799999999995,-11.353000000000002,-0.042128817031129986,94750.944,94747.608,-3.3360000000102445,15,ABOVE_LR
2026-09-26 05:00:00,2026-09-26T10:00:00.000Z,83978,84081.4,83978,84068,398.53900000000004,260.574,137.96500000000003,122.60900000000001,0.30764617766391744,94707.943,94665.122,-42.820999999996275,15,ABOVE_LR
2026-09-26 05:15:00,2026-09-26T10:15:00.000Z,84067.9,84148.4,84067.7,84104.1,445.403,244.298,201.105,43.19299999999999,0.09697509895532808,94662.956,94645.251,-17.705000000001746,15,ABOVE_LR
2026-09-26 05:30:00,2026-09-26T10:30:00.000Z,84104.2,84125,84071,84110,191.10699999999997,94.72,96.387,-1.6670000000000007,-0.008722862061567608,94658.546,94665.12,6.573999999993248,15,ABOVE_LR
2026-09-26 05:45:00,2026-09-26T10:45:00.000Z,84109.9,84141.5,84081.9,84135.3,193.38299999999998,118.009,75.374,42.635,0.2204692242854853,94669.34,94682.436,13.096000000005006,15,ABOVE_LR
2026-09-26 06:00:00,2026-09-26T11:00:00.000Z,84135.3,84150,84089.9,84128.7,231.085,109.677,121.40800000000002,-11.730999999999998,-0.05076487006945495,94689.823,94693.143,3.319999999992433,15,ABOVE_LR
2026-09-26 06:15:00,2026-09-26T11:15:00.000Z,84128.7,84161.9,84113.5,84129.3,133.124,55.15400000000001,77.97,-22.816,-0.1713890808569454,94714.013,94725.462,11.448999999993248,15,ABOVE_LR
2026-09-26 06:30:00,2026-09-26T11:30:00.000Z,84129.2,84159.9,84118.3,84130,157.03099999999998,75.274,81.757,-6.483000000000002,-0.0412848418465144,94732.465,94720.733,-11.732000000003609,15,ABOVE_LR
2026-09-26 06:45:00,2026-09-26T11:45:00.000Z,84130,84144,84130,84134.4,149.29899999999998,80.85600000000001,68.443,12.412999999999998,0.08314188306686582,94724.621,94721.373,-3.2479999999923166,15,ABOVE_LR
2026-09-26 07:00:00,2026-09-26T12:00:00.000Z,84134.3,84142,84054.3,84099.8,322.764,119.765,202.999,-83.234,-0.25787882167775833,94714.983,94698.449,-16.53399999999965,15,ABOVE_LR
2026-09-26 07:15:00,2026-09-26T12:15:00.000Z,84099.9,84158,84052.2,84059.9,305.19499999999994,114.51599999999999,190.67899999999997,-76.16299999999998,-0.24955520241157292,94695.828,94714.97,19.1420000000071,15,ABOVE_LR
2026-09-26 07:30:00,2026-09-26T12:30:00.000Z,84059.9,84087.6,84003.2,84008.6,232.75600000000003,80.697,152.059,-71.362,-0.30659574833731457,94711.239,94697.752,-13.487000000008265,15,ABOVE_LR
2026-09-26 07:45:00,2026-09-26T12:45:00.000Z,84008.6,84028.8,84006.1,84009.3,184.07499999999996,91.468,92.60700000000001,-1.13900000000001,-0.006187695232921419,94702.955,94717.752,14.796999999991385,15,ABOVE_LR
2026-09-26 08:00:00,2026-09-26T13:00:00.000Z,84009.3,84087.5,83906.1,83961.7,602.108,238.55400000000003,363.55400000000003,-125,-0.20760395145057034,94739.775,94726.691,-13.08399999998801,15,ABOVE_LR
2026-09-26 08:15:00,2026-09-26T13:15:00.000Z,83961.7,83986.9,83785.4,83899.9,872.8040000000001,291.235,581.569,-290.334,-0.332645129948992,94796.607,94797.43,0.8229999999894062,15,ABOVE_LR
2026-09-26 08:30:00,2026-09-26T13:30:00.000Z,83899.9,83901.3,83815.4,83889.9,497.44899999999996,268.181,229.268,38.91300000000001,0.07822510448307267,94890.481,94887.05,-3.430999999996857,15,ABOVE_LR
2026-09-26 08:45:00,2026-09-26T13:45:00.000Z,83889.9,83938.5,83878.2,83907.3,573.285,307.11899999999997,266.16600000000005,40.95299999999999,0.07143567335618409,94889.683,94881.667,-8.01600000000326,15,ABOVE_LR
2026-09-26 09:00:00,2026-09-26T14:00:00.000Z,83907.3,83938.8,83875,83916,268.89300000000003,123.07899999999998,145.814,-22.735,-0.08455036018044351,94904.862,94907.172,2.3100000000122236,15,ABOVE_LR
2026-09-26 09:15:00,2026-09-26T14:15:00.000Z,83916.2,83948.2,83912.5,83948.2,173.85500000000002,112.519,61.336000000000006,51.18299999999999,0.2944005061689338,94906.413,94915.187,8.77400000000489,15,ABOVE_LR
2026-09-26 09:30:00,2026-09-26T14:30:00.000Z,83948.2,83990,83948.1,83978.7,284.95799999999997,148.462,136.49599999999998,11.965999999999987,0.041992153229598705,94906.074,94898.273,-7.8009999999922,15,ABOVE_LR
2026-09-26 09:45:00,2026-09-26T14:45:00.000Z,83978.7,84010,83958.5,83979.4,266.29999999999995,125.098,141.202,-16.10399999999998,-0.06047315058205026,94898.771,94890.187,-8.58399999998801,15,ABOVE_LR
2026-09-26 10:00:00,2026-09-26T15:00:00.000Z,83979.3,84004.2,83958,83979.7,261.61400000000003,83.124,178.49,-95.366,-0.3645294212083451,94907.527,94942.464,34.937000000005355,15,ABOVE_LR
2026-09-26 10:15:00,2026-09-26T15:15:00.000Z,83979.6,84020,83973.8,84020,207.74800000000005,104.91899999999998,102.829,2.0899999999999865,0.010060265321447071,94939.343,94917.437,-21.905999999988126,15,ABOVE_LR
2026-09-26 10:30:00,2026-09-26T15:30:00.000Z,84019.9,84157.5,84019.9,84090.6,710.535,355.368,355.16700000000003,0.20100000000002183,0.0002828854314003136,94908.645,94923.459,14.813999999998487,15,ABOVE_LR
2026-09-26 10:45:00,2026-09-26T15:45:00.000Z,84090.6,84112.7,84033.6,84112.5,341.56300000000005,115.901,225.662,-109.76100000000001,-0.32134920936986733,94898.759,94910.034,11.27499999999418,15,ABOVE_LR
2026-09-26 11:00:00,2026-09-26T16:00:00.000Z,84112.6,84112.6,84060,84088.8,206.25199999999998,74.404,131.848,-57.444,-0.2785136628978144,94905.502,94922.811,17.309000000008382,15,ABOVE_LR
2026-09-26 11:15:00,2026-09-26T16:15:00.000Z,84088.7,84102,84055.6,84074.5,225.44599999999997,91.116,134.33,-43.21400000000001,-0.19168226537618774,94921.125,94890.431,-30.694000000003143,15,ABOVE_LR
2026-09-26 11:30:00,2026-09-26T16:30:00.000Z,84074.5,84130.1,84074.5,84108.9,204.47299999999996,102.252,102.22099999999999,0.031000000000001915,0.00015160925892417052,94891.684,94891.396,-0.28800000000046566,15,ABOVE_LR
2026-09-26 11:45:00,2026-09-26T16:45:00.000Z,84108.9,84119.2,84047.2,84070,289.59099999999995,95.56899999999999,194.022,-98.45299999999999,-0.3399725820208501,94885.489,94868.066,-17.422999999995227,15,ABOVE_LR
2026-09-26 12:00:00,2026-09-26T17:00:00.000Z,84070,84086.5,84010,84048.9,271.91099999999994,108.907,163.00400000000002,-54.096999999999994,-0.19895112739094778,94843.499,94834.761,-8.737999999997555,15,ABOVE_LR
2026-09-26 12:15:00,2026-09-26T17:15:00.000Z,84049,84049,84006.5,84020.8,256.431,121.83999999999999,134.591,-12.751000000000008,-0.04972487725742991,94816.36,94799.876,-16.48399999999674,15,ABOVE_LR
2026-09-26 12:30:00,2026-09-26T17:30:00.000Z,84020.8,84063.8,83984.9,84063.8,271.811,131.662,140.149,-8.486999999999998,-0.03122390190242484,94802.695,94783.518,-19.177000000010594,15,ABOVE_LR
2026-09-26 12:45:00,2026-09-26T17:45:00.000Z,84063.8,84097.5,84063.7,84097,191.693,107.88499999999999,83.808,24.07699999999999,0.12560187382950858,94764.463,94754.053,-10.410000000003492,15,ABOVE_LR
2026-09-26 13:00:00,2026-09-26T18:00:00.000Z,84096.9,84126,84056.1,84056.2,233.30300000000003,138.567,94.73600000000002,43.83100000000001,0.18787156616074377,94749.036,94710.157,-38.87899999998626,15,ABOVE_LR
2026-09-26 13:15:00,2026-09-26T18:15:00.000Z,84056.2,84059,84019.8,84031.1,194.939,98.62699999999998,96.312,2.315000000000001,0.01187550977485265,94690.516,94659.728,-30.788000000000466,15,ABOVE_LR
2026-09-26 13:30:00,2026-09-26T18:30:00.000Z,84031.2,84038.3,83957.6,83975.7,225.773,108.528,117.245,-8.716999999999999,-0.03860957687588861,94633.174,94594.038,-39.1359999999986,15,ABOVE_LR
2026-09-26 13:45:00,2026-09-26T18:45:00.000Z,83975.8,83986.6,83940,83970.9,292.212,153.44299999999998,138.76899999999998,14.673999999999996,0.050216965764581865,94588.245,94545.606,-42.638999999995576,15,ABOVE_LR
2026-09-26 14:00:00,2026-09-26T19:00:00.000Z,83970.9,84020.5,83970.8,83994.2,183.819,107.56799999999998,76.25099999999999,31.316999999999997,0.17036867788422305,94544.597,94534.513,-10.08399999998801,15,ABOVE_LR
2026-09-26 14:15:00,2026-09-26T19:15:00.000Z,83994.2,84003.4,83976.2,84000.4,118.118,73.28099999999999,44.837,28.444,0.2408100374202069,94537.288,94537.904,0.6159999999945285,15,ABOVE_LR
2026-09-26 14:30:00,2026-09-26T19:30:00.000Z,84000.4,84000.5,83927.5,83976.7,188.634,90.445,98.18900000000002,-7.744000000000003,-0.04105304452007594,94537.902,94521.057,-16.845000000001164,15,ABOVE_LR
2026-09-26 14:45:00,2026-09-26T19:45:00.000Z,83976.8,83987.9,83956,83985.3,150.56499999999994,87.459,63.105999999999995,24.353000000000005,0.16174409723375296,94526.575,94514.246,-12.328999999997905,15,ABOVE_LR
2026-09-26 15:00:00,2026-09-26T20:00:00.000Z,83985.3,84025.4,83951.1,83975.6,252.14099999999996,193.397,58.74400000000002,134.65300000000002,0.5340384943345193,94512.333,94462.468,-49.86500000000524,15,ABOVE_LR
2026-09-26 15:15:00,2026-09-26T20:15:00.000Z,83975.7,84045.3,83975.6,84045.3,168.85799999999998,138.053,30.805,107.248,0.6351372158855371,94459.775,94434.257,-25.51799999999639,15,ABOVE_LR
2026-09-26 15:30:00,2026-09-26T20:30:00.000Z,84045.3,84055.9,83825,83857.1,651.134,262.225,388.909,-126.68400000000003,-0.19455903086000734,94417.863,94399.091,-18.771999999997206,15,ABOVE_LR
2026-09-26 15:45:00,2026-09-26T20:45:00.000Z,83857,84010.9,83778.4,83995.5,715.3319999999999,391.492,323.84000000000003,67.65199999999999,0.09457426761280077,94353.011,94300.518,-52.49300000000221,15,ABOVE_LR
2026-09-26 16:00:00,2026-09-26T21:00:00.000Z,83995.5,84088.7,83995,84088.5,313.8089999999999,193.61499999999998,120.19399999999999,73.421,0.23396715836703227,94302.038,94307.775,5.736999999993714,15,ABOVE_LR
2026-09-26 16:15:00,2026-09-26T21:15:00.000Z,84088.5,84181.5,84058.7,84171.2,514.943,293.59,221.353,72.23700000000002,0.1402815457244783,94304.108,94299.027,-5.080999999991036,15,ABOVE_LR
2026-09-26 16:30:00,2026-09-26T21:30:00.000Z,84171.2,84229.3,84112.6,84130.7,572.409,292.80899999999997,279.6000000000001,13.208999999999971,0.023076157083483963,94254.267,94283.269,29.00199999999313,15,ABOVE_LR
2026-09-26 16:45:00,2026-09-26T21:45:00.000Z,84130.7,84130.8,84077.4,84118.6,206.434,99.71600000000001,106.71799999999999,-7.0019999999999945,-0.03391883120028675,94271.717,94280.335,8.618000000002212,15,ABOVE_LR
2026-09-26 17:00:00,2026-09-26T22:00:00.000Z,84118.6,84386.6,84118.6,84311.9,1198.5649999999996,781.6980000000001,416.8670000000001,364.8309999999999,0.3043898328417733,94282.883,94450.749,167.86599999999453,15,ABOVE_LR
2026-09-26 17:15:00,2026-09-26T22:15:00.000Z,84311.9,84324.6,84207,84315.1,414.727,225.226,189.50100000000003,35.724999999999994,0.08614100359995852,94472.863,94482.353,9.490000000005239,15,ABOVE_LR
2026-09-26 17:30:00,2026-09-26T22:30:00.000Z,84315,84315,84222.4,84232.3,264.166,56.602,207.56400000000002,-150.962,-0.5714664264136944,94481.952,94521.73,39.77799999999115,15,ABOVE_LR
2026-09-26 17:45:00,2026-09-26T22:45:00.000Z,84232.3,84310,84232.3,84249.4,290.389,134.50799999999998,155.88100000000003,-21.37299999999999,-0.07360127277548388,94527.631,94519.848,-7.782999999995809,15,ABOVE_LR
2026-09-26 18:00:00,2026-09-26T23:00:00.000Z,84249.4,84346.7,84249.4,84326.7,411.82099999999997,249.82000000000002,162.001,87.81899999999999,0.21324556057121904,94577.457,94617.11,39.653000000005704,15,ABOVE_LR
2026-09-26 18:15:00,2026-09-26T23:15:00.000Z,84326.7,84415.9,84285.3,84340,1045.9149999999997,700.569,345.346,355.223,0.3396289373419447,94554.902,94302.544,-252.35800000000745,15,ABOVE_LR
2026-09-26 18:30:00,2026-09-26T23:30:00.000Z,84339.9,84410.6,84309.6,84315.7,540.837,299.457,241.38000000000002,58.077000000000005,0.10738355548899207,94256.025,94323.275,67.25,15,ABOVE_LR
2026-09-26 18:45:00,2026-09-26T23:45:00.000Z,84315.7,84458.6,84315.7,84403.3,857.438,524.188,333.25,190.938,0.22268432236499897,94366.662,94394.863,28.20100000000093,15,ABOVE_LR
2026-09-26 19:00:00,2026-09-27T00:00:00.000Z,84403.2,84411.2,84282.2,84290.6,583.1699999999998,153.538,429.632,-276.094,-0.4734365622374266,94517.662,94472.834,-44.82799999999406,15,ABOVE_LR
2026-09-26 19:15:00,2026-09-27T00:15:00.000Z,84290.6,84290.6,84214.5,84226.8,294.996,71.2,223.79600000000002,-152.596,-0.517281590258851,94504.282,94468.948,-35.33400000000256,15,ABOVE_LR
2026-09-26 19:30:00,2026-09-27T00:30:00.000Z,84226.8,84356.2,84226.7,84303.7,332.51199999999994,239.63199999999998,92.88,146.752,0.44134347031084603,94479.975,94399.073,-80.90200000000186,15,ABOVE_LR
2026-09-26 19:45:00,2026-09-27T00:45:00.000Z,84303.7,84314.8,84257.8,84266.8,174.87,86.679,88.191,-1.5120000000000093,-0.008646423057128205,94397.536,94409.677,12.14100000000326,15,ABOVE_LR
2026-09-26 20:00:00,2026-09-27T01:00:00.000Z,84266.7,84359.6,84242.7,84359.6,279.572,200.52999999999997,79.042,121.488,0.434549954931109,94408.181,94423.248,15.067000000010012,15,ABOVE_LR
2026-09-26 20:15:00,2026-09-27T01:15:00.000Z,84359.5,84376.5,84294.9,84295.9,226.14,83.95700000000001,142.183,-58.22599999999999,-0.2574776687008048,94389.988,94400.429,10.44100000000617,15,ABOVE_LR
2026-09-26 20:30:00,2026-09-27T01:30:00.000Z,84295.9,84374.6,84265.1,84374.5,185.72699999999998,101.47600000000001,84.251,17.22500000000001,0.09274365062699559,94416.182,94406.905,-9.277000000001863,15,ABOVE_LR
2026-09-26 20:45:00,2026-09-27T01:45:00.000Z,84374.4,84559.6,84374.4,84455.3,1062.3129999999999,741.248,321.06499999999994,420.18300000000005,0.3955359672714163,94410.479,94258.665,-151.81400000001304,15,ABOVE_LR
2026-09-26 21:00:00,2026-09-27T02:00:00.000Z,84455.3,84498.6,84412.1,84458.4,392.031,212.906,179.12499999999997,33.781000000000006,0.08616920600666786,94291.039,94320.346,29.3070000000007,15,ABOVE_LR
2026-09-26 21:15:00,2026-09-27T02:15:00.000Z,84458.5,84506,84422.5,84470.4,292.01400000000007,161.95100000000002,130.06300000000005,31.88799999999999,0.1092002438239262,94323.39,94338.095,14.705000000001746,15,ABOVE_LR
2026-09-26 21:30:00,2026-09-27T02:30:00.000Z,84470.5,84502.6,84432,84437.5,184.42800000000003,89.856,94.57200000000002,-4.716000000000005,-0.02557095451883664,94335.267,94320.098,-15.169000000008964,15,ABOVE_LR
2026-09-26 21:45:00,2026-09-27T02:45:00.000Z,84437.6,84443.9,84402.4,84414.6,187.62700000000004,93.20599999999999,94.42099999999999,-1.214999999999999,-0.006475613850884993,94312.976,94296.637,-16.338999999992666,15,ABOVE_LR
2026-09-26 22:00:00,2026-09-27T03:00:00.000Z,84414.6,84483.5,84414.5,84449.8,203.162,122.508,80.65399999999998,41.854,0.2060129354899046,94298.809,94302.221,3.412000000011176,15,ABOVE_LR
2026-09-26 22:15:00,2026-09-27T03:15:00.000Z,84449.8,84449.9,84334.5,84351.8,337.96199999999993,106.959,231.003,-124.04399999999998,-0.3670353471692084,94298.862,94283.14,-15.721999999994296,15,ABOVE_LR
2026-09-26 22:30:00,2026-09-27T03:30:00.000Z,84351.7,84400,84349.5,84367.4,227.378,111.63499999999999,115.74300000000001,-4.108000000000009,-0.01806683144367533,94254.525,94229.913,-24.611999999993714,15,ABOVE_LR
2026-09-26 22:45:00,2026-09-27T03:45:00.000Z,84367.4,84378.2,84315,84356.2,277.368,87.94999999999999,189.41799999999995,-101.46799999999996,-0.365824464249661,94220.074,94163.44,-56.63399999999092,15,ABOVE_LR
2026-09-26 23:00:00,2026-09-27T04:00:00.000Z,84356.2,84470.8,84346.4,84447.3,390.86000000000007,205.23499999999999,185.62499999999997,19.609999999999992,0.050171416875607604,94134.015,94091.32,-42.69499999999243,15,ABOVE_LR
2026-09-26 23:15:00,2026-09-27T04:15:00.000Z,84447.3,84456,84378.3,84378.4,275.883,107.45200000000001,168.43099999999998,-60.978999999999985,-0.2210321041890946,94105.411,94122.563,17.152000000001863,15,ABOVE_LR
2026-09-26 23:30:00,2026-09-27T04:30:00.000Z,84378.3,84378.3,84265,84269.9,420.385,151.552,268.83299999999997,-117.28100000000002,-0.27898474017864583,94124.27,94110.28,-13.990000000005239,15,ABOVE_LR
2026-09-26 23:45:00,2026-09-27T04:45:00.000Z,84269.8,84317,84259.2,84295,187.344,96.061,91.28300000000002,4.778000000000004,0.02550388589973527,94114.766,94103.61,-11.156000000002678,15,ABOVE_LR
2026-09-27 00:00:00,2026-09-27T05:00:00.000Z,84295,84369.7,84279.8,84348.5,222.926,120.59999999999998,102.326,18.273999999999994,0.08197339027300538,94105.149,94106.031,0.8819999999977881,15,ABOVE_LR
2026-09-27 00:15:00,2026-09-27T05:15:00.000Z,84348.5,84365,84348.4,84352.9,84.088,42.028000000000006,42.059999999999995,-0.031999999999996476,-0.0003805537056416668,94100.745,94097.154,-3.5910000000003492,15,ABOVE_LR
2026-09-27 00:30:00,2026-09-27T05:30:00.000Z,84352.9,84640,84352.9,84511.4,1270.6850000000002,827.2749999999999,443.41,383.86499999999995,0.30209296560516563,94099.203,94061.701,-37.50199999999313,15,ABOVE_LR
2026-09-27 00:45:00,2026-09-27T05:45:00.000Z,84511.3,84540.2,84429.6,84437.1,364.156,129.983,234.17300000000003,-104.19,-0.2861136436032909,94071.73,94032.266,-39.463999999992666,15,ABOVE_LR
2026-09-27 01:00:00,2026-09-27T06:00:00.000Z,84437.1,84567.6,84437,84559.9,302.563,202.373,100.19,102.18299999999999,0.33772470526799375,94055.482,94041.031,-14.451000000000931,15,ABOVE_LR
2026-09-27 01:15:00,2026-09-27T06:15:00.000Z,84559.9,84593.6,84491.8,84545.2,551.0879999999997,264.96799999999996,286.12,-21.151999999999965,-0.03838225473971485,94053.075,94098.453,45.37799999999697,15,ABOVE_LR
2026-09-27 01:30:00,2026-09-27T06:30:00.000Z,84545.3,84561.6,84471.9,84480,262.222,98.29499999999999,163.927,-65.63199999999999,-0.25029173753537076,94127.572,94129.388,1.81600000000617,15,ABOVE_LR
2026-09-27 01:45:00,2026-09-27T06:45:00.000Z,84480,84520.1,84437.5,84477.1,315.39000000000004,112.797,202.59300000000002,-89.79599999999999,-0.28471416341672207,94130.221,94153.003,22.781999999991967,15,ABOVE_LR
2026-09-27 02:00:00,2026-09-27T07:00:00.000Z,84477.1,84503,84470.2,84490.1,186.381,106.73499999999999,79.64600000000002,27.088999999999995,0.14534206812926206,94132.379,94149.467,17.088000000003376,15,ABOVE_LR
2026-09-27 02:15:00,2026-09-27T07:15:00.000Z,84490.2,84503,84441.6,84483.2,241.149,104.515,136.634,-32.11900000000001,-0.13319151230152315,94128.943,94137.199,8.255999999993946,15,ABOVE_LR
2026-09-27 02:30:00,2026-09-27T07:30:00.000Z,84483.2,84588,84483.1,84571,433.255,257.413,175.842,81.57099999999998,0.18827480352217513,94151.453,94178.102,26.64900000000489,15,ABOVE_LR
2026-09-27 02:45:00,2026-09-27T07:45:00.000Z,84570.9,84760.5,84566.3,84751.2,2213.8729999999996,1536.2040000000002,677.6690000000001,858.5350000000001,0.38779776437040436,94183.62,94510.705,327.0850000000064,15,ABOVE_LR
2026-09-27 03:00:00,2026-09-27T08:00:00.000Z,84751.3,84814.7,84685.2,84773.2,1584.243,817.1250000000001,767.1179999999999,50.007000000000005,0.03156523336382108,94701.056,94808.028,106.97200000000885,15,ABOVE_LR
2026-09-27 03:15:00,2026-09-27T08:15:00.000Z,84773.2,84841.3,84712,84769.8,925.9030000000001,439.52399999999994,486.37899999999996,-46.855,-0.05060465297120756,94831.231,94743.455,-87.77599999999802,15,ABOVE_LR
2026-09-27 03:30:00,2026-09-27T08:30:00.000Z,84769.9,84855,84654.7,84710,730.3469999999999,356.2950000000001,374.052,-17.757000000000005,-0.024313100485111882,94783.306,94825.459,42.153000000005704,15,ABOVE_LR
2026-09-27 03:45:00,2026-09-27T08:45:00.000Z,84710,84788.9,84670.7,84753.4,520.168,251.32200000000003,268.846,-17.523999999999994,-0.03368911582411835,94795.434,94811.896,16.461999999999534,15,ABOVE_LR
2026-09-27 04:00:00,2026-09-27T09:00:00.000Z,84753.4,84753.4,84550,84616.4,1035.5430000000001,368.615,666.928,-298.31299999999993,-0.2880739863047695,94801.118,94779.105,-22.013000000006286,15,ABOVE_LR
2026-09-27 04:15:00,2026-09-27T09:15:00.000Z,84616.4,84666,84587,84666,343.86300000000006,207.37499999999997,136.48800000000003,70.887,0.20614896048717074,94784.992,94779.21,-5.781999999991967,15,ABOVE_LR
2026-09-27 04:30:00,2026-09-27T09:30:00.000Z,84665.9,84771.7,84665.9,84771.7,446.009,294.396,151.613,142.78300000000002,0.3201347954861898,94797.081,94771.927,-25.154000000009546,15,ABOVE_LR
2026-09-27 04:45:00,2026-09-27T09:45:00.000Z,84771.7,84922.9,84771.6,84910.4,1196.604,793.126,403.47799999999995,389.648,0.32562819445697994,94783.228,94924.525,141.29699999999139,15,ABOVE_LR
2026-09-27 05:00:00,2026-09-27T10:00:00.000Z,84910.3,85017.9,84857.2,84999,1350.625,883.024,467.601,415.42300000000006,0.3075783433595558,94875.189,94833.63,-41.55899999999383,15,ABOVE_LR
2026-09-27 05:15:00,2026-09-27T10:15:00.000Z,84999,85095,84860.1,84883.7,1376.8999999999999,592.1600000000001,784.7399999999999,-192.57999999999993,-0.13986491393710504,94868.913,94845.21,-23.702999999994063,15,ABOVE_LR
2026-09-27 05:30:00,2026-09-27T10:30:00.000Z,84883.7,84894,84807.7,84807.7,574.786,185.24900000000002,389.53700000000003,-204.288,-0.3554157547330659,94851.423,94863.529,12.105999999999767,15,ABOVE_LR
2026-09-27 05:45:00,2026-09-27T10:45:00.000Z,84807.7,84874.6,84750.1,84839,992.469,460.19400000000013,532.2749999999999,-72.08099999999997,-0.07262796117561351,94816.484,94661.317,-155.16700000000128,15,ABOVE_LR
2026-09-27 06:00:00,2026-09-27T11:00:00.000Z,84839,84908.6,84800,84867.1,728.715,440.36599999999993,288.34900000000005,152.01699999999994,0.20860967593640853,94609.178,94562.922,-46.255999999993946,15,ABOVE_LR
2026-09-27 06:15:00,2026-09-27T11:15:00.000Z,84867,84900,84799.3,84860.7,444.40200000000004,243.906,200.49599999999998,43.41,0.09768182861463268,94579.047,94608.438,29.390999999988708,15,ABOVE_LR
2026-09-27 06:30:00,2026-09-27T11:30:00.000Z,84860.7,84875,84777,84875,444.84400000000005,187.07100000000003,257.773,-70.70200000000001,-0.158936615982232,94602.671,94562.41,-40.2609999999986,15,ABOVE_LR
2026-09-27 06:45:00,2026-09-27T11:45:00.000Z,84874.9,84884,84800.1,84857.5,507.375,188.75400000000002,318.621,-129.86700000000002,-0.2559586104951959,94566.411,94562.886,-3.5249999999941792,15,ABOVE_LR
2026-09-27 07:00:00,2026-09-27T12:00:00.000Z,84857.4,84968.7,84857.4,84963.1,389.682,253.25500000000002,136.427,116.82799999999999,0.299803429462998,94565.256,94557.332,-7.923999999999069,15,ABOVE_LR
2026-09-27 07:15:00,2026-09-27T12:15:00.000Z,84963.1,84995,84900.6,84918.9,315.546,124.89299999999999,190.65299999999996,-65.76000000000002,-0.20840067692190686,94561.083,94586.306,25.222999999998137,15,ABOVE_LR
2026-09-27 07:30:00,2026-09-27T12:30:00.000Z,84919,84965.5,84916.6,84940.4,219.032,109.935,109.097,0.8379999999999956,0.003825924978998482,94595.546,94605.998,10.452000000004773,15,ABOVE_LR
2026-09-27 07:45:00,2026-09-27T12:45:00.000Z,84940.5,84950,84751,84754.4,691.7049999999999,220.457,471.248,-250.791,-0.362569303388005,94607.809,94685.223,77.41400000000431,15,ABOVE_LR
2026-09-27 08:00:00,2026-09-27T13:00:00.000Z,84754.4,84770,84588,84605.1,2024.4389999999996,748.153,1276.286,-528.133,-0.26087869281316955,94651.644,94750.892,99.24800000000687,15,ABOVE_LR
2026-09-27 08:15:00,2026-09-27T13:15:00.000Z,84605.1,84910.1,84605,84894.9,985.147,696.3889999999999,288.758,407.6310000000001,0.4137768272146188,94795.83,94643.504,-152.32600000000093,15,ABOVE_LR
2026-09-27 08:30:00,2026-09-27T13:30:00.000Z,84894.8,85146.4,84741.5,84751.9,2079.225,981.7309999999998,1097.494,-115.763,-0.055676033137346856,94636.392,94755.53,119.13799999999173,15,ABOVE_LR
2026-09-27 08:45:00,2026-09-27T13:45:00.000Z,84752,85052.3,84694.3,84991.8,1153.453,801.2700000000001,352.183,449.08700000000005,0.3893413949246307,94795.61,94794.132,-1.478000000002794,15,ABOVE_LR
2026-09-27 09:00:00,2026-09-27T14:00:00.000Z,84991.8,85015.7,84870.1,84956.6,909.8969999999999,417.16600000000005,492.73099999999994,-75.56500000000003,-0.08304786146124235,95004.228,94928.327,-75.90099999999802,15,ABOVE_LR
2026-09-27 09:15:00,2026-09-27T14:15:00.000Z,84956.5,84987.9,84644.3,84663.4,1175.7579999999998,454.924,720.834,-265.90999999999997,-0.22616048540601044,94917.398,94927.65,10.251999999993131,15,ABOVE_LR
2026-09-27 09:30:00,2026-09-27T14:30:00.000Z,84663.3,84756.3,84626.1,84682.8,1059.644,523.65,535.9939999999999,-12.344000000000012,-0.01164919539014991,94910.564,94897.01,-13.554000000003725,15,ABOVE_LR
2026-09-27 09:45:00,2026-09-27T14:45:00.000Z,84682.7,84700,84390.6,84488,2604.4910000000004,981.8950000000001,1622.5959999999998,-640.7009999999999,-0.24599854635704244,94838.923,94591.675,-247.24799999999232,15,ABOVE_LR
2026-09-27 10:00:00,2026-09-27T15:00:00.000Z,84488.1,84557.6,84266,84468.3,2584.786,1010.987,1573.799,-562.8120000000002,-0.217740269407216,94609.658,94491.775,-117.88300000000163,15,ABOVE_LR
2026-09-27 10:15:00,2026-09-27T15:15:00.000Z,84468.4,84587.1,84404,84575,1226.038,801.162,424.8760000000001,376.28600000000006,0.3069121837985446,94555.977,94456.45,-99.52700000000186,15,ABOVE_LR
2026-09-27 10:30:00,2026-09-27T15:30:00.000Z,84575,84608.2,84375,84391.2,769.546,247.57100000000003,521.975,-274.404,-0.3565790738955176,94443.849,94439.055,-4.794000000008964,15,ABOVE_LR
2026-09-27 10:45:00,2026-09-27T15:45:00.000Z,84391.2,84468,84385,84426.9,769.8960000000001,307.12899999999996,462.76699999999994,-155.638,-0.20215457672205076,94344.731,94437.315,92.58400000000256,15,ABOVE_LR
2026-09-27 11:00:00,2026-09-27T16:00:00.000Z,84426.9,84552.3,84426.8,84520.9,497.049,334.27699999999993,162.772,171.50500000000002,0.3450464642318967,94511.043,94456.788,-54.25500000000466,15,ABOVE_LR
2026-09-27 11:15:00,2026-09-27T16:15:00.000Z,84520.9,84647.1,84462.2,84530.9,1170.596,651.4410000000001,519.155,132.286,0.11300739110675245,94455.102,94559.372,104.27000000000407,15,ABOVE_LR
2026-09-27 11:30:00,2026-09-27T16:30:00.000Z,84530.8,84530.9,84318.5,84354.4,918.421,275.95699999999994,642.464,-366.50699999999995,-0.3990620859061367,94519.989,94482.457,-37.53200000000652,15,ABOVE_LR
2026-09-27 11:45:00,2026-09-27T16:45:00.000Z,84354.3,84417.4,84349.7,84395,366.367,185.868,180.49899999999997,5.369000000000007,0.014654704162765769,94396.973,94392.78,-4.1929999999993015,15,ABOVE_LR
2026-09-27 12:00:00,2026-09-27T17:00:00.000Z,84394.9,84439.8,84288.5,84351.3,1219.5720000000001,612.1380000000001,607.434,4.704000000000025,0.003857090848264821,94393.03,94259.187,-133.84299999999348,15,ABOVE_LR
2026-09-27 12:15:00,2026-09-27T17:15:00.000Z,84351.3,84423.9,84351.3,84394.9,281.082,110.63799999999999,170.44399999999996,-59.80599999999999,-0.21277065055748853,94347.002,94392.073,45.07100000001083,15,ABOVE_LR
2026-09-27 12:30:00,2026-09-27T17:30:00.000Z,84394.8,84492.7,84394.8,84437.7,215.48000000000002,134.478,81.00199999999998,53.47600000000001,0.24817152403935405,94391.549,94377.546,-14.002999999996973,15,ABOVE_LR
2026-09-27 12:45:00,2026-09-27T17:45:00.000Z,84437.6,84534.9,84437.6,84534.9,230.359,155.80800000000002,74.55099999999999,81.25699999999999,0.3527407220903025,94370.559,94345.85,-24.70899999998801,15,ABOVE_LR
2026-09-27 13:00:00,2026-09-27T18:00:00.000Z,84534.8,84570,84515,84569.9,303.843,201.68999999999997,102.153,99.53700000000002,0.32759352692015287,94350.085,94304.684,-45.40100000001257,15,ABOVE_LR
2026-09-27 13:15:00,2026-09-27T18:15:00.000Z,84570,84701.7,84569.9,84701.7,827.138,567.063,260.075,306.988,0.37114483919249264,94289.346,94218.672,-70.67399999999907,15,ABOVE_LR
2026-09-27 13:30:00,2026-09-27T18:30:00.000Z,84701.7,84757.7,84620,84735.3,744.067,369.35099999999994,374.716,-5.365000000000016,-0.007210372184225367,94209.482,94311.441,101.95900000000256,15,ABOVE_LR
2026-09-27 13:45:00,2026-09-27T18:45:00.000Z,84735.2,84793.1,84629.6,84778.3,527.306,218.31799999999998,308.988,-90.67,-0.17194949422157152,94244.566,94233.519,-11.047000000005937,15,ABOVE_LR
2026-09-27 14:00:00,2026-09-27T19:00:00.000Z,84778.3,84810.8,84683.5,84753.9,647.0139999999999,228.18099999999995,418.8330000000001,-190.652,-0.29466441220746387,94156.108,94299.802,143.69400000000314,15,ABOVE_LR
2026-09-27 14:15:00,2026-09-27T19:15:00.000Z,84754,84804.3,84645.7,84673,554.953,163.566,391.387,-227.82099999999997,-0.41052305330361305,94309.95,94444.021,134.07099999999627,15,ABOVE_LR
2026-09-27 14:30:00,2026-09-27T19:30:00.000Z,84673.1,84766.4,84615,84740,708.0260000000001,317.78499999999997,390.24100000000004,-72.45599999999997,-0.10233522497761377,94485.171,94643.608,158.4369999999908,15,ABOVE_LR
2026-09-27 14:45:00,2026-09-27T19:45:00.000Z,84740.1,84788.6,84693.6,84696.9,296.886,96.686,200.19999999999996,-103.51400000000001,-0.3486658178560121,94680.594,94697.588,16.994000000006054,15,ABOVE_LR
2026-09-27 15:00:00,2026-09-27T20:00:00.000Z,84696.8,84777.6,84692.1,84777.5,165.50300000000001,90.44000000000001,75.06299999999997,15.377000000000004,0.09291070252502978,94711.258,94723.38,12.122000000003027,15,ABOVE_LR
2026-09-27 15:15:00,2026-09-27T20:15:00.000Z,84777.6,84779.9,84571.8,84577.9,632.528,208.891,423.6370000000001,-214.746,-0.33950433814787645,94734.638,94719.303,-15.335000000006403,15,ABOVE_LR
2026-09-27 15:30:00,2026-09-27T20:30:00.000Z,84578,84607.5,84533.3,84604,350.294,159.32699999999997,190.967,-31.640000000000015,-0.09032412773270458,94695.242,94718.827,23.585000000006403,15,ABOVE_LR
2026-09-27 15:45:00,2026-09-27T20:45:00.000Z,84603.9,84604,84494.7,84507.9,495.829,132.209,363.61999999999995,-231.41100000000003,-0.4667153393609491,94717.064,94733.727,16.663000000000466,15,ABOVE_LR
2026-09-27 16:00:00,2026-09-27T21:00:00.000Z,84507.8,84650.9,84507.8,84650.8,363.753,285.73699999999997,78.01599999999999,207.72099999999998,0.57104958584534,94736.375,94663.108,-73.2670000000071,15,ABOVE_LR
2026-09-27 16:15:00,2026-09-27T21:15:00.000Z,84650.9,84686.8,84559.7,84567.1,290.296,118.30599999999998,171.99,-53.684000000000005,-0.18492848678590132,94684.581,94679.571,-5.010000000009313,15,ABOVE_LR
2026-09-27 16:30:00,2026-09-27T21:30:00.000Z,84567.1,84591.5,84408.1,84510,784.4490000000001,341.306,443.14300000000003,-101.83700000000005,-0.12981978433269725,94658.828,94469.577,-189.2509999999893,15,ABOVE_LR
2026-09-27 16:45:00,2026-09-27T21:45:00.000Z,84510,84658.9,84510,84640.7,537.072,234.43399999999997,302.638,-68.20400000000002,-0.12699228408853938,94553.652,94633.857,80.20500000000175,15,ABOVE_LR
2026-09-27 17:00:00,2026-09-27T22:00:00.000Z,84640.7,84725.6,84236.8,84286.8,1848.838,995.6449999999999,853.1930000000002,142.4519999999999,0.07704947648198486,94677.579,94572.348,-105.23099999999977,15,ABOVE_LR
2026-09-27 17:15:00,2026-09-27T22:15:00.000Z,84286.8,84539,84238.3,84514.8,681.7579999999999,402.36500000000007,279.393,122.97200000000001,0.18037485442048354,94595.127,94592.894,-2.2329999999928987,15,ABOVE_LR
2026-09-27 17:30:00,2026-09-27T22:30:00.000Z,84514.7,84514.7,84138,84141.9,1315.521,535.099,780.422,-245.32299999999998,-0.1864835300994815,94588.351,94491.583,-96.76799999999639,15,ABOVE_LR
2026-09-27 17:45:00,2026-09-27T22:45:00.000Z,84141.8,84203,84092.9,84155.9,712.486,331.135,381.3510000000001,-50.21600000000001,-0.07047998136103728,94525.78,94525.285,-0.4949999999953434,15,ABOVE_LR
2026-09-27 18:00:00,2026-09-27T23:00:00.000Z,84155.9,84265.8,84074.3,84173.3,1539.4159999999997,787.4680000000001,751.948,35.520000000000024,0.023073685085772806,94512.546,94355.741,-156.80500000000757,15,ABOVE_LR
2026-09-27 18:15:00,2026-09-27T23:15:00.000Z,84173.3,84411,84148.1,84358.5,996.6899999999999,566.204,430.48599999999993,135.71800000000002,0.13616871845809633,94337.422,94242.391,-95.03100000000268,15,ABOVE_LR
2026-09-27 18:30:00,2026-09-27T23:30:00.000Z,84358.5,84431.9,84290.6,84290.6,543.49,178.369,365.121,-186.75199999999998,-0.34361625788882955,94212.39,94169.05,-43.33999999999651,15,ABOVE_LR
2026-09-27 18:45:00,2026-09-27T23:45:00.000Z,84290.6,84499.9,84290.6,84432.9,698.9409999999999,368.627,330.314,38.312999999999974,0.054815785595636796,94163.071,94101.226,-61.845000000001164,15,ABOVE_LR
2026-09-27 19:00:00,2026-09-28T00:00:00.000Z,84433,84528.2,84328.8,84393,681.443,263.391,418.052,-154.66100000000003,-0.22696102241860291,94143.007,94210.918,67.91100000000733,15,ABOVE_LR
2026-09-27 19:15:00,2026-09-28T00:15:00.000Z,84393,84966.8,84375.6,84745.9,3390.0250000000005,1930.4150000000002,1459.61,470.80499999999995,0.138879506788298,94233.385,94306.376,72.99100000000908,15,ABOVE_LR
2026-09-27 19:30:00,2026-09-28T00:30:00.000Z,84745.9,84754,84151.6,84261,3198.598,1365.8229999999999,1832.7750000000003,-466.952,-0.14598646031792678,94245.874,94465.624,219.75,15,ABOVE_LR
2026-09-27 19:45:00,2026-09-28T00:45:00.000Z,84261.1,84588.2,84088,84091.6,1833.3870000000002,884.7309999999999,948.6560000000002,-63.92499999999998,-0.034867161161282356,94518.102,94499.907,-18.194999999992433,15,ABOVE_LR
2026-09-27 20:00:00,2026-09-28T01:00:00.000Z,84091.6,84195.7,83877,83917.8,2906.9489999999996,1330.5610000000001,1576.3880000000001,-245.827,-0.08456529509117636,94626.201,94655.162,28.960999999995693,15,ABOVE_LR
2026-09-27 20:15:00,2026-09-28T01:15:00.000Z,83917.8,84123.3,83816.9,84034.9,1687.3540000000003,725.903,961.451,-235.54800000000003,-0.1395960776458289,94682.4,94757.64,75.24000000000524,15,ABOVE_LR
2026-09-27 20:30:00,2026-09-28T01:30:00.000Z,84034.9,84106.5,83752.7,83765.9,1739.009,761.981,977.0280000000001,-215.04700000000005,-0.12366065960555699,94705.499,94835.455,129.9560000000056,15,ABOVE_LR
2026-09-27 20:45:00,2026-09-28T01:45:00.000Z,83766,83882.6,83567.2,83650.1,2676.3920000000003,1278.646,1397.746,-119.10000000000005,-0.044500207742363615,94945.537,95100.246,154.70900000000256,15,ABOVE_LR
2026-09-27 21:00:00,2026-09-28T02:00:00.000Z,83650,83745.3,83420.1,83701.2,3341.2600000000007,1606.9869999999999,1734.273,-127.28600000000007,-0.03809520959159121,95128.035,95300.944,172.90899999999965,15,ABOVE_LR
2026-09-27 21:15:00,2026-09-28T02:15:00.000Z,83701.1,83713.4,83508.8,83589,816.7189999999999,427.254,389.465,37.789,0.046269279886962354,95257.166,95233.076,-24.089999999996508,15,ABOVE_LR
2026-09-27 21:30:00,2026-09-28T02:30:00.000Z,83589.1,83595.6,83363,83451.7,1605.983,715.0140000000001,890.9689999999999,-175.95500000000004,-0.10956218091972333,95240.719,95217.518,-23.20100000000093,15,ABOVE_LR
2026-09-27 21:45:00,2026-09-28T02:45:00.000Z,83451.7,83507.6,83333.8,83381.5,1135.5459999999998,506.75899999999996,628.787,-122.02800000000003,-0.1074619610302005,95272.832,95281.79,8.95799999999872,15,ABOVE_LR
2026-09-27 22:00:00,2026-09-28T03:00:00.000Z,83381.5,83497.1,83335.3,83392.7,918.7090000000001,500.20900000000006,418.5,81.70899999999997,0.08893893496199555,95265.097,95243.532,-21.564999999987776,15,ABOVE_LR
2026-09-27 22:15:00,2026-09-28T03:15:00.000Z,83392.6,83474.7,83259.8,83289.6,2198.901,1040.456,1158.4450000000002,-117.98900000000006,-0.05365816833045238,95275.37,95469.325,193.95500000000175,15,ABOVE_LR
2026-09-27 22:30:00,2026-09-28T03:30:00.000Z,83289.5,83460.6,83166.6,83413,2478.669,1024.3159999999998,1454.3529999999998,-430.0369999999999,-0.1734951298458971,95651.516,96235.42,583.903999999995,15,TOUCH/CROSS_LR
2026-09-27 22:45:00,2026-09-28T03:45:00.000Z,83412.9,83454.1,83266.5,83302.6,1498.0890000000002,504.56699999999995,993.5220000000002,-488.9550000000001,-0.32638581552898394,96238.465,95906.835,-331.6299999999901,15,ABOVE_LR
2026-09-27 23:00:00,2026-09-28T04:00:00.000Z,83302.5,83407.4,83191.6,83394.9,1180.7899999999997,615.754,565.036,50.718000000000025,0.042952599530822616,95878.962,95853.795,-25.16700000000128,15,TOUCH/CROSS_LR
2026-09-27 23:15:00,2026-09-28T04:15:00.000Z,83394.9,83480,83334.1,83442.9,966.78,515.23,451.55000000000007,63.68000000000001,0.06586813959742652,95835.748,95784.622,-51.12600000000384,15,ABOVE_LR
2026-09-27 23:30:00,2026-09-28T04:30:00.000Z,83442.8,83498.6,83389.7,83457.6,462.96600000000007,270.67,192.29600000000002,78.37400000000001,0.16928672947905463,95832.596,95868.518,35.921999999991385,15,ABOVE_LR
2026-09-27 23:45:00,2026-09-28T04:45:00.000Z,83457.6,83470,83395,83446,527.601,318.944,208.65700000000004,110.28699999999999,0.2090348577807851,95885.364,95879.5,-5.864000000001397,15,ABOVE_LR
2026-09-28 00:00:00,2026-09-28T05:00:00.000Z,83446,83494.7,83202.1,83292.7,1145.1809999999998,557.968,587.2130000000001,-29.245000000000047,-0.025537447792095793,95841.605,95775.896,-65.70900000000256,15,TOUCH/CROSS_LR
2026-09-28 00:15:00,2026-09-28T05:15:00.000Z,83292.7,83315.3,82936.1,83031.3,4537.812999999999,1651.3789999999997,2886.434,-1235.0549999999998,-0.2721696552943015,95806.739,95500.944,-305.79499999999825,15,TOUCH/CROSS_LR
2026-09-28 00:30:00,2026-09-28T05:30:00.000Z,83031.3,83113.4,82617.8,83103.1,5425.648999999999,2389.577,3036.072,-646.4950000000001,-0.11915533054202367,95529.026,95458.527,-70.49899999999616,15,TOUCH/CROSS_LR
2026-09-28 00:45:00,2026-09-28T05:45:00.000Z,83103.1,83159,83003.7,83140.1,1646.863,1017.9559999999999,628.9069999999999,389.0489999999999,0.2362364082501094,95400.882,95585.694,184.81200000000536,15,INSIDE_LR
2026-09-28 01:00:00,2026-09-28T06:00:00.000Z,83140.1,83255,83096,83207.2,2021.5320000000002,1391.017,630.515,760.502,0.3762008219508768,95611.76,95656.247,44.487000000008265,15,INSIDE_LR
2026-09-28 01:15:00,2026-09-28T06:15:00.000Z,83207.2,83216.5,83013.8,83020.4,947.2840000000001,360.67799999999994,586.606,-225.92799999999997,-0.2385008086276132,95450.318,95456.173,5.8549999999959255,15,INSIDE_LR
2026-09-28 01:30:00,2026-09-28T06:30:00.000Z,83020.5,83184.2,83002.9,83145.1,876.2489999999999,437.954,438.29499999999996,-0.34099999999996555,-0.0003891587893395206,95422.12,95504.635,82.51499999999942,15,INSIDE_LR
2026-09-28 01:45:00,2026-09-28T06:45:00.000Z,83145.1,83192.7,83082.7,83124.9,582.6769999999999,277.743,304.9340000000001,-27.191000000000003,-0.04666564837808942,95527.238,95585.588,58.35000000000582,15,INSIDE_LR
2026-09-28 02:00:00,2026-09-28T07:00:00.000Z,83124.9,83250,83020,83051.1,848.773,437.20099999999996,411.57199999999995,25.629000000000012,0.03019535258543805,95582.478,95576.906,-5.572000000000116,15,INSIDE_LR
2026-09-28 02:15:00,2026-09-28T07:15:00.000Z,83051.1,83120.9,82901.4,82911.1,1044.01,421.267,622.7430000000002,-201.47600000000006,-0.19298282583500165,95549.804,95515.544,-34.26000000000931,15,TOUCH/CROSS_LR
2026-09-28 02:30:00,2026-09-28T07:30:00.000Z,82911.1,83018.4,82870,82905.7,1469.4180000000001,866.2270000000001,603.1910000000001,263.03599999999994,0.17900692655187286,95469.638,95646.962,177.32399999999325,15,TOUCH/CROSS_LR
2026-09-28 02:45:00,2026-09-28T07:45:00.000Z,82905.8,83088.1,82889.2,82914.4,1452.604,871.6399999999999,580.9639999999999,290.67600000000004,0.20010684260817127,95715.981,95882.971,166.99000000000524,15,TOUCH/CROSS_LR
2026-09-28 03:00:00,2026-09-28T08:00:00.000Z,82914.4,83120,82875.9,82990.2,1741.103,799.043,942.0600000000002,-143.01699999999997,-0.0821416079347402,95957.058,95896.072,-60.986000000004424,15,TOUCH/CROSS_LR
2026-09-28 03:15:00,2026-09-28T08:15:00.000Z,82990.2,83015.6,82775,82809.7,1933.9389999999999,766.6089999999999,1167.33,-400.72100000000006,-0.20720457056815136,95751.093,95490.476,-260.61699999999837,15,TOUCH/CROSS_LR
2026-09-28 03:30:00,2026-09-28T08:30:00.000Z,82809.8,82934.5,82725.5,82888.8,1210.1209999999999,612.4760000000001,597.6450000000001,14.831000000000039,0.012255799213467117,95540.827,95630.886,90.05899999999383,15,BELOW_LR
2026-09-28 03:45:00,2026-09-28T08:45:00.000Z,82888.9,82994.7,82865.3,82931.1,960.9210000000002,497.914,463.00700000000006,34.90699999999998,0.0363266074942685,95591.849,95548.451,-43.39800000000105,15,BELOW_LR
2026-09-28 04:00:00,2026-09-28T09:00:00.000Z,82931,82979.4,82551.6,82853.1,3279.2949999999996,1628.9719999999998,1650.3229999999996,-21.350999999999956,-0.0065108506554000046,95568.874,95621.404,52.529999999998836,15,BELOW_LR
2026-09-28 04:15:00,2026-09-28T09:15:00.000Z,82853,82942.6,82729.2,82796.3,1385.5860000000002,735.4440000000001,650.1419999999998,85.30199999999999,0.06156384374553436,95629.805,95666.712,36.90700000000652,15,BELOW_LR
2026-09-28 04:30:00,2026-09-28T09:30:00.000Z,82796.2,82828.5,82552.5,82603.5,1514.9209999999996,714.5939999999998,800.3269999999999,-85.73299999999998,-0.05659238996620946,95708.78,95801.836,93.05599999999686,15,BELOW_LR
2026-09-28 04:45:00,2026-09-28T09:45:00.000Z,82603.6,82752.1,82584.7,82640,949.0329999999999,535.712,413.321,122.39099999999999,0.1289639032573156,95845.594,95910.564,64.97000000000116,15,BELOW_LR
2026-09-28 05:00:00,2026-09-28T10:00:00.000Z,82640,82847.7,82640,82739.1,986.146,554.867,431.27899999999994,123.58799999999997,0.1253242420493517,95961.038,95994.968,33.929999999993015,15,BELOW_LR
2026-09-28 05:15:00,2026-09-28T10:15:00.000Z,82739.2,82827.7,82702.7,82787.7,500.0560000000001,297.70399999999995,202.352,95.35200000000002,0.19068264354392309,96048.577,96043.602,-4.975000000005821,15,BELOW_LR
2026-09-28 05:30:00,2026-09-28T10:30:00.000Z,82787.8,82933.8,82746.2,82921.1,864.785,563.322,301.46299999999997,261.859,0.30280243066195645,96013.15,95932.052,-81.09799999999814,15,BELOW_LR
2026-09-28 05:45:00,2026-09-28T10:45:00.000Z,82921.1,83024.6,82825.1,82928.5,2494.7069999999994,1479.278,1015.4290000000001,463.84899999999976,0.1859332578936123,95877.037,96316.311,439.2740000000049,15,TOUCH/CROSS_LR
2026-09-28 06:00:00,2026-09-28T11:00:00.000Z,82928.6,83036.7,82928.6,82958.6,1131.8629999999998,717.412,414.4510000000001,302.9609999999999,0.2676657864070121,96341.633,96411.64,70.00699999999779,15,TOUCH/CROSS_LR
2026-09-28 06:15:00,2026-09-28T11:15:00.000Z,82958.6,83050,82940.5,82992.1,929.7469999999998,496.18799999999993,433.55899999999997,62.62899999999998,0.06736133593332379,96402.419,96359.109,-43.30999999999767,15,TOUCH/CROSS_LR
2026-09-28 06:30:00,2026-09-28T11:30:00.000Z,82992,83081.6,82953.1,83045.8,807.0239999999999,418.902,388.122,30.78,0.03814012966157141,96343.272,96365.037,21.764999999999418,15,TOUCH/CROSS_LR
2026-09-28 06:45:00,2026-09-28T11:45:00.000Z,83045.9,83060.2,82953,83054.5,623.321,244.51000000000002,378.811,-134.30100000000002,-0.21546041285308856,96354.289,96270.131,-84.15800000001036,15,TOUCH/CROSS_LR
2026-09-28 07:00:00,2026-09-28T12:00:00.000Z,83054.5,83477.7,82979.9,83346.7,5514.7699999999995,2742.755,2772.0150000000003,-29.25999999999999,-0.005305751645127538,96244.199,96072.012,-172.1869999999908,15,TOUCH/CROSS_LR
2026-09-28 07:15:00,2026-09-28T12:15:00.000Z,83346.6,83437.5,83241.7,83331.1,1720.0329999999997,760.462,959.5710000000001,-199.109,-0.11575882555741666,95557.76,95492.995,-64.76499999999942,15,TOUCH/CROSS_LR
2026-09-28 07:30:00,2026-09-28T12:30:00.000Z,83331.1,83399.3,83232.6,83312.1,994.835,433.45200000000006,561.3829999999999,-127.93099999999995,-0.12859519417792895,95529.415,95588.977,59.562000000005355,15,TOUCH/CROSS_LR
2026-09-28 07:45:00,2026-09-28T12:45:00.000Z,83312.1,83609.4,83312,83546.5,2031.2509999999997,1197.8310000000001,833.42,364.41099999999994,0.1794022501404307,95448.288,95288.8,-159.48799999999756,15,ABOVE_LR
2026-09-28 08:00:00,2026-09-28T13:00:00.000Z,83546.4,83546.5,83270,83372.9,1083.478,418.4580000000001,665.02,-246.56199999999995,-0.22756530358715168,95252.548,95221.331,-31.21699999998964,15,ABOVE_LR
2026-09-28 08:15:00,2026-09-28T13:15:00.000Z,83372.9,83525,83315,83524.9,951.179,581.713,369.46600000000007,212.247,0.22314096505494763,95230.002,95212.641,-17.360999999989872,15,ABOVE_LR
2026-09-28 08:30:00,2026-09-28T13:30:00.000Z,83525,83793.6,83349.4,83710.7,4167.132,2262.2499999999995,1904.882,357.36799999999994,0.08575874246364165,95150.48,95102.999,-47.48099999999977,15,ABOVE_LR
2026-09-28 08:45:00,2026-09-28T13:45:00.000Z,83710.7,83794.9,83440.2,83609.1,2251.6820000000002,929.6460000000001,1322.036,-392.3900000000001,-0.17426528257542587,95084.149,95132.827,48.677999999999884,15,ABOVE_LR
2026-09-28 09:00:00,2026-09-28T14:00:00.000Z,83609.1,83609.1,83283.6,83357.3,1784.5120000000004,740.158,1044.354,-304.19599999999997,-0.17046453035900005,95190.571,95236.641,46.070000000006985,15,ABOVE_LR
2026-09-28 09:15:00,2026-09-28T14:15:00.000Z,83357.3,83571.4,83059.4,83194.7,2274.799,989.9780000000001,1284.821,-294.843,-0.1296127701832118,95219.225,95171.584,-47.64100000000326,15,TOUCH/CROSS_LR
2026-09-28 09:30:00,2026-09-28T14:30:00.000Z,83194.6,83443,82800.2,82907.8,4124.303,1653.763,2470.54,-816.777,-0.1980400082147214,95093.47,95036.348,-57.12200000000303,15,TOUCH/CROSS_LR
2026-09-28 09:45:00,2026-09-28T14:45:00.000Z,82907.8,83029.5,82500.1,82990.5,5306.421,2270.0270000000005,3036.394,-766.3670000000002,-0.14442257785426377,94869.515,95090.368,220.8530000000028,15,TOUCH/CROSS_LR
2026-09-28 10:00:00,2026-09-28T15:00:00.000Z,82990.6,83233.1,82881.4,82915.1,2552.4680000000003,1050.896,1501.5720000000001,-450.676,-0.17656479924527946,95100.669,94952.751,-147.91799999999057,15,TOUCH/CROSS_LR
2026-09-28 10:15:00,2026-09-28T15:15:00.000Z,82915,83099.1,82755.1,83035.2,2654.635,1131.631,1523.004,-391.373,-0.14743006100650372,94933.65,94947.427,13.777000000001863,15,TOUCH/CROSS_LR
2026-09-28 10:30:00,2026-09-28T15:30:00.000Z,83035.3,83337.3,82973.3,83170.6,1732.2560000000003,834.2299999999999,898.0260000000002,-63.79600000000006,-0.03682827480464784,94975.336,94897.519,-77.81699999999546,15,TOUCH/CROSS_LR
2026-09-28 10:45:00,2026-09-28T15:45:00.000Z,83170.6,83369.4,83169.4,83328.4,919.354,419.1460000000001,500.20799999999997,-81.06200000000001,-0.08817278219271359,94922.78,94945.935,23.154999999998836,15,TOUCH/CROSS_LR
2026-09-28 11:00:00,2026-09-28T16:00:00.000Z,83328.4,83444.1,83205.3,83382.9,1331.596,602.1610000000001,729.4350000000002,-127.274,-0.09558004079315348,94892.447,94878.975,-13.471999999994296,15,TOUCH/CROSS_LR
2026-09-28 11:15:00,2026-09-28T16:15:00.000Z,83383,84163.3,83330.3,83980.6,7342.094999999998,4421.448,2920.6470000000004,1500.801,0.2044104577780593,94893.067,94802.905,-90.16199999999662,15,ABOVE_LR
2026-09-28 11:30:00,2026-09-28T16:30:00.000Z,83980.6,84088.8,83645.9,83700,3643.7150000000006,1667.448,1976.2670000000003,-308.81899999999996,-0.08475388442839242,94366.07,94297.036,-69.0340000000142,15,ABOVE_LR
2026-09-28 11:45:00,2026-09-28T16:45:00.000Z,83700,83744,83536.4,83686.4,1440.201,762.8999999999999,677.3009999999999,85.59899999999995,0.059435453801240205,94350.83,94097.942,-252.8880000000063,15,ABOVE_LR
2026-09-28 12:00:00,2026-09-28T17:00:00.000Z,83686.4,84243.1,83516.8,84221.9,3580.5969999999998,2278.175,1302.422,975.7529999999999,0.27251125999379433,94067.876,93872.616,-195.2600000000093,15,ABOVE_LR
2026-09-28 12:15:00,2026-09-28T17:15:00.000Z,84221.9,84350,83843.3,83873.1,2984.1660000000006,1531.202,1452.9640000000002,78.23799999999996,0.026217710408871338,93601.842,93403.383,-198.45900000000256,15,ABOVE_LR
2026-09-28 12:30:00,2026-09-28T17:30:00.000Z,83873.2,83992.9,83808.3,83976.9,830.1840000000001,411.92,418.2639999999999,-6.343999999999994,-0.007641679434920444,93331.612,93325.687,-5.9249999999883585,15,ABOVE_LR
2026-09-28 12:45:00,2026-09-28T17:45:00.000Z,83977,84033.2,83800.6,83832.7,862.8219999999999,389.42799999999994,473.3939999999999,-83.96600000000001,-0.0973155529182149,93332.453,93275.437,-57.01599999998871,15,ABOVE_LR
2026-09-28 13:00:00,2026-09-28T18:00:00.000Z,83832.8,83948.3,83801.4,83939.9,700.015,301.387,398.62800000000004,-97.24100000000001,-0.13891273758419465,93253.927,93237.144,-16.78299999999581,15,ABOVE_LR
2026-09-28 13:15:00,2026-09-28T18:15:00.000Z,83940,83968,83859.7,83895.9,520.9600000000002,212.78400000000002,308.17600000000004,-95.392,-0.18310810810810804,93264.212,93216.589,-47.62299999999232,15,ABOVE_LR
2026-09-28 13:30:00,2026-09-28T18:30:00.000Z,83895.8,83914.7,83755,83832,572.025,230.575,341.45,-110.875,-0.1938289410427866,93167.682,93162.676,-5.005999999993946,15,ABOVE_LR
2026-09-28 13:45:00,2026-09-28T18:45:00.000Z,83831.9,84009.4,83767.7,84000.1,555.1029999999998,355.33,199.773,155.55700000000002,0.2802308760716481,93154.366,93127.526,-26.839999999996508,15,ABOVE_LR
2026-09-28 14:00:00,2026-09-28T19:00:00.000Z,84000.1,84009.4,83609.4,83681,1133.995,412.15700000000004,721.838,-309.681,-0.273088505681242,93118.543,92967.778,-150.76499999999942,15,ABOVE_LR
2026-09-28 14:15:00,2026-09-28T19:15:00.000Z,83681,83700.8,83586.6,83602,538.231,222.077,316.15400000000005,-94.07699999999998,-0.17478926334603542,92989.018,92979.919,-9.099000000001979,15,ABOVE_LR
2026-09-28 14:30:00,2026-09-28T19:30:00.000Z,83602,83615.7,83066,83272.4,3057.697,1275.2050000000002,1782.4920000000002,-507.28700000000003,-0.16590492779369573,92995.205,92946.392,-48.812999999994645,15,TOUCH/CROSS_LR
2026-09-28 14:45:00,2026-09-28T19:45:00.000Z,83272.4,83383.3,83229.5,83343.9,1235.056,662.202,572.8539999999999,89.34799999999996,0.07234327836146698,92884.696,92946.497,61.80100000000675,15,TOUCH/CROSS_LR
2026-09-28 15:00:00,2026-09-28T20:00:00.000Z,83344,83580.7,83221.3,83537.3,1117.154,570.237,546.9169999999999,23.320000000000014,0.02087447209605839,92905.981,92895.9,-10.081000000005588,15,TOUCH/CROSS_LR
2026-09-28 15:15:00,2026-09-28T20:15:00.000Z,83537.3,83537.3,83426.6,83459.8,496.46800000000013,178.62599999999998,317.842,-139.216,-0.2804128362754497,92934.637,92974.195,39.55800000000454,15,ABOVE_LR
2026-09-28 15:30:00,2026-09-28T20:30:00.000Z,83459.8,83545.7,83426.1,83453,239.233,142.36499999999998,96.86800000000001,45.49700000000001,0.19017861248239168,93024.598,93043.002,18.403999999994994,15,ABOVE_LR
2026-09-28 15:45:00,2026-09-28T20:45:00.000Z,83453,83513,83392.8,83500.2,268.987,125.71099999999998,143.276,-17.564999999999984,-0.06530055355835034,93044.617,93022.635,-21.98200000000361,15,ABOVE_LR
2026-09-28 16:00:00,2026-09-28T21:00:00.000Z,83500.1,83625,83500.1,83538.5,381.019,236.94300000000004,144.07600000000002,92.86699999999998,0.24373325214753064,93015.012,92977.294,-37.71800000000803,15,ABOVE_LR
2026-09-28 16:15:00,2026-09-28T21:15:00.000Z,83538.6,83546.1,83411.6,83418,299.02099999999996,130.14999999999998,168.871,-38.72099999999999,-0.12949257744439352,92954.784,92932.565,-22.218999999997322,15,ABOVE_LR
2026-09-28 16:30:00,2026-09-28T21:30:00.000Z,83417.9,83440.6,83350.1,83385,308.03900000000004,120.04500000000002,187.994,-67.94900000000003,-0.22058570505682729,92971.905,92967.736,-4.168999999994412,15,ABOVE_LR
2026-09-28 16:45:00,2026-09-28T21:45:00.000Z,83384.9,83399.4,83175,83176,1324.7039999999997,659.7929999999999,664.9110000000001,-5.11800000000008,-0.003863504601782799,92946.169,92680.414,-265.7549999999901,15,TOUCH/CROSS_LR
2026-09-28 17:00:00,2026-09-28T22:00:00.000Z,83176.1,83192.1,83057,83140.7,876.3389999999999,416.9360000000001,459.40300000000013,-42.46700000000001,-0.04845955731743083,92718.998,92824.762,105.76399999999558,15,INSIDE_LR
2026-09-28 17:15:00,2026-09-28T22:15:00.000Z,83140.7,83206.3,83112.6,83199.7,367.32300000000004,220.29599999999996,147.02700000000002,73.26899999999999,0.19946749863199414,92826.436,92840.882,14.445999999996275,15,INSIDE_LR
2026-09-28 17:30:00,2026-09-28T22:30:00.000Z,83199.7,83451.9,83199.6,83451.8,511.079,360.317,150.762,209.555,0.4100246732892567,92836.117,92722.581,-113.53599999999278,15,TOUCH/CROSS_LR
2026-09-28 17:45:00,2026-09-28T22:45:00.000Z,83451.8,83514.3,83449.8,83514.3,417.192,216.43899999999996,200.75299999999993,15.685999999999996,0.037598995186868385,92715.563,92716.225,0.6620000000111759,15,ABOVE_LR
2026-09-28 18:00:00,2026-09-28T23:00:00.000Z,83514.2,83602.8,83407.9,83413.6,739.8870000000002,280.15000000000003,459.737,-179.58700000000002,-0.24272219947100027,92716.085,92635.73,-80.35500000001048,15,ABOVE_LR
2026-09-28 18:15:00,2026-09-28T23:15:00.000Z,83413.6,83553.9,83413.6,83553.8,373.346,194.448,178.898,15.550000000000013,0.04165037257664476,92643.136,92653.094,9.95799999999872,15,ABOVE_LR
2026-09-28 18:30:00,2026-09-28T23:30:00.000Z,83553.8,83593.3,83543.4,83562.6,355.33399999999995,137.71,217.624,-79.91399999999999,-0.22489826473121063,92653.983,92719.952,65.96900000001187,15,ABOVE_LR
2026-09-28 18:45:00,2026-09-28T23:45:00.000Z,83562.6,83562.6,83461,83461,416.689,134.905,281.784,-146.879,-0.35249070649813163,92738.346,92794.665,56.31899999998859,15,ABOVE_LR
2026-09-28 19:00:00,2026-09-29T00:00:00.000Z,83461.1,83512.6,83413.9,83488.4,494.80199999999996,222.779,272.02299999999997,-49.24399999999999,-0.09952263733776338,92799.765,92873.34,73.57499999999709,15,ABOVE_LR
2026-09-28 19:15:00,2026-09-29T00:15:00.000Z,83488.4,83519.9,83307.2,83511.1,766.866,463.93800000000005,302.928,161.01,0.20995845428014803,92884.833,92857.736,-27.096999999994296,15,ABOVE_LR
2026-09-28 19:30:00,2026-09-29T00:30:00.000Z,83511.1,83588.9,83426.7,83502.8,662.471,374.40199999999993,288.0689999999999,86.33299999999997,0.13031966682315146,92814.386,92767.306,-47.080000000001746,15,ABOVE_LR
2026-09-28 19:45:00,2026-09-29T00:45:00.000Z,83502.7,83502.7,83137,83137,1062.749,435.5429999999999,627.206,-191.663,-0.1803464411634356,92754.449,92826.171,71.72200000000885,15,TOUCH/CROSS_LR
2026-09-28 20:00:00,2026-09-29T01:00:00.000Z,83137,83202.9,82928,82994.1,2146.025,950.441,1195.5839999999998,-245.14299999999992,-0.11423119488356376,92837.852,92869.245,31.39299999999639,15,TOUCH/CROSS_LR
2026-09-28 20:15:00,2026-09-29T01:15:00.000Z,82994.1,83012.9,82780.2,82785.3,1881.4450000000002,992.1560000000001,889.2889999999998,102.867,0.05467446563678449,92998.258,92953.876,-44.38199999999779,15,TOUCH/CROSS_LR
2026-09-28 20:30:00,2026-09-29T01:30:00.000Z,82785.2,82969.2,82724.3,82920,1571.871,818.5669999999999,753.304,65.26299999999999,0.04151931042687344,92943.016,92951.134,8.118000000002212,15,BELOW_LR
2026-09-28 20:45:00,2026-09-29T01:45:00.000Z,82920,83073.4,82869.7,83021.6,1003.9770000000001,623.288,380.68899999999996,242.599,0.24163800565152385,92994.652,93025.946,31.293999999994412,15,TOUCH/CROSS_LR
2026-09-28 21:00:00,2026-09-29T02:00:00.000Z,83021.6,83065.4,82870.1,82979.7,758.5539999999999,322.82700000000006,435.72700000000003,-112.89999999999999,-0.14883581129359283,93041.492,93090.781,49.28900000000431,15,TOUCH/CROSS_LR
2026-09-28 21:15:00,2026-09-29T02:15:00.000Z,82979.7,83121.7,82868.9,82939,775.087,397.52099999999996,377.566,19.955000000000037,0.02574549695711583,93020.762,92993.411,-27.351000000009662,15,TOUCH/CROSS_LR
2026-09-28 21:30:00,2026-09-29T02:30:00.000Z,82938.9,83000,82850.9,82992.5,572.263,292.937,279.32599999999996,13.61099999999999,0.023784518656631636,92999.965,93013.37,13.404999999998836,15,BELOW_LR
2026-09-28 21:45:00,2026-09-29T02:45:00.000Z,82992.6,83077.9,82865,82935.7,606.703,271.90500000000003,334.798,-62.89299999999997,-0.10366357179707365,93017.018,93031.038,14.020000000004075,15,TOUCH/CROSS_LR
2026-09-28 22:00:00,2026-09-29T03:00:00.000Z,82935.8,83017.1,82863.4,82865.6,777.7450000000001,294.726,483.0190000000001,-188.293,-0.2421012028364052,93043.92,93125.766,81.846000000005,15,TOUCH/CROSS_LR
2026-09-28 22:15:00,2026-09-29T03:15:00.000Z,82865.7,83184.8,82830.9,83175.4,893.956,567.6080000000001,326.348,241.26,0.2698790544501071,93111.943,93112.28,0.33699999999953434,15,TOUCH/CROSS_LR
2026-09-28 22:30:00,2026-09-29T03:30:00.000Z,83175.5,83177.6,83076,83087.2,761.46,244.44599999999997,517.014,-272.568,-0.35795445591363956,93069.545,93031.817,-37.728000000002794,15,INSIDE_LR
2026-09-28 22:45:00,2026-09-29T03:45:00.000Z,83087.1,83140,83009.4,83034.1,571.672,300.847,270.82500000000005,30.02199999999999,0.05251612812941685,93002.948,93024.568,21.619999999995343,15,INSIDE_LR
2026-09-28 23:00:00,2026-09-29T04:00:00.000Z,83034.1,83130,82983.5,83097.5,407.27799999999996,168.09199999999998,239.18599999999998,-71.094,-0.174558900799945,92977.008,92941.546,-35.461999999999534,15,TOUCH/CROSS_LR
2026-09-28 23:15:00,2026-09-29T04:15:00.000Z,83097.5,83276.1,83097.5,83182.3,662.4789999999999,430.415,232.06400000000002,198.35100000000003,0.2994072264932172,92941.387,92895.227,-46.16000000000349,15,TOUCH/CROSS_LR
2026-09-28 23:30:00,2026-09-29T04:30:00.000Z,83182.3,83184.5,83070.3,83126.5,439.04300000000006,207.452,231.59099999999998,-24.13899999999999,-0.05498094719651603,92903.787,92917.055,13.267999999996391,15,INSIDE_LR
2026-09-28 23:45:00,2026-09-29T04:45:00.000Z,83126.5,83178.9,83030.5,83165.7,265.42499999999995,124.742,140.68300000000002,-15.941000000000008,-0.06005839691061509,92941.292,92955.237,13.944999999992433,15,INSIDE_LR
2026-09-29 00:00:00,2026-09-29T05:00:00.000Z,83165.8,83226.5,83130.1,83226,397.98900000000003,212.41699999999997,185.57200000000003,26.844999999999995,0.06745161298427844,92957.178,92992.997,35.81900000000314,15,INSIDE_LR
2026-09-29 00:15:00,2026-09-29T05:15:00.000Z,83226,83310,83180.5,83277.6,584.591,309.31100000000004,275.28,34.03099999999999,0.05821334916206372,93022.887,92988.357,-34.529999999998836,15,TOUCH/CROSS_LR
2026-09-29 00:30:00,2026-09-29T05:30:00.000Z,83277.6,83287.9,82926.2,83251.4,1154.2389999999998,630.738,523.5010000000001,107.23700000000001,0.09290710156215483,92970.133,92955.055,-15.078000000008615,15,TOUCH/CROSS_LR
2026-09-29 00:45:00,2026-09-29T05:45:00.000Z,83251.3,83398.7,83174.7,83398.7,843.8440000000002,532.1320000000001,311.71199999999993,220.42,0.26120941785448487,92995.73,92966.066,-29.663999999989755,15,TOUCH/CROSS_LR
2026-09-29 01:00:00,2026-09-29T06:00:00.000Z,83398.7,83858.3,83375,83858.2,3217.7140000000004,2027.7179999999998,1189.996,837.7219999999999,0.2603469419594158,92939.44,92738.632,-200.80800000000454,15,ABOVE_LR
2026-09-29 01:15:00,2026-09-29T06:15:00.000Z,83858.3,83861.9,83702,83845.1,1677.1029999999998,756.616,920.4869999999999,-163.8709999999999,-0.09771075479562073,92827.98,92926.593,98.61299999999756,15,ABOVE_LR
2026-09-29 01:30:00,2026-09-29T06:30:00.000Z,83845.2,83928.6,83802.6,83868,1219.1539999999998,614.513,604.641,9.872000000000014,0.008097418373724744,92981.114,93047.666,66.55199999999604,15,ABOVE_LR
2026-09-29 01:45:00,2026-09-29T06:45:00.000Z,83868,83978.7,83819,83964.9,1281.882,762.4620000000002,519.42,243.04199999999994,0.18959779449278477,93068.468,92967.958,-100.50999999999476,15,ABOVE_LR
2026-09-29 02:00:00,2026-09-29T07:00:00.000Z,83965,84007.2,83833.5,83947.4,1726.137,862.081,864.056,-1.97499999999998,-0.0011441733767365975,92955.195,92994.229,39.03399999999965,15,ABOVE_LR
2026-09-29 02:15:00,2026-09-29T07:15:00.000Z,83947.4,84042.5,83873.5,83956.4,1190.1540000000002,397.559,792.5949999999999,-395.03600000000006,-0.33192007084797426,93066.817,92978.473,-88.34399999999732,15,ABOVE_LR
2026-09-29 02:30:00,2026-09-29T07:30:00.000Z,83956.5,84164,83917.7,83985.5,1725.9770000000003,894.795,831.1820000000001,63.613,0.0368562269369754,92966.018,92794.252,-171.76600000000326,15,ABOVE_LR
2026-09-29 02:45:00,2026-09-29T07:45:00.000Z,83985.6,84037.3,83910.7,83947,1073.4540000000002,481.693,591.7609999999999,-110.06799999999996,-0.10253629871424387,92765.586,92784.447,18.861000000004424,15,ABOVE_LR
2026-09-29 03:00:00,2026-09-29T08:00:00.000Z,83947,84050,83940.9,84003,1093.135,531.216,561.919,-30.702999999999967,-0.028087107264884913,92770.696,92909.05,138.35400000000664,15,ABOVE_LR
2026-09-29 03:15:00,2026-09-29T08:15:00.000Z,84003,84333,84003,84130.7,2107.432,1192.156,915.276,276.88000000000005,0.1313826495943879,92900.042,92827.679,-72.36299999999756,15,ABOVE_LR
2026-09-29 03:30:00,2026-09-29T08:30:00.000Z,84130.7,84130.8,83807.6,83817.5,1911.7980000000002,605.1949999999999,1306.603,-701.408,-0.36688394903645677,92829.061,92942.298,113.23699999999371,15,ABOVE_LR
2026-09-29 03:45:00,2026-09-29T08:45:00.000Z,83817.5,83849.1,83760.5,83842.9,978.6330000000002,362.666,615.9669999999999,-253.301,-0.2588314516269122,93037.191,93026.261,-10.930000000007567,15,ABOVE_LR
2026-09-29 04:00:00,2026-09-29T09:00:00.000Z,83842.9,83844.4,83729,83750.3,944.6049999999999,470.33299999999997,474.272,-3.939000000000009,-0.004169996982865864,93039.683,93022.094,-17.589000000007218,15,ABOVE_LR
2026-09-29 04:15:00,2026-09-29T09:15:00.000Z,83750.3,83903.5,83728,83810.4,1325.6430000000003,840.391,485.25200000000007,355.139,0.26789942691961555,93064.263,93134.388,70.125,15,ABOVE_LR
2026-09-29 04:30:00,2026-09-29T09:30:00.000Z,83810.4,83971.6,83800,83971.6,787.3870000000001,439.65999999999997,347.72700000000003,91.93299999999999,0.1167570711733874,93394.537,93308.127,-86.41000000000349,15,ABOVE_LR
2026-09-29 04:45:00,2026-09-29T09:45:00.000Z,83971.6,84288,83950,84214.3,2377.6169999999997,1397.627,979.99,417.637,0.1756536061106562,93312.128,93488.389,176.2609999999986,15,ABOVE_LR
2026-09-29 05:00:00,2026-09-29T10:00:00.000Z,84214.2,84299.9,84117.3,84167.9,1294.3839999999998,613.5490000000001,680.835,-67.28599999999999,-0.05198302822037355,93533.893,93604.42,70.52700000000186,15,ABOVE_LR
2026-09-29 05:15:00,2026-09-29T10:15:00.000Z,84167.9,84178.9,84026.7,84118.1,700.5640000000001,228.19799999999998,472.366,-244.16799999999998,-0.34853061247794626,93572.857,93630.989,58.13199999999779,15,ABOVE_LR
2026-09-29 05:30:00,2026-09-29T10:30:00.000Z,84118,84120,83949.3,83973.3,1123.528,460.016,663.5120000000001,-203.496,-0.1811223218290955,93651.845,93582.677,-69.16800000000512,15,ABOVE_LR
2026-09-29 05:45:00,2026-09-29T10:45:00.000Z,83973.3,84040.2,83941.1,83986.4,595.872,250.91899999999998,344.953,-94.03400000000002,-0.15780905966382047,93437.942,93352.48,-85.46199999999953,15,ABOVE_LR
2026-09-29 06:00:00,2026-09-29T11:00:00.000Z,83986.4,84057.4,83891.1,83988.3,820.5790000000001,394.087,426.492,-32.405,-0.03949040860173122,93332.197,93303.365,-28.831999999994878,15,ABOVE_LR
2026-09-29 06:15:00,2026-09-29T11:15:00.000Z,83988.5,84041.8,83939.7,84023.5,402.98500000000007,189.037,213.94799999999998,-24.911000000000023,-0.06181619663262905,93256.126,93229.619,-26.506999999997788,15,ABOVE_LR
2026-09-29 06:30:00,2026-09-29T11:30:00.000Z,84023.4,84239.6,84018.7,84227.5,1239.4060000000002,734.2240000000002,505.182,229.04199999999992,0.18479981539543933,93213.875,93232.469,18.593999999997322,15,ABOVE_LR
2026-09-29 06:45:00,2026-09-29T11:45:00.000Z,84227.5,84465.3,84202.1,84310.8,2793.645,1621.7199999999998,1171.9250000000002,449.7949999999998,0.16100649867825004,93257.359,93180.151,-77.20799999999872,15,ABOVE_LR
2026-09-29 07:00:00,2026-09-29T12:00:00.000Z,84310.9,84390.2,84250,84285.4,1029.0459999999998,460.52900000000005,568.5169999999999,-107.988,-0.10493991522244878,93171.78,93239.693,67.91300000000047,15,ABOVE_LR
2026-09-29 07:15:00,2026-09-29T12:15:00.000Z,84285.3,84450,84090,84170.2,1756.6280000000002,891.4239999999999,865.2039999999998,26.219999999999963,0.014926324754017334,93258.959,93177.863,-81.096000000005,15,ABOVE_LR
2026-09-29 07:30:00,2026-09-29T12:30:00.000Z,84170.3,84432.1,84160,84314.5,1281.3940000000002,616.0879999999999,665.306,-49.217999999999954,-0.03840973190135114,93191.554,93065.484,-126.07000000000698,15,ABOVE_LR
2026-09-29 07:45:00,2026-09-29T12:45:00.000Z,84314.6,84350,84205,84280.5,879.1659999999999,516.121,363.04499999999996,153.07600000000002,0.17411501354692974,93072.915,93107.968,35.052999999999884,15,ABOVE_LR
2026-09-29 08:00:00,2026-09-29T13:00:00.000Z,84280.6,84412.2,84204.6,84359.9,939.77,471.59,468.17999999999995,3.4099999999999753,0.0036285474105365945,93117.601,93062.318,-55.28299999999581,15,ABOVE_LR
2026-09-29 08:15:00,2026-09-29T13:15:00.000Z,84359.9,84554.9,84294.8,84310.9,1844.65,922.7019999999999,921.948,0.7539999999999907,0.0004087496273005668,93079.459,93178.924,99.46499999999651,15,ABOVE_LR
2026-09-29 08:30:00,2026-09-29T13:30:00.000Z,84310.9,84316.9,83971,84147.6,3106.086,1265.837,1840.2489999999998,-574.4119999999999,-0.18493113197767222,93015.177,93078.325,63.14800000000105,15,ABOVE_LR
2026-09-29 08:45:00,2026-09-29T13:45:00.000Z,84147.6,84420.2,84033.6,84157.5,1657.813,718.293,939.52,-221.22699999999998,-0.13344508699111418,93049.06,93112.196,63.1359999999986,15,ABOVE_LR
2026-09-29 09:00:00,2026-09-29T14:00:00.000Z,84157.5,84249.7,83831.2,83875.8,2638.4560000000006,1308.0620000000004,1330.3940000000002,-22.331999999999994,-0.008464041090698496,93142.83,93104.616,-38.21400000000722,15,ABOVE_LR
2026-09-29 09:15:00,2026-09-29T14:15:00.000Z,83875.8,84040,83811,83896,1601.538,834.656,766.882,67.77400000000002,0.042318071753526934,93089.451,93033.648,-55.802999999999884,15,ABOVE_LR
2026-09-29 09:30:00,2026-09-29T14:30:00.000Z,83896,83980,83701.8,83855,1788.3990000000001,859.4799999999999,928.9189999999999,-69.43899999999994,-0.038827465235666055,93033.386,93058.529,25.14299999999639,15,ABOVE_LR
2026-09-29 09:45:00,2026-09-29T14:45:00.000Z,83855,83974.1,83639.4,83709.7,1682.3900000000003,818.0920000000001,864.298,-46.205999999999975,-0.02746449990786914,93084.302,93002.517,-81.78499999998894,15,ABOVE_LR
2026-09-29 10:00:00,2026-09-29T15:00:00.000Z,83709.7,83721.7,83314.9,83392,5160.124999999999,2601.01,2559.115,41.89500000000015,0.008118989365567725,93051.883,93351.159,299.275999999998,15,ABOVE_LR
2026-09-29 10:15:00,2026-09-29T15:15:00.000Z,83392,83459.2,82880.6,82958.4,6878.563000000001,3143.31,3735.2529999999992,-591.943,-0.08605620098267616,93407.544,93262.907,-144.6369999999879,15,TOUCH/CROSS_LR
2026-09-29 10:30:00,2026-09-29T15:30:00.000Z,82958.4,83206.4,82940.5,83146.4,3456.343,2106.1990000000005,1350.1439999999998,756.0550000000001,0.21874420449590798,93715.134,93379.192,-335.94200000001,15,TOUCH/CROSS_LR
2026-09-29 10:45:00,2026-09-29T15:45:00.000Z,83146.4,83300,82890.6,83039.2,4205.186,1982.4499999999996,2222.7360000000003,-240.2860000000001,-0.05714039759477942,93336.886,93066.218,-270.6680000000051,15,TOUCH/CROSS_LR
2026-09-29 11:00:00,2026-09-29T16:00:00.000Z,83039.3,83114.3,82925,82999.9,2582.1040000000003,1053.72,1528.3839999999996,-474.66399999999993,-0.1838283818157595,93116.388,93404.582,288.1939999999886,15,TOUCH/CROSS_LR
2026-09-29 11:15:00,2026-09-29T16:15:00.000Z,82999.9,83261.7,82960,83220.1,1548.2440000000001,913.629,634.6150000000001,279.0139999999999,0.1802131963695644,93442.962,93466.406,23.444000000003143,15,TOUCH/CROSS_LR
2026-09-29 11:30:00,2026-09-29T16:30:00.000Z,83220.1,83243.2,82993.5,82999.6,1189.8410000000001,522.934,666.907,-143.973,-0.12100188176403402,93428.977,93414.152,-14.82499999999709,15,TOUCH/CROSS_LR
2026-09-29 11:45:00,2026-09-29T16:45:00.000Z,82999.6,83051.2,82851.5,83023.1,2140.797,1038.709,1102.088,-63.37899999999998,-0.02960532923018856,93434.7,93402.219,-32.48099999999977,15,TOUCH/CROSS_LR
2026-09-29 12:00:00,2026-09-29T17:00:00.000Z,83023.1,83160.2,82969.9,83137.3,1038.304,587.7380000000002,450.5659999999999,137.172,0.1321115973741794,93392.624,93451.715,59.09100000000035,15,TOUCH/CROSS_LR
2026-09-29 12:15:00,2026-09-29T17:15:00.000Z,83137.3,83144.8,83006.9,83144.8,1031.701,694.8620000000001,336.83899999999994,358.023,0.3470220538702589,93440.009,93340.64,-99.36900000000605,15,INSIDE_LR
2026-09-29 12:30:00,2026-09-29T17:30:00.000Z,83144.8,83179.1,83059.8,83088.8,806.883,338.73,468.153,-129.42300000000003,-0.16039871951695603,93338.196,93317.227,-20.968999999997322,15,INSIDE_LR
2026-09-29 12:45:00,2026-09-29T17:45:00.000Z,83088.7,83137,82933.9,83042.7,997.4300000000001,533.4929999999999,463.9369999999999,69.55599999999998,0.06973521951415135,93302.171,93353.907,51.736000000004424,15,TOUCH/CROSS_LR
2026-09-29 13:00:00,2026-09-29T18:00:00.000Z,83042.7,83398,83042.7,83394.2,2040.3530000000003,1354.6970000000001,685.656,669.0410000000002,0.3279045341663918,93306.342,93383.104,76.76200000000244,15,TOUCH/CROSS_LR
2026-09-29 13:15:00,2026-09-29T18:15:00.000Z,83394.1,83498.1,83362.4,83394.1,1245.076,719.455,525.6210000000001,193.83400000000003,0.15568045645406386,93329.815,93278.715,-51.10000000000582,15,ABOVE_LR
2026-09-29 13:30:00,2026-09-29T18:30:00.000Z,83394.2,83673,83375.2,83594.8,1891.5559999999998,1000.768,890.7879999999998,109.98000000000003,0.058142608519123964,93297.539,93213.483,-84.05600000001141,15,ABOVE_LR
2026-09-29 13:45:00,2026-09-29T18:45:00.000Z,83594.9,83656.6,83559.3,83614.1,594.766,235.74699999999999,359.01899999999995,-123.27199999999999,-0.20726134311645253,93160.84,93168.97,8.130000000004657,15,ABOVE_LR
2026-09-29 14:00:00,2026-09-29T19:00:00.000Z,83614,83674,83566.6,83627.2,345.092,160.77100000000002,184.32100000000003,-23.55,-0.06824267151947887,93141.785,93155.174,13.388999999995576,10,ABOVE_LR
