timestamp_panama,timestamp_utc,open,high,low,close,volume_BTC,taker_buy_BTC,taker_sell_BTC,delta_BTC,delta_volume_ratio,OI_start_BTC,OI_end_BTC,dOI_BTC,bar_count,position_relative_to_LR
2026-09-20 00:00:00,2026-09-20T05:00:00.000Z,80411.9,80470,80384.2,80461,132.327,72.048,60.278999999999996,11.769000000000009,0.08893876533133835,109228.911,109228.911,,5,BELOW_LR
2026-09-20 00:05:00,2026-09-20T05:05:00.000Z,80460.9,80510,80447.5,80480,259.38599999999997,161.878,97.50800000000001,64.36999999999999,0.24816296947406566,109255.623,109255.623,,5,BELOW_LR
2026-09-20 00:10:00,2026-09-20T05:10:00.000Z,80480,80618,80479.9,80563.1,809.847,501.76899999999995,308.078,193.69099999999997,0.23916986788862585,109252.239,109252.239,,5,BELOW_LR
2026-09-20 00:15:00,2026-09-20T05:15:00.000Z,80563,80563.1,80446.6,80485.8,266.02799999999996,105.932,160.096,-54.163999999999994,-0.20360262829476597,109106.089,109106.089,,5,BELOW_LR
2026-09-20 00:20:00,2026-09-20T05:20:00.000Z,80485.8,80520.2,80414.4,80419.7,186.786,40.419999999999995,146.366,-105.94600000000001,-0.5672052509288705,109150.312,109150.312,,5,BELOW_LR
2026-09-20 00:25:00,2026-09-20T05:25:00.000Z,80419.8,80511.5,80419.7,80511.4,270.95399999999995,122.62299999999999,148.33100000000002,-25.708000000000006,-0.09487957365456871,109165.237,109165.237,,5,BELOW_LR
2026-09-20 00:30:00,2026-09-20T05:30:00.000Z,80511.5,80591.6,80503.7,80556.9,198.34,98.17699999999999,100.163,-1.9860000000000007,-0.010013108803065445,109146.917,109146.917,,5,BELOW_LR
2026-09-20 00:35:00,2026-09-20T05:35:00.000Z,80556.9,80557,80414.8,80472.6,324.564,109.76599999999999,214.798,-105.03200000000001,-0.32360951923195425,109165.054,109165.054,,5,BELOW_LR
2026-09-20 00:40:00,2026-09-20T05:40:00.000Z,80472.6,80505.1,80459.1,80505.1,240.599,109.27799999999999,131.32100000000003,-22.043000000000013,-0.09161717214119765,109155.556,109155.556,,5,BELOW_LR
2026-09-20 00:45:00,2026-09-20T05:45:00.000Z,80505.1,80525.1,80445,80499,300.322,160.966,139.356,21.610000000000007,0.07195610045218134,109172.493,109172.493,,5,BELOW_LR
2026-09-20 00:50:00,2026-09-20T05:50:00.000Z,80499.1,80510,80433,80433,240.588,74.964,165.62400000000002,-90.66,-0.37682677440271334,109154.443,109154.443,,5,BELOW_LR
2026-09-20 00:55:00,2026-09-20T05:55:00.000Z,80433,80498.8,80420,80459.9,238.758,105.647,133.111,-27.463999999999995,-0.11502860637130481,109102.644,109102.644,,5,BELOW_LR
2026-09-20 01:00:00,2026-09-20T06:00:00.000Z,80460,80505.1,80405,80405.1,393.44500000000005,190.825,202.62,-11.795000000000002,-0.02997877721155435,109034.88,109034.88,,5,BELOW_LR
2026-09-20 01:05:00,2026-09-20T06:05:00.000Z,80405.2,80476.1,80399.9,80474.9,255.255,156.299,98.95599999999999,57.343,0.2246498599439776,109066.758,109066.758,,5,BELOW_LR
2026-09-20 01:10:00,2026-09-20T06:10:00.000Z,80474.9,80499.1,80399.9,80489,414.385,189.091,225.29399999999998,-36.20299999999999,-0.08736561410282706,109100.472,109100.472,,5,BELOW_LR
2026-09-20 01:15:00,2026-09-20T06:15:00.000Z,80488.9,80580,80458.3,80500,617.129,255.88,361.249,-105.369,-0.1707406393152809,109098.567,109098.567,,5,BELOW_LR
2026-09-20 01:20:00,2026-09-20T06:20:00.000Z,80500,80500,80418,80464.4,337.491,94.59400000000001,242.897,-148.30299999999997,-0.4394280143766796,109224.926,109224.926,,5,BELOW_LR
2026-09-20 01:25:00,2026-09-20T06:25:00.000Z,80464.4,80476.1,80428,80430.5,76.372,23.274000000000004,53.098,-29.823999999999998,-0.39050961085214475,109297.437,109297.437,,5,BELOW_LR
2026-09-20 01:30:00,2026-09-20T06:30:00.000Z,80430.5,80455.8,80364.9,80427.3,314.26200000000006,115.26399999999998,198.99800000000002,-83.73400000000002,-0.2664464682335122,109296.565,109296.565,,5,BELOW_LR
2026-09-20 01:35:00,2026-09-20T06:35:00.000Z,80427.4,80443.2,80360.1,80360.1,114.49000000000001,37.805,76.685,-38.88,-0.3395929775526247,109210.758,109210.758,,5,BELOW_LR
2026-09-20 01:40:00,2026-09-20T06:40:00.000Z,80360.1,80360.2,80245,80352.9,846.6750000000001,373.281,473.394,-100.11299999999997,-0.11824253698290367,109208.67,109208.67,,5,BELOW_LR
2026-09-20 01:45:00,2026-09-20T06:45:00.000Z,80352.9,80423.2,80285.5,80364.3,616,341.59800000000007,274.402,67.19600000000003,0.10908441558441563,109219.09,109219.09,,5,BELOW_LR
2026-09-20 01:50:00,2026-09-20T06:50:00.000Z,80364.3,80386.1,80249.9,80267.7,366.706,107.51700000000001,259.18899999999996,-151.67199999999997,-0.4136065403893036,109240.275,109240.275,,5,BELOW_LR
2026-09-20 01:55:00,2026-09-20T06:55:00.000Z,80267.7,80316.8,80188,80280,639.538,340.316,299.222,41.094,0.06425575962648036,109354.425,109354.425,,5,BELOW_LR
2026-09-20 02:00:00,2026-09-20T07:00:00.000Z,80280,80324.9,80269.1,80269.1,170.575,94.366,76.209,18.157000000000004,0.10644584493624508,109424.118,109424.118,,5,BELOW_LR
2026-09-20 02:05:00,2026-09-20T07:05:00.000Z,80269.1,80342.4,80261.8,80300.1,339.514,184.43,155.084,29.346000000000025,0.08643531636397916,109430.567,109430.567,,5,BELOW_LR
2026-09-20 02:10:00,2026-09-20T07:10:00.000Z,80300.1,80334.8,80279.9,80310.1,307.352,177.507,129.845,47.66199999999999,0.15507301074988936,109426.942,109426.942,,5,BELOW_LR
2026-09-20 02:15:00,2026-09-20T07:15:00.000Z,80310,80314.1,80270,80283.3,499.86899999999997,238.07599999999996,261.793,-23.717000000000013,-0.047446430964912835,109402.479,109402.479,,5,BELOW_LR
2026-09-20 02:20:00,2026-09-20T07:20:00.000Z,80283.2,80364.9,80254,80360.1,335.30899999999997,230.798,104.511,126.28700000000002,0.3766287215672709,109321.956,109321.956,,5,BELOW_LR
2026-09-20 02:25:00,2026-09-20T07:25:00.000Z,80360.1,80400.4,80353.3,80368.9,372.895,182.255,190.64000000000001,-8.385000000000005,-0.0224862226632162,109273.66,109273.66,,5,BELOW_LR
2026-09-20 02:30:00,2026-09-20T07:30:00.000Z,80368.9,80368.9,80327.7,80328.5,89.152,24.617,64.535,-39.91799999999999,-0.4477521536252691,109189.943,109189.943,,5,BELOW_LR
2026-09-20 02:35:00,2026-09-20T07:35:00.000Z,80328.4,80328.5,80262.5,80299.9,150.248,63.553,86.69500000000001,-23.142000000000003,-0.15402534476332466,109188.969,109188.969,,5,BELOW_LR
2026-09-20 02:40:00,2026-09-20T07:40:00.000Z,80300,80328.8,80283.2,80303.2,136.72199999999998,70.05399999999999,66.668,3.386000000000003,0.024765582715290908,109184.778,109184.778,,5,BELOW_LR
2026-09-20 02:45:00,2026-09-20T07:45:00.000Z,80303.3,80333.8,80288.1,80307.8,149.46800000000002,92.31200000000001,57.156000000000006,35.15599999999999,0.2352075360612304,109179.424,109179.424,,5,BELOW_LR
2026-09-20 02:50:00,2026-09-20T07:50:00.000Z,80307.8,80364.2,80302.8,80302.8,245.13299999999998,72.438,172.695,-100.257,-0.40899022163478604,109180.92,109180.92,,5,BELOW_LR
2026-09-20 02:55:00,2026-09-20T07:55:00.000Z,80302.8,80331.1,80278.7,80286.3,281.375,107.40899999999999,173.966,-66.55699999999999,-0.2365419813416259,109232.531,109232.531,,5,BELOW_LR
2026-09-20 03:00:00,2026-09-20T08:00:00.000Z,80286.4,80432.5,80278.9,80424.1,375.552,273.318,102.234,171.084,0.4555534253578732,109283.332,109283.332,,5,BELOW_LR
2026-09-20 03:05:00,2026-09-20T08:05:00.000Z,80424,80424,80350,80398.9,203.889,85.43299999999999,118.45599999999999,-33.022999999999996,-0.16196557931031097,109253.472,109253.472,,5,BELOW_LR
2026-09-20 03:10:00,2026-09-20T08:10:00.000Z,80398.9,80429.3,80384,80390.1,123.87200000000001,61.13999999999999,62.732,-1.5920000000000076,-0.012851976233531447,109278.405,109278.405,,5,BELOW_LR
2026-09-20 03:15:00,2026-09-20T08:15:00.000Z,80390.1,80402.2,80358.3,80393.8,204.62099999999998,126.20299999999999,78.418,47.785,0.23352930539876163,109242.777,109242.777,,5,BELOW_LR
2026-09-20 03:20:00,2026-09-20T08:20:00.000Z,80393.8,80393.8,80351.6,80362.3,99.60300000000001,62.797999999999995,36.80499999999999,25.993000000000002,0.26096603515958355,109238.232,109238.232,,5,BELOW_LR
2026-09-20 03:25:00,2026-09-20T08:25:00.000Z,80362.2,80375.8,80344,80347.2,79.39,30.395000000000003,48.995,-18.599999999999998,-0.23428643405970523,109268.923,109268.923,,5,BELOW_LR
2026-09-20 03:30:00,2026-09-20T08:30:00.000Z,80347.3,80383.7,80337.9,80340.5,93.58300000000001,53.331,40.252,13.079,0.1397582894329098,109264.388,109264.388,,5,BELOW_LR
2026-09-20 03:35:00,2026-09-20T08:35:00.000Z,80340.4,80360.1,80303.6,80303.6,88.039,36.019,52.02,-16.001,-0.1817489976033349,109262.759,109262.759,,5,BELOW_LR
2026-09-20 03:40:00,2026-09-20T08:40:00.000Z,80303.6,80303.7,80214.7,80228,414.3879999999999,186.57,227.81799999999998,-41.24799999999998,-0.09953956195642728,109266.954,109266.954,,5,BELOW_LR
2026-09-20 03:45:00,2026-09-20T08:45:00.000Z,80228.1,80266.8,80185.9,80221.1,283.79900000000004,139.024,144.775,-5.751000000000019,-0.020264342016709073,109245.206,109245.206,,5,BELOW_LR
2026-09-20 03:50:00,2026-09-20T08:50:00.000Z,80221,80250,80127.6,80235.9,580.779,261.184,319.595,-58.41099999999999,-0.1005735400212473,109269.96,109269.96,,5,BELOW_LR
2026-09-20 03:55:00,2026-09-20T08:55:00.000Z,80235.9,80251.3,80216,80235.2,81.57499999999999,35.449,46.126000000000005,-10.677000000000001,-0.13088568801716216,109255.186,109255.186,,5,BELOW_LR
2026-09-20 04:00:00,2026-09-20T09:00:00.000Z,80235.2,80282.4,80222.1,80275.9,192.276,142.902,49.37400000000001,93.52799999999999,0.4864257629657367,109270.155,109270.155,,5,BELOW_LR
2026-09-20 04:05:00,2026-09-20T09:05:00.000Z,80275.8,80310.6,80231.9,80239.7,245.767,147.269,98.49799999999999,48.771,0.19844405473476912,109286.449,109286.449,,5,BELOW_LR
2026-09-20 04:10:00,2026-09-20T09:10:00.000Z,80239.7,80279.2,80239.6,80241.5,77.30900000000001,45.649,31.66,13.989,0.1809491779741039,109237.448,109237.448,,5,BELOW_LR
2026-09-20 04:15:00,2026-09-20T09:15:00.000Z,80241.5,80282.9,80226,80278.7,101.68299999999999,57.29900000000001,44.384,12.914999999999996,0.12701238161737946,109243.272,109243.272,,5,BELOW_LR
2026-09-20 04:20:00,2026-09-20T09:20:00.000Z,80278.7,80354.9,80274.6,80332.2,159.41700000000003,115.363,44.054,71.309,0.44731113996625194,109239.848,109239.848,,5,BELOW_LR
2026-09-20 04:25:00,2026-09-20T09:25:00.000Z,80332.3,80380,80332.2,80354.2,163.54600000000002,120.712,42.834,77.878,0.4761840705367297,109224.944,109224.944,,5,BELOW_LR
2026-09-20 04:30:00,2026-09-20T09:30:00.000Z,80354.2,80481.2,80354.1,80480.6,297.517,221.614,75.90299999999999,145.711,0.48975688784170324,109230.926,109230.926,,5,BELOW_LR
2026-09-20 04:35:00,2026-09-20T09:35:00.000Z,80480.5,80524,80456.1,80523.9,580.519,336.40099999999995,244.11800000000002,92.28299999999997,0.15896637319364218,109199.297,109199.297,,5,BELOW_LR
2026-09-20 04:40:00,2026-09-20T09:40:00.000Z,80523.9,80555,80476.8,80520.4,474.37999999999994,218.162,256.21799999999996,-38.05599999999998,-0.08022260634934017,109259.663,109259.663,,5,BELOW_LR
2026-09-20 04:45:00,2026-09-20T09:45:00.000Z,80520.4,80520.5,80451.3,80472,172.368,81.84899999999999,90.51899999999999,-8.669999999999995,-0.050299359509885795,109170.077,109170.077,,5,BELOW_LR
2026-09-20 04:50:00,2026-09-20T09:50:00.000Z,80472,80472,80433.7,80433.7,59.482,17.401,42.081,-24.68,-0.4149154366026697,109175.13,109175.13,,5,BELOW_LR
2026-09-20 04:55:00,2026-09-20T09:55:00.000Z,80433.7,80466,80433.7,80437.4,73.82900000000001,24.687,49.141999999999996,-24.455,-0.3312384022538568,109166.8,109166.8,,5,BELOW_LR
2026-09-20 05:00:00,2026-09-20T10:00:00.000Z,80437.4,80489.7,80437.3,80465.7,146.76600000000002,90.717,56.049,34.668,0.23621274682147086,109172.197,109172.197,,5,BELOW_LR
2026-09-20 05:05:00,2026-09-20T10:05:00.000Z,80465.7,80465.8,80297.7,80339.9,452.173,103.832,348.341,-244.50900000000001,-0.5407421495754944,109170.769,109170.769,,5,BELOW_LR
2026-09-20 05:10:00,2026-09-20T10:10:00.000Z,80340,80382.5,80300,80382.4,270.649,163.85900000000004,106.78999999999998,57.069000000000024,0.21085982213124757,109047.925,109047.925,,5,BELOW_LR
2026-09-20 05:15:00,2026-09-20T10:15:00.000Z,80382.5,80418.5,80320.9,80321,87.269,39.816,47.453,-7.637000000000004,-0.08751102911686857,109090.687,109090.687,,5,BELOW_LR
2026-09-20 05:20:00,2026-09-20T10:20:00.000Z,80320.9,80328.4,80295.5,80308.1,153.26799999999997,60.473,92.795,-32.322,-0.21088550773807976,109080.195,109080.195,,5,BELOW_LR
2026-09-20 05:25:00,2026-09-20T10:25:00.000Z,80308.1,80356.3,80308.1,80356.2,98.30000000000001,76.884,21.415999999999997,55.468,0.5642726347914547,109059.492,109059.492,,5,BELOW_LR
2026-09-20 05:30:00,2026-09-20T10:30:00.000Z,80356.3,80409.3,80346.3,80359.9,140.415,88.798,51.617,37.181000000000004,0.2647936474023431,109049.848,109049.848,,5,BELOW_LR
2026-09-20 05:35:00,2026-09-20T10:35:00.000Z,80359.9,80360,80308.3,80311.3,109.327,57.763000000000005,51.564,6.198999999999998,0.05670145526722583,109043.923,109043.923,,5,BELOW_LR
2026-09-20 05:40:00,2026-09-20T10:40:00.000Z,80311.4,80344,80291.9,80329.2,205.55,64.084,141.466,-77.382,-0.3764631476526393,109036.077,109036.077,,5,BELOW_LR
2026-09-20 05:45:00,2026-09-20T10:45:00.000Z,80329.2,80362.4,80300,80333.8,130.18,105.467,24.713000000000005,80.75399999999999,0.6203257028729451,109012.091,109012.091,,5,BELOW_LR
2026-09-20 05:50:00,2026-09-20T10:50:00.000Z,80333.7,80370.7,80329.2,80341.5,65.14000000000001,36.031,29.109,6.921999999999997,0.1062634326066932,108990.042,108990.042,,5,BELOW_LR
2026-09-20 05:55:00,2026-09-20T10:55:00.000Z,80341.4,80348,80286,80286.1,135.202,42.967,92.23499999999999,-49.268,-0.3644028934483218,108993.119,108993.119,,5,BELOW_LR
2026-09-20 06:00:00,2026-09-20T11:00:00.000Z,80286.1,80311.5,80247.6,80284.2,305.709,117.47999999999999,188.229,-70.74900000000002,-0.23142596390685266,108990.63,108990.63,,5,BELOW_LR
2026-09-20 06:05:00,2026-09-20T11:05:00.000Z,80284.1,80395.8,80280.2,80323.6,240.224,151.464,88.76,62.70399999999999,0.26102304515785263,108971.189,108971.189,,5,BELOW_LR
2026-09-20 06:10:00,2026-09-20T11:10:00.000Z,80323.6,80356.3,80308.2,80334.5,99.139,37.58,61.559,-23.979,-0.24187252241801915,108974.979,108974.979,,5,BELOW_LR
2026-09-20 06:15:00,2026-09-20T11:15:00.000Z,80334.5,80355,80270.5,80342,210.167,85.232,124.935,-39.703,-0.18891167500130848,108991.493,108991.493,,5,BELOW_LR
2026-09-20 06:20:00,2026-09-20T11:20:00.000Z,80342.1,80351.9,80301.1,80336.7,164.08300000000003,82.268,81.815,0.45300000000000296,0.002760797888873332,109001.733,109001.733,,5,BELOW_LR
2026-09-20 06:25:00,2026-09-20T11:25:00.000Z,80336.8,80344.2,80319.1,80339.1,86.68900000000001,40.094,46.595,-6.501000000000001,-0.07499221354497111,109004.266,109004.266,,5,BELOW_LR
2026-09-20 06:30:00,2026-09-20T11:30:00.000Z,80339.1,80466,80339.1,80411.2,332.09799999999996,187.397,144.701,42.696000000000005,0.12856445988834625,109036.911,109036.911,,5,BELOW_LR
2026-09-20 06:35:00,2026-09-20T11:35:00.000Z,80411.2,80445.7,80362,80405.9,227.78600000000003,61.233999999999995,166.55200000000002,-105.318,-0.4623550174286391,109035.789,109035.789,,5,BELOW_LR
2026-09-20 06:40:00,2026-09-20T11:40:00.000Z,80406,80445.8,80405.9,80423.9,110.528,46.391,64.137,-17.746,-0.16055660104226982,108972.886,108972.886,,5,BELOW_LR
2026-09-20 06:45:00,2026-09-20T11:45:00.000Z,80423.9,80449.8,80411.3,80449.7,122.229,48.022999999999996,74.206,-26.183,-0.21421266638850028,108978.192,108978.192,,5,BELOW_LR
2026-09-20 06:50:00,2026-09-20T11:50:00.000Z,80449.7,80500,80440.4,80494.6,231.334,116.21,115.124,1.086000000000002,0.004694510966827194,108980.96,108980.96,,5,BELOW_LR
2026-09-20 06:55:00,2026-09-20T11:55:00.000Z,80494.6,80494.7,80421.3,80448.4,172.31900000000002,63.359,108.96,-45.600999999999985,-0.2646312942855981,108947.393,108947.393,,5,BELOW_LR
2026-09-20 07:00:00,2026-09-20T12:00:00.000Z,80448.3,80456.6,80384.8,80434.4,185.855,65.396,120.459,-55.062999999999995,-0.2962685964865083,108940.755,108940.755,,5,BELOW_LR
2026-09-20 07:05:00,2026-09-20T12:05:00.000Z,80434.3,80486.6,80434.3,80457.3,148.428,82.906,65.52199999999999,17.383999999999997,0.11712075888646345,108964.547,108964.547,,5,BELOW_LR
2026-09-20 07:10:00,2026-09-20T12:10:00.000Z,80457.3,80500,80430,80453.4,267.04200000000003,150.661,116.38099999999999,34.28000000000001,0.12836932018184408,108960.929,108960.929,,5,BELOW_LR
2026-09-20 07:15:00,2026-09-20T12:15:00.000Z,80453.5,80467.4,80383.7,80383.7,111.363,52.822,58.541,-5.718999999999998,-0.0513545791690238,108982.353,108982.353,,5,BELOW_LR
2026-09-20 07:20:00,2026-09-20T12:20:00.000Z,80383.7,80388.6,80352,80352.1,98.382,39.47,58.912,-19.442,-0.1976174503466081,108981.902,108981.902,,5,BELOW_LR
2026-09-20 07:25:00,2026-09-20T12:25:00.000Z,80352.1,80377.5,80325,80334.9,93.36099999999999,33.20100000000001,60.16,-26.958999999999996,-0.2887608316106297,108977.32,108977.32,,5,BELOW_LR
2026-09-20 07:30:00,2026-09-20T12:30:00.000Z,80334.8,80334.9,80287.7,80320.3,196.696,84.38099999999999,112.315,-27.934000000000005,-0.14201610607231466,108966.911,108966.911,,5,BELOW_LR
2026-09-20 07:35:00,2026-09-20T12:35:00.000Z,80320.4,80334.9,80311.8,80334.9,102.654,64.335,38.318999999999996,26.016000000000002,0.25343386521713723,108954.896,108954.896,,5,BELOW_LR
2026-09-20 07:40:00,2026-09-20T12:40:00.000Z,80334.9,80334.9,80302.8,80317.5,86.58500000000001,37.722,48.86299999999999,-11.140999999999998,-0.12867124790668127,108914.881,108914.881,,5,BELOW_LR
2026-09-20 07:45:00,2026-09-20T12:45:00.000Z,80317.5,80364,80317.5,80364,119.68299999999999,86.101,33.582,52.51899999999999,0.4388175430094499,108902.93,108902.93,,5,BELOW_LR
2026-09-20 07:50:00,2026-09-20T12:50:00.000Z,80364,80420,80338.1,80420,260.829,193.736,67.09299999999999,126.643,0.4855403348554033,108877.208,108877.208,,5,BELOW_LR
2026-09-20 07:55:00,2026-09-20T12:55:00.000Z,80420,80461.9,80404,80457,423.844,339.858,83.98599999999999,255.872,0.6036938118741801,108806.718,108806.718,,5,BELOW_LR
2026-09-20 08:00:00,2026-09-20T13:00:00.000Z,80457,80536.7,80457,80536.6,425.495,287.246,138.24900000000002,148.99699999999999,0.3501733275361637,108759.751,108759.751,,5,BELOW_LR
2026-09-20 08:05:00,2026-09-20T13:05:00.000Z,80536.6,80640.5,80518.1,80548.2,839.5980000000001,484.296,355.3019999999999,128.99400000000006,0.15363781238163984,108815.239,108815.239,,5,BELOW_LR
2026-09-20 08:10:00,2026-09-20T13:10:00.000Z,80548.1,80548.1,80518,80525.2,252.313,171.08700000000002,81.226,89.86100000000002,0.35614891028207035,108837.91,108837.91,,5,BELOW_LR
2026-09-20 08:15:00,2026-09-20T13:15:00.000Z,80525.2,80525.2,80443.4,80488.5,298.9,122.764,176.13599999999997,-53.372,-0.1785613917698227,108871.317,108871.317,,5,BELOW_LR
2026-09-20 08:20:00,2026-09-20T13:20:00.000Z,80488.5,80518.8,80454.1,80492.7,207.52300000000002,122.139,85.384,36.755,0.1771128983293418,108832.517,108832.517,,5,BELOW_LR
2026-09-20 08:25:00,2026-09-20T13:25:00.000Z,80492.7,80538.8,80475.6,80475.6,137.272,75.34199999999998,61.93,13.411999999999999,0.09770382889445772,108891.334,108891.334,,5,BELOW_LR
2026-09-20 08:30:00,2026-09-20T13:30:00.000Z,80475.7,80487.8,80389,80389.1,149.06099999999998,33.984,115.077,-81.09299999999999,-0.5440256002576127,108918.263,108918.263,,5,BELOW_LR
2026-09-20 08:35:00,2026-09-20T13:35:00.000Z,80389.1,80466.2,80389,80465.6,244.66199999999998,183.615,61.04699999999999,122.56799999999998,0.500968683326385,108908.772,108908.772,,5,BELOW_LR
2026-09-20 08:40:00,2026-09-20T13:40:00.000Z,80465.7,80533.5,80432.6,80533.4,216.325,166.97699999999998,49.34800000000001,117.62899999999998,0.5437605454755575,109003.296,109003.296,,5,BELOW_LR
2026-09-20 08:45:00,2026-09-20T13:45:00.000Z,80533.4,80549.9,80503.5,80515.5,70.84400000000001,37.604,33.24000000000001,4.363999999999995,0.06160013550900563,109115.559,109115.559,,5,BELOW_LR
2026-09-20 08:50:00,2026-09-20T13:50:00.000Z,80515.4,80548.7,80503.5,80524.2,84.331,42.940999999999995,41.39000000000001,1.5509999999999966,0.01839181321222322,109115.835,109115.835,,5,BELOW_LR
2026-09-20 08:55:00,2026-09-20T13:55:00.000Z,80524.3,80534.6,80504.4,80532.9,84.285,40.985,43.3,-2.3150000000000013,-0.027466334460461546,109098.637,109098.637,,5,BELOW_LR
2026-09-20 09:00:00,2026-09-20T14:00:00.000Z,80532.8,80762.2,80532.8,80665.6,1060.318,767.9150000000001,292.40299999999996,475.51199999999994,0.44846168790872165,109102.389,109102.389,,5,BELOW_LR
2026-09-20 09:05:00,2026-09-20T14:05:00.000Z,80665.5,80668.4,80607.8,80615.2,364.189,177.18099999999998,187.00799999999998,-9.826999999999998,-0.026983242217639737,109032.024,109032.024,,5,BELOW_LR
2026-09-20 09:10:00,2026-09-20T14:10:00.000Z,80615.3,80615.3,80539,80550.3,334.308,133.715,200.593,-66.878,-0.2000490565586226,108967.805,108967.805,,5,BELOW_LR
2026-09-20 09:15:00,2026-09-20T14:15:00.000Z,80550.4,80550.4,80391.2,80410.2,481.123,207.796,273.327,-65.53099999999999,-0.1362042554606618,108901.447,108901.447,,5,BELOW_LR
2026-09-20 09:20:00,2026-09-20T14:20:00.000Z,80410.2,80482,80377.1,80478,198.924,105.89,93.03399999999999,12.85600000000001,0.06462769700991339,108888.478,108888.478,,5,BELOW_LR
2026-09-20 09:25:00,2026-09-20T14:25:00.000Z,80478,80524.9,80478,80500.8,138.888,66.97,71.918,-4.948,-0.03562582800529924,108892.533,108892.533,,5,BELOW_LR
2026-09-20 09:30:00,2026-09-20T14:30:00.000Z,80500.8,80582.2,80464.7,80529.6,157.314,83.636,73.678,9.958000000000002,0.06330015128977715,108901.558,108901.558,,5,BELOW_LR
2026-09-20 09:35:00,2026-09-20T14:35:00.000Z,80529.6,80606.3,80517.8,80568.5,127.276,72.184,55.092,17.092000000000006,0.1342908325214495,108895.806,108895.806,,5,BELOW_LR
2026-09-20 09:40:00,2026-09-20T14:40:00.000Z,80568.5,80629.7,80568.5,80601.1,238.309,116.37,121.93900000000001,-5.569000000000007,-0.023368819473876385,108902.14,108902.14,,5,BELOW_LR
2026-09-20 09:45:00,2026-09-20T14:45:00.000Z,80601.1,80636.7,80571.9,80615,147.859,89.759,58.099999999999994,31.659000000000006,0.21411615119810093,108936.752,108936.752,,5,BELOW_LR
2026-09-20 09:50:00,2026-09-20T14:50:00.000Z,80615.1,80679.6,80603.4,80665.7,247.231,140.01,107.221,32.789,0.13262495399039764,108958.588,108958.588,,5,BELOW_LR
2026-09-20 09:55:00,2026-09-20T14:55:00.000Z,80665.6,80735.7,80624.3,80647,232.09200000000004,134.84799999999998,97.24400000000003,37.603999999999985,0.16202195681023032,109017.078,109017.078,,5,BELOW_LR
2026-09-20 10:00:00,2026-09-20T15:00:00.000Z,80646.9,80872,80646.9,80794.6,1016.758,673.1460000000001,343.612,329.53399999999993,0.3241026871684313,109025.257,109025.257,,5,BELOW_LR
2026-09-20 10:05:00,2026-09-20T15:05:00.000Z,80794.5,80910,80734.5,80801.3,793.885,533.416,260.46900000000005,272.947,0.34381176114928486,108978.072,108978.072,,5,BELOW_LR
2026-09-20 10:10:00,2026-09-20T15:10:00.000Z,80801.3,80801.3,80720.2,80720.3,298.36,119.294,179.06599999999997,-59.772,-0.20033516557179246,108854.724,108854.724,,5,BELOW_LR
2026-09-20 10:15:00,2026-09-20T15:15:00.000Z,80720.3,80855.5,80720.2,80795.2,443.63800000000003,196.317,247.32099999999997,-51.00399999999998,-0.11496760872603333,108848.345,108848.345,,5,BELOW_LR
2026-09-20 10:20:00,2026-09-20T15:20:00.000Z,80795.2,80809.7,80734.9,80780.5,138.595,73.104,65.491,7.613000000000005,0.054929831523503767,108999.718,108999.718,,5,BELOW_LR
2026-09-20 10:25:00,2026-09-20T15:25:00.000Z,80780.5,80780.5,80623.1,80625.5,438.77299999999997,145.931,292.842,-146.911,-0.3348223340998649,109013.23,109013.23,,5,BELOW_LR
2026-09-20 10:30:00,2026-09-20T15:30:00.000Z,80625.4,80740.8,80625.4,80697.7,208.529,116.315,92.214,24.100999999999996,0.11557625078526246,108867.602,108867.602,,5,BELOW_LR
2026-09-20 10:35:00,2026-09-20T15:35:00.000Z,80697.7,80815.2,80685.5,80815.1,241.969,175.057,66.912,108.145,0.44693741760308137,108863.213,108863.213,,5,BELOW_LR
2026-09-20 10:40:00,2026-09-20T15:40:00.000Z,80815.1,80844,80756,80806.4,507.872,259.225,248.64699999999996,10.578000000000014,0.02082808266649867,108858.284,108858.284,,5,BELOW_LR
2026-09-20 10:45:00,2026-09-20T15:45:00.000Z,80806.4,80864,80800,80860.1,265.769,177.47799999999998,88.291,89.187,0.3355808992019385,108845.363,108845.363,,5,BELOW_LR
2026-09-20 10:50:00,2026-09-20T15:50:00.000Z,80860.1,80899.8,80827.5,80886.2,213.45100000000002,99.882,113.56899999999999,-13.68699999999999,-0.06412244496394952,108830.441,108830.441,,5,BELOW_LR
2026-09-20 10:55:00,2026-09-20T15:55:00.000Z,80886.1,80937,80839.3,80871.4,492.34299999999996,284.786,207.55700000000002,77.22899999999998,0.15686015643565562,108785.967,108785.967,,5,BELOW_LR
2026-09-20 11:00:00,2026-09-20T16:00:00.000Z,80871.4,80890,80767.7,80830.5,270.84799999999996,133.054,137.794,-4.739999999999991,-0.017500590737240047,108755.326,108755.326,,5,BELOW_LR
2026-09-20 11:05:00,2026-09-20T16:05:00.000Z,80830.4,81060.1,80804.7,80999,1003.2370000000001,743.468,259.769,483.699,0.4821383182637801,108735.703,108735.703,,5,BELOW_LR
2026-09-20 11:10:00,2026-09-20T16:10:00.000Z,80999,81168.4,80955,81121.6,1601.0019999999997,1170.788,430.214,740.5740000000001,0.462569066122341,108456.937,108456.937,,5,BELOW_LR
2026-09-20 11:15:00,2026-09-20T16:15:00.000Z,81121.6,81210,81086.8,81095.5,844.3330000000002,451.34400000000005,392.989,58.35499999999999,0.06911372645626782,108375.802,108375.802,,5,BELOW_LR
2026-09-20 11:20:00,2026-09-20T16:20:00.000Z,81095.5,81110.3,80998.2,81093.1,845.454,349.40099999999995,496.053,-146.65200000000004,-0.17345946674804313,108292.795,108292.795,,5,BELOW_LR
2026-09-20 11:25:00,2026-09-20T16:25:00.000Z,81093,81238,81038.9,81138.8,1019.883,588.879,431.00399999999996,157.87500000000003,0.1547971679104368,108048.419,108048.419,,5,BELOW_LR
2026-09-20 11:30:00,2026-09-20T16:30:00.000Z,81138.9,81259.2,81066.3,81206.9,1404.3329999999999,675.299,729.034,-53.734999999999985,-0.03826371665409842,107798.077,107798.077,,5,BELOW_LR
2026-09-20 11:35:00,2026-09-20T16:35:00.000Z,81207,81472.6,81180,81312.5,1639.7220000000002,985.2389999999999,654.483,330.75600000000003,0.20171468090322628,107514.889,107514.889,,5,BELOW_LR
2026-09-20 11:40:00,2026-09-20T16:40:00.000Z,81312.5,81420,81250.3,81336,1381.649,714.042,667.607,46.43499999999999,0.03360839113262485,107367.526,107367.526,,5,BELOW_LR
2026-09-20 11:45:00,2026-09-20T16:45:00.000Z,81336,81413.3,81177,81224.5,520.1899999999999,163.064,357.126,-194.06199999999998,-0.37305984351871435,107162.752,107162.752,,5,BELOW_LR
2026-09-20 11:50:00,2026-09-20T16:50:00.000Z,81224.6,81284.4,81197.3,81255.1,380.538,194.328,186.21000000000004,8.118000000000002,0.0213329549217161,107091.655,107091.655,,5,BELOW_LR
2026-09-20 11:55:00,2026-09-20T16:55:00.000Z,81255.2,81300,81232.2,81297.8,264.371,145.981,118.38999999999999,27.591,0.10436469960774822,107096.475,107096.475,,5,BELOW_LR
2026-09-20 12:00:00,2026-09-20T17:00:00.000Z,81297.8,81337.9,81212,81337.9,267.311,135.884,131.427,4.456999999999997,0.016673462745640837,107044.671,107044.671,,5,BELOW_LR
2026-09-20 12:05:00,2026-09-20T17:05:00.000Z,81337.9,81418,81200.3,81200.3,710.56,395.933,314.627,81.30600000000005,0.1144252420625986,107040.241,107040.241,,5,BELOW_LR
2026-09-20 12:10:00,2026-09-20T17:10:00.000Z,81200.3,81240,81112.4,81196.3,524.436,303.701,220.73500000000004,82.96599999999995,0.1582004286509697,106928.972,106928.972,,5,BELOW_LR
2026-09-20 12:15:00,2026-09-20T17:15:00.000Z,81196.3,81235.9,81156.3,81192.5,323.88599999999997,141.36599999999999,182.51999999999998,-41.15399999999999,-0.12706322594987124,106934.591,106934.591,,5,BELOW_LR
2026-09-20 12:20:00,2026-09-20T17:20:00.000Z,81192.5,81279.7,81109,81205.1,299.291,152.452,146.839,5.6129999999999995,0.018754322716018856,106925.438,106925.438,,5,BELOW_LR
2026-09-20 12:25:00,2026-09-20T17:25:00.000Z,81205.1,81265.1,81084.9,81118.8,355.959,155.089,200.87,-45.781000000000006,-0.12861312679269243,106861.919,106861.919,,5,BELOW_LR
2026-09-20 12:30:00,2026-09-20T17:30:00.000Z,81118.8,81256.2,81118.8,81221.9,328.169,219.13500000000002,109.034,110.101,0.33550091568673457,106827.827,106827.827,,5,BELOW_LR
2026-09-20 12:35:00,2026-09-20T17:35:00.000Z,81222,81383.6,81205.4,81314.8,563.049,306.32399999999996,256.725,49.598999999999975,0.08809002413644279,106830.359,106830.359,,5,BELOW_LR
2026-09-20 12:40:00,2026-09-20T17:40:00.000Z,81314.8,81356.5,81300,81356.5,220.354,130.565,89.78899999999999,40.775999999999996,0.1850476959801047,106801.756,106801.756,,5,BELOW_LR
2026-09-20 12:45:00,2026-09-20T17:45:00.000Z,81356.5,81385.8,81275.1,81280.4,244.537,74.903,169.63400000000001,-94.731,-0.38738922944176135,106840.78,106840.78,,5,BELOW_LR
2026-09-20 12:50:00,2026-09-20T17:50:00.000Z,81280.3,81314.8,81100,81100,865.543,195.639,669.904,-474.265,-0.5479392704926271,106807.872,106807.872,,5,BELOW_LR
2026-09-20 12:55:00,2026-09-20T17:55:00.000Z,81100.1,81132.1,81025.4,81115.5,707.7090000000001,347.33500000000004,360.37399999999997,-13.038999999999959,-0.01842423934131113,107123.987,107123.987,,5,BELOW_LR
2026-09-20 13:00:00,2026-09-20T18:00:00.000Z,81115.5,81115.5,81050,81055.4,596.283,108.82900000000001,487.45400000000006,-378.625,-0.634975338891097,107112.486,107112.486,,5,BELOW_LR
2026-09-20 13:05:00,2026-09-20T18:05:00.000Z,81055.4,81172.5,80980,81128.5,1085.942,388.764,697.178,-308.41400000000004,-0.28400595980264143,107259.22,107259.22,,5,BELOW_LR
2026-09-20 13:10:00,2026-09-20T18:10:00.000Z,81128.5,81136.7,81059.3,81069.9,142.9,35.594,107.306,-71.712,-0.5018334499650104,107092.315,107092.315,,5,BELOW_LR
2026-09-20 13:15:00,2026-09-20T18:15:00.000Z,81069.9,81204.9,81069.8,81200.1,393.57800000000003,309.013,84.56500000000001,224.44799999999995,0.5702757776095206,107139.684,107139.684,,5,BELOW_LR
2026-09-20 13:20:00,2026-09-20T18:20:00.000Z,81200,81200,81142.3,81142.9,86.893,27.863999999999997,59.029,-31.165000000000003,-0.3586595007653091,107295.117,107295.117,,5,BELOW_LR
2026-09-20 13:25:00,2026-09-20T18:25:00.000Z,81142.9,81234.6,81137.2,81234.4,135.073,89.47300000000001,45.60000000000001,43.87299999999999,0.3248095474299082,107287.824,107287.824,,5,BELOW_LR
2026-09-20 13:30:00,2026-09-20T18:30:00.000Z,81234.5,81279.7,81200,81202.7,194.54899999999998,81.633,112.91600000000001,-31.283,-0.1607975368673188,107282.623,107282.623,,5,BELOW_LR
2026-09-20 13:35:00,2026-09-20T18:35:00.000Z,81202.8,81213.1,81142.5,81150.8,80.949,21.581,59.36800000000001,-37.787000000000006,-0.4668000840035085,107302.747,107302.747,,5,BELOW_LR
2026-09-20 13:40:00,2026-09-20T18:40:00.000Z,81150.8,81182,81149.5,81181.9,93.13700000000001,55.69100000000001,37.446,18.244999999999997,0.19589422034207668,107302.877,107302.877,,5,BELOW_LR
2026-09-20 13:45:00,2026-09-20T18:45:00.000Z,81182,81185.7,81091.6,81153.7,141.236,63.207,78.029,-14.822000000000003,-0.10494491489421963,107309.62,107309.62,,5,BELOW_LR
2026-09-20 13:50:00,2026-09-20T18:50:00.000Z,81153.8,81153.8,81005.4,81040.1,288.66700000000003,62.662000000000006,226.005,-163.34300000000002,-0.5658526953202132,107325.362,107325.362,,5,BELOW_LR
2026-09-20 13:55:00,2026-09-20T18:55:00.000Z,81040.2,81066.8,80973.9,80998.3,232.518,59.855,172.663,-112.80799999999999,-0.48515813829466964,107316.988,107316.988,,5,BELOW_LR
2026-09-20 14:00:00,2026-09-20T19:00:00.000Z,80998.4,81078.5,80998.3,81070.1,234.76099999999997,183.01200000000003,51.74899999999997,131.26300000000003,0.5591346092408878,107289.985,107289.985,,5,BELOW_LR
2026-09-20 14:05:00,2026-09-20T19:05:00.000Z,81070,81094.8,81059,81092.3,143.077,79.732,63.34499999999999,16.387000000000015,0.11453273412218606,107221.897,107221.897,,5,BELOW_LR
2026-09-20 14:10:00,2026-09-20T19:10:00.000Z,81092.4,81092.9,81050,81050,75.101,20.55,54.551,-34.001,-0.4527369808657674,107219.41,107219.41,,5,BELOW_LR
2026-09-20 14:15:00,2026-09-20T19:15:00.000Z,81050.1,81058.3,81025,81040.1,150.126,28.739,121.38699999999999,-92.648,-0.6171349399837469,107220.322,107220.322,,5,BELOW_LR
2026-09-20 14:20:00,2026-09-20T19:20:00.000Z,81040.1,81069.2,81036.6,81041.4,46.977,16.275,30.702,-14.427000000000003,-0.307107733571748,107293.454,107293.454,,5,BELOW_LR
2026-09-20 14:25:00,2026-09-20T19:25:00.000Z,81041.5,81087.3,81033.2,81087.3,113.35600000000001,83.495,29.860999999999994,53.634,0.47314654716115595,107295.91,107295.91,,5,BELOW_LR
2026-09-20 14:30:00,2026-09-20T19:30:00.000Z,81087.3,81240,81087.2,81239.9,325.875,215.235,110.64000000000001,104.595,0.32096662830840045,107238.408,107238.408,,5,BELOW_LR
2026-09-20 14:35:00,2026-09-20T19:35:00.000Z,81240,81261.1,81212,81220.9,172.969,45.177,127.792,-82.61500000000001,-0.4776289392896994,107273.87,107273.87,,5,BELOW_LR
2026-09-20 14:40:00,2026-09-20T19:40:00.000Z,81220.9,81246,81182,81197.7,243.07,31.201,211.869,-180.668,-0.7432755996215082,107306.441,107306.441,,5,BELOW_LR
2026-09-20 14:45:00,2026-09-20T19:45:00.000Z,81197.8,81263,81190,81201.5,133.754,59.744,74.01,-14.266000000000002,-0.1066584924563004,107329.618,107329.618,,5,BELOW_LR
2026-09-20 14:50:00,2026-09-20T19:50:00.000Z,81201.6,81264.2,81201.5,81242,88.252,53.08800000000001,35.163999999999994,17.924000000000007,0.20310021302633377,107308.006,107308.006,,5,BELOW_LR
2026-09-20 14:55:00,2026-09-20T19:55:00.000Z,81242,81242.1,81113.7,81144,151.68699999999998,28.875,122.812,-93.937,-0.6192818105704511,107338.486,107338.486,,5,BELOW_LR
2026-09-20 15:00:00,2026-09-20T20:00:00.000Z,81144,81188.3,81141.9,81181.8,87.143,59.592,27.551000000000002,32.041,0.3676830037983544,107319.792,107319.792,,5,BELOW_LR
2026-09-20 15:05:00,2026-09-20T20:05:00.000Z,81181.8,81194,81155.7,81155.8,86.15599999999999,40.338,45.818,-5.479999999999997,-0.06360555271832487,107336.148,107336.148,,5,BELOW_LR
2026-09-20 15:10:00,2026-09-20T20:10:00.000Z,81155.7,81155.8,81108.5,81115,91.82,29.661,62.159,-32.498,-0.35393160531474627,107361.332,107361.332,,5,BELOW_LR
2026-09-20 15:15:00,2026-09-20T20:15:00.000Z,81115,81139.4,81072.2,81090.9,133.12,52.084,81.03600000000002,-28.951999999999998,-0.21748798076923076,107365.912,107365.912,,5,BELOW_LR
2026-09-20 15:20:00,2026-09-20T20:20:00.000Z,81091,81112.5,81078,81089.6,195.61399999999998,65.971,129.643,-63.672,-0.32549817497725114,107371.489,107371.489,,5,BELOW_LR
2026-09-20 15:25:00,2026-09-20T20:25:00.000Z,81089.5,81192.4,81050.1,81141.8,165.449,92.16999999999999,73.279,18.891,0.11418020054518309,107411.591,107411.591,,5,BELOW_LR
2026-09-20 15:30:00,2026-09-20T20:30:00.000Z,81141.8,81141.8,81082.5,81084.1,42.037,16.741,25.296,-8.555,-0.20351119252087446,107379.115,107379.115,,5,BELOW_LR
2026-09-20 15:35:00,2026-09-20T20:35:00.000Z,81084.1,81103.9,81038.3,81091.5,139.477,80.444,59.032999999999994,21.41100000000001,0.15350918072513753,107379.362,107379.362,,5,BELOW_LR
2026-09-20 15:40:00,2026-09-20T20:40:00.000Z,81091.6,81105.2,81052.4,81099.8,60.654,26.526999999999994,34.127,-7.600000000000002,-0.12530088699838432,107388.325,107388.325,,5,BELOW_LR
2026-09-20 15:45:00,2026-09-20T20:45:00.000Z,81099.8,81195.6,81057.6,81109.9,248.80400000000003,134.375,114.429,19.94600000000001,0.08016752142248519,107391.925,107391.925,,5,BELOW_LR
2026-09-20 15:50:00,2026-09-20T20:50:00.000Z,81110,81110,81034,81040.1,84.58299999999998,20.034000000000002,64.54899999999999,-44.515,-0.5262877883262596,107346.863,107346.863,,5,BELOW_LR
2026-09-20 15:55:00,2026-09-20T20:55:00.000Z,81040.1,81064,81040.1,81049.9,36.187,15.268,20.919000000000004,-5.651,-0.15616105231160363,107368.447,107368.447,,5,BELOW_LR
2026-09-20 16:00:00,2026-09-20T21:00:00.000Z,81050,81050,80631.4,80847,1669.719,498.075,1171.644,-673.569,-0.4034026084628611,107369.019,107369.019,,5,BELOW_LR
2026-09-20 16:05:00,2026-09-20T21:05:00.000Z,80847.1,80933.6,80795.1,80813.1,454.99,183.769,271.221,-87.452,-0.19220642211916744,107201.164,107201.164,,5,BELOW_LR
2026-09-20 16:10:00,2026-09-20T21:10:00.000Z,80813.2,80813.2,80533.6,80732.1,1150.565,419.107,731.458,-312.3510000000001,-0.27147618778600086,107283.662,107283.662,,5,BELOW_LR
2026-09-20 16:15:00,2026-09-20T21:15:00.000Z,80732,80873.4,80732,80873.3,256.58399999999995,164.577,92.007,72.57000000000002,0.2828313534748856,107373.642,107373.642,,5,BELOW_LR
2026-09-20 16:20:00,2026-09-20T21:20:00.000Z,80873.4,80897.1,80760.2,80760.8,302.745,96.831,205.91400000000004,-109.083,-0.3603131348164297,107332.789,107332.789,,5,BELOW_LR
2026-09-20 16:25:00,2026-09-20T21:25:00.000Z,80760.8,80850.2,80760.8,80849.9,155.03900000000002,71.34,83.699,-12.359000000000002,-0.07971542644108902,107341.442,107341.442,,5,BELOW_LR
2026-09-20 16:30:00,2026-09-20T21:30:00.000Z,80849.9,80907.7,80828.1,80867.6,176.418,86.182,90.236,-4.054000000000004,-0.022979514562006167,107312.907,107312.907,,5,BELOW_LR
2026-09-20 16:35:00,2026-09-20T21:35:00.000Z,80867.6,80905.4,80847.9,80876.8,142.06900000000002,63.81700000000001,78.25200000000001,-14.435000000000006,-0.10160555786272871,107292.669,107292.669,,5,BELOW_LR
2026-09-20 16:40:00,2026-09-20T21:40:00.000Z,80876.7,80876.7,80758,80758,120.47899999999998,38.104,82.375,-44.271,-0.36745822923497046,107310.403,107310.403,,5,BELOW_LR
2026-09-20 16:45:00,2026-09-20T21:45:00.000Z,80758.1,80897.8,80754.9,80878.7,115.604,59.211,56.393,2.8180000000000014,0.02437631915850664,107303.526,107303.526,,5,BELOW_LR
2026-09-20 16:50:00,2026-09-20T21:50:00.000Z,80878.7,80925.6,80857.8,80911.6,122.994,69.464,53.53,15.93400000000001,0.12955103500983797,107311.473,107311.473,,5,BELOW_LR
2026-09-20 16:55:00,2026-09-20T21:55:00.000Z,80911.6,80911.7,80829,80897.4,223.837,53.88,169.95700000000002,-116.07699999999998,-0.518578251138105,107321.211,107321.211,,5,BELOW_LR
2026-09-20 17:00:00,2026-09-20T22:00:00.000Z,80897.4,80974.6,80734.1,80871.3,435.782,212.184,223.598,-11.413999999999987,-0.026191995080108832,107415.645,107415.645,,5,BELOW_LR
2026-09-20 17:05:00,2026-09-20T22:05:00.000Z,80871.3,81173.3,80871.3,81148,675.28,515.338,159.942,355.396,0.5262942779291554,107441.104,107441.104,,5,BELOW_LR
2026-09-20 17:10:00,2026-09-20T22:10:00.000Z,81147.9,81256.1,81112.5,81256.1,811.361,520.6769999999999,290.684,229.99299999999997,0.28346568296972613,107406.99,107406.99,,5,BELOW_LR
2026-09-20 17:15:00,2026-09-20T22:15:00.000Z,81256.1,81256.1,81051,81108.2,393.647,178.958,214.689,-35.731000000000016,-0.09076914088002708,107450.549,107450.549,,5,BELOW_LR
2026-09-20 17:20:00,2026-09-20T22:20:00.000Z,81108.2,81138.4,81033.4,81089.4,224.987,103.357,121.63,-18.27299999999999,-0.08121802593038704,107429.891,107429.891,,5,BELOW_LR
2026-09-20 17:25:00,2026-09-20T22:25:00.000Z,81089.3,81138.7,81064.1,81126.8,122.32399999999998,74.66900000000001,47.655,27.013999999999996,0.22083973709165822,107382.438,107382.438,,5,BELOW_LR
2026-09-20 17:30:00,2026-09-20T22:30:00.000Z,81126.8,81143.3,81099.2,81112.4,108.964,65.624,43.339999999999996,22.284000000000002,0.20450791086964504,107388.825,107388.825,,5,BELOW_LR
2026-09-20 17:35:00,2026-09-20T22:35:00.000Z,81112.4,81240.6,81111.9,81237,204.663,153.212,51.45100000000001,101.761,0.497212490777522,107392.253,107392.253,,5,BELOW_LR
2026-09-20 17:40:00,2026-09-20T22:40:00.000Z,81236.9,81236.9,81072,81077.7,245.733,90.043,155.69,-65.647,-0.26714767654324006,107393.725,107393.725,,5,BELOW_LR
2026-09-20 17:45:00,2026-09-20T22:45:00.000Z,81077.8,81154.5,81068.5,81154.4,94.453,50.755,43.698,7.057000000000004,0.0747144082241962,107410.743,107410.743,,5,BELOW_LR
2026-09-20 17:50:00,2026-09-20T22:50:00.000Z,81154.4,81237.5,81141.8,81147.2,252.31799999999998,99.095,153.22299999999998,-54.12799999999998,-0.2145229432700005,107418.343,107418.343,,5,BELOW_LR
2026-09-20 17:55:00,2026-09-20T22:55:00.000Z,81147.2,81200,81147.2,81181.2,100.435,51.062,49.373,1.6890000000000018,0.016816846716782016,107431.023,107431.023,,5,BELOW_LR
2026-09-20 18:00:00,2026-09-20T23:00:00.000Z,81181.3,81181.3,81090,81099,159.89,46.507,113.38299999999998,-66.87599999999999,-0.418262555506911,107440.863,107440.863,,5,BELOW_LR
2026-09-20 18:05:00,2026-09-20T23:05:00.000Z,81099.1,81197.7,81093.3,81174.1,218.56599999999997,108.906,109.65999999999998,-0.75399999999998,-0.0034497588829002688,107442.231,107442.231,,5,BELOW_LR
2026-09-20 18:10:00,2026-09-20T23:10:00.000Z,81174,81228,81116.2,81116.3,259.685,91.26899999999999,168.416,-77.14699999999999,-0.2970791535899262,107469.074,107469.074,,5,BELOW_LR
2026-09-20 18:15:00,2026-09-20T23:15:00.000Z,81116.2,81225,81100,81213.5,198.753,133.295,65.458,67.83699999999999,0.34131308709805636,107429.709,107429.709,,5,BELOW_LR
2026-09-20 18:20:00,2026-09-20T23:20:00.000Z,81213.4,81266,81204,81264.9,282.84499999999997,198.88600000000002,83.95899999999997,114.92700000000002,0.40632501900334117,107435.436,107435.436,,5,BELOW_LR
2026-09-20 18:25:00,2026-09-20T23:25:00.000Z,81265,81265,81117.5,81117.6,158.082,45.507000000000005,112.575,-67.068,-0.42426082665958176,107468.823,107468.823,,5,BELOW_LR
2026-09-20 18:30:00,2026-09-20T23:30:00.000Z,81117.6,81159.4,81100,81100.1,96.183,53.802,42.381,11.421,0.11874239730513707,107460.722,107460.722,,5,BELOW_LR
2026-09-20 18:35:00,2026-09-20T23:35:00.000Z,81100,81254.5,81091.1,81200.1,636.885,369.491,267.39400000000006,102.09699999999994,0.16030680578126338,107458.071,107458.071,,5,BELOW_LR
2026-09-20 18:40:00,2026-09-20T23:40:00.000Z,81200.1,81250.2,81136.5,81234.5,402.253,212.546,189.707,22.839000000000006,0.05677769960696379,107614.952,107614.952,,5,BELOW_LR
2026-09-20 18:45:00,2026-09-20T23:45:00.000Z,81234.5,81257.3,81141.1,81237.6,356.634,131.492,225.142,-93.65,-0.2625941441365658,107726.102,107726.102,,5,BELOW_LR
2026-09-20 18:50:00,2026-09-20T23:50:00.000Z,81237.7,81311,81127.8,81154.9,399.72499999999997,252.194,147.531,104.66299999999998,0.2618375132903871,107795.559,107795.559,,5,BELOW_LR
2026-09-20 18:55:00,2026-09-20T23:55:00.000Z,81154.9,81161.7,81120.2,81143.9,133.335,68.551,64.784,3.766999999999996,0.028252146848164364,107781.514,107781.514,,5,BELOW_LR
2026-09-20 19:00:00,2026-09-21T00:00:00.000Z,81144,81379.8,81135.1,81351.8,1165.498,701.547,463.951,237.59599999999995,0.20385792167811523,107777.74,107777.74,,5,BELOW_LR
2026-09-20 19:05:00,2026-09-21T00:05:00.000Z,81351.7,81599.9,81351.7,81460.1,1563.6280000000002,1017.2310000000002,546.3969999999999,470.8340000000002,0.3011163780643479,108044.277,108044.277,,5,BELOW_LR
2026-09-20 19:10:00,2026-09-21T00:10:00.000Z,81460.1,81687,81396.4,81643.7,1272.672,695.0709999999999,577.6010000000001,117.46999999999994,0.09230186568102382,107954.527,107954.527,,5,BELOW_LR
2026-09-20 19:15:00,2026-09-21T00:15:00.000Z,81643.7,81757.4,81480,81741,1064.719,671.091,393.62800000000004,277.463,0.2605973970596937,107855.781,107855.781,,5,BELOW_LR
2026-09-20 19:20:00,2026-09-21T00:20:00.000Z,81741,81800,81682,81725.9,976.1429999999999,499.121,477.02200000000005,22.098999999999975,0.022639101033352673,107816.431,107816.431,,5,BELOW_LR
2026-09-20 19:25:00,2026-09-21T00:25:00.000Z,81726,81781.6,81685.7,81705.1,559.903,273.623,286.28,-12.656999999999961,-0.022605701344697134,107777.374,107777.374,,5,BELOW_LR
2026-09-20 19:30:00,2026-09-21T00:30:00.000Z,81705.1,81815.5,81591.9,81610.1,948.9380000000001,423.59,525.348,-101.75799999999998,-0.1072335600429111,107883.203,107883.203,,5,BELOW_LR
2026-09-20 19:35:00,2026-09-21T00:35:00.000Z,81610.1,81730,81559.6,81636.6,535.6659999999999,248.089,287.57699999999994,-39.487999999999985,-0.07371757774434066,108031.614,108031.614,,5,BELOW_LR
2026-09-20 19:40:00,2026-09-21T00:40:00.000Z,81636.7,81663.7,81493.3,81663.7,683.64,349.688,333.952,15.73599999999999,0.023017962670411313,107972.372,107972.372,,5,BELOW_LR
2026-09-20 19:45:00,2026-09-21T00:45:00.000Z,81663.6,81800,81616.5,81628.1,2198.1349999999998,1595.629,602.5059999999999,993.123,0.4518025507987454,107922.971,107922.971,,5,BELOW_LR
2026-09-20 19:50:00,2026-09-21T00:50:00.000Z,81628,81706.7,81551.9,81641.5,620.7710000000001,234.163,386.608,-152.445,-0.24557364954226274,107706.934,107706.934,,5,BELOW_LR
2026-09-20 19:55:00,2026-09-21T00:55:00.000Z,81641.7,81673.4,81550,81573.3,320.68399999999997,170.52199999999996,150.16199999999998,20.359999999999996,0.06348929163912137,107773.325,107773.325,,5,BELOW_LR
2026-09-20 20:00:00,2026-09-21T01:00:00.000Z,81573.1,81588.6,81475.5,81588.6,459.64599999999996,191.59199999999998,268.054,-76.46199999999999,-0.1663497561166637,107795.938,107795.938,,5,BELOW_LR
2026-09-20 20:05:00,2026-09-21T01:05:00.000Z,81588.6,81743.6,81565.2,81743.6,454.662,241.281,213.38100000000003,27.89999999999999,0.06136426620214575,107760.523,107760.523,,5,BELOW_LR
2026-09-20 20:10:00,2026-09-21T01:10:00.000Z,81743.6,81782.1,81704.3,81767.5,523.972,274.39300000000003,249.579,24.81400000000002,0.04735749238508932,107830.346,107830.346,,5,BELOW_LR
2026-09-20 20:15:00,2026-09-21T01:15:00.000Z,81767.4,81796.1,81658.6,81796.1,382.963,155.794,227.16899999999998,-71.37499999999999,-0.18637570731376132,107991.167,107991.167,,5,BELOW_LR
2026-09-20 20:20:00,2026-09-21T01:20:00.000Z,81796.1,82099.9,81755.9,81811.9,3364.061,2145.692,1218.3690000000001,927.3229999999999,0.2756558219366414,108074.008,108074.008,,5,BELOW_LR
2026-09-20 20:25:00,2026-09-21T01:25:00.000Z,81811.8,81932.3,81461,81559.9,1902.7469999999998,827.506,1075.2409999999998,-247.73499999999993,-0.1301986023365166,108003.377,108003.377,,5,BELOW_LR
2026-09-20 20:30:00,2026-09-21T01:30:00.000Z,81559.9,81637.9,81229,81326.6,1627.284,602.946,1024.338,-421.39199999999994,-0.2589541837810732,107730.159,107730.159,,5,BELOW_LR
2026-09-20 20:35:00,2026-09-21T01:35:00.000Z,81326.5,81426.9,81324.6,81386.4,407.543,226.348,181.19500000000002,45.153,0.11079321691208044,107736.37,107736.37,,5,BELOW_LR
2026-09-20 20:40:00,2026-09-21T01:40:00.000Z,81386.5,81444,81355,81429.9,431.046,292.45799999999997,138.58800000000002,153.86999999999998,0.35696886179201287,107761.152,107761.152,,5,BELOW_LR
2026-09-20 20:45:00,2026-09-21T01:45:00.000Z,81429.9,81462.8,81215.4,81239,720.3199999999999,210.88,509.44000000000005,-298.56,-0.4144824522434474,107697.738,107697.738,,5,BELOW_LR
2026-09-20 20:50:00,2026-09-21T01:50:00.000Z,81239.1,81261.5,80837.3,80897.5,3480.911,1353.48,2127.431,-773.9509999999998,-0.22234150772599465,107577.276,107577.276,,5,BELOW_LR
2026-09-20 20:55:00,2026-09-21T01:55:00.000Z,80897.5,81082.5,80819.4,80964.3,1535.751,713.876,821.875,-107.99899999999994,-0.07032324901627929,107553.557,107553.557,,5,BELOW_LR
2026-09-20 21:00:00,2026-09-21T02:00:00.000Z,80964.3,81241.4,80909.7,81212.8,1729.777,1069.6390000000001,660.1379999999999,409.5010000000001,0.23673629606590912,107481.687,107481.687,,5,BELOW_LR
2026-09-20 21:05:00,2026-09-21T02:05:00.000Z,81212.9,81270.2,81150,81249.9,470.971,227.611,243.35999999999999,-15.748999999999974,-0.03343942620670906,107768.773,107768.773,,5,BELOW_LR
2026-09-20 21:10:00,2026-09-21T02:10:00.000Z,81250,81341.7,81235,81341.6,659.103,403.977,255.126,148.851,0.22583875357872746,107765.425,107765.425,,5,BELOW_LR
2026-09-20 21:15:00,2026-09-21T02:15:00.000Z,81341.7,81431,81283.1,81430.9,716.512,391.913,324.599,67.314,0.0939467866553526,107971.778,107971.778,,5,BELOW_LR
2026-09-20 21:20:00,2026-09-21T02:20:00.000Z,81431,81485,81398.5,81437.8,511.455,291.438,220.01699999999997,71.421,0.1396427838226237,108156.813,108156.813,,5,BELOW_LR
2026-09-20 21:25:00,2026-09-21T02:25:00.000Z,81437.7,81488.7,81393.2,81394.9,355.85599999999994,204.12699999999998,151.72899999999998,52.398,0.1472449530147026,108259.197,108259.197,,5,BELOW_LR
2026-09-20 21:30:00,2026-09-21T02:30:00.000Z,81394.9,81394.9,81126.8,81132.7,1082.315,245.611,836.7040000000001,-591.0930000000001,-0.54613767710879,108341.089,108341.089,,5,BELOW_LR
2026-09-20 21:35:00,2026-09-21T02:35:00.000Z,81132.7,81296.6,81113.9,81275.8,423.731,193.871,229.85999999999996,-35.988999999999976,-0.08493360174261495,107982.08,107982.08,,5,BELOW_LR
2026-09-20 21:40:00,2026-09-21T02:40:00.000Z,81275.9,81283.7,81188.9,81227.1,245.055,108.59100000000001,136.464,-27.872999999999998,-0.11374181306237374,107915.2,107915.2,,5,BELOW_LR
2026-09-20 21:45:00,2026-09-21T02:45:00.000Z,81227,81294,81162,81217.3,218.702,100.48899999999999,118.213,-17.723999999999997,-0.08104178288264395,107883.44,107883.44,,5,BELOW_LR
2026-09-20 21:50:00,2026-09-21T02:50:00.000Z,81217.2,81300,81193,81299.9,199.10999999999999,121.495,77.61500000000001,43.879999999999995,0.22038069408869468,107889.666,107889.666,,5,BELOW_LR
2026-09-20 21:55:00,2026-09-21T02:55:00.000Z,81300,81368.5,81250,81280,421.92,98.02099999999999,323.89900000000006,-225.878,-0.5353574137277208,107896.803,107896.803,,5,BELOW_LR
2026-09-20 22:00:00,2026-09-21T03:00:00.000Z,81279.9,81427.6,81270.1,81410.3,266.145,175.456,90.689,84.76700000000002,0.3184993142835673,107982.043,107982.043,,5,BELOW_LR
2026-09-20 22:05:00,2026-09-21T03:05:00.000Z,81410.2,81428,81282.2,81305.1,153.85,47.672000000000004,106.178,-58.506,-0.3802794930126747,108008.809,108008.809,,5,BELOW_LR
2026-09-20 22:10:00,2026-09-21T03:10:00.000Z,81305,81305.1,81211,81292.8,146.387,58.792,87.595,-28.802999999999997,-0.19675927507224,108046.498,108046.498,,5,BELOW_LR
2026-09-20 22:15:00,2026-09-21T03:15:00.000Z,81292.8,81392.6,81292.8,81378.8,143.00199999999998,74.005,68.997,5.008000000000001,0.03502048922392695,108060.464,108060.464,,5,BELOW_LR
2026-09-20 22:20:00,2026-09-21T03:20:00.000Z,81378.7,81425,81335.1,81387.9,239.236,124.74900000000001,114.487,10.262000000000011,0.04289488204116442,108068.979,108068.979,,5,BELOW_LR
2026-09-20 22:25:00,2026-09-21T03:25:00.000Z,81388,81482.8,81354.2,81409.6,309.93100000000004,199.93099999999998,109.99999999999999,89.93100000000001,0.2901645850205368,108073.441,108073.441,,5,BELOW_LR
2026-09-20 22:30:00,2026-09-21T03:30:00.000Z,81409.6,81549,81409.6,81500.9,515.0060000000001,323.90599999999995,191.10000000000002,132.80599999999998,0.25787272381292636,108144.513,108144.513,,5,BELOW_LR
2026-09-20 22:35:00,2026-09-21T03:35:00.000Z,81501,81530,81424,81430.2,202.791,81.73599999999999,121.055,-39.319,-0.19388927516507146,108234.649,108234.649,,5,BELOW_LR
2026-09-20 22:40:00,2026-09-21T03:40:00.000Z,81430.3,81459.2,81416.1,81447.9,123.001,40.772,82.22900000000001,-41.456999999999994,-0.33704604027609525,108242.732,108242.732,,5,BELOW_LR
2026-09-20 22:45:00,2026-09-21T03:45:00.000Z,81447.8,81486.9,81393.2,81460.7,150.146,61.822,88.32400000000001,-26.502000000000006,-0.17650819868661174,108223.794,108223.794,,5,BELOW_LR
2026-09-20 22:50:00,2026-09-21T03:50:00.000Z,81460.6,81460.6,81346.1,81346.2,158.09699999999998,72.279,85.818,-13.539000000000005,-0.08563729862046722,108192.259,108192.259,,5,BELOW_LR
2026-09-20 22:55:00,2026-09-21T03:55:00.000Z,81346.2,81407.5,81338.6,81403.7,123.88700000000001,80.94699999999999,42.940000000000005,38.00699999999999,0.3067876371209246,108209.138,108209.138,,5,BELOW_LR
2026-09-20 23:00:00,2026-09-21T04:00:00.000Z,81403.7,81439.2,81346.1,81346.1,148.482,65.044,83.438,-18.394000000000002,-0.12388033566358213,108224.538,108224.538,,5,BELOW_LR
2026-09-20 23:05:00,2026-09-21T04:05:00.000Z,81346.1,81346.2,81249.1,81302,303.402,88.12700000000001,215.27500000000003,-127.148,-0.4190743633858709,108259.411,108259.411,,5,BELOW_LR
2026-09-20 23:10:00,2026-09-21T04:10:00.000Z,81302.1,81327.5,81250,81250.1,323.777,91.116,232.661,-141.545,-0.43716817439163375,108216.37,108216.37,,5,BELOW_LR
2026-09-20 23:15:00,2026-09-21T04:15:00.000Z,81250,81326.6,81235.9,81235.9,187.542,80.29999999999998,107.242,-26.941999999999997,-0.14365848716554155,108209.182,108209.182,,5,BELOW_LR
2026-09-20 23:20:00,2026-09-21T04:20:00.000Z,81236,81276.5,81219.2,81229.2,189.427,73.849,115.57799999999999,-41.729,-0.22029066606133235,108179.417,108179.417,,5,BELOW_LR
2026-09-20 23:25:00,2026-09-21T04:25:00.000Z,81229.1,81281.9,81213.8,81270,129.791,79.403,50.388,29.015,0.2235517100569377,108157.254,108157.254,,5,BELOW_LR
2026-09-20 23:30:00,2026-09-21T04:30:00.000Z,81270,81306.9,81199.9,81300.1,238.90599999999998,100.84700000000001,138.059,-37.21200000000002,-0.15576000602747533,108155.509,108155.509,,5,BELOW_LR
2026-09-20 23:35:00,2026-09-21T04:35:00.000Z,81300.1,81371.9,81285.8,81346.5,221.36599999999999,97.13499999999999,124.231,-27.095999999999997,-0.1224036211522998,108145.017,108145.017,,5,BELOW_LR
2026-09-20 23:40:00,2026-09-21T04:40:00.000Z,81346.4,81395.9,81336.9,81394.1,91.198,60.417,30.780999999999995,29.636000000000003,0.3249632667383057,108177.749,108177.749,,5,BELOW_LR
2026-09-20 23:45:00,2026-09-21T04:45:00.000Z,81394,81480.3,81380,81469.6,161.272,99.488,61.78399999999999,37.70400000000001,0.2337913586983482,108184.018,108184.018,,5,BELOW_LR
2026-09-20 23:50:00,2026-09-21T04:50:00.000Z,81469.7,81481.5,81395.1,81395.1,128.093,43.328,84.765,-41.437,-0.32349152568836703,108191.815,108191.815,,5,BELOW_LR
2026-09-20 23:55:00,2026-09-21T04:55:00.000Z,81395.1,81420.4,81341.3,81365.5,254.98200000000003,168.629,86.35300000000002,82.276,0.3226737573632648,108195.012,108195.012,,5,BELOW_LR
2026-09-21 00:00:00,2026-09-21T05:00:00.000Z,81365.5,81395,81334,81334,81.82900000000001,31.085,50.744,-19.659,-0.2402449009519852,108166.008,108166.008,,5,BELOW_LR
2026-09-21 00:05:00,2026-09-21T05:05:00.000Z,81334,81350,81271,81277.4,116.27700000000002,24.143,92.13400000000001,-67.99100000000001,-0.5847330082475468,108171.45,108171.45,,5,BELOW_LR
2026-09-21 00:10:00,2026-09-21T05:10:00.000Z,81277.4,81305.4,81271.1,81300,133.323,46.543000000000006,86.78,-40.236999999999995,-0.3018008895689415,108182.527,108182.527,,5,BELOW_LR
2026-09-21 00:15:00,2026-09-21T05:15:00.000Z,81300,81418.2,81299.9,81381,196.81,145.91,50.89999999999999,95.01,0.4827498602713277,108174.739,108174.739,,5,BELOW_LR
2026-09-21 00:20:00,2026-09-21T05:20:00.000Z,81381,81501.4,81362.7,81494.6,284.956,223.48000000000002,61.475999999999985,162.00400000000002,0.5685228596695631,108145.033,108145.033,,5,BELOW_LR
2026-09-21 00:25:00,2026-09-21T05:25:00.000Z,81494.6,81626,81488.7,81554.4,1075.814,689.911,385.90299999999996,304.0079999999999,0.2825841641770788,108244.155,108244.155,,5,BELOW_LR
2026-09-21 00:30:00,2026-09-21T05:30:00.000Z,81554.3,81765.5,81551.5,81742.6,980.128,591.9179999999999,388.21,203.70800000000006,0.20783815991380722,108669.106,108669.106,,5,BELOW_LR
2026-09-21 00:35:00,2026-09-21T05:35:00.000Z,81742.6,81750,81614.8,81621.9,359.23199999999997,116.803,242.429,-125.62599999999999,-0.3497071530375913,108874.062,108874.062,,5,BELOW_LR
2026-09-21 00:40:00,2026-09-21T05:40:00.000Z,81621.9,81649.3,81589,81589,215.92899999999997,66.004,149.92499999999998,-83.92099999999998,-0.3886508991381426,108896.62,108896.62,,5,BELOW_LR
2026-09-21 00:45:00,2026-09-21T05:45:00.000Z,81589,81653.6,81507.4,81545,322.894,116.087,206.807,-90.72,-0.2809590763532305,108882.126,108882.126,,5,BELOW_LR
2026-09-21 00:50:00,2026-09-21T05:50:00.000Z,81545,81570.3,81516.3,81527.9,150.752,61.057,89.695,-28.638,-0.18996762895351305,108892.722,108892.722,,5,BELOW_LR
2026-09-21 00:55:00,2026-09-21T05:55:00.000Z,81527.9,81527.9,81487.1,81520,142.588,53.89,88.69800000000001,-34.808,-0.244115914382697,108907.009,108907.009,,5,BELOW_LR
2026-09-21 01:00:00,2026-09-21T06:00:00.000Z,81520,81629.9,81506,81629.8,263.48199999999997,136.43599999999998,127.04599999999999,9.389999999999999,0.03563810810605658,108931.408,108931.408,,5,BELOW_LR
2026-09-21 01:05:00,2026-09-21T06:05:00.000Z,81629.8,81629.8,81539.8,81593.4,274.184,73.94800000000001,200.236,-126.28800000000003,-0.4605958042774196,108941.07,108941.07,,5,BELOW_LR
2026-09-21 01:10:00,2026-09-21T06:10:00.000Z,81593.5,81664.3,81570.3,81639.9,295.707,152.707,143,9.70699999999998,0.032826412631422254,108931.16,108931.16,,5,BELOW_LR
2026-09-21 01:15:00,2026-09-21T06:15:00.000Z,81640,81813.1,81639.9,81773.8,460.945,295.419,165.526,129.893,0.28179717753745026,108994.272,108994.272,,5,BELOW_LR
2026-09-21 01:20:00,2026-09-21T06:20:00.000Z,81773.8,81838.4,81720.7,81801.9,377.154,218.682,158.47199999999998,60.209999999999994,0.15964301054741564,108998.856,108998.856,,5,BELOW_LR
2026-09-21 01:25:00,2026-09-21T06:25:00.000Z,81801.9,81857.1,81741.3,81786.6,323.69399999999996,159.03099999999998,164.663,-5.632000000000005,-0.01739914857859585,109017.38,109017.38,,5,BELOW_LR
2026-09-21 01:30:00,2026-09-21T06:30:00.000Z,81786.6,81807.7,81761.5,81797.4,157.886,68.151,89.735,-21.583999999999996,-0.13670623107811963,109021.948,109021.948,,5,BELOW_LR
2026-09-21 01:35:00,2026-09-21T06:35:00.000Z,81797.4,81797.5,81582.3,81595.3,558.048,131.027,427.02099999999996,-295.9940000000001,-0.5304095705028959,109041.805,109041.805,,5,BELOW_LR
2026-09-21 01:40:00,2026-09-21T06:40:00.000Z,81595.3,81595.3,81356,81357.3,1273.079,314.491,958.588,-644.097,-0.5059363951490834,108953.513,108953.513,,5,BELOW_LR
2026-09-21 01:45:00,2026-09-21T06:45:00.000Z,81357.4,81727.8,81357.4,81693.6,1083.9080000000001,575.2389999999999,508.66900000000004,66.56999999999998,0.06141665159773705,109214.791,109214.791,,5,BELOW_LR
2026-09-21 01:50:00,2026-09-21T06:50:00.000Z,81693.6,81693.6,81556.5,81590.9,357.169,108.99,248.17899999999997,-139.189,-0.38970067391066976,109387.772,109387.772,,5,BELOW_LR
2026-09-21 01:55:00,2026-09-21T06:55:00.000Z,81590.8,81636.9,81556.4,81609,155.551,72.13,83.42099999999999,-11.291000000000004,-0.07258712576582603,109427.342,109427.342,,5,BELOW_LR
2026-09-21 02:00:00,2026-09-21T07:00:00.000Z,81609.1,81650,81572.3,81613.6,326.66499999999996,113.94600000000001,212.71900000000002,-98.773,-0.3023678692238226,109452.686,109452.686,,5,BELOW_LR
2026-09-21 02:05:00,2026-09-21T07:05:00.000Z,81613.6,81613.7,81515,81547.9,207.686,86.76899999999999,120.91699999999999,-34.148,-0.16442128983176527,109563.093,109563.093,,5,BELOW_LR
2026-09-21 02:10:00,2026-09-21T07:10:00.000Z,81547.9,81571.2,81438.2,81534.4,418.049,274.027,144.022,130.005,0.31098029178397746,109599.203,109599.203,,5,BELOW_LR
2026-09-21 02:15:00,2026-09-21T07:15:00.000Z,81534.5,81577.9,81504.2,81569.5,226.399,100.951,125.44800000000001,-24.496999999999993,-0.10820277474723825,109575.156,109575.156,,5,BELOW_LR
2026-09-21 02:20:00,2026-09-21T07:20:00.000Z,81569.5,81625.9,81566.6,81578.8,201.035,92.805,108.22999999999999,-15.424999999999983,-0.0767279329469992,109618.729,109618.729,,5,BELOW_LR
2026-09-21 02:25:00,2026-09-21T07:25:00.000Z,81578.7,81638.8,81560.1,81581.4,145.77599999999998,78.668,67.108,11.560000000000002,0.07929974755789708,109654.119,109654.119,,5,BELOW_LR
2026-09-21 02:30:00,2026-09-21T07:30:00.000Z,81581.5,81586.6,81450,81482.4,325.92900000000003,150.27400000000003,175.65499999999997,-25.38099999999998,-0.07787278824529262,109662.103,109662.103,,5,BELOW_LR
2026-09-21 02:35:00,2026-09-21T07:35:00.000Z,81482.3,81561.7,81467.9,81533.2,279.17,166.39600000000004,112.774,53.62200000000001,0.1920765125192535,109647.604,109647.604,,5,BELOW_LR
2026-09-21 02:40:00,2026-09-21T07:40:00.000Z,81533.3,81534.6,81433.2,81475.4,252.36599999999999,141.595,110.771,30.824,0.12214006641148176,109629.76,109629.76,,5,BELOW_LR
2026-09-21 02:45:00,2026-09-21T07:45:00.000Z,81475.4,81539.1,81450,81539,245.27,140.677,104.593,36.08399999999999,0.14711950095812773,109603.469,109603.469,,5,BELOW_LR
2026-09-21 02:50:00,2026-09-21T07:50:00.000Z,81539,81650,81521.8,81650,300.241,192.39499999999998,107.846,84.54899999999999,0.2816037782981005,109639.497,109639.497,,5,BELOW_LR
2026-09-21 02:55:00,2026-09-21T07:55:00.000Z,81650,81700,81635.1,81699.9,408.71000000000004,200.599,208.111,-7.5120000000000005,-0.01837978028430917,109661.511,109661.511,,5,BELOW_LR
2026-09-21 03:00:00,2026-09-21T08:00:00.000Z,81700,81875,81697.2,81822.6,919.3280000000001,479.576,439.75200000000007,39.824,0.043318597932402794,109752.972,109752.972,,5,BELOW_LR
2026-09-21 03:05:00,2026-09-21T08:05:00.000Z,81822.7,81975.7,81767.3,81899.1,1130.153,709.4530000000001,420.69999999999993,288.7530000000001,0.25549903420156395,109899.483,109899.483,,5,BELOW_LR
2026-09-21 03:10:00,2026-09-21T08:10:00.000Z,81899.1,81958.8,81837.5,81860,696.483,346.73,349.753,-3.0229999999999855,-0.004340378731426303,110123.925,110123.925,,5,BELOW_LR
2026-09-21 03:15:00,2026-09-21T08:15:00.000Z,81859.9,81936,81838.6,81924.5,430.48400000000004,215.862,214.62199999999999,1.240000000000009,0.002880478716979049,110339.078,110339.078,,5,BELOW_LR
2026-09-21 03:20:00,2026-09-21T08:20:00.000Z,81924.5,82222,81895.3,82117,2400.782,1583.423,817.3589999999999,766.0640000000001,0.3190893633824312,110419.287,110419.287,,5,BELOW_LR
2026-09-21 03:25:00,2026-09-21T08:25:00.000Z,82117,82249.9,82068,82204.8,1405.315,812.7450000000001,592.5699999999999,220.17499999999998,0.15667305906504944,110588.262,110588.262,,5,BELOW_LR
2026-09-21 03:30:00,2026-09-21T08:30:00.000Z,82204.7,82700,82153.2,82523.3,5912.1669999999995,3720.472,2191.695,1528.777,0.25858149812073983,110782.567,110782.567,,5,BELOW_LR
2026-09-21 03:35:00,2026-09-21T08:35:00.000Z,82523.4,84275.5,82509.9,83494.4,15826.204000000002,10245.027,5581.1770000000015,4663.849999999999,0.294691639258536,110694.236,110694.236,,5,TOUCH/CROSS_LR
2026-09-21 03:40:00,2026-09-21T08:40:00.000Z,83494.3,83900,83437.6,83501.5,5305.571,2602.099,2703.472,-101.37300000000027,-0.01910689725950332,109394.287,109394.287,,5,ABOVE_LR
2026-09-21 03:45:00,2026-09-21T08:45:00.000Z,83501.6,83865.6,83273.6,83727.7,3981.1800000000003,2026.786,1954.394,72.39199999999977,0.01818355361978101,109655.772,109655.772,,5,ABOVE_LR
2026-09-21 03:50:00,2026-09-21T08:50:00.000Z,83728.6,83849.8,83642.5,83779.6,1515.0240000000001,717.9190000000001,797.105,-79.186,-0.05226715880408495,109771.783,109771.783,,5,ABOVE_LR
2026-09-21 03:55:00,2026-09-21T08:55:00.000Z,83779.6,83812.8,83647.6,83717.3,1307.135,675.567,631.568,43.999000000000024,0.03366063949018275,110070.093,110070.093,,5,ABOVE_LR
2026-09-21 04:00:00,2026-09-21T09:00:00.000Z,83717.3,83957.8,83660.4,83831.9,1996.2920000000001,1038.767,957.5250000000001,81.24199999999999,0.04069645122056292,110314.84,110314.84,,5,ABOVE_LR
2026-09-21 04:05:00,2026-09-21T09:05:00.000Z,83831.9,84020.6,83817.7,83904.2,1929.085,1029.529,899.556,129.973,0.06737546557046475,110472.924,110472.924,,5,ABOVE_LR
2026-09-21 04:10:00,2026-09-21T09:10:00.000Z,83904.3,84017.4,83858.2,83892.7,1475.536,659.46,816.076,-156.616,-0.10614176814391517,110815.832,110815.832,,5,ABOVE_LR
2026-09-21 04:15:00,2026-09-21T09:15:00.000Z,83892.7,84044.3,83861.5,83969.1,1126.197,583.438,542.759,40.678999999999945,0.03612067870896473,110821.05,110821.05,,5,ABOVE_LR
2026-09-21 04:20:00,2026-09-21T09:20:00.000Z,83969,84044.1,83872.5,83979.9,1176.185,607.4050000000001,568.78,38.62500000000003,0.032839221721072814,111019.813,111019.813,,5,ABOVE_LR
2026-09-21 04:25:00,2026-09-21T09:25:00.000Z,83979.9,84578.9,83979.9,84419,6884.999000000001,4356.204,2528.795,1827.4089999999997,0.2654189201770399,111036.574,111036.574,,5,ABOVE_LR
2026-09-21 04:30:00,2026-09-21T09:30:00.000Z,84418.9,84793.9,84291.1,84710.9,4711.563,2739.4909999999995,1972.0720000000001,767.4190000000001,0.16287991904172777,110446.734,110446.734,,5,ABOVE_LR
2026-09-21 04:35:00,2026-09-21T09:35:00.000Z,84710.9,85285,84651.1,84866.1,7679.032,4513.366,3165.666,1347.6999999999998,0.17550389163634164,110454.142,110454.142,,5,ABOVE_LR
2026-09-21 04:40:00,2026-09-21T09:40:00.000Z,84866,85063.4,84723.8,84990,3264.1760000000004,1761.283,1502.8930000000003,258.3899999999999,0.07915933454568622,109720.058,109720.058,,5,ABOVE_LR
2026-09-21 04:45:00,2026-09-21T09:45:00.000Z,84990,85033.9,84755.1,84761.5,2192.0370000000003,1006.6530000000001,1185.384,-178.731,-0.08153648866328442,110112.542,110112.542,,5,ABOVE_LR
2026-09-21 04:50:00,2026-09-21T09:50:00.000Z,84761.6,84820,84604.2,84679.2,1898.593,771.867,1126.726,-354.85900000000004,-0.18690630377337325,110114.916,110114.916,,5,ABOVE_LR
2026-09-21 04:55:00,2026-09-21T09:55:00.000Z,84679.2,84710.8,84543.4,84626,1579.6470000000002,718.0509999999999,861.596,-143.545,-0.09087156814148982,110034.241,110034.241,,5,ABOVE_LR
2026-09-21 05:00:00,2026-09-21T10:00:00.000Z,84625.9,84800.8,84534.9,84563.3,2529.922,1170.543,1359.379,-188.83600000000004,-0.07464103636396696,110234.141,110234.141,,5,ABOVE_LR
2026-09-21 05:05:00,2026-09-21T10:05:00.000Z,84563.2,84650.4,84460.8,84589.5,1604.792,808.154,796.638,11.515999999999934,0.007176007856469832,110334.34,110334.34,,5,ABOVE_LR
2026-09-21 05:10:00,2026-09-21T10:10:00.000Z,84589.5,84609,84515.7,84543.7,674.308,277.071,397.23699999999997,-120.166,-0.17820639826310825,110147.393,110147.393,,5,ABOVE_LR
2026-09-21 05:15:00,2026-09-21T10:15:00.000Z,84543.6,84680.2,84522,84650.1,634.5699999999999,332.526,302.044,30.482000000000042,0.04803567770301156,110198.134,110198.134,,5,ABOVE_LR
2026-09-21 05:20:00,2026-09-21T10:20:00.000Z,84650,84717.2,84474.3,84520.1,750.419,346.79200000000003,403.627,-56.83500000000002,-0.07573768787837198,110210.881,110210.881,,5,ABOVE_LR
2026-09-21 05:25:00,2026-09-21T10:25:00.000Z,84520,84550,84337,84339.7,1393.608,566.815,826.7929999999999,-259.97799999999995,-0.18655030682946708,110236.435,110236.435,,5,ABOVE_LR
2026-09-21 05:30:00,2026-09-21T10:30:00.000Z,84339.6,84444.2,84185.3,84235.8,1517.923,566.64,951.283,-384.64300000000003,-0.2534008642072095,110277.667,110277.667,,5,ABOVE_LR
2026-09-21 05:35:00,2026-09-21T10:35:00.000Z,84235.8,84267.9,84138.2,84138.2,829.284,376.9270000000001,452.357,-75.42999999999999,-0.09095798303114493,110440.64,110440.64,,5,ABOVE_LR
2026-09-21 05:40:00,2026-09-21T10:40:00.000Z,84138.3,84265.3,84100.3,84231.4,1177.52,638.682,538.838,99.84400000000004,0.08479176574495553,110448.721,110448.721,,5,ABOVE_LR
2026-09-21 05:45:00,2026-09-21T10:45:00.000Z,84231.4,84260,84145.3,84193.2,532.421,300.339,232.08200000000005,68.25699999999999,0.12820117914206988,110241.352,110241.352,,5,ABOVE_LR
2026-09-21 05:50:00,2026-09-21T10:50:00.000Z,84193.2,84259.1,84117.4,84246.8,533.365,346.72900000000004,186.636,160.09300000000002,0.3001565532046535,110189.695,110189.695,,5,ABOVE_LR
2026-09-21 05:55:00,2026-09-21T10:55:00.000Z,84246.8,84421.2,84234.6,84400.1,1488.869,979.201,509.668,469.533,0.315362197748761,110196.652,110196.652,,5,ABOVE_LR
2026-09-21 06:00:00,2026-09-21T11:00:00.000Z,84400.2,84496,84350.8,84466.3,1096.023,636.273,459.75,176.52300000000002,0.16105775152528737,109938.354,109938.354,,5,ABOVE_LR
2026-09-21 06:05:00,2026-09-21T11:05:00.000Z,84466.4,84550.3,84437.1,84510.7,1071.249,601.546,469.70300000000003,131.84299999999993,0.1230740938848017,109858.203,109858.203,,5,ABOVE_LR
2026-09-21 06:10:00,2026-09-21T11:10:00.000Z,84510.8,84617.8,84502.5,84560.1,709.8090000000001,441.774,268.03499999999997,173.739,0.24476866311923345,109965.025,109965.025,,5,ABOVE_LR
2026-09-21 06:15:00,2026-09-21T11:15:00.000Z,84560,84659.7,84488,84544.6,559.6179999999999,286.326,273.292,13.034000000000042,0.023290887712689806,110007.417,110007.417,,5,ABOVE_LR
2026-09-21 06:20:00,2026-09-21T11:20:00.000Z,84544.6,84616.3,84526.4,84584.4,364.41299999999995,178.384,186.029,-7.645000000000003,-0.020978944219882396,109989.774,109989.774,,5,ABOVE_LR
2026-09-21 06:25:00,2026-09-21T11:25:00.000Z,84584.5,84675.8,84580.9,84632,436.306,234.66799999999998,201.63799999999998,33.02999999999998,0.07570374920354059,109974.625,109974.625,,5,ABOVE_LR
2026-09-21 06:30:00,2026-09-21T11:30:00.000Z,84632,84762.1,84573.1,84700.1,850.0200000000001,448.879,401.141,47.737999999999985,0.05616103150514103,110002.853,110002.853,,5,ABOVE_LR
2026-09-21 06:35:00,2026-09-21T11:35:00.000Z,84700,84783.6,84650.5,84767.8,359.912,194.42700000000002,165.48499999999996,28.942000000000036,0.08041410122474393,110090.139,110090.139,,5,ABOVE_LR
2026-09-21 06:40:00,2026-09-21T11:40:00.000Z,84767.8,84855.5,84760.1,84788.9,955.953,617.712,338.24100000000004,279.47099999999995,0.29234805476838294,110143.165,110143.165,,5,ABOVE_LR
2026-09-21 06:45:00,2026-09-21T11:45:00.000Z,84788.8,84840,84710,84840,563.288,239.43400000000003,323.85400000000004,-84.42,-0.14987004871397935,110327.539,110327.539,,5,ABOVE_LR
2026-09-21 06:50:00,2026-09-21T11:50:00.000Z,84839.9,84882.2,84785.2,84817.4,758.5289999999999,314.01099999999997,444.51800000000003,-130.50700000000003,-0.17205274946640148,110283.719,110283.719,,5,ABOVE_LR
2026-09-21 06:55:00,2026-09-21T11:55:00.000Z,84817.4,84850,84672,84849.9,573.3489999999999,227.94400000000002,345.40500000000003,-117.46100000000004,-0.2048682390655605,110197.775,110197.775,,5,ABOVE_LR
2026-09-21 07:00:00,2026-09-21T12:00:00.000Z,84849.9,84965.3,84773.4,84941.6,1419.004,837.758,581.246,256.51200000000006,0.18076904645793815,110196.805,110196.805,,5,ABOVE_LR
2026-09-21 07:05:00,2026-09-21T12:05:00.000Z,84941.6,85133,84900,84900,1763.101,939.7299999999999,823.371,116.35899999999995,0.0659967863440608,110348.315,110348.315,,5,ABOVE_LR
2026-09-21 07:10:00,2026-09-21T12:10:00.000Z,84900,85050.5,84844.6,84954.8,971.9879999999998,404.022,567.966,-163.94399999999996,-0.16866874899690118,110462.11,110462.11,,5,ABOVE_LR
2026-09-21 07:15:00,2026-09-21T12:15:00.000Z,84954.9,85265.4,84937.3,85203.3,2106.2309999999998,1223.6190000000001,882.6120000000001,341.00700000000006,0.1619038937324539,110571.522,110571.522,,5,ABOVE_LR
2026-09-21 07:20:00,2026-09-21T12:20:00.000Z,85203.4,85449,84993.9,85192.5,2425.436,1308.336,1117.1,191.23600000000005,0.07884603015705219,111127.167,111127.167,,5,ABOVE_LR
2026-09-21 07:25:00,2026-09-21T12:25:00.000Z,85192.1,85192.2,84982,85045,1076.68,361.192,715.488,-354.29600000000005,-0.3290634171713044,111128.426,111128.426,,5,ABOVE_LR
2026-09-21 07:30:00,2026-09-21T12:30:00.000Z,85045.1,85236.9,84995,85211.2,911.522,544.419,367.103,177.31599999999997,0.1945273948407169,111103.672,111103.672,,5,ABOVE_LR
2026-09-21 07:35:00,2026-09-21T12:35:00.000Z,85211.1,85383.1,85189.2,85237.9,1252.8029999999999,618.216,634.587,-16.370999999999967,-0.013067497443732149,111248.424,111248.424,,5,ABOVE_LR
2026-09-21 07:40:00,2026-09-21T12:40:00.000Z,85237.8,85273.9,85074.4,85250,744.46,332.296,412.164,-79.86800000000002,-0.10728313139725441,111392.862,111392.862,,5,ABOVE_LR
2026-09-21 07:45:00,2026-09-21T12:45:00.000Z,85250,85280,85120.4,85243.4,595.871,305.865,290.00600000000003,15.858999999999995,0.026614820993134412,111502.706,111502.706,,5,ABOVE_LR
2026-09-21 07:50:00,2026-09-21T12:50:00.000Z,85243.4,85258.1,85161.7,85257.9,415.209,155.753,259.456,-103.70300000000002,-0.24976096375560264,111570.962,111570.962,,5,ABOVE_LR
2026-09-21 07:55:00,2026-09-21T12:55:00.000Z,85257.9,85389.5,85243.8,85277.7,1082.25,637.1299999999999,445.1200000000001,192.00999999999996,0.17741741741741737,111572.189,111572.189,,5,ABOVE_LR
2026-09-21 08:00:00,2026-09-21T13:00:00.000Z,85277.7,85324.2,85163.3,85184.5,730.053,306.006,424.047,-118.04099999999997,-0.1616882609892706,111704.039,111704.039,,5,ABOVE_LR
2026-09-21 08:05:00,2026-09-21T13:05:00.000Z,85184.5,85419.9,85184.4,85301.3,834.0790000000001,505.057,329.022,176.03499999999997,0.21105314964170055,111706.862,111706.862,,5,ABOVE_LR
2026-09-21 08:10:00,2026-09-21T13:10:00.000Z,85301.4,85301.4,85032.4,85126,1227.815,459.781,768.0339999999999,-308.253,-0.25105818058909524,111728.24,111728.24,,5,ABOVE_LR
2026-09-21 08:15:00,2026-09-21T13:15:00.000Z,85126.1,85169.1,85056.9,85130.4,643.987,333.19399999999996,310.793,22.40099999999999,0.03478486366960822,111655.878,111655.878,,5,ABOVE_LR
2026-09-21 08:20:00,2026-09-21T13:20:00.000Z,85130.4,85180,85037.6,85037.6,591.0260000000001,292.087,298.939,-6.852000000000004,-0.01159339859836962,111659.694,111659.694,,5,ABOVE_LR
2026-09-21 08:25:00,2026-09-21T13:25:00.000Z,85037.6,85105.8,84855.9,84894.7,2271.425,764.9949999999999,1506.43,-741.4350000000002,-0.3264184377648393,111670.647,111670.647,,5,ABOVE_LR
2026-09-21 08:30:00,2026-09-21T13:30:00.000Z,84894.7,85131.3,84785.1,85121.7,1932.0969999999995,996.468,935.6289999999999,60.83900000000014,0.031488584682860206,111836.616,111836.616,,5,ABOVE_LR
2026-09-21 08:35:00,2026-09-21T13:35:00.000Z,85121.7,85190,84724.9,85029.1,1997.554,977.718,1019.8359999999999,-42.11799999999997,-0.0210847866941269,111772.616,111772.616,,5,ABOVE_LR
2026-09-21 08:40:00,2026-09-21T13:40:00.000Z,85029.2,85100,84933.3,85033.7,1011.41,559.0219999999999,452.3879999999999,106.63400000000001,0.10543103192572746,111687.513,111687.513,,5,ABOVE_LR
2026-09-21 08:45:00,2026-09-21T13:45:00.000Z,85033.8,85547.8,84993.9,85399.5,3531.775,2248.606,1283.1690000000003,965.4369999999998,0.2733574477422825,111788.765,111788.765,,5,ABOVE_LR
2026-09-21 08:50:00,2026-09-21T13:50:00.000Z,85399.5,85803.1,85344,85370.9,4508.991,2391.422,2117.569,273.8530000000001,0.060734873944081974,111663.912,111663.912,,5,ABOVE_LR
2026-09-21 08:55:00,2026-09-21T13:55:00.000Z,85370.9,85635.9,85291.8,85430,1801.57,782.094,1019.4759999999999,-237.38199999999992,-0.1317639614336384,111384.015,111384.015,,5,ABOVE_LR
2026-09-21 09:00:00,2026-09-21T14:00:00.000Z,85430,85505.1,85185.1,85259,2087.2780000000002,741.622,1345.656,-604.0340000000001,-0.28938838046489257,111403.866,111403.866,,5,ABOVE_LR
2026-09-21 09:05:00,2026-09-21T14:05:00.000Z,85258.1,85280,85007,85210.5,2161.444,1089.956,1071.4879999999998,18.468000000000075,0.008544287985254338,111292.221,111292.221,,5,ABOVE_LR
2026-09-21 09:10:00,2026-09-21T14:10:00.000Z,85210.4,85421.9,85181.1,85269.9,1687.3819999999998,845.3949999999999,841.9870000000001,3.40799999999993,0.0020196967847232756,111401.79,111401.79,,5,ABOVE_LR
2026-09-21 09:15:00,2026-09-21T14:15:00.000Z,85269.9,85427.8,85178.4,85374.9,1797.513,895.81,901.7029999999999,-5.892999999999958,-0.0032784185705471715,111455.885,111455.885,,5,ABOVE_LR
2026-09-21 09:20:00,2026-09-21T14:20:00.000Z,85375,85754.8,85300,85674.4,2341.946,1642.073,699.873,942.1999999999998,0.40231499786929326,111785.121,111785.121,,5,ABOVE_LR
2026-09-21 09:25:00,2026-09-21T14:25:00.000Z,85674.5,85750,85584.7,85680.4,1147.0400000000002,562.923,584.1170000000001,-21.19400000000003,-0.018477123727158623,111960.953,111960.953,,5,ABOVE_LR
2026-09-21 09:30:00,2026-09-21T14:30:00.000Z,85680.4,85960,85561,85954.1,2935.4809999999998,1718.2030000000002,1217.278,500.9250000000002,0.17064494711428901,112048.853,112048.853,,5,ABOVE_LR
2026-09-21 09:35:00,2026-09-21T14:35:00.000Z,85954.2,85980.3,85733.5,85788.4,2668.893,694.0179999999999,1974.875,-1280.857,-0.4799207012045818,112074.206,112074.206,,5,ABOVE_LR
2026-09-21 09:40:00,2026-09-21T14:40:00.000Z,85788.4,85816,85531.9,85757.5,1884.557,889.855,994.7020000000001,-104.847,-0.055634825585004856,111728.79,111728.79,,5,ABOVE_LR
2026-09-21 09:45:00,2026-09-21T14:45:00.000Z,85757.5,85959.6,85660.3,85949.5,1014.2750000000001,565.8050000000001,448.46999999999997,117.33500000000002,0.11568361637622934,111532.25,111532.25,,5,ABOVE_LR
2026-09-21 09:50:00,2026-09-21T14:50:00.000Z,85950,86099.3,85920,86033,2406.395,1419.713,986.6820000000002,433.03099999999984,0.1799500913191724,111610.593,111610.593,,5,ABOVE_LR
2026-09-21 09:55:00,2026-09-21T14:55:00.000Z,86032.9,86033,85649.5,85808.8,2264.308,883.355,1380.9529999999997,-497.59799999999996,-0.21975720617513164,111595.279,111595.279,,5,ABOVE_LR
2026-09-21 10:00:00,2026-09-21T15:00:00.000Z,85808.7,85986.3,85759.3,85969.1,1244.721,680.389,564.3320000000001,116.05699999999996,0.09323936850105362,111363.465,111363.465,,5,ABOVE_LR
2026-09-21 10:05:00,2026-09-21T15:05:00.000Z,85969.1,86340,85933.7,86273,3664.052,2318.45,1345.6020000000003,972.8479999999997,0.2655115156662623,111400.86,111400.86,,5,ABOVE_LR
2026-09-21 10:10:00,2026-09-21T15:10:00.000Z,86272.9,86309,86071.1,86245,1753.682,744.171,1009.511,-265.3400000000001,-0.1513045124486652,111349.457,111349.457,,5,ABOVE_LR
2026-09-21 10:15:00,2026-09-21T15:15:00.000Z,86245,86245,86050.3,86086.1,1554.425,488.69800000000004,1065.727,-577.029,-0.3712170095051225,111264.161,111264.161,,5,ABOVE_LR
2026-09-21 10:20:00,2026-09-21T15:20:00.000Z,86086.1,86086.2,85814.8,85832.3,1887.2399999999998,873.078,1014.162,-141.084,-0.07475678768995996,111036.186,111036.186,,5,ABOVE_LR
2026-09-21 10:25:00,2026-09-21T15:25:00.000Z,85832.3,85879.8,85759.2,85810,1099.065,422.295,676.77,-254.47500000000002,-0.23153771614963628,110955.752,110955.752,,5,ABOVE_LR
2026-09-21 10:30:00,2026-09-21T15:30:00.000Z,85809.9,85889.6,85750,85834.3,763.0210000000001,370.77900000000005,392.242,-21.46299999999998,-0.028128976790940195,110954.562,110954.562,,5,ABOVE_LR
2026-09-21 10:35:00,2026-09-21T15:35:00.000Z,85834.2,85937.3,85771.6,85937.3,764.5600000000001,382.264,382.296,-0.03200000000001069,-0.000041854138327941145,110986.794,110986.794,,5,ABOVE_LR
2026-09-21 10:40:00,2026-09-21T15:40:00.000Z,85937.2,86080,85805.8,86080,1257.162,901.039,356.123,544.916,0.43344930884007,111022.405,111022.405,,5,ABOVE_LR
2026-09-21 10:45:00,2026-09-21T15:45:00.000Z,86079.9,86134,86003,86026,1502.571,892.08,610.491,281.58900000000006,0.1874047881930372,110843.052,110843.052,,5,ABOVE_LR
2026-09-21 10:50:00,2026-09-21T15:50:00.000Z,86026,86101.1,85906.6,85909.1,1153.2259999999999,520.685,632.5409999999999,-111.85599999999998,-0.09699399770730108,110672.21,110672.21,,5,ABOVE_LR
2026-09-21 10:55:00,2026-09-21T15:55:00.000Z,85909,85998.4,85848.5,85877.5,839.906,270.004,569.902,-299.898,-0.3570613854407518,110626.409,110626.409,,5,ABOVE_LR
2026-09-21 11:00:00,2026-09-21T16:00:00.000Z,85877.4,85921.7,85710.1,85721.7,1002.4470000000001,348.962,653.485,-304.523,-0.3037796511935294,110573.409,110573.409,,5,ABOVE_LR
2026-09-21 11:05:00,2026-09-21T16:05:00.000Z,85721.7,85830,85636.9,85694.2,1346.2569999999998,658.297,687.9599999999998,-29.66299999999994,-0.022033683018918337,110584.748,110584.748,,5,ABOVE_LR
2026-09-21 11:10:00,2026-09-21T16:10:00.000Z,85694.2,85789.8,85653.7,85682.6,817.367,276.146,541.2209999999999,-265.07499999999993,-0.32430352583356065,110651.421,110651.421,,5,ABOVE_LR
2026-09-21 11:15:00,2026-09-21T16:15:00.000Z,85682.6,85934.3,85682.5,85780.8,750.556,423.50899999999996,327.047,96.46199999999997,0.12852072330379075,110619.591,110619.591,,5,ABOVE_LR
2026-09-21 11:20:00,2026-09-21T16:20:00.000Z,85780.9,85845.2,85708.9,85793.3,439.243,226.48099999999997,212.76199999999997,13.718999999999987,0.03123328089463005,110586.786,110586.786,,5,ABOVE_LR
2026-09-21 11:25:00,2026-09-21T16:25:00.000Z,85793.5,85922,85724,85804.7,426.024,201.68,224.344,-22.663999999999994,-0.05319888081422641,110570.134,110570.134,,5,ABOVE_LR
2026-09-21 11:30:00,2026-09-21T16:30:00.000Z,85804.7,85925.4,85669,85687.9,541.004,202.025,338.979,-136.95399999999998,-0.2531478510325247,110501.863,110501.863,,5,ABOVE_LR
2026-09-21 11:35:00,2026-09-21T16:35:00.000Z,85687.8,85775.4,85577,85588.8,698.807,231.465,467.342,-235.877,-0.3375424115671423,110432.276,110432.276,,5,ABOVE_LR
2026-09-21 11:40:00,2026-09-21T16:40:00.000Z,85588.9,85830.6,85562.1,85815.8,737.9780000000001,454.04,283.938,170.10200000000003,0.2304973861009407,110353.126,110353.126,,5,ABOVE_LR
2026-09-21 11:45:00,2026-09-21T16:45:00.000Z,85815.8,85976.4,85796.2,85961.6,559.003,327.63700000000006,231.366,96.27100000000002,0.17221911152534067,110354.288,110354.288,,5,ABOVE_LR
2026-09-21 11:50:00,2026-09-21T16:50:00.000Z,85961.6,86000,85842.5,85968.8,581.607,334.988,246.619,88.369,0.15193936799247604,110363.982,110363.982,,5,ABOVE_LR
2026-09-21 11:55:00,2026-09-21T16:55:00.000Z,85968.8,86067.5,85910.1,85910.1,1338.68,518.52,820.1600000000001,-301.6400000000001,-0.22532644097170354,110323.689,110323.689,,5,ABOVE_LR
2026-09-21 12:00:00,2026-09-21T17:00:00.000Z,85910.2,85973.6,85846.9,85860.5,580.034,291.279,288.755,2.524000000000001,0.004351469051814206,110567.62,110567.62,,5,ABOVE_LR
2026-09-21 12:05:00,2026-09-21T17:05:00.000Z,85860.5,86067.5,85860.5,86005.6,724.029,434.049,289.98,144.069,0.19898236120376392,110547.829,110547.829,,5,ABOVE_LR
2026-09-21 12:10:00,2026-09-21T17:10:00.000Z,86005.7,86038.8,85902.4,85907.8,581.708,272.145,309.563,-37.41800000000003,-0.06432436892736568,110545.584,110545.584,,5,ABOVE_LR
2026-09-21 12:15:00,2026-09-21T17:15:00.000Z,85907.8,85949.1,85699.9,85741.7,1529.245,552.854,976.3910000000002,-423.53700000000003,-0.27695823756167265,110613.702,110613.702,,5,ABOVE_LR
2026-09-21 12:20:00,2026-09-21T17:20:00.000Z,85741.7,85896.7,85713.7,85815.9,427.039,202.891,224.148,-21.257000000000012,-0.04977765496828161,110429.017,110429.017,,5,ABOVE_LR
2026-09-21 12:25:00,2026-09-21T17:25:00.000Z,85815.9,85897.8,85804.3,85840.1,347.62,215.30900000000003,132.31099999999998,82.99800000000002,0.23876071572406657,110410.34,110410.34,,5,ABOVE_LR
2026-09-21 12:30:00,2026-09-21T17:30:00.000Z,85840.1,85888,85765,85816.6,342.323,126.306,216.017,-89.71100000000001,-0.26206535932438085,110329.929,110329.929,,5,ABOVE_LR
2026-09-21 12:35:00,2026-09-21T17:35:00.000Z,85816.6,85931.2,85793.1,85852.7,343.455,172.91000000000003,170.545,2.3650000000000126,0.006885909362216339,110366.581,110366.581,,5,ABOVE_LR
2026-09-21 12:40:00,2026-09-21T17:40:00.000Z,85852.8,85910,85834.6,85850,215.166,92.429,122.737,-30.307999999999996,-0.1408586858518539,110349.713,110349.713,,5,ABOVE_LR
2026-09-21 12:45:00,2026-09-21T17:45:00.000Z,85850,85859.9,85739.9,85777.9,578.241,298.869,279.372,19.496999999999993,0.03371777511452836,110338.913,110338.913,,5,ABOVE_LR
2026-09-21 12:50:00,2026-09-21T17:50:00.000Z,85777.9,85811.2,85647.1,85660,798.8009999999999,269.134,529.667,-260.533,-0.3261550749185342,110356.517,110356.517,,5,ABOVE_LR
2026-09-21 12:55:00,2026-09-21T17:55:00.000Z,85660,85860.3,85635.9,85854.2,509.2029999999999,342.72900000000004,166.47399999999996,176.255,0.3461389661883375,110289.029,110289.029,,5,ABOVE_LR
2026-09-21 13:00:00,2026-09-21T18:00:00.000Z,85854.2,85940.8,85768.4,85929.3,413.406,172.755,240.651,-67.896,-0.16423564244350589,110244.611,110244.611,,5,ABOVE_LR
2026-09-21 13:05:00,2026-09-21T18:05:00.000Z,85929.4,85966,85857.8,85909.9,458.12799999999993,200.831,257.297,-56.465999999999994,-0.12325376314043238,110258.089,110258.089,,5,ABOVE_LR
2026-09-21 13:10:00,2026-09-21T18:10:00.000Z,85909.9,85972.6,85899.9,85947.7,419.41599999999994,215.44899999999998,203.96699999999998,11.482000000000006,0.027376161138344766,110309.291,110309.291,,5,ABOVE_LR
2026-09-21 13:15:00,2026-09-21T18:15:00.000Z,85947.7,86035.8,85947.7,86005,441.495,255.46700000000004,186.028,69.43900000000002,0.15728150941686775,110349.153,110349.153,,5,ABOVE_LR
2026-09-21 13:20:00,2026-09-21T18:20:00.000Z,86005,86024,85888.9,85895.1,534.473,157.486,376.987,-219.50100000000003,-0.4106867886684642,110369.576,110369.576,,5,ABOVE_LR
2026-09-21 13:25:00,2026-09-21T18:25:00.000Z,85895.2,85934.8,85845.5,85880.2,547.895,226.302,321.593,-95.29100000000001,-0.17392201060422163,110601.569,110601.569,,5,ABOVE_LR
2026-09-21 13:30:00,2026-09-21T18:30:00.000Z,85880.3,85936.4,85840.3,85858.5,212.517,73.493,139.024,-65.531,-0.3083565079499523,110831.129,110831.129,,5,ABOVE_LR
2026-09-21 13:35:00,2026-09-21T18:35:00.000Z,85858.4,85928.5,85723.6,85910.7,905.9849999999999,277.32899999999995,628.6560000000001,-351.327,-0.3877845659696353,110841.823,110841.823,,5,ABOVE_LR
2026-09-21 13:40:00,2026-09-21T18:40:00.000Z,85910.7,85947.7,85862.6,85887.7,242.23000000000002,102.534,139.696,-37.16199999999999,-0.15341617470998634,110693.178,110693.178,,5,ABOVE_LR
2026-09-21 13:45:00,2026-09-21T18:45:00.000Z,85887.8,85949.1,85840.8,85949.1,384.971,193.26600000000002,191.705,1.5609999999999857,0.00405485088487181,110664.885,110664.885,,5,ABOVE_LR
2026-09-21 13:50:00,2026-09-21T18:50:00.000Z,85949.1,86029.2,85914,86003.8,358.183,248.956,109.227,139.72899999999998,0.3901050580289963,110635.399,110635.399,,5,ABOVE_LR
2026-09-21 13:55:00,2026-09-21T18:55:00.000Z,86003.7,86025.9,86001.6,86021.5,164.184,89.84100000000001,74.343,15.497999999999998,0.09439409443063879,110641.578,110641.578,,5,ABOVE_LR
2026-09-21 14:00:00,2026-09-21T19:00:00.000Z,86021.5,86033,85960,85960,351.424,165.249,186.175,-20.926000000000016,-0.059546303041340426,110645.963,110645.963,,5,ABOVE_LR
2026-09-21 14:05:00,2026-09-21T19:05:00.000Z,85960,86030,85941.6,85975.4,246.43399999999997,135.897,110.537,25.360000000000003,0.10290787797138384,110588.678,110588.678,,5,ABOVE_LR
2026-09-21 14:10:00,2026-09-21T19:10:00.000Z,85975.3,86031.4,85946.5,86015.1,424.09900000000005,245.567,178.53199999999998,67.03500000000001,0.15806450852277418,110596.489,110596.489,,5,ABOVE_LR
2026-09-21 14:15:00,2026-09-21T19:15:00.000Z,86015.1,86280,86000,86280,1855.375,1492.765,362.61,1130.155,0.6091248399919154,110505.521,110505.521,,5,ABOVE_LR
2026-09-21 14:20:00,2026-09-21T19:20:00.000Z,86280,86435.5,86114.3,86193.3,1917.6270000000002,1142.397,775.2299999999999,367.167,0.19146945678174115,110570.931,110570.931,,5,ABOVE_LR
2026-09-21 14:25:00,2026-09-21T19:25:00.000Z,86193.4,86336,86181.8,86326.2,582.094,333.296,248.798,84.49799999999999,0.14516212158173764,110242.971,110242.971,,5,ABOVE_LR
2026-09-21 14:30:00,2026-09-21T19:30:00.000Z,86326.1,86874,86276.2,86802.9,4885.972,3473.24,1412.7319999999997,2060.5080000000003,0.4217191584397128,110242.827,110242.827,,5,ABOVE_LR
2026-09-21 14:35:00,2026-09-21T19:35:00.000Z,86802.9,86865.6,86510.2,86549.9,1978.358,602.931,1375.427,-772.496,-0.3904733117059703,110009.805,110009.805,,5,ABOVE_LR
2026-09-21 14:40:00,2026-09-21T19:40:00.000Z,86550,86649.9,86445.2,86534,767.142,319.142,448,-128.858,-0.1679715098378136,110338.56,110338.56,,5,ABOVE_LR
2026-09-21 14:45:00,2026-09-21T19:45:00.000Z,86534,86592.9,86443.2,86493.5,408.21599999999995,169.223,238.993,-69.76999999999998,-0.1709144178572128,110278.056,110278.056,,5,ABOVE_LR
2026-09-21 14:50:00,2026-09-21T19:50:00.000Z,86493.4,86525.8,86430.1,86470,367.68399999999997,138.992,228.692,-89.69999999999999,-0.24395948695075118,110267.363,110267.363,,5,ABOVE_LR
2026-09-21 14:55:00,2026-09-21T19:55:00.000Z,86470.1,86640.8,86439.4,86454.3,856.573,413.71799999999996,442.85499999999996,-29.136999999999972,-0.03401578149206194,110240.978,110240.978,,5,ABOVE_LR
2026-09-21 15:00:00,2026-09-21T20:00:00.000Z,86454.2,86677,86454.2,86628.9,683.567,452.591,230.976,221.61500000000004,0.32420377227104297,110231.019,110231.019,,5,ABOVE_LR
2026-09-21 15:05:00,2026-09-21T20:05:00.000Z,86629,86729.9,86582.1,86672.3,525.6709999999999,282.553,243.118,39.43500000000001,0.07501840504802436,110319.759,110319.759,,5,ABOVE_LR
2026-09-21 15:10:00,2026-09-21T20:10:00.000Z,86672.3,86769.4,86654.8,86704.3,551.597,344.372,207.22499999999997,137.14700000000002,0.24863623261185253,110357.316,110357.316,,5,ABOVE_LR
2026-09-21 15:15:00,2026-09-21T20:15:00.000Z,86704.3,86987,86659.7,86958,1544.25,1034.4070000000002,509.84299999999996,524.5640000000001,0.339688521936215,110269.175,110269.175,,5,ABOVE_LR
2026-09-21 15:20:00,2026-09-21T20:20:00.000Z,86957.9,86984.9,86840.4,86941.3,930.157,456.27,473.8870000000001,-17.617000000000075,-0.018939813386342385,110260.337,110260.337,,5,ABOVE_LR
2026-09-21 15:25:00,2026-09-21T20:25:00.000Z,86941.4,87385.1,86842.3,87238.6,4541.6939999999995,2881.094,1660.6,1220.494,0.26873100653632764,110245.232,110245.232,,5,ABOVE_LR
2026-09-21 15:30:00,2026-09-21T20:30:00.000Z,87238.7,87271.6,86942.4,86986.9,1962.901,826.206,1136.695,-310.489,-0.15817863458218218,109642.797,109642.797,,5,ABOVE_LR
2026-09-21 15:35:00,2026-09-21T20:35:00.000Z,86986.9,87037.4,86893.9,86901.1,651.658,301.363,350.295,-48.93199999999998,-0.07508846664968431,109293.592,109293.592,,5,ABOVE_LR
2026-09-21 15:40:00,2026-09-21T20:40:00.000Z,86901.2,86969.6,86855.9,86915.9,564.811,271.391,293.42,-22.028999999999982,-0.03900242736065689,109191.681,109191.681,,5,ABOVE_LR
2026-09-21 15:45:00,2026-09-21T20:45:00.000Z,86915.8,86944,86825.6,86825.7,445.59799999999996,142.566,303.03200000000004,-160.466,-0.36011382456833296,109139.767,109139.767,,5,ABOVE_LR
2026-09-21 15:50:00,2026-09-21T20:50:00.000Z,86825.6,87016.9,86825.6,86904,570.123,389.22299999999996,180.89999999999995,208.323,0.3654000978736167,109038.62,109038.62,,5,ABOVE_LR
2026-09-21 15:55:00,2026-09-21T20:55:00.000Z,86904.1,87053.4,86900,86961.4,395.678,226.407,169.271,57.13600000000001,0.14440024464337164,109026.427,109026.427,,5,ABOVE_LR
2026-09-21 16:00:00,2026-09-21T21:00:00.000Z,86961.4,86961.5,86709.7,86709.8,746.0300000000001,323.09299999999996,422.93699999999995,-99.844,-0.13383376003645964,109029.467,109029.467,,5,ABOVE_LR
2026-09-21 16:05:00,2026-09-21T21:05:00.000Z,86709.7,86733.8,86584.7,86599.5,615.8299999999999,223.824,392.00600000000003,-168.182,-0.27309809525356027,108995.727,108995.727,,5,ABOVE_LR
2026-09-21 16:10:00,2026-09-21T21:10:00.000Z,86599.5,86645.1,86555.5,86555.5,373.55,211.888,161.66199999999998,50.226,0.13445589613170927,108890.714,108890.714,,5,ABOVE_LR
2026-09-21 16:15:00,2026-09-21T21:15:00.000Z,86555.5,86639.2,86537.6,86570.1,406.48599999999993,253.232,153.254,99.978,0.24595681032065067,108949.639,108949.639,,5,ABOVE_LR
2026-09-21 16:20:00,2026-09-21T21:20:00.000Z,86570.1,86666.6,86517.1,86657.2,346.126,189.71599999999998,156.41,33.306000000000004,0.09622507410596143,108960.462,108960.462,,5,ABOVE_LR
2026-09-21 16:25:00,2026-09-21T21:25:00.000Z,86657.2,86665.8,86563.6,86596.5,174.27800000000002,88.202,86.07600000000001,2.1259999999999977,0.012198900607076036,108968.953,108968.953,,5,ABOVE_LR
2026-09-21 16:30:00,2026-09-21T21:30:00.000Z,86596.6,86802.8,86596.5,86802.8,447.33299999999997,311.763,135.57,176.19299999999998,0.3938743620524307,108976.584,108976.584,,5,ABOVE_LR
2026-09-21 16:35:00,2026-09-21T21:35:00.000Z,86802.7,86810.2,86728,86772.7,401.01399999999995,154.95299999999997,246.06099999999998,-91.10799999999999,-0.22719406305016782,108890.702,108890.702,,5,ABOVE_LR
2026-09-21 16:40:00,2026-09-21T21:40:00.000Z,86772.7,86822,86740,86747.8,234.04100000000003,130.26899999999998,103.77199999999999,26.497000000000007,0.11321520588272997,108820.524,108820.524,,5,ABOVE_LR
2026-09-21 16:45:00,2026-09-21T21:45:00.000Z,86747.7,86747.8,86610,86618.6,198.121,59.851,138.27,-78.419,-0.39581366942424073,108836.578,108836.578,,5,ABOVE_LR
2026-09-21 16:50:00,2026-09-21T21:50:00.000Z,86618.6,86620,86545.1,86558.5,232.65,81.58800000000001,151.062,-69.474,-0.29862024500322376,108856.084,108856.084,,5,ABOVE_LR
2026-09-21 16:55:00,2026-09-21T21:55:00.000Z,86558.4,86610,86544,86544.1,158.507,61.934000000000005,96.57300000000001,-34.638999999999996,-0.2185329354539547,108847.422,108847.422,,5,ABOVE_LR
2026-09-21 17:00:00,2026-09-21T22:00:00.000Z,86544,86665.8,86542,86661.3,441.446,278.279,163.167,115.112,0.2607612256085682,108849.848,108849.848,,5,ABOVE_LR
2026-09-21 17:05:00,2026-09-21T22:05:00.000Z,86661.3,86678,86525,86530,315.753,161.917,153.836,8.081,0.02559278930049754,108819.839,108819.839,,5,ABOVE_LR
2026-09-21 17:10:00,2026-09-21T22:10:00.000Z,86530,86624,86502.6,86583.9,245.086,100.598,144.488,-43.89000000000001,-0.17907999640942365,108840.494,108840.494,,5,ABOVE_LR
2026-09-21 17:15:00,2026-09-21T22:15:00.000Z,86584,86729,86573.3,86654.1,298.08399999999995,134.859,163.225,-28.366,-0.09516109553011905,108876.548,108876.548,,5,ABOVE_LR
2026-09-21 17:20:00,2026-09-21T22:20:00.000Z,86654.1,86665.7,86480,86495.2,341.04,80.097,260.943,-180.84599999999998,-0.5302779732582688,108845.603,108845.603,,5,ABOVE_LR
2026-09-21 17:25:00,2026-09-21T22:25:00.000Z,86495.1,86524.5,86325,86388.9,675.8950000000001,235.35099999999997,440.54400000000004,-205.19300000000004,-0.3035870956287589,108835.661,108835.661,,5,ABOVE_LR
2026-09-21 17:30:00,2026-09-21T22:30:00.000Z,86388.9,86528.9,86350,86521.6,543.3430000000001,288.928,254.41500000000002,34.51299999999999,0.06351972879010126,108880.672,108880.672,,5,ABOVE_LR
2026-09-21 17:35:00,2026-09-21T22:35:00.000Z,86521.6,86574,86450.4,86471.2,383.88700000000006,237.703,146.184,91.519,0.23840088359334907,109010.305,109010.305,,5,ABOVE_LR
2026-09-21 17:40:00,2026-09-21T22:40:00.000Z,86471.2,86483.8,86382.6,86393.9,397.32099999999997,141.284,256.03700000000003,-114.75300000000001,-0.2888168508586257,109088.758,109088.758,,5,ABOVE_LR
2026-09-21 17:45:00,2026-09-21T22:45:00.000Z,86394,86394,86252.9,86300,410.663,96.07,314.59299999999996,-218.523,-0.5321224458984617,109039.795,109039.795,,5,ABOVE_LR
2026-09-21 17:50:00,2026-09-21T22:50:00.000Z,86300,86375.1,86265.1,86365.2,503.04,153.108,349.932,-196.824,-0.39126908396946564,109012.137,109012.137,,5,ABOVE_LR
2026-09-21 17:55:00,2026-09-21T22:55:00.000Z,86365.1,86430.1,86339.5,86419.2,281.71200000000005,168.517,113.19500000000002,55.321999999999974,0.19637786107798022,108940.919,108940.919,,5,ABOVE_LR
2026-09-21 18:00:00,2026-09-21T23:00:00.000Z,86419.2,86548.6,86392.3,86535.2,385.15000000000003,260.38,124.77,135.61,0.3520965857458133,108950.196,108950.196,,5,ABOVE_LR
2026-09-21 18:05:00,2026-09-21T23:05:00.000Z,86535.2,86588.7,86505,86510,389.37699999999995,271.312,118.065,153.247,0.3935697280527613,108995.592,108995.592,,5,ABOVE_LR
2026-09-21 18:10:00,2026-09-21T23:10:00.000Z,86510,86664.2,86470.9,86615.5,593.634,299.748,293.88599999999997,5.861999999999966,0.009874771323744877,108952.744,108952.744,,5,ABOVE_LR
2026-09-21 18:15:00,2026-09-21T23:15:00.000Z,86615.4,86666,86543.3,86550,271.73800000000006,137.131,134.60700000000003,2.5239999999999974,0.009288358639571928,108978.349,108978.349,,5,ABOVE_LR
2026-09-21 18:20:00,2026-09-21T23:20:00.000Z,86550,86583.3,86494.4,86511.6,171.876,80.059,91.817,-11.758,-0.06840978379762154,108980.439,108980.439,,5,ABOVE_LR
2026-09-21 18:25:00,2026-09-21T23:25:00.000Z,86511.7,86511.7,86452.3,86457.1,204.122,65.412,138.70999999999998,-73.29799999999999,-0.3590891721617463,109012.74,109012.74,,5,ABOVE_LR
2026-09-21 18:30:00,2026-09-21T23:30:00.000Z,86457.1,86464.9,86372.6,86390.2,191.613,80.018,111.59500000000003,-31.577,-0.1647957080156357,109023.471,109023.471,,5,ABOVE_LR
2026-09-21 18:35:00,2026-09-21T23:35:00.000Z,86390.3,86425.1,86325.5,86413.4,328.596,142.88400000000001,185.712,-42.82799999999999,-0.1303363400650038,109030.733,109030.733,,5,ABOVE_LR
2026-09-21 18:40:00,2026-09-21T23:40:00.000Z,86413.4,86502.6,86413.3,86428.2,403.169,174.703,228.466,-53.763,-0.13335102649261227,109069.22,109069.22,,5,ABOVE_LR
2026-09-21 18:45:00,2026-09-21T23:45:00.000Z,86428.1,86467.5,86400,86466.5,185.84300000000002,92.354,93.489,-1.1350000000000087,-0.006107305628944908,109156.689,109156.689,,5,ABOVE_LR
2026-09-21 18:50:00,2026-09-21T23:50:00.000Z,86466.6,86548,86452.9,86548,271.595,160.733,110.86200000000001,49.870999999999995,0.18362267346600633,109177.701,109177.701,,5,ABOVE_LR
2026-09-21 18:55:00,2026-09-21T23:55:00.000Z,86548,86624.2,86536.7,86578.7,270.871,147.826,123.04499999999999,24.781000000000013,0.09148635328255891,109166.259,109166.259,,5,ABOVE_LR
2026-09-21 19:00:00,2026-09-22T00:00:00.000Z,86578.8,86592.8,86319,86374.3,943.2239999999999,212.653,730.5709999999999,-517.9179999999999,-0.5490933224769513,109189.231,109189.231,,5,ABOVE_LR
2026-09-21 19:05:00,2026-09-22T00:05:00.000Z,86374.4,86464.4,86265.9,86299.9,1122.465,314.165,808.2999999999998,-494.13499999999993,-0.44022308045239716,109012.223,109012.223,,5,ABOVE_LR
2026-09-21 19:10:00,2026-09-22T00:10:00.000Z,86299.9,86460,86299.9,86440.6,348.86499999999995,236.812,112.053,124.75900000000001,0.3576139767531854,108845.289,108845.289,,5,ABOVE_LR
2026-09-21 19:15:00,2026-09-22T00:15:00.000Z,86440.5,86467.2,86341.8,86429.6,233.978,107.886,126.09200000000001,-18.206000000000003,-0.07781073434254504,108879.113,108879.113,,5,ABOVE_LR
2026-09-21 19:20:00,2026-09-22T00:20:00.000Z,86429.5,86439.4,86325.3,86343.9,175.918,69.852,106.066,-36.214,-0.2058572744119419,108858.266,108858.266,,5,ABOVE_LR
2026-09-21 19:25:00,2026-09-22T00:25:00.000Z,86344,86408.4,86286.9,86363.1,399.519,103.289,296.23,-192.94100000000006,-0.482933227205715,108845.962,108845.962,,5,ABOVE_LR
2026-09-21 19:30:00,2026-09-22T00:30:00.000Z,86363.1,86482.8,86356.5,86432.2,394.775,198.66299999999998,196.11199999999997,2.551000000000016,0.006461908682160766,109025.595,109025.595,,5,ABOVE_LR
2026-09-21 19:35:00,2026-09-22T00:35:00.000Z,86432.2,86439.1,86232,86232.1,716.196,257.102,459.094,-201.99199999999996,-0.28203452686136193,108984.583,108984.583,,5,ABOVE_LR
2026-09-21 19:40:00,2026-09-22T00:40:00.000Z,86232.1,86318.8,86093.8,86318.8,1073.8899999999999,456.319,617.571,-161.25199999999998,-0.1501569062008213,109021.111,109021.111,,5,ABOVE_LR
2026-09-21 19:45:00,2026-09-22T00:45:00.000Z,86318.9,86370,86122.2,86194,872.547,170.232,702.315,-532.083,-0.6098044002214207,108929.766,108929.766,,5,ABOVE_LR
2026-09-21 19:50:00,2026-09-22T00:50:00.000Z,86194.1,86217.4,86056,86119.7,1399.353,545.641,853.712,-308.0709999999999,-0.22015245617081602,108891.177,108891.177,,5,ABOVE_LR
2026-09-21 19:55:00,2026-09-22T00:55:00.000Z,86119.8,86133,85815.4,85854.9,2059.44,683.761,1375.679,-691.9180000000001,-0.33597385697082705,108638.171,108638.171,,5,ABOVE_LR
2026-09-21 20:00:00,2026-09-22T01:00:00.000Z,85855,85945.7,85648,85648.8,1558.399,662.299,896.0999999999999,-233.80100000000004,-0.15002640530441821,108782.999,108782.999,,5,ABOVE_LR
2026-09-21 20:05:00,2026-09-22T01:05:00.000Z,85648.8,85884.8,85587.1,85876.1,1285.914,671.041,614.873,56.16800000000002,0.0436794373496206,108755.031,108755.031,,5,ABOVE_LR
2026-09-21 20:10:00,2026-09-22T01:10:00.000Z,85876.1,85887.3,85696.1,85750,416.084,148.277,267.807,-119.53,-0.2872737235750473,108826.173,108826.173,,5,ABOVE_LR
2026-09-21 20:15:00,2026-09-22T01:15:00.000Z,85750.1,85849.9,85354.4,85548.7,1795.7780000000002,675.602,1120.176,-444.574,-0.24756623591557528,108867.237,108867.237,,5,ABOVE_LR
2026-09-21 20:20:00,2026-09-22T01:20:00.000Z,85548.8,85651.2,85460.2,85651.1,825.425,438.376,387.049,51.32700000000001,0.06218251203925253,108760.274,108760.274,,5,ABOVE_LR
2026-09-21 20:25:00,2026-09-22T01:25:00.000Z,85651.1,85748.7,85535,85744.9,590.306,286.598,303.708,-17.110000000000028,-0.028984967118748626,108840.344,108840.344,,5,ABOVE_LR
2026-09-21 20:30:00,2026-09-22T01:30:00.000Z,85744.9,85810.1,85668.7,85780.1,406.013,245.01899999999998,160.99400000000003,84.02499999999998,0.2069515015529059,108910.752,108910.752,,5,ABOVE_LR
2026-09-21 20:35:00,2026-09-22T01:35:00.000Z,85780.1,85810,85599.4,85635.2,400.087,191.782,208.305,-16.52299999999999,-0.04129851757242797,108905.769,108905.769,,5,ABOVE_LR
2026-09-21 20:40:00,2026-09-22T01:40:00.000Z,85635.3,85697.9,85616.6,85648,243.377,116.797,126.58,-9.782999999999994,-0.04019689617342639,108918.052,108918.052,,5,ABOVE_LR
2026-09-21 20:45:00,2026-09-22T01:45:00.000Z,85648.1,85699.9,85549.2,85561.8,322.879,166.50799999999998,156.371,10.136999999999986,0.0313956621520755,108896.865,108896.865,,5,ABOVE_LR
2026-09-21 20:50:00,2026-09-22T01:50:00.000Z,85561.8,85637.8,85510.5,85613.6,492.95900000000006,226.49,266.469,-39.97900000000001,-0.0811000509170134,108924.082,108924.082,,5,ABOVE_LR
2026-09-21 20:55:00,2026-09-22T01:55:00.000Z,85613.6,85644.4,85505,85588.3,331.171,121.902,209.269,-87.36700000000002,-0.26381235071911496,109017.766,109017.766,,5,ABOVE_LR
2026-09-21 21:00:00,2026-09-22T02:00:00.000Z,85588.3,85601.6,85461.8,85500.1,608.31,315.17100000000005,293.13899999999995,22.03200000000004,0.036218375499334286,109088.844,109088.844,,5,ABOVE_LR
2026-09-21 21:05:00,2026-09-22T02:05:00.000Z,85500,85666,85485.7,85537.1,453.06100000000004,245.083,207.978,37.10499999999999,0.0818984640037434,109106.258,109106.258,,5,ABOVE_LR
2026-09-21 21:10:00,2026-09-22T02:10:00.000Z,85537.2,85641.9,85308,85570.4,1228.962,600.482,628.48,-27.99800000000002,-0.022781827265611156,109068.121,109068.121,,5,ABOVE_LR
2026-09-21 21:15:00,2026-09-22T02:15:00.000Z,85570.4,85674.7,85490,85572,640.894,400.804,240.09000000000003,160.714,0.25076533716964117,108933.204,108933.204,,5,ABOVE_LR
2026-09-21 21:20:00,2026-09-22T02:20:00.000Z,85572,85660.2,85488,85619.1,817.3439999999999,452.71400000000006,364.63,88.08400000000003,0.10776857724532148,109037.047,109037.047,,5,ABOVE_LR
2026-09-21 21:25:00,2026-09-22T02:25:00.000Z,85619.2,85820,85619.2,85707.7,772.7640000000001,427.50800000000004,345.25600000000003,82.252,0.10643870573680966,109191.74,109191.74,,5,ABOVE_LR
2026-09-21 21:30:00,2026-09-22T02:30:00.000Z,85707.7,85753.9,85602.8,85692.6,250.48800000000003,136.95499999999998,113.533,23.422,0.0935054773082942,109095.607,109095.607,,5,ABOVE_LR
2026-09-21 21:35:00,2026-09-22T02:35:00.000Z,85692.6,85816.2,85692.5,85743.7,358.51200000000006,194.173,164.33900000000003,29.833999999999982,0.08321618244298651,109101.234,109101.234,,5,ABOVE_LR
2026-09-21 21:40:00,2026-09-22T02:40:00.000Z,85743.7,85813,85711.1,85781.8,224.75799999999998,125.28099999999999,99.477,25.804,0.11480792674787994,109122.655,109122.655,,5,ABOVE_LR
2026-09-21 21:45:00,2026-09-22T02:45:00.000Z,85781.8,85840.1,85725.5,85773.2,308.34799999999996,160.247,148.101,12.146,0.039390558719369036,109096.864,109096.864,,5,ABOVE_LR
2026-09-21 21:50:00,2026-09-22T02:50:00.000Z,85773.2,85787.1,85629.6,85668.8,907.865,410.54599999999994,497.319,-86.773,-0.09557918853574045,109075.029,109075.029,,5,ABOVE_LR
2026-09-21 21:55:00,2026-09-22T02:55:00.000Z,85668.8,85739,85626.5,85683.5,441.717,255.279,186.43800000000002,68.84100000000002,0.1558486542288389,108992.061,108992.061,,5,ABOVE_LR
2026-09-21 22:00:00,2026-09-22T03:00:00.000Z,85683.5,85730.1,85565,85696.9,423.248,176.53699999999998,246.711,-70.174,-0.16579877518617928,109090.404,109090.404,,5,ABOVE_LR
2026-09-21 22:05:00,2026-09-22T03:05:00.000Z,85696.8,85696.9,85550,85564.4,259.126,114.92200000000001,144.204,-29.28199999999999,-0.11300294065435346,109114.575,109114.575,,5,ABOVE_LR
2026-09-21 22:10:00,2026-09-22T03:10:00.000Z,85564.3,85574.3,85416.1,85512.7,735.491,238.33999999999997,497.151,-258.811,-0.3518887382714404,109133.316,109133.316,,5,ABOVE_LR
2026-09-21 22:15:00,2026-09-22T03:15:00.000Z,85512.7,85574.2,85400,85471.9,518.908,194.806,324.102,-129.296,-0.2491694096063271,109361.837,109361.837,,5,ABOVE_LR
2026-09-21 22:20:00,2026-09-22T03:20:00.000Z,85471.9,85474,85268,85369.4,774.5939999999999,268.843,505.75100000000003,-236.90800000000002,-0.30584796680583637,109471.493,109471.493,,5,ABOVE_LR
2026-09-21 22:25:00,2026-09-22T03:25:00.000Z,85369.4,85624.3,85337.4,85577.6,599.913,364.00000000000006,235.91299999999998,128.08700000000002,0.21350929218069956,109477.009,109477.009,,5,ABOVE_LR
2026-09-21 22:30:00,2026-09-22T03:30:00.000Z,85577.5,85578.4,85404,85519.3,609.261,265.586,343.675,-78.089,-0.12817002893669543,109467.21,109467.21,,5,ABOVE_LR
2026-09-21 22:35:00,2026-09-22T03:35:00.000Z,85519.3,85531.9,85448.7,85448.7,389.288,167.74699999999999,221.54099999999997,-53.79399999999998,-0.1381856106532952,109521.221,109521.221,,5,ABOVE_LR
2026-09-21 22:40:00,2026-09-22T03:40:00.000Z,85448.6,85473.1,85390.7,85460.9,289.31600000000003,124.279,165.037,-40.758,-0.1408771032365994,109546.721,109546.721,,5,ABOVE_LR
2026-09-21 22:45:00,2026-09-22T03:45:00.000Z,85460.9,85525.3,85436.6,85525.2,192.14600000000002,113.27600000000001,78.87,34.406000000000006,0.17906175512370803,109517.289,109517.289,,5,ABOVE_LR
2026-09-21 22:50:00,2026-09-22T03:50:00.000Z,85525.2,85528.8,85452.3,85481.5,168.214,58.4,109.814,-51.413999999999994,-0.30564637901720426,109513.603,109513.603,,5,ABOVE_LR
2026-09-21 22:55:00,2026-09-22T03:55:00.000Z,85481.5,85762.2,85481.4,85656.6,1069.467,726.67,342.797,383.87299999999993,0.35893861147655787,109518.004,109518.004,,5,ABOVE_LR
2026-09-21 23:00:00,2026-09-22T04:00:00.000Z,85656.5,85705.5,85609.6,85673.4,579.8199999999999,302.942,276.87800000000004,26.06399999999995,0.04495188161843323,109917.995,109917.995,,5,ABOVE_LR
2026-09-21 23:05:00,2026-09-22T04:05:00.000Z,85673.3,85710.6,85585.1,85588.4,572.4159999999999,279.808,292.608,-12.800000000000011,-0.022361359570661918,109925.015,109925.015,,5,ABOVE_LR
2026-09-21 23:10:00,2026-09-22T04:10:00.000Z,85588.5,85667.3,85576.9,85586,269.704,109.46199999999999,160.24200000000002,-50.78,-0.18828048527274346,110022.679,110022.679,,5,ABOVE_LR
2026-09-21 23:15:00,2026-09-22T04:15:00.000Z,85586,85602.1,85470,85494.4,351.444,128.51299999999998,222.931,-94.418,-0.2686573109798432,110025.473,110025.473,,5,ABOVE_LR
2026-09-21 23:20:00,2026-09-22T04:20:00.000Z,85494.4,85569.1,85464.4,85544,372.74600000000004,166.938,205.808,-38.86999999999999,-0.10428012641316067,110052.166,110052.166,,5,ABOVE_LR
2026-09-21 23:25:00,2026-09-22T04:25:00.000Z,85544.1,85605.9,85487.7,85524.1,886.7760000000001,515.5160000000001,371.26,144.25599999999997,0.16267467770891406,110107.636,110107.636,,5,ABOVE_LR
2026-09-21 23:30:00,2026-09-22T04:30:00.000Z,85524.2,85533.6,85424.8,85430.1,371.921,99.84899999999999,272.072,-172.223,-0.46306339249464273,110367.233,110367.233,,5,ABOVE_LR
2026-09-21 23:35:00,2026-09-22T04:35:00.000Z,85430.2,85570,85419.2,85532.1,395.538,190.135,205.40300000000002,-15.268000000000008,-0.03860058957672843,110416.071,110416.071,,5,ABOVE_LR
2026-09-21 23:40:00,2026-09-22T04:40:00.000Z,85532.1,85582.4,85480.2,85480.2,461.65099999999995,91.13,370.521,-279.39099999999996,-0.6051995988311516,110485.548,110485.548,,5,ABOVE_LR
2026-09-21 23:45:00,2026-09-22T04:45:00.000Z,85480.2,85482.7,85424,85457.9,227.30599999999998,99.526,127.78,-28.254000000000005,-0.12429940256746415,110531.483,110531.483,,5,ABOVE_LR
2026-09-21 23:50:00,2026-09-22T04:50:00.000Z,85457.9,85492.7,85400.8,85473.4,366.50899999999996,116.352,250.15699999999998,-133.805,-0.3650797115486933,110593.603,110593.603,,5,ABOVE_LR
2026-09-21 23:55:00,2026-09-22T04:55:00.000Z,85473.4,85500,85400,85424.7,827.505,176.186,651.319,-475.13300000000004,-0.5741753826260869,110671.736,110671.736,,5,ABOVE_LR
2026-09-22 00:00:00,2026-09-22T05:00:00.000Z,85424.8,85464.2,85316,85371.4,1594.3110000000001,345.7389999999999,1248.572,-902.833,-0.5662841189705144,110662.843,110662.843,,5,ABOVE_LR
2026-09-22 00:05:00,2026-09-22T05:05:00.000Z,85371.5,85479.6,85350.4,85441.6,589.087,330.707,258.38,72.327,0.12277812954623002,110545.561,110545.561,,5,ABOVE_LR
2026-09-22 00:10:00,2026-09-22T05:10:00.000Z,85441.6,85469.3,85350,85374.9,335.79,148.13500000000002,187.65499999999997,-39.52,-0.11769260549748355,110519.543,110519.543,,5,ABOVE_LR
2026-09-22 00:15:00,2026-09-22T05:15:00.000Z,85375,85384.4,85166,85195.9,977.183,379.229,597.9540000000001,-218.72500000000002,-0.22383217882423254,110522.683,110522.683,,5,ABOVE_LR
2026-09-22 00:20:00,2026-09-22T05:20:00.000Z,85196,85330.5,85180,85212.7,692.884,347.157,345.72700000000003,1.4299999999999926,0.0020638375254732285,110420.528,110420.528,,5,ABOVE_LR
2026-09-22 00:25:00,2026-09-22T05:25:00.000Z,85212.6,85229.1,85109,85181.2,870.6410000000001,302.752,567.889,-265.137,-0.304530799721125,110496.837,110496.837,,5,ABOVE_LR
2026-09-22 00:30:00,2026-09-22T05:30:00.000Z,85181.1,85216.7,85080,85164.2,673.5980000000001,359.7099999999999,313.888,45.822,0.0680257364184573,110465.658,110465.658,,5,ABOVE_LR
2026-09-22 00:35:00,2026-09-22T05:35:00.000Z,85164.2,85325.4,85100,85320.4,755.734,482.671,273.06300000000005,209.60799999999998,0.2773568477797743,110492.801,110492.801,,5,ABOVE_LR
2026-09-22 00:40:00,2026-09-22T05:40:00.000Z,85320.4,85400.7,85320.3,85400.6,554.3330000000001,338.975,215.358,123.61699999999999,0.22300133674163358,110583.52,110583.52,,5,ABOVE_LR
2026-09-22 00:45:00,2026-09-22T05:45:00.000Z,85400.6,85548.7,85400.6,85506.2,624.147,384.823,239.32399999999998,145.49899999999997,0.23311655747764543,110660.237,110660.237,,5,ABOVE_LR
2026-09-22 00:50:00,2026-09-22T05:50:00.000Z,85506.2,85571,85464.2,85495.8,488.788,319.37,169.418,149.95199999999997,0.3067833089192042,110572.174,110572.174,,5,ABOVE_LR
2026-09-22 00:55:00,2026-09-22T05:55:00.000Z,85495.7,85506.1,85364.3,85377.2,791.0939999999999,193.438,597.6560000000001,-404.218,-0.5109607707807163,110577.307,110577.307,,5,ABOVE_LR
2026-09-22 01:00:00,2026-09-22T06:00:00.000Z,85377.3,85449.9,85300,85300,418.747,179.226,239.521,-60.295,-0.14398909126513146,110459.732,110459.732,,5,ABOVE_LR
2026-09-22 01:05:00,2026-09-22T06:05:00.000Z,85300.1,85357.2,85282.8,85293.1,238.62699999999998,115.96799999999999,122.65899999999999,-6.690999999999988,-0.028039576410045758,110470.354,110470.354,,5,ABOVE_LR
2026-09-22 01:10:00,2026-09-22T06:10:00.000Z,85293.1,85351.4,85228.6,85323.8,340.51599999999996,162.551,177.96500000000003,-15.414000000000016,-0.045266595402271896,110473.848,110473.848,,5,ABOVE_LR
2026-09-22 01:15:00,2026-09-22T06:15:00.000Z,85323.8,85349.6,85220,85220.1,196.239,93.807,102.43199999999999,-8.625000000000007,-0.04395150811000875,110500.796,110500.796,,5,ABOVE_LR
2026-09-22 01:20:00,2026-09-22T06:20:00.000Z,85220.1,85266.7,85216.3,85231.4,154.061,74.85600000000001,79.20500000000001,-4.349000000000011,-0.02822907809244397,110488.547,110488.547,,5,ABOVE_LR
2026-09-22 01:25:00,2026-09-22T06:25:00.000Z,85231.3,85347.5,85229.1,85341.7,251.69099999999997,159.55,92.14099999999999,67.40900000000002,0.2678244355181553,110464.512,110464.512,,5,ABOVE_LR
2026-09-22 01:30:00,2026-09-22T06:30:00.000Z,85341.7,85511.5,85312.1,85438.9,682.9190000000001,496.289,186.63,309.65900000000005,0.453434448302068,110462.157,110462.157,,5,ABOVE_LR
2026-09-22 01:35:00,2026-09-22T06:35:00.000Z,85438.8,85549.1,85438.5,85527.5,425.34299999999996,321.31100000000004,104.032,217.279,0.5108324340591006,110303.293,110303.293,,5,ABOVE_LR
2026-09-22 01:40:00,2026-09-22T06:40:00.000Z,85527.5,85537.9,85453,85453.1,547.9780000000001,305.355,242.623,62.732000000000006,0.11447904842895153,110344.4,110344.4,,5,ABOVE_LR
2026-09-22 01:45:00,2026-09-22T06:45:00.000Z,85453,85453.1,85400,85420,249.20800000000003,77.20400000000001,172.004,-94.79999999999998,-0.3804051234310294,110348.922,110348.922,,5,ABOVE_LR
2026-09-22 01:50:00,2026-09-22T06:50:00.000Z,85419.9,85472.5,85401.6,85416.1,286.838,158.438,128.39999999999998,30.03800000000001,0.10472113178867518,110318.865,110318.865,,5,ABOVE_LR
2026-09-22 01:55:00,2026-09-22T06:55:00.000Z,85416,85416.1,85324,85349.9,402.24500000000006,156.187,246.058,-89.87100000000002,-0.2234235354075253,110344.493,110344.493,,5,ABOVE_LR
2026-09-22 02:00:00,2026-09-22T07:00:00.000Z,85350,85368.4,85250.2,85323.3,1318.5529999999999,119.27999999999999,1199.2730000000001,-1079.993,-0.8190743944308647,110324.412,110324.412,,5,ABOVE_LR
2026-09-22 02:05:00,2026-09-22T07:05:00.000Z,85323.2,85411.5,85291.3,85401.8,296.09400000000005,144.518,151.57600000000002,-7.058000000000003,-0.023837024728633482,110056.241,110056.241,,5,ABOVE_LR
2026-09-22 02:10:00,2026-09-22T07:10:00.000Z,85401.7,85475,85380.3,85412.1,779.367,439.534,339.833,99.70100000000002,0.12792561142568268,110015.523,110015.523,,5,ABOVE_LR
2026-09-22 02:15:00,2026-09-22T07:15:00.000Z,85412,85437.2,85303,85303.2,327.097,167.92399999999998,159.173,8.751000000000005,0.026753531826950432,110239.323,110239.323,,5,ABOVE_LR
2026-09-22 02:20:00,2026-09-22T07:20:00.000Z,85303.1,85336.5,85165,85190,1259.693,466.361,793.3320000000001,-326.971,-0.2595640366343228,110234.038,110234.038,,5,ABOVE_LR
2026-09-22 02:25:00,2026-09-22T07:25:00.000Z,85190,85289.4,85180,85289.4,350.63399999999996,274.581,76.05300000000001,198.52800000000002,0.5661972313010148,110061.615,110061.615,,5,ABOVE_LR
2026-09-22 02:30:00,2026-09-22T07:30:00.000Z,85289.4,85299.8,85155.9,85171.1,374.66099999999994,154.52999999999997,220.13100000000003,-65.60100000000001,-0.17509428523385145,110016.799,110016.799,,5,ABOVE_LR
2026-09-22 02:35:00,2026-09-22T07:35:00.000Z,85171.1,85226.4,85132,85225.9,572.191,295.914,276.277,19.636999999999986,0.03431895992771642,110017.986,110017.986,,5,ABOVE_LR
2026-09-22 02:40:00,2026-09-22T07:40:00.000Z,85226,85255.6,85181.1,85220.3,276.94,131.14,145.79999999999998,-14.65999999999999,-0.05293565393225966,110035.035,110035.035,,5,ABOVE_LR
2026-09-22 02:45:00,2026-09-22T07:45:00.000Z,85220.2,85296.9,85214.6,85240.1,358.235,178.89,179.345,-0.4549999999999912,-0.0012701159853168763,110082.673,110082.673,,5,ABOVE_LR
2026-09-22 02:50:00,2026-09-22T07:50:00.000Z,85240.1,85306.1,85239.3,85294.7,338.8419999999999,218.344,120.49799999999998,97.84600000000003,0.28876585547246225,110138.199,110138.199,,5,ABOVE_LR
2026-09-22 02:55:00,2026-09-22T07:55:00.000Z,85294.6,85324.7,85243.6,85324.7,438.001,233.018,204.98299999999998,28.034999999999997,0.06400670318104296,110150.328,110150.328,,5,ABOVE_LR
2026-09-22 03:00:00,2026-09-22T08:00:00.000Z,85324.7,85474.6,85305.7,85450.1,948.1759999999999,538.996,409.18,129.81600000000003,0.13691129073083483,110210.93,110210.93,,5,ABOVE_LR
2026-09-22 03:05:00,2026-09-22T08:05:00.000Z,85450,85492,85379.4,85477.4,431.629,264.123,167.506,96.61700000000002,0.2238426982431672,110102.445,110102.445,,5,ABOVE_LR
2026-09-22 03:10:00,2026-09-22T08:10:00.000Z,85477.4,85514.8,85444.6,85455.4,404.026,272.535,131.49099999999999,141.044,0.3490963452847094,110099.273,110099.273,,5,ABOVE_LR
2026-09-22 03:15:00,2026-09-22T08:15:00.000Z,85455.3,85504.7,85402.3,85480.2,353.85,180.967,172.88300000000004,8.083999999999996,0.022845838632188767,110141.987,110141.987,,5,ABOVE_LR
2026-09-22 03:20:00,2026-09-22T08:20:00.000Z,85480.1,85521.1,85467.6,85494,346.595,198.911,147.684,51.227000000000004,0.14780074726986828,110054.65,110054.65,,5,ABOVE_LR
2026-09-22 03:25:00,2026-09-22T08:25:00.000Z,85493.9,85643,85363.6,85382.9,866.037,438.703,427.334,11.369,0.013127614640021153,110079.63,110079.63,,5,ABOVE_LR
2026-09-22 03:30:00,2026-09-22T08:30:00.000Z,85382.9,85492.5,85287.2,85492.5,588.548,270.177,318.371,-48.194,-0.08188626925926178,110018.429,110018.429,,5,ABOVE_LR
2026-09-22 03:35:00,2026-09-22T08:35:00.000Z,85492.4,85879.7,85492.4,85855.9,2343.219,1497.422,845.797,651.625,0.27808967066245194,109987.058,109987.058,,5,ABOVE_LR
2026-09-22 03:40:00,2026-09-22T08:40:00.000Z,85855.8,86133.2,85803,86116.1,2956.743,2070.535,886.2079999999999,1184.3270000000002,0.4005512146304228,109789.4,109789.4,,5,ABOVE_LR
2026-09-22 03:45:00,2026-09-22T08:45:00.000Z,86116,86259.6,85988.7,86158.2,2498.693,1277.718,1220.9750000000001,56.742999999999995,0.022709072303000004,109701.725,109701.725,,5,ABOVE_LR
2026-09-22 03:50:00,2026-09-22T08:50:00.000Z,86158.1,86365.5,86103.4,86225.1,1779.069,1089.19,689.8790000000001,399.31099999999986,0.224449417082755,109818.642,109818.642,,5,ABOVE_LR
2026-09-22 03:55:00,2026-09-22T08:55:00.000Z,86225,86273.7,86150,86179.1,750.027,392.747,357.28,35.46699999999997,0.04728763097861806,109972.215,109972.215,,5,ABOVE_LR
2026-09-22 04:00:00,2026-09-22T09:00:00.000Z,86179.1,86179.1,85660.8,85660.8,3052.233,883.124,2169.1090000000004,-1285.9850000000001,-0.42132596037065323,110080.74,110080.74,,5,ABOVE_LR
2026-09-22 04:05:00,2026-09-22T09:05:00.000Z,85660.8,85878.5,85643,85805,1210.984,673.094,537.89,135.204,0.11164804819882014,109725.946,109725.946,,5,ABOVE_LR
2026-09-22 04:10:00,2026-09-22T09:10:00.000Z,85805,85980,85766.8,85892.6,962.4279999999999,514.456,447.972,66.48399999999998,0.06907945321624058,109790.195,109790.195,,5,ABOVE_LR
2026-09-22 04:15:00,2026-09-22T09:15:00.000Z,85892.6,85958,85856.1,85880,391.25300000000004,161.01999999999998,230.23299999999998,-69.213,-0.1769008799932524,109747.629,109747.629,,5,ABOVE_LR
2026-09-22 04:20:00,2026-09-22T09:20:00.000Z,85880,85929.6,85801.4,85837.8,342.393,109.741,232.652,-122.91100000000002,-0.35897638094236745,109769.13,109769.13,,5,ABOVE_LR
2026-09-22 04:25:00,2026-09-22T09:25:00.000Z,85837.8,85882.4,85771.5,85858,327.474,136.22099999999998,191.253,-55.03200000000001,-0.16804998259403803,109775.625,109775.625,,5,ABOVE_LR
2026-09-22 04:30:00,2026-09-22T09:30:00.000Z,85858,85950,85807.9,85870.3,404.808,187.44199999999998,217.36599999999999,-29.924000000000014,-0.07392146400268773,109800.053,109800.053,,5,ABOVE_LR
2026-09-22 04:35:00,2026-09-22T09:35:00.000Z,85870.3,86041.8,85800,85942.7,662.0949999999999,409.27899999999994,252.816,156.46299999999997,0.23631503032042228,109822.286,109822.286,,5,ABOVE_LR
2026-09-22 04:40:00,2026-09-22T09:40:00.000Z,85942.6,86029.4,85920.1,86000.1,293.976,149.58100000000002,144.395,5.185999999999993,0.01764089585544396,109740.857,109740.857,,5,ABOVE_LR
2026-09-22 04:45:00,2026-09-22T09:45:00.000Z,86000.1,86031.2,85983.8,85998.8,255.45100000000002,112.702,142.74900000000002,-30.047000000000004,-0.11762334067981726,109724.454,109724.454,,5,ABOVE_LR
2026-09-22 04:50:00,2026-09-22T09:50:00.000Z,85998.7,86209.2,85976.1,86132.1,910.67,605.102,305.568,299.534,0.3289160727815784,109749.242,109749.242,,5,ABOVE_LR
2026-09-22 04:55:00,2026-09-22T09:55:00.000Z,86132.1,86241.1,86086.5,86211.5,912.002,559.604,352.39799999999997,207.20600000000005,0.22719906315994928,109736.275,109736.275,,5,ABOVE_LR
2026-09-22 05:00:00,2026-09-22T10:00:00.000Z,86211.4,86228.9,86115.9,86116.8,359.226,118.237,240.98899999999998,-122.75199999999998,-0.3417124595658443,109840.138,109840.138,,5,ABOVE_LR
2026-09-22 05:05:00,2026-09-22T10:05:00.000Z,86116.9,86122,86031.6,86055.1,311.061,91.78999999999999,219.271,-127.48100000000001,-0.4098263684614915,109856.554,109856.554,,5,ABOVE_LR
2026-09-22 05:10:00,2026-09-22T10:10:00.000Z,86055,86073,85952.6,85994.1,760.082,355.929,404.153,-48.22399999999999,-0.063445786112551,109809.003,109809.003,,5,ABOVE_LR
2026-09-22 05:15:00,2026-09-22T10:15:00.000Z,85994.1,86060.1,85986,85992,221.68100000000004,110.91,110.77100000000002,0.1389999999999887,0.0006270271245618192,109615.04,109615.04,,5,ABOVE_LR
2026-09-22 05:20:00,2026-09-22T10:20:00.000Z,85992,86010.9,85858.5,85888,606.189,180.08100000000002,426.108,-246.02700000000002,-0.4058585688621866,109616.007,109616.007,,5,ABOVE_LR
2026-09-22 05:25:00,2026-09-22T10:25:00.000Z,85888,85888,85777,85822.9,771.5239999999999,267.88100000000003,503.64300000000003,-235.762,-0.30557960607835927,109655.248,109655.248,,5,ABOVE_LR
2026-09-22 05:30:00,2026-09-22T10:30:00.000Z,85822.9,85823,85693.6,85760.9,783.8620000000001,261.964,521.8979999999999,-259.93399999999997,-0.3316068389588983,109643.481,109643.481,,5,ABOVE_LR
2026-09-22 05:35:00,2026-09-22T10:35:00.000Z,85760.9,85885.4,85739.5,85885.4,564.0010000000001,259.201,304.8,-45.599000000000004,-0.08084914743058966,109690.894,109690.894,,5,ABOVE_LR
2026-09-22 05:40:00,2026-09-22T10:40:00.000Z,85885.4,85910,85807.7,85807.7,621.653,222.46099999999998,399.192,-176.731,-0.28429204073655234,109661.555,109661.555,,5,ABOVE_LR
2026-09-22 05:45:00,2026-09-22T10:45:00.000Z,85807.7,85816.8,85741,85777,371.7169999999999,221.77,149.947,71.82300000000001,0.19321957295469408,109517.837,109517.837,,5,ABOVE_LR
2026-09-22 05:50:00,2026-09-22T10:50:00.000Z,85777.1,85931.9,85777,85924.9,389.387,278.864,110.52300000000002,168.34099999999995,0.4323231129955544,109512.441,109512.441,,5,ABOVE_LR
2026-09-22 05:55:00,2026-09-22T10:55:00.000Z,85924.8,85943.6,85856.1,85856.2,188.488,55.838,132.65,-76.812,-0.4075166588854463,109625.134,109625.134,,5,ABOVE_LR
2026-09-22 06:00:00,2026-09-22T11:00:00.000Z,85856.1,85956,85853.6,85930,269.173,141.826,127.34700000000001,14.478999999999985,0.05379068480122443,109627.615,109627.615,,5,ABOVE_LR
2026-09-22 06:05:00,2026-09-22T11:05:00.000Z,85930,85949.6,85760,85760,386.77000000000004,152.503,234.26700000000002,-81.76400000000004,-0.21140212529410252,109612.907,109612.907,,5,ABOVE_LR
2026-09-22 06:10:00,2026-09-22T11:10:00.000Z,85760.1,85951.7,85726.5,85933.1,388.315,132.772,255.543,-122.77099999999999,-0.31616342402431014,109596.946,109596.946,,5,ABOVE_LR
2026-09-22 06:15:00,2026-09-22T11:15:00.000Z,85933.2,86059.5,85924.1,85996.7,377.488,226.76800000000003,150.71999999999997,76.048,0.20145805959394736,109546.337,109546.337,,5,ABOVE_LR
2026-09-22 06:20:00,2026-09-22T11:20:00.000Z,85996.8,86063.3,85985.7,86003.3,222.312,118.479,103.833,14.645999999999997,0.0658803843247328,109520.095,109520.095,,5,ABOVE_LR
2026-09-22 06:25:00,2026-09-22T11:25:00.000Z,86003.2,86021.5,85875.5,85883.4,208.52500000000003,72.55199999999999,135.973,-63.42099999999999,-0.3041409902889341,109516.984,109516.984,,5,ABOVE_LR
2026-09-22 06:30:00,2026-09-22T11:30:00.000Z,85883.4,85924.3,85804.2,85885,327.952,109.70599999999999,218.246,-108.54,-0.3309630677660146,109471.436,109471.436,,5,ABOVE_LR
2026-09-22 06:35:00,2026-09-22T11:35:00.000Z,85884.9,86048.1,85878.4,86025.1,211.963,135.80599999999998,76.15700000000001,59.648999999999994,0.2814123219618518,109367.664,109367.664,,5,ABOVE_LR
2026-09-22 06:40:00,2026-09-22T11:40:00.000Z,86025.2,86110,86019.9,86063.8,381.308,232.639,148.66899999999998,83.97,0.22021567866396718,109370.572,109370.572,,5,ABOVE_LR
2026-09-22 06:45:00,2026-09-22T11:45:00.000Z,86063.9,86100,85995.8,86032.7,294.988,161.624,133.36399999999998,28.260000000000012,0.0958005071392735,109400.712,109400.712,,5,ABOVE_LR
2026-09-22 06:50:00,2026-09-22T11:50:00.000Z,86032.7,86050,85880,85880,293.577,85.013,208.56400000000002,-123.55099999999999,-0.42084700095715943,109413.866,109413.866,,5,ABOVE_LR
2026-09-22 06:55:00,2026-09-22T11:55:00.000Z,85880,85956.1,85850,85950.1,374.10299999999995,179.23399999999998,194.86900000000003,-15.635000000000012,-0.04179330291390343,109392.79,109392.79,,5,ABOVE_LR
2026-09-22 07:00:00,2026-09-22T12:00:00.000Z,85950.1,86000.1,85891.9,85921,314.03700000000003,172.51599999999996,141.52100000000002,30.994999999999997,0.09869856099758943,109357.2,109357.2,,5,ABOVE_LR
2026-09-22 07:05:00,2026-09-22T12:05:00.000Z,85921,85965.3,85888.6,85908.7,223.87800000000001,129.012,94.866,34.145999999999994,0.15252056923860313,109395.858,109395.858,,5,ABOVE_LR
2026-09-22 07:10:00,2026-09-22T12:10:00.000Z,85908.7,85990,85870.2,85870.2,274.565,116.84600000000002,157.719,-40.872999999999976,-0.14886456758873118,109411.575,109411.575,,5,ABOVE_LR
2026-09-22 07:15:00,2026-09-22T12:15:00.000Z,85870.2,85890.1,85739.3,85816.5,486.18500000000006,218.80100000000002,267.384,-48.58299999999997,-0.09992698252722722,109390.66,109390.66,,5,ABOVE_LR
2026-09-22 07:20:00,2026-09-22T12:20:00.000Z,85816.5,85968.2,85816.4,85926.4,567.7800000000001,403.16499999999996,164.615,238.54999999999995,0.42014512663355513,109364.028,109364.028,,5,ABOVE_LR
2026-09-22 07:25:00,2026-09-22T12:25:00.000Z,85926.4,86078.3,85915.4,86078.3,363.7,255.48200000000003,108.218,147.264,0.40490514160022,109443.509,109443.509,,5,ABOVE_LR
2026-09-22 07:30:00,2026-09-22T12:30:00.000Z,86078.2,86163.4,85997,85997.1,772.6270000000001,440.78,331.84700000000004,108.93299999999994,0.1409904132265633,109466.545,109466.545,,5,ABOVE_LR
2026-09-22 07:35:00,2026-09-22T12:35:00.000Z,85997.2,86055.7,85959.4,85974.5,399.543,213.866,185.677,28.189000000000014,0.07055310692466146,109521.423,109521.423,,5,ABOVE_LR
2026-09-22 07:40:00,2026-09-22T12:40:00.000Z,85974.5,86015.2,85931.6,85938.8,273.097,135.268,137.829,-2.560999999999993,-0.009377620405936326,109502.136,109502.136,,5,ABOVE_LR
2026-09-22 07:45:00,2026-09-22T12:45:00.000Z,85938.9,85986.5,85927.9,85974.4,223.031,102.71300000000001,120.318,-17.60500000000001,-0.07893521528397403,109502.733,109502.733,,5,ABOVE_LR
2026-09-22 07:50:00,2026-09-22T12:50:00.000Z,85974.5,86028.2,85900,85916.5,440.37,180.505,259.865,-79.36000000000003,-0.18021209437518457,109503.182,109503.182,,5,ABOVE_LR
2026-09-22 07:55:00,2026-09-22T12:55:00.000Z,85916.5,86024.1,85912,85993.6,301.113,134.918,166.195,-31.277000000000008,-0.10387130412835051,109559.479,109559.479,,5,ABOVE_LR
2026-09-22 08:00:00,2026-09-22T13:00:00.000Z,85993.6,86150.4,85980,86023.3,454.521,235.29,219.23100000000002,16.058999999999997,0.03533170084550548,109567.794,109567.794,,5,ABOVE_LR
2026-09-22 08:05:00,2026-09-22T13:05:00.000Z,86023.4,86182.7,86023.4,86091.7,463.851,243.46300000000002,220.388,23.07499999999999,0.0497465781037445,109579.617,109579.617,,5,ABOVE_LR
2026-09-22 08:10:00,2026-09-22T13:10:00.000Z,86091.7,86118.3,85991.4,86015.1,315.674,132.419,183.255,-50.83599999999999,-0.16103955346338308,109582.463,109582.463,,5,ABOVE_LR
2026-09-22 08:15:00,2026-09-22T13:15:00.000Z,86015.1,86019.5,85888,85955,612.551,217.62400000000002,394.92699999999996,-177.303,-0.2894501845560614,109546.969,109546.969,,5,ABOVE_LR
2026-09-22 08:20:00,2026-09-22T13:20:00.000Z,85954.9,85994.2,85870,85870.3,463.627,217.705,245.92200000000003,-28.217000000000013,-0.060861425240549,109499.4,109499.4,,5,ABOVE_LR
2026-09-22 08:25:00,2026-09-22T13:25:00.000Z,85870.3,85870.3,85658.7,85697.1,1289.748,560.521,729.2270000000001,-168.706,-0.13080539764357066,109537.819,109537.819,,5,ABOVE_LR
2026-09-22 08:30:00,2026-09-22T13:30:00.000Z,85697.1,86064,85519.5,86057.2,2119,1034.841,1084.159,-49.317999999999955,-0.023274185936762604,109546.848,109546.848,,5,ABOVE_LR
2026-09-22 08:35:00,2026-09-22T13:35:00.000Z,86057.2,86131.1,85699,85783.7,1409.139,566.885,842.254,-275.369,-0.1954164919145663,109390.097,109390.097,,5,ABOVE_LR
2026-09-22 08:40:00,2026-09-22T13:40:00.000Z,85783.6,85927.7,85650,85896.6,778.959,474.714,304.245,170.46900000000002,0.21884206999341432,109252.154,109252.154,,5,ABOVE_LR
2026-09-22 08:45:00,2026-09-22T13:45:00.000Z,85896.5,86091.8,85830.7,86085.3,657.7860000000001,345.593,312.19300000000004,33.39999999999998,0.050776392322122964,109281.361,109281.361,,5,ABOVE_LR
2026-09-22 08:50:00,2026-09-22T13:50:00.000Z,86085.4,86141.7,86021.6,86079.9,1075.492,685.03,390.462,294.568,0.2738913911028627,109267.064,109267.064,,5,ABOVE_LR
2026-09-22 08:55:00,2026-09-22T13:55:00.000Z,86079.9,86333,86053.3,86309.7,1617.847,1033.4209999999998,584.426,448.99499999999995,0.27752624321088454,109521.368,109521.368,,5,ABOVE_LR
2026-09-22 09:00:00,2026-09-22T14:00:00.000Z,86309.7,86318.4,86039.8,86100.7,788.803,275.622,513.181,-237.55900000000003,-0.30116391545164006,109709.704,109709.704,,5,ABOVE_LR
2026-09-22 09:05:00,2026-09-22T14:05:00.000Z,86100.7,86250,86033.3,86082.4,815.7149999999999,417.48500000000007,398.22999999999996,19.255000000000045,0.02360505813917857,109688.203,109688.203,,5,ABOVE_LR
2026-09-22 09:10:00,2026-09-22T14:10:00.000Z,86082.4,86431.2,86074.8,86315.8,1315.1960000000001,709.619,605.577,104.04200000000003,0.07910760069221623,109713.02,109713.02,,5,ABOVE_LR
2026-09-22 09:15:00,2026-09-22T14:15:00.000Z,86315.7,86344,86076.4,86080,580.627,222.80200000000002,357.825,-135.02299999999997,-0.2325468846608924,109643.336,109643.336,,5,ABOVE_LR
2026-09-22 09:20:00,2026-09-22T14:20:00.000Z,86080,86175,86020.2,86113.2,500.584,260.68300000000005,239.90099999999998,20.782000000000004,0.04151550988445497,109652.121,109652.121,,5,ABOVE_LR
2026-09-22 09:25:00,2026-09-22T14:25:00.000Z,86113.2,86128,85881.3,85882.5,878.8969999999999,225.428,653.4689999999999,-428.04099999999994,-0.48702066339969297,109658.665,109658.665,,5,ABOVE_LR
2026-09-22 09:30:00,2026-09-22T14:30:00.000Z,85882.4,85888.2,85657.1,85713.3,1568.94,697.607,871.3329999999999,-173.72599999999994,-0.11072826239371801,109561.309,109561.309,,5,ABOVE_LR
2026-09-22 09:35:00,2026-09-22T14:35:00.000Z,85713.3,85850.4,85405.9,85840.9,2748.691,1309.018,1439.6730000000002,-130.6550000000001,-0.04753353505359464,109373.068,109373.068,,5,ABOVE_LR
2026-09-22 09:40:00,2026-09-22T14:40:00.000Z,85840.9,85960.3,85744.7,85855.7,1108.2350000000001,483.405,624.83,-141.425,-0.12761282579958222,109187.3,109187.3,,5,ABOVE_LR
2026-09-22 09:45:00,2026-09-22T14:45:00.000Z,85855.6,86009.8,85838.2,85980.2,619.061,313.73400000000004,305.327,8.406999999999996,0.013580244919321353,109162.679,109162.679,,5,ABOVE_LR
2026-09-22 09:50:00,2026-09-22T14:50:00.000Z,85980.1,86054.1,85893.6,86032.9,482.0930000000001,254.21699999999998,227.876,26.340999999999987,0.054638835245481646,109162.093,109162.093,,5,ABOVE_LR
2026-09-22 09:55:00,2026-09-22T14:55:00.000Z,86032.9,86220,86032.9,86209.1,818.879,472.273,346.606,125.66700000000002,0.15346223312601742,109153.908,109153.908,,5,ABOVE_LR
2026-09-22 10:00:00,2026-09-22T15:00:00.000Z,86209,86247.6,86125,86215.7,825.9580000000001,276.71999999999997,549.238,-272.51800000000003,-0.32994171616474444,109119.316,109119.316,,5,ABOVE_LR
2026-09-22 10:05:00,2026-09-22T15:05:00.000Z,86215.7,86362.9,86189.9,86202,1026.654,577.798,448.856,128.94200000000004,0.12559440668423835,109179.058,109179.058,,5,ABOVE_LR
2026-09-22 10:10:00,2026-09-22T15:10:00.000Z,86202,86284.7,86089.1,86265.7,885.624,373.578,512.0459999999999,-138.468,-0.1563507764017235,109263.459,109263.459,,5,ABOVE_LR
2026-09-22 10:15:00,2026-09-22T15:15:00.000Z,86265.7,86300,86078.5,86166.3,802.878,381.594,421.284,-39.68999999999998,-0.049434658814913324,109287.174,109287.174,,5,ABOVE_LR
2026-09-22 10:20:00,2026-09-22T15:20:00.000Z,86166.4,86290.3,86102,86202.9,416.3539999999999,259.226,157.12800000000001,102.098,0.24521921249705783,109377.309,109377.309,,5,ABOVE_LR
2026-09-22 10:25:00,2026-09-22T15:25:00.000Z,86202.9,86275,86202.8,86237.2,267.734,84.214,183.51999999999998,-99.30599999999998,-0.3709129210335631,109410.867,109410.867,,5,ABOVE_LR
2026-09-22 10:30:00,2026-09-22T15:30:00.000Z,86237.1,86309.9,86202.8,86241.8,359.93899999999996,183.76600000000002,176.173,7.592999999999982,0.021095241138081682,109461.982,109461.982,,5,ABOVE_LR
2026-09-22 10:35:00,2026-09-22T15:35:00.000Z,86241.9,86356.5,86220,86292.4,406.835,199.81100000000004,207.024,-7.212999999999987,-0.017729546376295025,109477.403,109477.403,,5,ABOVE_LR
2026-09-22 10:40:00,2026-09-22T15:40:00.000Z,86292.4,86547.6,86290.5,86517.1,1194.862,747.7090000000001,447.153,300.556,0.25154034524489016,109540.656,109540.656,,5,ABOVE_LR
2026-09-22 10:45:00,2026-09-22T15:45:00.000Z,86517,86699.9,86370.1,86442.7,1536.951,797.17,739.7810000000002,57.38899999999994,0.037339511799660455,109530.619,109530.619,,5,ABOVE_LR
2026-09-22 10:50:00,2026-09-22T15:50:00.000Z,86442.7,86442.8,86280.3,86346.5,567.246,250.727,316.519,-65.79200000000002,-0.11598495185510346,109595.908,109595.908,,5,ABOVE_LR
2026-09-22 10:55:00,2026-09-22T15:55:00.000Z,86346.6,86432.4,86344.3,86367.4,342.098,148.985,193.11300000000003,-44.12800000000002,-0.12899227706680547,109566.552,109566.552,,5,ABOVE_LR
2026-09-22 11:00:00,2026-09-22T16:00:00.000Z,86367.4,86485.7,86343.8,86360.1,632.141,295.46099999999996,336.67999999999995,-41.21899999999999,-0.06520538930396856,109548.024,109548.024,,5,ABOVE_LR
2026-09-22 11:05:00,2026-09-22T16:05:00.000Z,86360.1,86398.7,86208.4,86214.1,682.7180000000001,252.187,430.531,-178.34400000000002,-0.26122645074540296,109608.864,109608.864,,5,ABOVE_LR
2026-09-22 11:10:00,2026-09-22T16:10:00.000Z,86214.1,86238.6,86102.7,86133.7,643.206,240.41700000000003,402.78899999999993,-162.37199999999999,-0.25244167498437514,109605.854,109605.854,,5,ABOVE_LR
2026-09-22 11:15:00,2026-09-22T16:15:00.000Z,86133.7,86203.5,86041.2,86074.5,713.5450000000002,395.458,318.087,77.371,0.10843184382204342,109477.525,109477.525,,5,ABOVE_LR
2026-09-22 11:20:00,2026-09-22T16:20:00.000Z,86074.6,86187.5,86025.8,86187.5,478.13500000000005,246.27100000000002,231.86400000000003,14.40699999999999,0.030131657377100586,109561.546,109561.546,,5,ABOVE_LR
2026-09-22 11:25:00,2026-09-22T16:25:00.000Z,86187.5,86252.5,86033,86043.3,501.55899999999997,226.284,275.275,-48.991000000000014,-0.09767744173666511,109528.504,109528.504,,5,ABOVE_LR
2026-09-22 11:30:00,2026-09-22T16:30:00.000Z,86043.4,86141.9,86025,86120.4,469.09900000000005,215.773,253.32600000000002,-37.553000000000026,-0.08005346419412539,109487.894,109487.894,,5,ABOVE_LR
2026-09-22 11:35:00,2026-09-22T16:35:00.000Z,86120.3,86180,86078.4,86163.8,191.607,84.72500000000001,106.88199999999999,-22.156999999999993,-0.11563773766094138,109508.989,109508.989,,5,ABOVE_LR
2026-09-22 11:40:00,2026-09-22T16:40:00.000Z,86163.9,86250,86112.2,86185.7,260.353,112.537,147.816,-35.279,-0.1355044881372598,109490.054,109490.054,,5,ABOVE_LR
2026-09-22 11:45:00,2026-09-22T16:45:00.000Z,86185.6,86370.8,86168,86357.6,491.45799999999997,334.42600000000004,157.03199999999998,177.39400000000003,0.36095454748930744,109439.575,109439.575,,5,ABOVE_LR
2026-09-22 11:50:00,2026-09-22T16:50:00.000Z,86357.6,86554,86326.4,86510.1,2257.5020000000004,1238.637,1018.865,219.77199999999996,0.09735185173700839,109539.84,109539.84,,5,ABOVE_LR
2026-09-22 11:55:00,2026-09-22T16:55:00.000Z,86510.1,86518.8,86368.8,86378,1387.131,261.077,1126.054,-864.9770000000001,-0.6235726834740194,109745.954,109745.954,,5,ABOVE_LR
2026-09-22 12:00:00,2026-09-22T17:00:00.000Z,86377.9,86522.6,86329,86432.5,1302.026,602.84,699.186,-96.34599999999998,-0.07399698623529789,109310.131,109310.131,,5,ABOVE_LR
2026-09-22 12:05:00,2026-09-22T17:05:00.000Z,86432.4,86483,86382.4,86409,435.83099999999996,286.328,149.50300000000001,136.82500000000002,0.3139404952837224,109409.758,109409.758,,5,ABOVE_LR
2026-09-22 12:10:00,2026-09-22T17:10:00.000Z,86409.1,86507.6,86333.1,86383,1048.317,441.56300000000005,606.754,-165.19100000000003,-0.15757733586310252,109495.566,109495.566,,5,ABOVE_LR
2026-09-22 12:15:00,2026-09-22T17:15:00.000Z,86382.9,86458,86207.4,86329.9,1278.3799999999997,371.762,906.6179999999998,-534.8559999999999,-0.4183857694895102,109476.2,109476.2,,5,ABOVE_LR
2026-09-22 12:20:00,2026-09-22T17:20:00.000Z,86330,86458.2,86329.9,86453.3,230.564,151.172,79.39200000000001,71.77999999999997,0.31132353706563026,109335.11,109335.11,,5,ABOVE_LR
2026-09-22 12:25:00,2026-09-22T17:25:00.000Z,86453.2,86542.8,86448.5,86542.8,277.625,163.721,113.904,49.81699999999999,0.17943989194056728,109285.906,109285.906,,5,ABOVE_LR
2026-09-22 12:30:00,2026-09-22T17:30:00.000Z,86542.8,86590.5,86492.8,86534.6,621.585,303.36299999999994,318.22200000000004,-14.858999999999995,-0.023905017012958798,109298.158,109298.158,,5,ABOVE_LR
2026-09-22 12:35:00,2026-09-22T17:35:00.000Z,86534.7,86563,86403.2,86411.8,635.942,159.98399999999998,475.958,-315.97400000000005,-0.49685977652050034,109204.361,109204.361,,5,ABOVE_LR
2026-09-22 12:40:00,2026-09-22T17:40:00.000Z,86411.8,86509.4,86393.7,86435.2,512.779,174.41200000000003,338.367,-163.95499999999996,-0.3197381328018502,109153.298,109153.298,,5,ABOVE_LR
2026-09-22 12:45:00,2026-09-22T17:45:00.000Z,86435.2,86493.3,86362.8,86430.4,358.585,152.338,206.24699999999999,-53.909,-0.150338134612435,109114.31,109114.31,,5,ABOVE_LR
2026-09-22 12:50:00,2026-09-22T17:50:00.000Z,86430.4,86560,86360.2,86487.1,577.1800000000001,341.262,235.918,105.344,0.18251498665927438,109068.396,109068.396,,5,ABOVE_LR
2026-09-22 12:55:00,2026-09-22T17:55:00.000Z,86487,86615,86417.1,86527.5,1538.5169999999998,568.677,969.84,-401.163,-0.2607465500868694,109100.166,109100.166,,5,ABOVE_LR
2026-09-22 13:00:00,2026-09-22T18:00:00.000Z,86527.6,86581.5,86481.7,86540.1,357.99100000000004,143.54000000000002,214.45100000000002,-70.911,-0.19808039866924027,109077.632,109077.632,,5,ABOVE_LR
2026-09-22 13:05:00,2026-09-22T18:05:00.000Z,86540.1,86565.5,86436.3,86454,751.593,202.83799999999997,548.755,-345.91700000000003,-0.46024510606139235,109044.564,109044.564,,5,ABOVE_LR
2026-09-22 13:10:00,2026-09-22T18:10:00.000Z,86453.9,86600,86389.1,86476.4,744.871,225.711,519.16,-293.44899999999996,-0.39395949097226224,108982.529,108982.529,,5,ABOVE_LR
2026-09-22 13:15:00,2026-09-22T18:15:00.000Z,86476.5,86596.4,86476.4,86520.9,292.56500000000005,103.77099999999999,188.794,-85.02300000000002,-0.29061234255635504,108848.657,108848.657,,5,ABOVE_LR
2026-09-22 13:20:00,2026-09-22T18:20:00.000Z,86520.9,86539.9,86413,86414.9,493.869,108.79,385.07900000000006,-276.289,-0.5594378266301387,108819.89,108819.89,,5,ABOVE_LR
2026-09-22 13:25:00,2026-09-22T18:25:00.000Z,86415,86419.8,86226.2,86235.5,915.02,278.41999999999996,636.5999999999999,-358.17999999999995,-0.391444995737798,108740.341,108740.341,,5,ABOVE_LR
2026-09-22 13:30:00,2026-09-22T18:30:00.000Z,86235.5,86289,86187.4,86262.7,1124.0140000000001,547.997,576.0169999999999,-28.02000000000001,-0.024928515125256453,108640.088,108640.088,,5,ABOVE_LR
2026-09-22 13:35:00,2026-09-22T18:35:00.000Z,86262.7,86370.5,86234.2,86370.4,331.784,171.355,160.429,10.92599999999998,0.032931063583536216,108394.447,108394.447,,5,ABOVE_LR
2026-09-22 13:40:00,2026-09-22T18:40:00.000Z,86370.5,86399.5,86330.7,86352.6,209.898,83.735,126.163,-42.42800000000001,-0.20213627571487108,108348.995,108348.995,,5,ABOVE_LR
2026-09-22 13:45:00,2026-09-22T18:45:00.000Z,86352.6,86517.1,86352.5,86454.2,526.188,200.072,326.116,-126.04399999999998,-0.23954176073950753,108316.518,108316.518,,5,ABOVE_LR
2026-09-22 13:50:00,2026-09-22T18:50:00.000Z,86454.2,86485.5,86406.6,86476.2,274.594,118.582,156.012,-37.429999999999986,-0.13631033453025188,108221.041,108221.041,,5,ABOVE_LR
2026-09-22 13:55:00,2026-09-22T18:55:00.000Z,86476.2,86530.5,86387.4,86403.2,713.5649999999999,233.172,480.393,-247.22099999999995,-0.3464589771079018,108182.13,108182.13,,5,ABOVE_LR
2026-09-22 14:00:00,2026-09-22T19:00:00.000Z,86403.2,86474.9,86347.2,86421.5,370.385,113.175,257.21000000000004,-144.03500000000003,-0.38887913927399875,108135.726,108135.726,,5,ABOVE_LR
2026-09-22 14:05:00,2026-09-22T19:05:00.000Z,86421.5,86470,86373,86462.6,264.784,105.52100000000002,159.26299999999998,-53.74199999999999,-0.20296543597800468,108078.548,108078.548,,5,ABOVE_LR
2026-09-22 14:10:00,2026-09-22T19:10:00.000Z,86462.5,86481.1,86400.3,86430.9,508.49100000000004,164.754,343.73699999999997,-178.983,-0.3519885307704561,108036.408,108036.408,,5,ABOVE_LR
2026-09-22 14:15:00,2026-09-22T19:15:00.000Z,86430.9,86512.7,86430.8,86486.5,461.842,299.36199999999997,162.47999999999996,136.88200000000003,0.29638274561430106,107955.611,107955.611,,5,ABOVE_LR
2026-09-22 14:20:00,2026-09-22T19:20:00.000Z,86486.5,86486.6,86384.8,86438.8,280.218,126.86500000000001,153.353,-26.488000000000014,-0.09452640444225571,107908.071,107908.071,,5,ABOVE_LR
2026-09-22 14:25:00,2026-09-22T19:25:00.000Z,86438.9,86538.5,86400.7,86483.9,675.9879999999999,232.108,443.88,-211.772,-0.3132777504926123,107822.47,107822.47,,5,ABOVE_LR
2026-09-22 14:30:00,2026-09-22T19:30:00.000Z,86483.9,86483.9,86307.5,86417.1,575.929,192.93,382.99899999999997,-190.06899999999996,-0.3300215825214566,107776.192,107776.192,,5,ABOVE_LR
2026-09-22 14:35:00,2026-09-22T19:35:00.000Z,86417.1,86448.5,86211.6,86288.7,632.293,249.53999999999996,382.75300000000004,-133.213,-0.21068238933532396,107633.226,107633.226,,5,ABOVE_LR
2026-09-22 14:40:00,2026-09-22T19:40:00.000Z,86288.7,86382.4,86273.7,86330.7,440.111,225.659,214.452,11.207000000000008,0.02546403066499135,107463.032,107463.032,,5,ABOVE_LR
2026-09-22 14:45:00,2026-09-22T19:45:00.000Z,86330.8,86360.6,86240.2,86288.7,258.945,72.15700000000001,186.788,-114.631,-0.4426847400027033,107452.861,107452.861,,5,ABOVE_LR
2026-09-22 14:50:00,2026-09-22T19:50:00.000Z,86288.6,86288.6,86114.2,86114.8,580.745,219.579,361.16600000000005,-141.58700000000002,-0.2438023573168947,107439.866,107439.866,,5,ABOVE_LR
2026-09-22 14:55:00,2026-09-22T19:55:00.000Z,86114.8,86211.8,86095.8,86146.1,650.029,248.853,401.17599999999993,-152.32299999999998,-0.23433262208301472,107349.617,107349.617,,5,ABOVE_LR
2026-09-22 15:00:00,2026-09-22T20:00:00.000Z,86146.2,86212.2,86081.2,86212.2,340.692,200.84599999999998,139.846,60.999999999999986,0.1790473506862503,107279.236,107279.236,,5,ABOVE_LR
2026-09-22 15:05:00,2026-09-22T20:05:00.000Z,86212.2,86233.2,86133.1,86177.1,329.98699999999997,174.84500000000003,155.142,19.703000000000003,0.05970841275565403,107232.701,107232.701,,5,ABOVE_LR
2026-09-22 15:10:00,2026-09-22T20:10:00.000Z,86177.2,86216,86118,86164.1,282.063,156.85999999999999,125.203,31.65699999999999,0.11223379174156126,107153.514,107153.514,,5,ABOVE_LR
2026-09-22 15:15:00,2026-09-22T20:15:00.000Z,86164.1,86215.6,86153.7,86180.9,203.393,132.01399999999998,71.37899999999999,60.635,0.29811743766992965,107089.51,107089.51,,5,ABOVE_LR
2026-09-22 15:20:00,2026-09-22T20:20:00.000Z,86180.8,86283.2,86180.8,86280,190.695,139.67899999999997,51.016000000000005,88.66299999999998,0.46494664254437706,107051.256,107051.256,,5,ABOVE_LR
2026-09-22 15:25:00,2026-09-22T20:25:00.000Z,86279.9,86331.7,86254,86296.1,314.579,156.228,158.351,-2.12300000000001,-0.006748702233779146,107024.11,107024.11,,5,ABOVE_LR
2026-09-22 15:30:00,2026-09-22T20:30:00.000Z,86296,86300.8,86188.2,86283.3,218.43599999999998,120.29399999999998,98.142,22.152,0.10141185518870517,107014.252,107014.252,,5,ABOVE_LR
2026-09-22 15:35:00,2026-09-22T20:35:00.000Z,86283.3,86324.5,86273.2,86299.9,75.584,31.5,44.084,-12.584,-0.16649026248941573,107014.155,107014.155,,5,ABOVE_LR
2026-09-22 15:40:00,2026-09-22T20:40:00.000Z,86300,86316.7,86269.4,86276.1,78.009,22.938,55.071,-32.132999999999996,-0.411914009921932,106992.234,106992.234,,5,ABOVE_LR
2026-09-22 15:45:00,2026-09-22T20:45:00.000Z,86276.1,86276.1,86203.4,86238.7,135.913,50.739000000000004,85.17399999999999,-34.435,-0.2533606056815757,106996.324,106996.324,,5,ABOVE_LR
2026-09-22 15:50:00,2026-09-22T20:50:00.000Z,86238.8,86270.1,86163.1,86169.8,128.178,29.479999999999997,98.698,-69.218,-0.5400146671035592,106979.229,106979.229,,5,ABOVE_LR
2026-09-22 15:55:00,2026-09-22T20:55:00.000Z,86169.9,86229.9,86150,86229.9,204.858,85.57300000000001,119.285,-33.712,-0.16456277030918978,106969.462,106969.462,,5,ABOVE_LR
2026-09-22 16:00:00,2026-09-22T21:00:00.000Z,86229.9,86314,86229.8,86245.3,241.77100000000002,110.97800000000001,130.79299999999998,-19.814999999999998,-0.08195772032212299,106991.027,106991.027,,5,ABOVE_LR
2026-09-22 16:05:00,2026-09-22T21:05:00.000Z,86245.2,86292.8,86197.9,86197.9,145.934,66.78200000000001,79.15199999999999,-12.369999999999994,-0.08476434552605969,106986.747,106986.747,,5,ABOVE_LR
2026-09-22 16:10:00,2026-09-22T21:10:00.000Z,86198,86234.2,86172,86221.7,129.264,58.03000000000001,71.234,-13.203999999999999,-0.10214754301274909,106977.71,106977.71,,5,ABOVE_LR
2026-09-22 16:15:00,2026-09-22T21:15:00.000Z,86221.7,86224.6,86185.9,86193,148.243,60.581999999999994,87.661,-27.079000000000004,-0.18266629790276778,106976.907,106976.907,,5,ABOVE_LR
2026-09-22 16:20:00,2026-09-22T21:20:00.000Z,86193,86213.6,86180,86193.5,77.06,40.989000000000004,36.071,4.918000000000003,0.06382039968855441,106977.061,106977.061,,5,ABOVE_LR
2026-09-22 16:25:00,2026-09-22T21:25:00.000Z,86193.5,86231.6,86175,86205.6,124.638,66.041,58.59700000000001,7.444000000000003,0.05972496349427945,106957.693,106957.693,,5,ABOVE_LR
2026-09-22 16:30:00,2026-09-22T21:30:00.000Z,86205.5,86266.4,86205.5,86229.1,154.39600000000002,72.24600000000001,82.14999999999999,-9.903999999999996,-0.06414673955283813,106947.674,106947.674,,5,ABOVE_LR
2026-09-22 16:35:00,2026-09-22T21:35:00.000Z,86229.1,86269.4,86191.9,86209.9,147.375,76.36299999999999,71.012,5.351000000000003,0.03630873621713318,106962.493,106962.493,,5,ABOVE_LR
2026-09-22 16:40:00,2026-09-22T21:40:00.000Z,86209.9,86209.9,86129.8,86165.1,128.24,33.029,95.211,-62.182,-0.4848877105427324,106957.672,106957.672,,5,ABOVE_LR
2026-09-22 16:45:00,2026-09-22T21:45:00.000Z,86165.1,86255.3,86165.1,86255.2,90.822,46.953,43.869,3.083999999999996,0.03395653035608108,106954.822,106954.822,,5,ABOVE_LR
2026-09-22 16:50:00,2026-09-22T21:50:00.000Z,86255.3,86264.7,86185.6,86199.3,104.643,35.99099999999999,68.652,-32.660999999999994,-0.31211834523092796,106960.675,106960.675,,5,ABOVE_LR
2026-09-22 16:55:00,2026-09-22T21:55:00.000Z,86199.3,86234.9,86143.2,86143.2,130.055,47.505,82.55,-35.045,-0.2694629195340433,106962.667,106962.667,,5,ABOVE_LR
2026-09-22 17:00:00,2026-09-22T22:00:00.000Z,86143.3,86246.3,85948.5,86059.1,755.089,308.974,446.115,-137.14100000000002,-0.18162229882835004,106972.746,106972.746,,5,ABOVE_LR
2026-09-22 17:05:00,2026-09-22T22:05:00.000Z,86059.1,86145.8,86032.5,86050.5,235.27300000000002,95.97999999999999,139.293,-43.313,-0.1840967726853485,106993.044,106993.044,,5,ABOVE_LR
2026-09-22 17:10:00,2026-09-22T22:10:00.000Z,86050.5,86070.6,85954.7,86013.1,352.216,128.287,223.92900000000003,-95.64200000000002,-0.2715435982465306,107010.356,107010.356,,5,ABOVE_LR
2026-09-22 17:15:00,2026-09-22T22:15:00.000Z,86013.1,86179.7,85987.3,86176.2,373.009,195.517,177.492,18.025000000000006,0.04832323080676339,107057.655,107057.655,,5,ABOVE_LR
2026-09-22 17:20:00,2026-09-22T22:20:00.000Z,86176.1,86185.2,86105.3,86130.7,132.31699999999998,61.116,71.201,-10.08499999999999,-0.07621847532818905,107043.082,107043.082,,5,ABOVE_LR
2026-09-22 17:25:00,2026-09-22T22:25:00.000Z,86130.8,86170.7,86111,86128.7,90.96,45.82299999999999,45.137,0.6860000000000017,0.007541776605101163,107034.72,107034.72,,5,ABOVE_LR
2026-09-22 17:30:00,2026-09-22T22:30:00.000Z,86128.7,86180,86123.9,86179.9,166.72699999999998,127.146,39.581,87.565,0.5251998776442929,107039.73,107039.73,,5,ABOVE_LR
2026-09-22 17:35:00,2026-09-22T22:35:00.000Z,86180,86220,86132.8,86186,268.954,175.443,93.511,81.932,0.3046320188582434,107001.956,107001.956,,5,ABOVE_LR
2026-09-22 17:40:00,2026-09-22T22:40:00.000Z,86186,86241.9,86145,86183.9,279.245,123.8,155.445,-31.64500000000001,-0.11332342566563415,107022.585,107022.585,,5,ABOVE_LR
2026-09-22 17:45:00,2026-09-22T22:45:00.000Z,86184,86247.8,86131.4,86157.2,260.158,149.446,110.712,38.73400000000001,0.1488864459290124,107008.873,107008.873,,5,ABOVE_LR
2026-09-22 17:50:00,2026-09-22T22:50:00.000Z,86157.3,86176.5,86130,86130.1,196.171,128.382,67.789,60.593,0.3088784784703142,107038.724,107038.724,,5,ABOVE_LR
2026-09-22 17:55:00,2026-09-22T22:55:00.000Z,86130.1,86147.1,86079.6,86080.5,183.16600000000003,73.125,110.04100000000001,-36.916,-0.20154395466407515,107065.115,107065.115,,5,ABOVE_LR
2026-09-22 18:00:00,2026-09-22T23:00:00.000Z,86080.6,86200,86080.6,86138.2,149.947,89.382,60.565,28.817000000000007,0.19218123737053763,107082.742,107082.742,,5,ABOVE_LR
2026-09-22 18:05:00,2026-09-22T23:05:00.000Z,86138.2,86470.2,86138.2,86465.1,1012.966,673.684,339.28200000000004,334.40199999999993,0.3301216427797181,107046.967,107046.967,,5,ABOVE_LR
2026-09-22 18:10:00,2026-09-22T23:10:00.000Z,86465.1,86473.6,86273.9,86349.2,629.8489999999999,271.35799999999995,358.491,-87.13300000000001,-0.13833950677067047,106884.64,106884.64,,5,ABOVE_LR
2026-09-22 18:15:00,2026-09-22T23:15:00.000Z,86349.2,86431.5,86301.4,86304.6,294.878,130.89700000000002,163.981,-33.083999999999996,-0.11219555205881754,106857.369,106857.369,,5,ABOVE_LR
2026-09-22 18:20:00,2026-09-22T23:20:00.000Z,86304.7,86358.8,86263.7,86273.3,270.586,117.583,153.00300000000001,-35.42,-0.13090108135675904,106861.367,106861.367,,5,ABOVE_LR
2026-09-22 18:25:00,2026-09-22T23:25:00.000Z,86273.3,86273.3,86123.4,86186.4,450.189,189.273,260.916,-71.64299999999997,-0.15913982793893225,106830.936,106830.936,,5,ABOVE_LR
2026-09-22 18:30:00,2026-09-22T23:30:00.000Z,86186.4,86234.5,86070.5,86172.2,408.01599999999996,184.834,223.18200000000002,-38.348,-0.09398651033292812,106826.858,106826.858,,5,ABOVE_LR
2026-09-22 18:35:00,2026-09-22T23:35:00.000Z,86172.1,86200,86075.8,86080.3,261.664,132.217,129.447,2.7699999999999925,0.010586095144918647,106833.43,106833.43,,5,ABOVE_LR
2026-09-22 18:40:00,2026-09-22T23:40:00.000Z,86080.3,86133.9,86047.8,86117.4,352.951,182.233,170.71800000000002,11.514999999999983,0.032624925272913184,106812.21,106812.21,,5,ABOVE_LR
2026-09-22 18:45:00,2026-09-22T23:45:00.000Z,86117.4,86180.9,86069.6,86109.7,486.75699999999995,239.838,246.91899999999998,-7.08100000000001,-0.014547299782026783,106802.824,106802.824,,5,ABOVE_LR
2026-09-22 18:50:00,2026-09-22T23:50:00.000Z,86109.7,86183.7,86079.6,86138.4,251.534,170.909,80.62500000000001,90.28399999999998,0.35893358353145094,106794.04,106794.04,,5,ABOVE_LR
2026-09-22 18:55:00,2026-09-22T23:55:00.000Z,86138.3,86162.7,86106.8,86158.6,108.555,65.592,42.962999999999994,22.629000000000005,0.20845654276633968,106746.958,106746.958,,5,ABOVE_LR
2026-09-22 19:00:00,2026-09-23T00:00:00.000Z,86158.6,86210,86100,86141.4,245.68200000000002,158.508,87.17399999999999,71.334,0.2903509414609129,106719.998,106719.998,,5,ABOVE_LR
2026-09-22 19:05:00,2026-09-23T00:05:00.000Z,86141.4,86206.4,86089.9,86191.6,379.90099999999995,221.70100000000002,158.20000000000002,63.50100000000002,0.16715144208622779,106710.031,106710.031,,5,ABOVE_LR
2026-09-22 19:10:00,2026-09-23T00:10:00.000Z,86191.5,86333,86188.1,86311,361.96099999999996,235.995,125.96600000000001,110.029,0.30398026306701553,106663.919,106663.919,,5,ABOVE_LR
2026-09-22 19:15:00,2026-09-23T00:15:00.000Z,86311,86488,86302,86470.4,491.249,297.329,193.91999999999996,103.40900000000005,0.21050220967370936,106708.699,106708.699,,5,ABOVE_LR
2026-09-22 19:20:00,2026-09-23T00:20:00.000Z,86470.3,86480.9,86397.4,86470,435.443,236.174,199.269,36.905,0.08475276901913684,106691.027,106691.027,,5,ABOVE_LR
2026-09-22 19:25:00,2026-09-23T00:25:00.000Z,86470,86495,86391.7,86417.6,282.505,147.668,134.837,12.830999999999992,0.04541866515636889,106714.142,106714.142,,5,ABOVE_LR
2026-09-22 19:30:00,2026-09-23T00:30:00.000Z,86417.5,86514.5,86413.8,86499.2,458.457,304.143,154.31400000000002,149.829,0.3268114566905948,106721.492,106721.492,,5,ABOVE_LR
2026-09-22 19:35:00,2026-09-23T00:35:00.000Z,86499.3,86535.6,86419.8,86433.2,476.33700000000005,317.617,158.71999999999997,158.89700000000005,0.3335810571087277,106712.142,106712.142,,5,ABOVE_LR
2026-09-22 19:40:00,2026-09-23T00:40:00.000Z,86433.2,86557.7,86389.4,86412.2,728.3229999999999,309.275,419.048,-109.77300000000002,-0.1507202161678267,106827.081,106827.081,,5,ABOVE_LR
2026-09-22 19:45:00,2026-09-23T00:45:00.000Z,86412.2,86462.2,86396,86441,192.49599999999998,99.227,93.26899999999999,5.958000000000009,0.030951292494389545,106971.411,106971.411,,5,ABOVE_LR
2026-09-22 19:50:00,2026-09-23T00:50:00.000Z,86441,86479.6,86409.4,86410.8,113.76500000000001,47.15299999999999,66.612,-19.459000000000003,-0.1710455764075067,106947.125,106947.125,,5,ABOVE_LR
2026-09-22 19:55:00,2026-09-23T00:55:00.000Z,86410.9,86445.4,86376.9,86423.3,325.341,154.125,171.216,-17.090999999999987,-0.05253257351517327,106941.52,106941.52,,5,ABOVE_LR
2026-09-22 20:00:00,2026-09-23T01:00:00.000Z,86423.2,86604,86396.4,86530.7,600.331,379.947,220.38399999999996,159.56300000000002,0.2657917049094583,106861.987,106861.987,,5,ABOVE_LR
2026-09-22 20:05:00,2026-09-23T01:05:00.000Z,86530.6,86666.6,86530.6,86580.4,624.766,385.543,239.22299999999998,146.32,0.23419968436182506,106984.876,106984.876,,5,ABOVE_LR
2026-09-22 20:10:00,2026-09-23T01:10:00.000Z,86580.4,86817.3,86543.4,86685.8,1207.749,809.323,398.42600000000004,410.89699999999993,0.340217214007215,106950.421,106950.421,,5,ABOVE_LR
2026-09-22 20:15:00,2026-09-23T01:15:00.000Z,86685.7,86691.8,86579.5,86683,471.82499999999993,197.204,274.621,-77.41699999999999,-0.1640799025062258,106926.778,106926.778,,5,ABOVE_LR
2026-09-22 20:20:00,2026-09-23T01:20:00.000Z,86682.9,86700,86588,86622.9,357.52,121.27199999999999,236.24800000000002,-114.97600000000003,-0.3215931975833521,106888.011,106888.011,,5,ABOVE_LR
2026-09-22 20:25:00,2026-09-23T01:25:00.000Z,86622.9,86629.8,86549.3,86599.9,243.204,111.954,131.25,-19.295999999999996,-0.07934080031578426,106919.033,106919.033,,5,ABOVE_LR
2026-09-22 20:30:00,2026-09-23T01:30:00.000Z,86599.9,86609,86530,86567.2,205.293,80.827,124.46599999999998,-43.63899999999998,-0.21256935209675917,106914.731,106914.731,,5,ABOVE_LR
2026-09-22 20:35:00,2026-09-23T01:35:00.000Z,86567.1,86567.1,86359.9,86386.8,671.599,150.65800000000002,520.9409999999999,-370.283,-0.5513453712706541,106892.061,106892.061,,5,ABOVE_LR
2026-09-22 20:40:00,2026-09-23T01:40:00.000Z,86386.9,86395.6,86222.9,86232.1,756.953,227.85299999999998,529.0999999999999,-301.247,-0.3979731898810098,106871.577,106871.577,,5,ABOVE_LR
2026-09-22 20:45:00,2026-09-23T01:45:00.000Z,86232.2,86258.8,86174.4,86185.9,594.39,291.422,302.968,-11.545999999999992,-0.019424956678275193,106746.369,106746.369,,5,ABOVE_LR
2026-09-22 20:50:00,2026-09-23T01:50:00.000Z,86185.8,86245.4,86144.6,86148.7,412.002,194.923,217.079,-22.156000000000006,-0.05377643797845643,106711.419,106711.419,,5,ABOVE_LR
2026-09-22 20:55:00,2026-09-23T01:55:00.000Z,86148.6,86333.1,86125,86320.1,482.528,304.69599999999997,177.83200000000005,126.86399999999998,0.26291531268651763,106661.583,106661.583,,5,ABOVE_LR
2026-09-22 21:00:00,2026-09-23T02:00:00.000Z,86320.1,86346.5,86252.8,86313.2,317.311,161.493,155.81799999999998,5.675000000000015,0.01788466205079564,106601.901,106601.901,,5,ABOVE_LR
2026-09-22 21:05:00,2026-09-23T02:05:00.000Z,86313.1,86335.1,86214,86326.3,156.156,80.08,76.076,4.003999999999998,0.025641025641025626,106602.595,106602.595,,5,ABOVE_LR
2026-09-22 21:10:00,2026-09-23T02:10:00.000Z,86326.2,86339.4,86263.1,86339.4,146.62199999999999,87.106,59.516000000000005,27.58999999999999,0.18817094296899506,106609.304,106609.304,,5,ABOVE_LR
2026-09-22 21:15:00,2026-09-23T02:15:00.000Z,86339.4,86443.9,86329.4,86424.9,241.422,186.613,54.80899999999999,131.804,0.5459485879497312,106582.292,106582.292,,5,ABOVE_LR
2026-09-22 21:20:00,2026-09-23T02:20:00.000Z,86424.9,86593.3,86424.9,86546.1,737.731,414.694,323.0369999999999,91.65700000000005,0.12424176291900442,106601.181,106601.181,,5,ABOVE_LR
2026-09-22 21:25:00,2026-09-23T02:25:00.000Z,86546,86570,86509,86541.4,206.208,74.492,131.716,-57.224000000000004,-0.2775062073246431,106720.748,106720.748,,5,ABOVE_LR
2026-09-22 21:30:00,2026-09-23T02:30:00.000Z,86541.4,86549.5,86488.5,86516.2,187.938,65.42,122.51799999999999,-57.098,-0.3038129595930573,106745.856,106745.856,,5,ABOVE_LR
2026-09-22 21:35:00,2026-09-23T02:35:00.000Z,86516.2,86516.3,86475,86497.4,124.16100000000002,54.032999999999994,70.128,-16.095,-0.12963007707734311,106772.694,106772.694,,5,ABOVE_LR
2026-09-22 21:40:00,2026-09-23T02:40:00.000Z,86497.4,86497.4,86428.5,86437.1,222.13099999999997,60.118,162.013,-101.895,-0.45871580283706465,106759.395,106759.395,,5,ABOVE_LR
2026-09-22 21:45:00,2026-09-23T02:45:00.000Z,86437.2,86491.8,86420.9,86434,121.39099999999999,46.867,74.524,-27.657000000000004,-0.22783402393917182,106725.482,106725.482,,5,ABOVE_LR
2026-09-22 21:50:00,2026-09-23T02:50:00.000Z,86434,86455.1,86413.2,86423.7,100.535,37.489,63.04600000000001,-25.557000000000002,-0.25420997662505596,106729.479,106729.479,,5,ABOVE_LR
2026-09-22 21:55:00,2026-09-23T02:55:00.000Z,86423.8,86510,86410,86506,206.495,122.7,83.795,38.905,0.18840649894670572,106744.363,106744.363,,5,ABOVE_LR
2026-09-22 22:00:00,2026-09-23T03:00:00.000Z,86505.9,86512,86415.2,86419.2,90.16699999999999,35.731,54.436,-18.705,-0.20744840129981038,106771.184,106771.184,,5,ABOVE_LR
2026-09-22 22:05:00,2026-09-23T03:05:00.000Z,86419.1,86450,86388.8,86435.7,177.432,59.074999999999996,118.357,-59.282,-0.3341110960818793,106781.381,106781.381,,5,ABOVE_LR
2026-09-22 22:10:00,2026-09-23T03:10:00.000Z,86435.7,86506.4,86430.9,86506.3,107.936,77.75800000000001,30.178,47.58,0.44081678031426025,106766.501,106766.501,,5,ABOVE_LR
2026-09-22 22:15:00,2026-09-23T03:15:00.000Z,86506.4,86553.6,86460.1,86546,191.442,77.436,114.006,-36.57,-0.19102391324787663,106758.97,106758.97,,5,ABOVE_LR
2026-09-22 22:20:00,2026-09-23T03:20:00.000Z,86546,86781,86539,86700.2,903.826,641.931,261.895,380.036,0.4204747373941444,106776.828,106776.828,,5,ABOVE_LR
2026-09-22 22:25:00,2026-09-23T03:25:00.000Z,86700.1,86703.6,86599.9,86656.3,418.845,138.577,280.268,-141.69099999999997,-0.33828982081676984,106769.596,106769.596,,5,ABOVE_LR
2026-09-22 22:30:00,2026-09-23T03:30:00.000Z,86656.3,86680,86624.8,86658.1,326.38,128.544,197.83599999999998,-69.292,-0.21230467553158897,106808.724,106808.724,,5,ABOVE_LR
2026-09-22 22:35:00,2026-09-23T03:35:00.000Z,86658.1,86798.1,86645.3,86797.9,462.91999999999996,296.219,166.70099999999996,129.51800000000003,0.2797848440335264,106821.483,106821.483,,5,ABOVE_LR
2026-09-22 22:40:00,2026-09-23T03:40:00.000Z,86797.9,86963.4,86775.5,86848.3,1303.6909999999998,800.422,503.26900000000006,297.15299999999996,0.22793207899724705,106900.143,106900.143,,5,ABOVE_LR
2026-09-22 22:45:00,2026-09-23T03:45:00.000Z,86848.4,86848.4,86698,86705,439.968,179.17799999999997,260.79,-81.61200000000002,-0.1854953087497273,106838.737,106838.737,,5,ABOVE_LR
2026-09-22 22:50:00,2026-09-23T03:50:00.000Z,86705.1,86710,86660.1,86674.8,150.736,49.257,101.47900000000001,-52.222,-0.34644676785903833,106846.658,106846.658,,5,ABOVE_LR
2026-09-22 22:55:00,2026-09-23T03:55:00.000Z,86674.9,86684.9,86659.9,86664,179.193,66.708,112.485,-45.77700000000001,-0.25546198791247426,106850.885,106850.885,,5,ABOVE_LR
2026-09-22 23:00:00,2026-09-23T04:00:00.000Z,86663.9,86675.2,86600,86605,301.30699999999996,86.682,214.625,-127.943,-0.42462670963502347,106548.06,106548.06,,5,ABOVE_LR
2026-09-22 23:05:00,2026-09-23T04:05:00.000Z,86605,86802,86587.9,86788.1,326.536,208.27,118.266,90.00399999999999,0.27563270206041596,106522.551,106522.551,,5,ABOVE_LR
2026-09-22 23:10:00,2026-09-23T04:10:00.000Z,86788.1,86871.6,86787.8,86804.3,476.585,230.50300000000001,246.082,-15.579,-0.032688817314854644,106472.881,106472.881,,5,ABOVE_LR
2026-09-22 23:15:00,2026-09-23T04:15:00.000Z,86804.3,86899.8,86729,86809.7,508.96200000000005,303.274,205.688,97.58600000000001,0.19173533584039673,106507.198,106507.198,,5,ABOVE_LR
2026-09-22 23:20:00,2026-09-23T04:20:00.000Z,86809.7,87156.8,86809.6,87089.8,2136.33,1490.3020000000001,646.028,844.274,0.39519830737760553,106466.401,106466.401,,5,ABOVE_LR
2026-09-22 23:25:00,2026-09-23T04:25:00.000Z,87089.9,87212,86976.3,86976.4,1707.4199999999998,661.5950000000001,1045.825,-384.23,-0.22503543357814718,106627.7,106627.7,,5,ABOVE_LR
2026-09-22 23:30:00,2026-09-23T04:30:00.000Z,86976.3,87239.8,86976.3,87199.9,1275.8100000000002,928.9539999999998,346.856,582.0980000000001,0.4562575932152907,106479.865,106479.865,,5,ABOVE_LR
2026-09-22 23:35:00,2026-09-23T04:35:00.000Z,87199.9,87247.3,87058.4,87078.5,1177.3709999999999,647.547,529.824,117.72300000000007,0.09998802416570485,106469.65,106469.65,,5,ABOVE_LR
2026-09-22 23:40:00,2026-09-23T04:40:00.000Z,87078.4,87160,87052.8,87098.2,408.06100000000004,186.839,221.222,-34.38300000000001,-0.08425946120800568,106293.501,106293.501,,5,ABOVE_LR
2026-09-22 23:45:00,2026-09-23T04:45:00.000Z,87098.2,87168,87070,87167.4,335.31500000000005,178.96200000000002,156.353,22.609,0.06742615152915914,106304.931,106304.931,,5,ABOVE_LR
2026-09-22 23:50:00,2026-09-23T04:50:00.000Z,87167.3,87167.4,87080.9,87114.8,251.30899999999997,86.394,164.91499999999996,-78.521,-0.31244802215599127,106345.958,106345.958,,5,ABOVE_LR
2026-09-22 23:55:00,2026-09-23T04:55:00.000Z,87114.8,87185.9,87111.9,87115.1,281.344,119.85199999999999,161.492,-41.639999999999986,-0.1480038671519563,106399.032,106399.032,,5,ABOVE_LR
2026-09-23 00:00:00,2026-09-23T05:00:00.000Z,87115.1,87115.1,86855.4,86920.1,864.4670000000001,237.94299999999998,626.524,-388.581,-0.4495035669377778,106454.161,106454.161,,5,ABOVE_LR
2026-09-23 00:05:00,2026-09-23T05:05:00.000Z,86920.1,86933.9,86836.2,86865.2,517.1990000000001,184.665,332.534,-147.869,-0.28590349169275264,106332.894,106332.894,,5,ABOVE_LR
2026-09-23 00:10:00,2026-09-23T05:10:00.000Z,86865.1,86924.9,86865.1,86881.6,254.737,102.01400000000001,152.723,-50.70900000000001,-0.19906413281148796,106289.783,106289.783,,5,ABOVE_LR
2026-09-23 00:15:00,2026-09-23T05:15:00.000Z,86881.7,86922.7,86807.3,86827.7,382.472,183.40599999999998,199.066,-15.660000000000004,-0.04094417369114603,106275.503,106275.503,,5,ABOVE_LR
2026-09-23 00:20:00,2026-09-23T05:20:00.000Z,86827.7,86877.5,86700,86757.8,986.402,352.927,633.475,-280.548,-0.28441548172043446,106310.407,106310.407,,5,ABOVE_LR
2026-09-23 00:25:00,2026-09-23T05:25:00.000Z,86757.8,86817,86700,86731.5,353.397,122.191,231.206,-109.01499999999999,-0.30847743472638417,106195.204,106195.204,,5,ABOVE_LR
2026-09-23 00:30:00,2026-09-23T05:30:00.000Z,86731.5,86737.5,86663,86686.8,320.275,157.923,162.35199999999998,-4.428999999999995,-0.013828740925766905,106237.161,106237.161,,5,ABOVE_LR
2026-09-23 00:35:00,2026-09-23T05:35:00.000Z,86686.8,86763.5,86666.7,86685.6,426.40000000000003,209.23499999999999,217.165,-7.930000000000014,-0.018597560975609786,106225.295,106225.295,,5,ABOVE_LR
2026-09-23 00:40:00,2026-09-23T05:40:00.000Z,86685.7,86783.3,86670.9,86704.1,363.212,174.886,188.32599999999996,-13.43999999999997,-0.03700318271422742,106214.744,106214.744,,5,ABOVE_LR
2026-09-23 00:45:00,2026-09-23T05:45:00.000Z,86704.2,86729.1,86511.1,86541.4,1212.107,432.30699999999996,779.8,-347.493,-0.28668508638263784,106233.564,106233.564,,5,ABOVE_LR
2026-09-23 00:50:00,2026-09-23T05:50:00.000Z,86541.5,86583,86446.4,86505.4,1013.46,376.106,637.354,-261.248,-0.257778304027786,106191.189,106191.189,,5,ABOVE_LR
2026-09-23 00:55:00,2026-09-23T05:55:00.000Z,86505.4,86509.4,86366.1,86448.5,611.039,238.047,372.99199999999996,-134.945,-0.22084515063686605,106141.049,106141.049,,5,ABOVE_LR
2026-09-23 01:00:00,2026-09-23T06:00:00.000Z,86448.5,86512.4,86400,86472.8,525.24,230.00400000000002,295.236,-65.23199999999999,-0.1241946538725154,106082.672,106082.672,,5,ABOVE_LR
2026-09-23 01:05:00,2026-09-23T06:05:00.000Z,86472.9,86530,86461.9,86510,252.673,145.202,107.471,37.73100000000001,0.1493273915297638,106064.843,106064.843,,5,ABOVE_LR
2026-09-23 01:10:00,2026-09-23T06:10:00.000Z,86510,86564.7,86480,86561.4,190.107,114.98100000000001,75.126,39.855000000000004,0.20964509460461742,106078.777,106078.777,,5,ABOVE_LR
2026-09-23 01:15:00,2026-09-23T06:15:00.000Z,86561.5,86561.8,86462.6,86465.7,366.16700000000003,149.334,216.833,-67.499,-0.184339386127095,106049.481,106049.481,,5,ABOVE_LR
2026-09-23 01:20:00,2026-09-23T06:20:00.000Z,86465.7,86506.7,86430.2,86439.1,251.711,83.67,168.041,-84.371,-0.3351899599143462,106126.979,106126.979,,5,ABOVE_LR
2026-09-23 01:25:00,2026-09-23T06:25:00.000Z,86439.2,86454.5,86369.8,86375.9,196.147,69.952,126.19500000000001,-56.24300000000001,-0.2867390273621315,106122.62,106122.62,,5,ABOVE_LR
2026-09-23 01:30:00,2026-09-23T06:30:00.000Z,86375.8,86415,86311.2,86407.9,430.038,197.10200000000003,232.936,-35.83399999999999,-0.08332751989359077,106114.677,106114.677,,5,ABOVE_LR
2026-09-23 01:35:00,2026-09-23T06:35:00.000Z,86407.9,86497.9,86407.8,86488.7,364.597,163.102,201.495,-38.39300000000001,-0.10530256694377631,106061.47,106061.47,,5,ABOVE_LR
2026-09-23 01:40:00,2026-09-23T06:40:00.000Z,86488.7,86534.9,86488.6,86529.1,417.198,241.71699999999998,175.481,66.23600000000002,0.15876394421833284,106111.189,106111.189,,5,ABOVE_LR
2026-09-23 01:45:00,2026-09-23T06:45:00.000Z,86529,86529.1,86418,86426.5,424.803,131.906,292.897,-160.99099999999999,-0.37897802040004425,106014.9,106014.9,,5,ABOVE_LR
2026-09-23 01:50:00,2026-09-23T06:50:00.000Z,86426.6,86464.6,86402.4,86402.4,476.674,238.889,237.78499999999997,1.1039999999999992,0.002316048284571844,105992.055,105992.055,,5,ABOVE_LR
2026-09-23 01:55:00,2026-09-23T06:55:00.000Z,86402.4,86473.3,86400,86424.1,162.735,89.66,73.07499999999999,16.585000000000004,0.10191415491443145,105975.239,105975.239,,5,ABOVE_LR
2026-09-23 02:00:00,2026-09-23T07:00:00.000Z,86424,86425.6,86253.1,86387.3,742.434,267.67400000000004,474.76,-207.08599999999993,-0.2789284973479123,105992.888,105992.888,,5,ABOVE_LR
2026-09-23 02:05:00,2026-09-23T07:05:00.000Z,86387.4,86408.3,86269,86347.1,276.341,135.74,140.601,-4.86099999999999,-0.01759058554467122,105947.533,105947.533,,5,ABOVE_LR
2026-09-23 02:10:00,2026-09-23T07:10:00.000Z,86347.1,86408,86315,86325,225.80100000000002,115.33099999999999,110.47,4.860999999999999,0.021527805457017456,105952.699,105952.699,,5,ABOVE_LR
2026-09-23 02:15:00,2026-09-23T07:15:00.000Z,86324.9,86407,86320,86341,245.812,130.93200000000002,114.88000000000002,16.052000000000003,0.06530193806648985,105945.072,105945.072,,5,ABOVE_LR
2026-09-23 02:20:00,2026-09-23T07:20:00.000Z,86341,86394.4,86311,86311,207.17700000000002,119.42599999999999,87.751,31.674999999999997,0.15288859284573092,105951.588,105951.588,,5,ABOVE_LR
2026-09-23 02:25:00,2026-09-23T07:25:00.000Z,86311.1,86375.3,86265.4,86372.2,233.529,122.99300000000001,110.53599999999999,12.457000000000008,0.05334241143498241,105908.16,105908.16,,5,ABOVE_LR
2026-09-23 02:30:00,2026-09-23T07:30:00.000Z,86372.3,86383.5,86222,86227.7,364.197,136.053,228.144,-92.09100000000001,-0.252860402474485,105897.353,105897.353,,5,ABOVE_LR
2026-09-23 02:35:00,2026-09-23T07:35:00.000Z,86227.6,86262.7,86107.7,86134.2,1514.1550000000002,685.827,828.328,-142.50100000000003,-0.09411255782928434,105853.634,105853.634,,5,ABOVE_LR
2026-09-23 02:40:00,2026-09-23T07:40:00.000Z,86134.2,86206.9,85951.2,86024.8,1386.39,437.318,949.0720000000001,-511.7540000000002,-0.3691270133223697,105952.686,105952.686,,5,ABOVE_LR
2026-09-23 02:45:00,2026-09-23T07:45:00.000Z,86024.9,86137.3,86016,86099.4,704.808,350.04900000000004,354.759,-4.709999999999994,-0.006682671025300499,105898.639,105898.639,,5,ABOVE_LR
2026-09-23 02:50:00,2026-09-23T07:50:00.000Z,86099.4,86197.1,86098.2,86168.7,549.831,358.02099999999996,191.81,166.21099999999998,0.30229470510029444,105932.314,105932.314,,5,ABOVE_LR
2026-09-23 02:55:00,2026-09-23T07:55:00.000Z,86168.7,86178.1,86083,86100,444.90299999999996,172.281,272.622,-100.34099999999998,-0.22553455472316436,105937.996,105937.996,,5,ABOVE_LR
2026-09-23 03:00:00,2026-09-23T08:00:00.000Z,86100,86219.9,86100,86106.4,614.164,370.907,243.257,127.65,0.2078435075973193,105987.95,105987.95,,5,ABOVE_LR
2026-09-23 03:05:00,2026-09-23T08:05:00.000Z,86106.5,86178.3,86051.8,86160.3,406.60600000000005,177.59099999999998,229.01500000000001,-51.42400000000003,-0.1264713260502797,106032.345,106032.345,,5,ABOVE_LR
2026-09-23 03:10:00,2026-09-23T08:10:00.000Z,86160.2,86188.1,86111.4,86151.5,227.228,117.227,110.00099999999999,7.226000000000006,0.03180065836956716,106078.151,106078.151,,5,ABOVE_LR
2026-09-23 03:15:00,2026-09-23T08:15:00.000Z,86151.6,86232,86151.6,86231.9,317.759,221.17400000000004,96.585,124.58900000000003,0.39208645545838205,106105.222,106105.222,,5,ABOVE_LR
2026-09-23 03:20:00,2026-09-23T08:20:00.000Z,86232,86232.9,86170.8,86179.3,281.71,155.635,126.075,29.559999999999995,0.10493060239253131,106090.945,106090.945,,5,ABOVE_LR
2026-09-23 03:25:00,2026-09-23T08:25:00.000Z,86179.6,86227.9,86102.5,86126.3,316.122,138.119,178.00300000000001,-39.884000000000015,-0.12616648002986192,106104.568,106104.568,,5,ABOVE_LR
2026-09-23 03:30:00,2026-09-23T08:30:00.000Z,86126.4,86174.8,86117.6,86129.3,212.86,90.781,122.079,-31.29799999999999,-0.1470356102602649,106114.88,106114.88,,5,ABOVE_LR
2026-09-23 03:35:00,2026-09-23T08:35:00.000Z,86129.3,86187.7,86106.1,86177,168.726,78.43799999999999,90.28799999999998,-11.850000000000003,-0.07023221080331427,106096.526,106096.526,,5,ABOVE_LR
2026-09-23 03:40:00,2026-09-23T08:40:00.000Z,86177,86177,86050,86065.8,404.452,138.505,265.947,-127.44199999999998,-0.31509795970844495,106095.287,106095.287,,5,ABOVE_LR
2026-09-23 03:45:00,2026-09-23T08:45:00.000Z,86065.7,86065.8,85761.6,85773.2,2358.151,745.2610000000001,1612.8899999999999,-867.6289999999999,-0.36792766875403654,106077.091,106077.091,,5,ABOVE_LR
2026-09-23 03:50:00,2026-09-23T08:50:00.000Z,85773.3,85856.7,85638.8,85692.7,2159.585,967.114,1192.4709999999998,-225.35699999999994,-0.10435199355431712,105842.676,105842.676,,5,ABOVE_LR
2026-09-23 03:55:00,2026-09-23T08:55:00.000Z,85692.7,85893.2,85676.1,85878.1,671.1299999999999,451.863,219.267,232.596,0.34657368915113324,105806.168,105806.168,,5,ABOVE_LR
2026-09-23 04:00:00,2026-09-23T09:00:00.000Z,85878,85925.4,85858.9,85900,458.877,218.582,240.295,-21.713,-0.047317690797316056,105923.183,105923.183,,5,ABOVE_LR
2026-09-23 04:05:00,2026-09-23T09:05:00.000Z,85900,85986,85844.2,85974.2,605.3330000000001,360.13100000000003,245.202,114.92900000000002,0.189860787368275,105966.026,105966.026,,5,ABOVE_LR
2026-09-23 04:10:00,2026-09-23T09:10:00.000Z,85974.3,85974.3,85900,85920.2,284.306,80.50599999999999,203.79999999999998,-123.29399999999998,-0.4336665423874276,105957.875,105957.875,,5,ABOVE_LR
2026-09-23 04:15:00,2026-09-23T09:15:00.000Z,85920.2,85973.3,85875.4,85887.1,331.735,158.09300000000002,173.642,-15.549000000000003,-0.04687175004144875,106022.003,106022.003,,5,ABOVE_LR
2026-09-23 04:20:00,2026-09-23T09:20:00.000Z,85887.2,85962.5,85830,85962.4,391.766,167.87800000000001,223.88799999999998,-56.01,-0.14296799620181433,106031.392,106031.392,,5,ABOVE_LR
2026-09-23 04:25:00,2026-09-23T09:25:00.000Z,85962.5,86008.8,85841.4,85861.9,456.693,228.33599999999998,228.357,-0.02099999999999369,-0.00004598274989980948,105990.775,105990.775,,5,ABOVE_LR
2026-09-23 04:30:00,2026-09-23T09:30:00.000Z,85861.9,85905.6,85764.1,85790,392.30600000000004,184.459,207.847,-23.388000000000012,-0.05961672775843349,106022.968,106022.968,,5,ABOVE_LR
2026-09-23 04:35:00,2026-09-23T09:35:00.000Z,85790,85826.9,85770.3,85773.8,281.76199999999994,148.305,133.457,14.848000000000006,0.05269695700626773,106069.254,106069.254,,5,ABOVE_LR
2026-09-23 04:40:00,2026-09-23T09:40:00.000Z,85773.8,85785.5,85751.9,85765.8,237.07,84.299,152.771,-68.472,-0.28882608512253766,106122.182,106122.182,,5,ABOVE_LR
2026-09-23 04:45:00,2026-09-23T09:45:00.000Z,85765.9,85811,85765.8,85809.5,280.002,150.877,129.12499999999997,21.75200000000002,0.0776851593917187,106101.161,106101.161,,5,ABOVE_LR
2026-09-23 04:50:00,2026-09-23T09:50:00.000Z,85809.5,85831.2,85691.8,85773.2,419.95500000000004,154.07,265.885,-111.81499999999997,-0.26625471776737974,106083.557,106083.557,,5,ABOVE_LR
2026-09-23 04:55:00,2026-09-23T09:55:00.000Z,85773.3,85899,85772.8,85819.3,945.0640000000001,652.2249999999999,292.83900000000006,359.38599999999997,0.3802768913004833,106082.603,106082.603,,5,ABOVE_LR
2026-09-23 05:00:00,2026-09-23T10:00:00.000Z,85819.2,85891.2,85777.4,85837.4,348.86899999999997,188.18500000000003,160.684,27.500999999999976,0.07882901604900401,106365.36,106365.36,,5,ABOVE_LR
2026-09-23 05:05:00,2026-09-23T10:05:00.000Z,85837.3,85845.8,85782.1,85813.6,213.546,117.19699999999999,96.34899999999999,20.848,0.09762767740908282,106404.089,106404.089,,5,ABOVE_LR
2026-09-23 05:10:00,2026-09-23T10:10:00.000Z,85813.5,85858.9,85780.9,85814,288.467,191.315,97.152,94.163,0.3264255530095297,106400.623,106400.623,,5,ABOVE_LR
2026-09-23 05:15:00,2026-09-23T10:15:00.000Z,85813.6,85814.7,85742.5,85799.5,491.218,149.94299999999998,341.275,-191.332,-0.3895052705723324,106429.27,106429.27,,5,ABOVE_LR
2026-09-23 05:20:00,2026-09-23T10:20:00.000Z,85799.5,85807.8,85591.4,85631.7,1251.108,423.029,828.0790000000001,-405.05000000000007,-0.32375302531835787,106393.591,106393.591,,5,ABOVE_LR
2026-09-23 05:25:00,2026-09-23T10:25:00.000Z,85631.7,85767.9,85614.6,85767.9,529.394,328.69999999999993,200.69399999999996,128.006,0.24179722475131943,106161.909,106161.909,,5,ABOVE_LR
2026-09-23 05:30:00,2026-09-23T10:30:00.000Z,85767.9,85839.3,85688,85763.6,756.424,501.48500000000007,254.93900000000002,246.546,0.32593624739564053,106168.507,106168.507,,5,ABOVE_LR
2026-09-23 05:35:00,2026-09-23T10:35:00.000Z,85763.5,85838.3,85733.7,85836.1,242.672,145.538,97.134,48.404,0.19946264917254566,106351.681,106351.681,,5,ABOVE_LR
2026-09-23 05:40:00,2026-09-23T10:40:00.000Z,85836.1,85844.4,85793.6,85843.1,312.23699999999997,214.39800000000002,97.83899999999998,116.55900000000001,0.373302971781051,106336.254,106336.254,,5,ABOVE_LR
2026-09-23 05:45:00,2026-09-23T10:45:00.000Z,85843.1,85885.1,85816.2,85830.2,332.155,200.426,131.729,68.69699999999997,0.2068221161806987,106341.551,106341.551,,5,ABOVE_LR
2026-09-23 05:50:00,2026-09-23T10:50:00.000Z,85830.3,85860.3,85781.2,85791.8,230.616,106.19500000000002,124.42099999999999,-18.226,-0.07903181045547576,106374.081,106374.081,,5,ABOVE_LR
2026-09-23 05:55:00,2026-09-23T10:55:00.000Z,85791.8,85886.3,85791.8,85879.1,632.465,475.938,156.527,319.41100000000006,0.5050255745377216,106379.527,106379.527,,5,ABOVE_LR
2026-09-23 06:00:00,2026-09-23T11:00:00.000Z,85879.2,85932.5,85781.5,85830.1,797.062,523.734,273.328,250.406,0.3141612572171299,106503.258,106503.258,,5,ABOVE_LR
2026-09-23 06:05:00,2026-09-23T11:05:00.000Z,85830.2,85845.6,85791.7,85811,197.85899999999998,105.76299999999999,92.096,13.666999999999998,0.06907444190054533,106695.566,106695.566,,5,ABOVE_LR
2026-09-23 06:10:00,2026-09-23T11:10:00.000Z,85810.9,85811,85649,85707.4,503.58299999999997,138.826,364.757,-225.93099999999998,-0.4486469956293203,106698.948,106698.948,,5,ABOVE_LR
2026-09-23 06:15:00,2026-09-23T11:15:00.000Z,85707.3,85711.9,85650.1,85650.1,129.37,49.684,79.686,-30.001999999999995,-0.23190847955476535,106706.745,106706.745,,5,ABOVE_LR
2026-09-23 06:20:00,2026-09-23T11:20:00.000Z,85650.1,85650.2,85515.2,85528.1,943.2740000000001,322.906,620.3679999999999,-297.462,-0.31535057682073286,106695.975,106695.975,,5,ABOVE_LR
2026-09-23 06:25:00,2026-09-23T11:25:00.000Z,85528.2,85591,85381.4,85468.7,1862.177,658.2249999999999,1203.952,-545.727,-0.29305860828481933,106583.685,106583.685,,5,ABOVE_LR
2026-09-23 06:30:00,2026-09-23T11:30:00.000Z,85468.7,85563.9,85442.7,85482.1,794.8549999999999,475.76,319.09499999999997,156.66500000000002,0.197098841927144,106422.679,106422.679,,5,ABOVE_LR
2026-09-23 06:35:00,2026-09-23T11:35:00.000Z,85482.1,85515,85405.8,85444,355.528,131.57,223.95800000000003,-92.388,-0.2598613892576675,106399.24,106399.24,,5,ABOVE_LR
2026-09-23 06:40:00,2026-09-23T11:40:00.000Z,85444,85484.5,85402.3,85478.5,378.878,186.756,192.122,-5.366000000000007,-0.014162870369881616,106406.022,106406.022,,5,ABOVE_LR
2026-09-23 06:45:00,2026-09-23T11:45:00.000Z,85478.4,85625,85466.5,85605.8,466.28,303.93600000000004,162.344,141.592,0.30366303508621434,106364.469,106364.469,,5,ABOVE_LR
2026-09-23 06:50:00,2026-09-23T11:50:00.000Z,85605.8,85641.3,85576.3,85624.1,254.67000000000002,166.298,88.37199999999999,77.926,0.3059881415164723,106280.046,106280.046,,5,ABOVE_LR
2026-09-23 06:55:00,2026-09-23T11:55:00.000Z,85624.2,85638,85610,85622.8,134.987,82.349,52.638000000000005,29.710999999999995,0.2201026765540385,106273.102,106273.102,,5,ABOVE_LR
2026-09-23 07:00:00,2026-09-23T12:00:00.000Z,85622.7,85648.5,85392.6,85444.1,1232.374,419.42900000000003,812.945,-393.516,-0.3193154026293966,106267.456,106267.456,,5,ABOVE_LR
2026-09-23 07:05:00,2026-09-23T12:05:00.000Z,85444,85535,85423.5,85531.3,566.176,330.935,235.24099999999996,95.69400000000002,0.16901811450856272,106252.087,106252.087,,5,ABOVE_LR
2026-09-23 07:10:00,2026-09-23T12:10:00.000Z,85531.3,85535.4,85423.5,85432.8,295.385,99.58,195.805,-96.225,-0.32576129458164765,106223.199,106223.199,,5,ABOVE_LR
2026-09-23 07:15:00,2026-09-23T12:15:00.000Z,85432.8,85476.6,85200.6,85235.4,3477.337,1019.651,2457.686,-1438.035,-0.4135449051961314,106232.286,106232.286,,5,ABOVE_LR
2026-09-23 07:20:00,2026-09-23T12:20:00.000Z,85235.3,85463.1,85235.3,85463.1,784.119,505.492,278.62699999999995,226.86500000000004,0.2893247070916532,105813.838,105813.838,,5,ABOVE_LR
2026-09-23 07:25:00,2026-09-23T12:25:00.000Z,85463.1,85483.8,85400,85440.7,311.436,176.237,135.199,41.038,0.13177025135180262,105703.481,105703.481,,5,ABOVE_LR
2026-09-23 07:30:00,2026-09-23T12:30:00.000Z,85440.7,85540.9,85440.6,85468,523.927,284.55000000000007,239.37700000000004,45.173,0.08622002683579964,105750.317,105750.317,,5,ABOVE_LR
2026-09-23 07:35:00,2026-09-23T12:35:00.000Z,85468,85500,85438.3,85458.7,266.943,133.45499999999998,133.488,-0.03300000000000125,-0.00012362189680943593,105843.862,105843.862,,5,ABOVE_LR
2026-09-23 07:40:00,2026-09-23T12:40:00.000Z,85458.7,85487.6,85414.4,85416.4,219.216,88.621,130.595,-41.97399999999999,-0.19147325012772784,105824.579,105824.579,,5,ABOVE_LR
2026-09-23 07:45:00,2026-09-23T12:45:00.000Z,85416.4,85511,85416.4,85437.5,254.25,157.09699999999998,97.153,59.94399999999999,0.2357679449360865,105815.962,105815.962,,5,ABOVE_LR
2026-09-23 07:50:00,2026-09-23T12:50:00.000Z,85437.5,85456.8,85363.7,85438,454.535,219.756,234.779,-15.022999999999996,-0.033051360181284156,105821.674,105821.674,,5,ABOVE_LR
2026-09-23 07:55:00,2026-09-23T12:55:00.000Z,85438,85474,85396.5,85465.1,325.219,120.338,204.88100000000003,-84.54300000000003,-0.25995713657566144,105819.163,105819.163,,5,ABOVE_LR
2026-09-23 08:00:00,2026-09-23T13:00:00.000Z,85465,85482.6,85333.7,85350,445.81500000000005,178.08,267.735,-89.655,-0.2011035967834191,105847.452,105847.452,,5,ABOVE_LR
2026-09-23 08:05:00,2026-09-23T13:05:00.000Z,85350.1,85366.9,85241.1,85291.1,585.289,227.38400000000001,357.905,-130.52100000000002,-0.2230026533900347,105801.818,105801.818,,5,ABOVE_LR
2026-09-23 08:10:00,2026-09-23T13:10:00.000Z,85291,85400,85277.4,85325.5,505.833,319.995,185.83800000000005,134.15699999999998,0.26521994413175887,105796.125,105796.125,,5,ABOVE_LR
2026-09-23 08:15:00,2026-09-23T13:15:00.000Z,85325.5,85454.3,85325.5,85410.9,507.043,318.371,188.67200000000003,129.69899999999996,0.2557948734131029,105841.265,105841.265,,5,ABOVE_LR
2026-09-23 08:20:00,2026-09-23T13:20:00.000Z,85410.9,85472.8,85410.1,85424.3,378.233,236.073,142.16000000000003,93.91299999999998,0.24829404097474303,105797.22,105797.22,,5,ABOVE_LR
2026-09-23 08:25:00,2026-09-23T13:25:00.000Z,85424.4,85549.9,85397.2,85511,776.058,386.49700000000007,389.561,-3.063999999999993,-0.003948158513925496,105744.051,105744.051,,5,ABOVE_LR
2026-09-23 08:30:00,2026-09-23T13:30:00.000Z,85511,85674.4,85481.3,85550,1570.9669999999999,873.945,697.0219999999999,176.92300000000003,0.11262044333203693,105666.801,105666.801,,5,ABOVE_LR
2026-09-23 08:35:00,2026-09-23T13:35:00.000Z,85550.1,85797.4,85480.2,85698.1,1569.3239999999998,952.262,617.062,335.2,0.21359515307227828,105582.185,105582.185,,5,ABOVE_LR
2026-09-23 08:40:00,2026-09-23T13:40:00.000Z,85698,85837.9,85683.7,85788.9,1449.9689999999998,857.3340000000001,592.635,264.69899999999996,0.18255493738141987,105495.778,105495.778,,5,ABOVE_LR
2026-09-23 08:45:00,2026-09-23T13:45:00.000Z,85788.9,85799.6,85568.2,85629.8,949.01,392.341,556.6690000000001,-164.32800000000003,-0.17315729022876475,105515.842,105515.842,,5,ABOVE_LR
2026-09-23 08:50:00,2026-09-23T13:50:00.000Z,85629.7,85697.4,85506.7,85661.2,1225.0120000000002,430.47,794.542,-364.072,-0.2971987213186483,105533.755,105533.755,,5,ABOVE_LR
2026-09-23 08:55:00,2026-09-23T13:55:00.000Z,85661.1,85779.3,85612.1,85755.1,602.864,360.009,242.85500000000002,117.154,0.1943290692428143,105754.074,105754.074,,5,ABOVE_LR
2026-09-23 09:00:00,2026-09-23T14:00:00.000Z,85755,85908.5,85663,85713.2,1033.4850000000001,566.2049999999999,467.28,98.92500000000004,0.09571982176809535,105773.152,105773.152,,5,ABOVE_LR
2026-09-23 09:05:00,2026-09-23T14:05:00.000Z,85713.2,85765.4,85280,85280,1735.08,653.525,1081.5549999999998,-428.03000000000003,-0.24669179519099987,105806.013,105806.013,,5,ABOVE_LR
2026-09-23 09:10:00,2026-09-23T14:10:00.000Z,85280,85299.3,84491.4,84836.6,12107.736,4971.122,7136.6140000000005,-2165.492,-0.17885193400318605,105695.828,105695.828,,5,ABOVE_LR
2026-09-23 09:15:00,2026-09-23T14:15:00.000Z,84836.6,84836.7,84305.7,84317.1,6181.6050000000005,2717.773,3463.832,-746.0589999999997,-0.12069017674212436,104786.611,104786.611,,5,ABOVE_LR
2026-09-23 09:20:00,2026-09-23T14:20:00.000Z,84317.2,84515,84018.5,84178.7,8143.9259999999995,4213.258,3930.6679999999997,282.5899999999999,0.03469948032435461,104551.126,104551.126,,5,ABOVE_LR
2026-09-23 09:25:00,2026-09-23T14:25:00.000Z,84178.6,84365.4,83873.8,84000,7344.579,3292.15,4052.4290000000005,-760.2789999999998,-0.10351566781431581,104866.688,104866.688,,5,ABOVE_LR
2026-09-23 09:30:00,2026-09-23T14:30:00.000Z,83999.9,84400,83813.8,84375.2,6231.931,3676.4829999999997,2555.4480000000003,1121.0350000000003,0.17988565662874,104939.704,104939.704,,5,ABOVE_LR
2026-09-23 09:35:00,2026-09-23T14:35:00.000Z,84375.3,84443.3,84263.9,84378,3137.064,1663.214,1473.8499999999997,189.36399999999998,0.06036344811581784,103531.491,103531.491,,5,ABOVE_LR
2026-09-23 09:40:00,2026-09-23T14:40:00.000Z,84378.1,84440,84231.3,84267.5,2018.628,992.7779999999999,1025.85,-33.0720000000001,-0.016383404966145373,103155.422,103155.422,,5,ABOVE_LR
2026-09-23 09:45:00,2026-09-23T14:45:00.000Z,84267.5,84328.9,84155,84282.6,1430.904,650.599,780.305,-129.70600000000002,-0.09064619289623903,102953.302,102953.302,,5,ABOVE_LR
2026-09-23 09:50:00,2026-09-23T14:50:00.000Z,84282.7,84524.1,84185.5,84495.1,2227.128,1290.809,936.319,354.49,0.15916911825454128,102458.866,102458.866,,5,ABOVE_LR
2026-09-23 09:55:00,2026-09-23T14:55:00.000Z,84495.1,84524.1,84360.8,84482.5,1541.196,836.287,704.9090000000001,131.37799999999996,0.08524418698205807,102513.765,102513.765,,5,ABOVE_LR
2026-09-23 10:00:00,2026-09-23T15:00:00.000Z,84482.6,84576,84396,84516.5,1931.379,1153.82,777.559,376.26100000000014,0.1948146894006822,101769.747,101769.747,,5,ABOVE_LR
2026-09-23 10:05:00,2026-09-23T15:05:00.000Z,84516.5,84667.8,84465.4,84550.7,2430.812,1185.583,1245.229,-59.64599999999993,-0.024537479657003477,101657.146,101657.146,,5,ABOVE_LR
2026-09-23 10:10:00,2026-09-23T15:10:00.000Z,84550.8,84634.9,84514.7,84592.8,1222.2849999999999,682.456,539.829,142.62700000000004,0.11668882461946277,101553.969,101553.969,,5,ABOVE_LR
2026-09-23 10:15:00,2026-09-23T15:15:00.000Z,84592.9,84735.4,84528.1,84559.9,1716.4329999999998,823.4979999999999,892.935,-69.437,-0.040454244354425725,101341.375,101341.375,,5,ABOVE_LR
2026-09-23 10:20:00,2026-09-23T15:20:00.000Z,84559.9,84611,84446.8,84509.1,1089.3310000000001,577.8539999999999,511.4770000000001,66.37699999999994,0.06093372905021516,101513.09,101513.09,,5,ABOVE_LR
2026-09-23 10:25:00,2026-09-23T15:25:00.000Z,84509.2,84625,84439,84453.5,727.663,300.262,427.401,-127.13899999999998,-0.17472236461109056,101394.593,101394.593,,5,ABOVE_LR
2026-09-23 10:30:00,2026-09-23T15:30:00.000Z,84453.6,84487.9,84322,84449.5,1397.822,642.53,755.292,-112.76199999999994,-0.08066978485100389,101341.497,101341.497,,5,ABOVE_LR
2026-09-23 10:35:00,2026-09-23T15:35:00.000Z,84449.6,84480,84273.8,84292.6,1122.628,541.154,581.4739999999999,-40.31999999999998,-0.03591572631361411,101079.721,101079.721,,5,ABOVE_LR
2026-09-23 10:40:00,2026-09-23T15:40:00.000Z,84292.5,84378.7,84231.1,84243.2,1121.944,580.3589999999999,541.585,38.77399999999996,0.03455965716648956,100821.068,100821.068,,5,ABOVE_LR
2026-09-23 10:45:00,2026-09-23T15:45:00.000Z,84243.3,84296,84164.3,84219,1343.396,762.347,581.049,181.298,0.1349549946553362,100764.394,100764.394,,5,ABOVE_LR
2026-09-23 10:50:00,2026-09-23T15:50:00.000Z,84218.9,84246.9,84005.7,84005.7,2084.089,936.087,1148.002,-211.91499999999985,-0.10168231778969125,100751.481,100751.481,,5,ABOVE_LR
2026-09-23 10:55:00,2026-09-23T15:55:00.000Z,84005.7,84139.4,83900.3,83961.2,2483.771,935.04,1548.7310000000002,-613.6910000000001,-0.24708034677915158,100485.628,100485.628,,5,ABOVE_LR
2026-09-23 11:00:00,2026-09-23T16:00:00.000Z,83961.1,84018.9,83450.1,83878.6,7270.5740000000005,3024.183,4246.3910000000005,-1222.2080000000003,-0.16810337120562974,100520.506,100520.506,,5,ABOVE_LR
2026-09-23 11:05:00,2026-09-23T16:05:00.000Z,83878.5,84273.9,83856.1,84273.9,3300.241,1939.5410000000002,1360.6999999999998,578.8410000000001,0.17539355459192227,99892.944,99892.944,,5,ABOVE_LR
2026-09-23 11:10:00,2026-09-23T16:10:00.000Z,84273.9,84317.5,84204.6,84300.3,1586.7550000000003,771.0509999999999,815.704,-44.653000000000105,-0.02814108038102927,99450.675,99450.675,,5,ABOVE_LR
2026-09-23 11:15:00,2026-09-23T16:15:00.000Z,84300.3,84315,84230.2,84245.1,787.6789999999999,406.531,381.14799999999997,25.382999999999953,0.03222505614596804,99378.689,99378.689,,5,ABOVE_LR
2026-09-23 11:20:00,2026-09-23T16:20:00.000Z,84245.1,84279.9,84100,84177.5,1121.593,575.1500000000001,546.4430000000001,28.706999999999994,0.025594845902212292,99254.067,99254.067,,5,ABOVE_LR
2026-09-23 11:25:00,2026-09-23T16:25:00.000Z,84177.5,84245.6,84130.3,84193.6,554.9190000000001,269.594,285.325,-15.730999999999973,-0.028348281460897844,99187.484,99187.484,,5,ABOVE_LR
2026-09-23 11:30:00,2026-09-23T16:30:00.000Z,84193.6,84294.3,84184.8,84195.3,714.751,202.133,512.618,-310.485,-0.43439603442317676,99195.75,99195.75,,5,ABOVE_LR
2026-09-23 11:35:00,2026-09-23T16:35:00.000Z,84195.3,84195.3,83979,83986.4,881.74,290.28,591.46,-301.18,-0.3415746138317418,99186.381,99186.381,,5,ABOVE_LR
2026-09-23 11:40:00,2026-09-23T16:40:00.000Z,83986.5,84088,83888,84051.1,895.953,506.6840000000001,389.269,117.41499999999999,0.13105040108130672,99107.591,99107.591,,5,ABOVE_LR
2026-09-23 11:45:00,2026-09-23T16:45:00.000Z,84051.1,84108.5,83831.4,83862.9,749.21,286.699,462.51099999999997,-175.812,-0.23466317854807064,99217.913,99217.913,,5,ABOVE_LR
2026-09-23 11:50:00,2026-09-23T16:50:00.000Z,83862.9,83929.8,83802.7,83900.1,1039.79,645.33,394.46,250.86999999999998,0.24126987180103673,99233.212,99233.212,,5,ABOVE_LR
2026-09-23 11:55:00,2026-09-23T16:55:00.000Z,83900.1,84004.4,83879,84004.4,535.471,291.654,243.81699999999998,47.837,0.0893363039268233,99289.514,99289.514,,5,ABOVE_LR
2026-09-23 12:00:00,2026-09-23T17:00:00.000Z,84004.4,84142.2,83805.9,83865.7,1248.288,663.827,584.4609999999999,79.36600000000001,0.06357987900228154,99241.338,99241.338,,5,ABOVE_LR
2026-09-23 12:05:00,2026-09-23T17:05:00.000Z,83865.7,83883.8,83665.1,83832.8,1541.558,844.348,697.2099999999999,147.13800000000003,0.095447592630313,99196.352,99196.352,,5,ABOVE_LR
2026-09-23 12:10:00,2026-09-23T17:10:00.000Z,83832.7,83862.9,83673.9,83766.3,780.566,338.63599999999997,441.93,-103.29399999999998,-0.13233217946976936,99269.186,99269.186,,5,ABOVE_LR
2026-09-23 12:15:00,2026-09-23T17:15:00.000Z,83766.3,84022.1,83741.8,83966.4,802.8570000000001,490.584,312.273,178.31099999999998,0.2220955911202119,99312.63,99312.63,,5,ABOVE_LR
2026-09-23 12:20:00,2026-09-23T17:20:00.000Z,83966.4,84179.1,83964.6,84000,1018.328,469.324,549.0039999999999,-79.68,-0.07824590898021071,99258.516,99258.516,,5,ABOVE_LR
2026-09-23 12:25:00,2026-09-23T17:25:00.000Z,84000,84069.8,83996.4,84021.6,712.0939999999999,259.24399999999997,452.85,-193.606,-0.27188264470701906,99002.522,99002.522,,5,ABOVE_LR
2026-09-23 12:30:00,2026-09-23T17:30:00.000Z,84021.6,84048.1,83953.9,83953.9,459.193,188.36400000000003,270.82899999999995,-82.46499999999999,-0.17958679683705978,98919.466,98919.466,,5,ABOVE_LR
2026-09-23 12:35:00,2026-09-23T17:35:00.000Z,83954,84031.3,83932,83980.8,346.421,110.39600000000002,236.025,-125.629,-0.36264833829357923,99011.263,99011.263,,5,ABOVE_LR
2026-09-23 12:40:00,2026-09-23T17:40:00.000Z,83980.8,84219,83973.2,84207.8,1069.477,527.959,541.518,-13.559000000000054,-0.0126781595116118,99061.649,99061.649,,5,ABOVE_LR
2026-09-23 12:45:00,2026-09-23T17:45:00.000Z,84207.8,84297.8,84207.5,84270,789.9850000000001,490.83599999999996,299.149,191.687,0.2426463793616334,99181.401,99181.401,,5,ABOVE_LR
2026-09-23 12:50:00,2026-09-23T17:50:00.000Z,84269.9,84346.5,84227.5,84261.3,713.759,437.922,275.837,162.08499999999998,0.22708645355084836,99182.88,99182.88,,5,ABOVE_LR
2026-09-23 12:55:00,2026-09-23T17:55:00.000Z,84261.3,84286.1,84210.4,84280,197.16199999999998,119.1,78.062,41.03800000000001,0.2081435570748928,99241.699,99241.699,,5,ABOVE_LR
2026-09-23 13:00:00,2026-09-23T18:00:00.000Z,84280,84295.4,84110.4,84193,543.969,262.407,281.562,-19.155000000000022,-0.03521340370499058,99277.68,99277.68,,5,ABOVE_LR
2026-09-23 13:05:00,2026-09-23T18:05:00.000Z,84193,84292.3,84192.3,84220,362.352,185.026,177.32600000000002,7.700000000000003,0.021250055194948568,99246.033,99246.033,,5,ABOVE_LR
2026-09-23 13:10:00,2026-09-23T18:10:00.000Z,84220,84222.5,84153.1,84153.1,287.49199999999996,87.32799999999999,200.164,-112.83599999999998,-0.3924839647711936,99245.491,99245.491,,5,ABOVE_LR
2026-09-23 13:15:00,2026-09-23T18:15:00.000Z,84153.1,84231.2,84132.3,84220.7,323.94000000000005,152.64499999999998,171.29500000000002,-18.650000000000006,-0.05757238994875595,99221.008,99221.008,,5,ABOVE_LR
2026-09-23 13:20:00,2026-09-23T18:20:00.000Z,84220.7,84220.7,84105.6,84155.5,209.852,95.172,114.67999999999999,-19.507999999999996,-0.09296075329279681,99170.925,99170.925,,5,ABOVE_LR
2026-09-23 13:25:00,2026-09-23T18:25:00.000Z,84155.4,84191.4,84103.8,84105.1,185.065,64.373,120.692,-56.319,-0.30432010374733204,99181.967,99181.967,,5,ABOVE_LR
2026-09-23 13:30:00,2026-09-23T18:30:00.000Z,84105.1,84159.9,84088.2,84095.2,310.704,124.19800000000001,186.50599999999997,-62.30799999999999,-0.20053813275657859,99195.877,99195.877,,5,ABOVE_LR
2026-09-23 13:35:00,2026-09-23T18:35:00.000Z,84095.3,84124.8,84087.3,84114.9,194.091,103.811,90.28,13.530999999999992,0.0697147214450953,99137.776,99137.776,,5,ABOVE_LR
2026-09-23 13:40:00,2026-09-23T18:40:00.000Z,84114.9,84197.6,84098,84184.3,169.559,124.41499999999999,45.144000000000005,79.27099999999999,0.4675127831610235,99134.55,99134.55,,5,ABOVE_LR
2026-09-23 13:45:00,2026-09-23T18:45:00.000Z,84184.4,84268.9,84150,84236.2,273.289,181.441,91.84799999999998,89.593,0.32783244111544924,99143.625,99143.625,,5,ABOVE_LR
2026-09-23 13:50:00,2026-09-23T18:50:00.000Z,84236.3,84359.5,84236.2,84324.1,434.3879999999999,310.028,124.36,185.668,0.4274243303222005,99179.294,99179.294,,5,ABOVE_LR
2026-09-23 13:55:00,2026-09-23T18:55:00.000Z,84324.1,84368.7,84281.1,84281.1,278.166,146.5,131.666,14.833999999999996,0.053327868970327055,99196.766,99196.766,,5,ABOVE_LR
2026-09-23 14:00:00,2026-09-23T19:00:00.000Z,84281.2,84334.8,84214.2,84214.3,385.433,153.52599999999998,231.90699999999998,-78.381,-0.20335830092389598,99192.255,99192.255,,5,ABOVE_LR
2026-09-23 14:05:00,2026-09-23T19:05:00.000Z,84214.3,84357.5,84168.2,84274.2,526.342,219.25099999999998,307.091,-87.83999999999999,-0.16688768899308812,99118.26,99118.26,,5,ABOVE_LR
2026-09-23 14:10:00,2026-09-23T19:10:00.000Z,84274.1,84357.4,84274.1,84327.9,155.422,85.7,69.72200000000001,15.977999999999998,0.10280397884469379,99071.418,99071.418,,5,ABOVE_LR
2026-09-23 14:15:00,2026-09-23T19:15:00.000Z,84328,84344.5,84253.8,84305.8,311.17500000000007,99.542,211.633,-112.09100000000002,-0.36021852655258296,99060.775,99060.775,,5,ABOVE_LR
2026-09-23 14:20:00,2026-09-23T19:20:00.000Z,84305.8,84404.4,84263.8,84404.3,357.024,242.59799999999998,114.42599999999999,128.17200000000003,0.35900107555794575,99008.178,99008.178,,5,ABOVE_LR
2026-09-23 14:25:00,2026-09-23T19:25:00.000Z,84404.4,84420.3,84344.3,84365.7,374.58799999999997,163.64999999999998,210.938,-47.28800000000001,-0.12624002904524442,98965.03,98965.03,,5,ABOVE_LR
2026-09-23 14:30:00,2026-09-23T19:30:00.000Z,84365.7,84429.7,84344.9,84421,267.167,161.334,105.83299999999998,55.501000000000005,0.20773897973926425,99020.047,99020.047,,5,ABOVE_LR
2026-09-23 14:35:00,2026-09-23T19:35:00.000Z,84421,84444.8,84392.7,84394.9,255.03900000000002,108.701,146.33800000000002,-37.637,-0.14757350836538724,98996.595,98996.595,,5,ABOVE_LR
2026-09-23 14:40:00,2026-09-23T19:40:00.000Z,84394.9,84431.9,84361.1,84395.8,210.68400000000003,109.55499999999999,101.12900000000002,8.425999999999995,0.03999354483491862,98987.263,98987.263,,5,ABOVE_LR
2026-09-23 14:45:00,2026-09-23T19:45:00.000Z,84395.8,84524,84385.1,84482.8,659.576,451.498,208.078,243.42,0.36905527187162657,98979.393,98979.393,,5,ABOVE_LR
2026-09-23 14:50:00,2026-09-23T19:50:00.000Z,84482.9,84508.7,84409,84447.7,466.30400000000003,233.53199999999998,232.772,0.7600000000000051,0.0016298380455668513,98884.966,98884.966,,5,ABOVE_LR
2026-09-23 14:55:00,2026-09-23T19:55:00.000Z,84447.8,84496.2,84403,84466.9,354.53,152.601,201.92900000000003,-49.32800000000002,-0.13913632132682713,98853.976,98853.976,,5,ABOVE_LR
2026-09-23 15:00:00,2026-09-23T20:00:00.000Z,84466.9,84523.8,84234.9,84270.8,485.47,164.708,320.76200000000006,-156.05399999999997,-0.3214493171565698,98852.025,98852.025,,5,ABOVE_LR
2026-09-23 15:05:00,2026-09-23T20:05:00.000Z,84270.8,84390.4,84256.1,84338,264.57599999999996,152.252,112.32399999999998,39.92800000000001,0.1509131591678762,98824.89,98824.89,,5,ABOVE_LR
2026-09-23 15:10:00,2026-09-23T20:10:00.000Z,84337.9,84353.1,84282.3,84296.5,252.44099999999997,140.32600000000002,112.11500000000001,28.211000000000002,0.11175284521927897,98807.992,98807.992,,5,ABOVE_LR
2026-09-23 15:15:00,2026-09-23T20:15:00.000Z,84296.5,84362.4,84279.8,84316.4,194.57300000000004,120.745,73.828,46.91699999999999,0.24112800851094437,98766.04,98766.04,,5,ABOVE_LR
2026-09-23 15:20:00,2026-09-23T20:20:00.000Z,84316.4,84336.2,84238,84238.9,177.139,65.655,111.484,-45.82899999999999,-0.2587177301441241,98715.798,98715.798,,5,ABOVE_LR
2026-09-23 15:25:00,2026-09-23T20:25:00.000Z,84238.9,84267.3,84210.5,84267.2,157.86899999999997,65.814,92.055,-26.241,-0.1662200938753017,98704.812,98704.812,,5,ABOVE_LR
2026-09-23 15:30:00,2026-09-23T20:30:00.000Z,84267.3,84328.7,84267.3,84301.6,128.178,60.259,67.91899999999998,-7.659999999999997,-0.059760645352556575,98676.554,98676.554,,5,ABOVE_LR
2026-09-23 15:35:00,2026-09-23T20:35:00.000Z,84301.5,84365.5,84254.8,84365.5,111.429,68.00399999999999,43.425000000000004,24.578999999999997,0.22057992084645825,98657.282,98657.282,,5,ABOVE_LR
2026-09-23 15:40:00,2026-09-23T20:40:00.000Z,84365.4,84389.4,84344.6,84358.7,106.04599999999999,65.2,40.846000000000004,24.354,0.22965505535333725,98636.6,98636.6,,5,ABOVE_LR
2026-09-23 15:45:00,2026-09-23T20:45:00.000Z,84358.7,84372,84246.8,84263.4,173.86399999999998,59.55,114.31400000000001,-54.763999999999996,-0.3149818248746147,98619.542,98619.542,,5,ABOVE_LR
2026-09-23 15:50:00,2026-09-23T20:50:00.000Z,84263.4,84283.1,84212.9,84222.6,187.222,88.157,99.06500000000001,-10.908000000000007,-0.058262383694224,98658.013,98658.013,,5,ABOVE_LR
2026-09-23 15:55:00,2026-09-23T20:55:00.000Z,84222.7,84222.7,84178.7,84198.4,225.50900000000001,59.644000000000005,165.865,-106.22099999999999,-0.4710277638586486,98639.996,98639.996,,5,ABOVE_LR
2026-09-23 16:00:00,2026-09-23T21:00:00.000Z,84198.4,84299.6,84169.4,84260,244.645,130.476,114.16899999999998,16.307000000000002,0.06665576651883341,98621.028,98621.028,,5,ABOVE_LR
2026-09-23 16:05:00,2026-09-23T21:05:00.000Z,84259.9,84305.8,84210.4,84305.8,116.449,74.576,41.873000000000005,32.702999999999996,0.28083538716519674,98580.464,98580.464,,5,ABOVE_LR
2026-09-23 16:10:00,2026-09-23T21:10:00.000Z,84305.7,84338,84293.6,84328.3,96.76599999999999,53.607,43.159000000000006,10.448,0.1079718082797677,98544.129,98544.129,,5,ABOVE_LR
2026-09-23 16:15:00,2026-09-23T21:15:00.000Z,84328.4,84339.6,84283.5,84284.7,78.17,39.57000000000001,38.599999999999994,0.9700000000000006,0.012408852500959456,98522.489,98522.489,,5,ABOVE_LR
2026-09-23 16:20:00,2026-09-23T21:20:00.000Z,84284.8,84365.2,84284.7,84365.2,159.49200000000002,106.207,53.285000000000004,52.92199999999999,0.33181601585032466,98501.211,98501.211,,5,ABOVE_LR
2026-09-23 16:25:00,2026-09-23T21:25:00.000Z,84365.2,84383.6,84335.4,84383.6,123.955,64.197,59.757999999999996,4.439000000000007,0.03581138316324478,98479.627,98479.627,,5,ABOVE_LR
2026-09-23 16:30:00,2026-09-23T21:30:00.000Z,84383.5,84423.4,84383.5,84396,126.06,79.371,46.689,32.682,0.2592574964302713,98453.783,98453.783,,5,ABOVE_LR
2026-09-23 16:35:00,2026-09-23T21:35:00.000Z,84395.9,84464.3,84395.9,84460.1,149.407,109.69000000000001,39.717,69.97300000000001,0.46833816353986096,98426.264,98426.264,,5,ABOVE_LR
2026-09-23 16:40:00,2026-09-23T21:40:00.000Z,84460,84477.8,84431.8,84458.4,115.894,77.898,37.995999999999995,39.902,0.3442973751876715,98419.632,98419.632,,5,ABOVE_LR
2026-09-23 16:45:00,2026-09-23T21:45:00.000Z,84458.3,84477.8,84400,84425,229.639,125.888,103.751,22.137000000000004,0.09639913080966213,98424.917,98424.917,,5,ABOVE_LR
2026-09-23 16:50:00,2026-09-23T21:50:00.000Z,84425,84425.2,84394,84410.8,133.19,34.806,98.384,-63.578,-0.47734814926045505,98454.501,98454.501,,5,ABOVE_LR
2026-09-23 16:55:00,2026-09-23T21:55:00.000Z,84410.9,84452.6,84372.8,84372.9,295.125,200.868,94.257,106.61099999999999,0.36124015247776364,98434.119,98434.119,,5,ABOVE_LR
2026-09-23 17:00:00,2026-09-23T22:00:00.000Z,84372.9,84417,84311.9,84311.9,197.31,69.955,127.355,-57.400000000000006,-0.2909127768486139,98493.696,98493.696,,5,ABOVE_LR
2026-09-23 17:05:00,2026-09-23T22:05:00.000Z,84311.9,84638.5,84301.5,84566.7,816.587,555.7139999999999,260.87300000000005,294.8409999999999,0.3610650181793243,98486.362,98486.362,,5,ABOVE_LR
2026-09-23 17:10:00,2026-09-23T22:10:00.000Z,84566.7,84622.1,84550,84553.4,288.47400000000005,164.881,123.593,41.28799999999998,0.14312555030955987,98340.552,98340.552,,5,ABOVE_LR
2026-09-23 17:15:00,2026-09-23T22:15:00.000Z,84553.5,84561.4,84509.4,84552.8,212.29199999999997,111.029,101.263,9.766000000000002,0.046002675560077644,98343.653,98343.653,,5,ABOVE_LR
2026-09-23 17:20:00,2026-09-23T22:20:00.000Z,84552.8,84559,84457.4,84477.5,181.08100000000002,82.287,98.794,-16.506999999999994,-0.09115810051855243,98339.79,98339.79,,5,ABOVE_LR
2026-09-23 17:25:00,2026-09-23T22:25:00.000Z,84477.6,84482.9,84437,84437.1,128.855,69.637,59.218,10.418999999999997,0.08085832912964183,98358.92,98358.92,,5,ABOVE_LR
2026-09-23 17:30:00,2026-09-23T22:30:00.000Z,84437.1,84437.1,84353.9,84388.8,184.95499999999998,82.703,102.25200000000001,-19.548999999999996,-0.10569598010326835,98384.09,98384.09,,5,ABOVE_LR
2026-09-23 17:35:00,2026-09-23T22:35:00.000Z,84388.8,84430,84371.1,84411.8,113.672,63.11899999999999,50.55300000000001,12.56599999999999,0.11054613273277492,98367.835,98367.835,,5,ABOVE_LR
2026-09-23 17:40:00,2026-09-23T22:40:00.000Z,84411.7,84488.9,84411.7,84450,196.51500000000001,132.721,63.794000000000004,68.927,0.3507467623336641,98368.304,98368.304,,5,ABOVE_LR
2026-09-23 17:45:00,2026-09-23T22:45:00.000Z,84450,84585.3,84450,84580.1,237.33100000000002,160.72899999999998,76.602,84.12700000000001,0.3544711815986955,98356.474,98356.474,,5,ABOVE_LR
2026-09-23 17:50:00,2026-09-23T22:50:00.000Z,84580.1,84580.1,84500,84548.5,160.47,70.527,89.94300000000001,-19.415999999999997,-0.12099457842587398,98346.407,98346.407,,5,ABOVE_LR
2026-09-23 17:55:00,2026-09-23T22:55:00.000Z,84548.6,84548.6,84520,84524.1,85.343,33.832,51.51100000000001,-17.679,-0.20715231477684165,98335.398,98335.398,,5,ABOVE_LR
2026-09-23 18:00:00,2026-09-23T23:00:00.000Z,84524,84533.3,84431,84521.2,310.097,137.31699999999998,172.78,-35.463,-0.11436099027078625,98338.692,98338.692,,5,ABOVE_LR
2026-09-23 18:05:00,2026-09-23T23:05:00.000Z,84521.3,84533,84469.2,84488.9,226.84499999999997,43.825,183.01999999999998,-139.195,-0.6136128193259716,98387.896,98387.896,,5,ABOVE_LR
2026-09-23 18:10:00,2026-09-23T23:10:00.000Z,84488.9,84515.7,84445.2,84445.3,158.65300000000002,67.091,91.562,-24.471000000000004,-0.1542422771709328,98367.463,98367.463,,5,ABOVE_LR
2026-09-23 18:15:00,2026-09-23T23:15:00.000Z,84445.2,84467.3,84416.6,84416.7,115.59900000000002,59.992,55.60699999999999,4.385000000000001,0.03793285409043331,98373.006,98373.006,,5,ABOVE_LR
2026-09-23 18:20:00,2026-09-23T23:20:00.000Z,84416.6,84423,84389.2,84407.5,83.347,31.433,51.914,-20.481,-0.24573170000119984,98363.76,98363.76,,5,ABOVE_LR
2026-09-23 18:25:00,2026-09-23T23:25:00.000Z,84407.5,84440,84407.5,84439.9,110.30000000000001,47.397000000000006,62.903000000000006,-15.506,-0.14058023572076156,98359.547,98359.547,,5,ABOVE_LR
2026-09-23 18:30:00,2026-09-23T23:30:00.000Z,84440,84468.6,84400,84446.6,180.465,49.61899999999999,130.846,-81.22699999999998,-0.45009835702213713,98339.286,98339.286,,5,ABOVE_LR
2026-09-23 18:35:00,2026-09-23T23:35:00.000Z,84446.6,84485,84416.9,84474.4,140.144,64.807,75.33699999999999,-10.530000000000001,-0.07513700194086083,98372.895,98372.895,,5,ABOVE_LR
2026-09-23 18:40:00,2026-09-23T23:40:00.000Z,84474.4,84478.2,84393.2,84424.4,205.27100000000002,54.975,150.29600000000002,-95.32100000000001,-0.4643666177881922,98397.398,98397.398,,5,ABOVE_LR
2026-09-23 18:45:00,2026-09-23T23:45:00.000Z,84424.5,84437.6,84374.8,84393.5,111.59199999999998,40.414,71.178,-30.763999999999996,-0.2756828446483619,98469.85,98469.85,,5,ABOVE_LR
2026-09-23 18:50:00,2026-09-23T23:50:00.000Z,84393.4,84393.5,84304.7,84380.3,276.45199999999994,86.93299999999999,189.519,-102.58600000000001,-0.37108069393601795,98494.356,98494.356,,5,ABOVE_LR
2026-09-23 18:55:00,2026-09-23T23:55:00.000Z,84380.3,84397.8,84342.2,84355.1,103.03399999999999,41.59,61.443999999999996,-19.853999999999992,-0.19269367393287645,98501.477,98501.477,,5,ABOVE_LR
2026-09-23 19:00:00,2026-09-24T00:00:00.000Z,84355.2,84426.6,84355.1,84424.2,162.579,73.458,89.12100000000001,-15.662999999999997,-0.09634085583008874,98503.139,98503.139,,5,ABOVE_LR
2026-09-23 19:05:00,2026-09-24T00:05:00.000Z,84424.2,84457.5,84339.7,84353.1,172.32999999999998,96.91900000000001,75.411,21.507999999999996,0.12480705622932745,98508.554,98508.554,,5,ABOVE_LR
2026-09-23 19:10:00,2026-09-24T00:10:00.000Z,84353.1,84353.1,84255.2,84324.6,300.55299999999994,128.482,172.07099999999997,-43.58899999999999,-0.14502932926971282,98496.348,98496.348,,5,ABOVE_LR
2026-09-23 19:15:00,2026-09-24T00:15:00.000Z,84324.7,84406.4,84324.6,84400.8,142.699,62.117999999999995,80.581,-18.463000000000005,-0.12938422834077326,98476.149,98476.149,,5,ABOVE_LR
2026-09-23 19:20:00,2026-09-24T00:20:00.000Z,84400.7,84400.8,84291.6,84347.5,182.11,59.78,122.32999999999998,-62.54999999999998,-0.34347372467190146,98461.521,98461.521,,5,ABOVE_LR
2026-09-23 19:25:00,2026-09-24T00:25:00.000Z,84347.5,84364,84306.6,84306.6,173.94,69.22,104.72,-35.5,-0.20409336552834312,98432.18,98432.18,,5,ABOVE_LR
2026-09-23 19:30:00,2026-09-24T00:30:00.000Z,84306.7,84415.8,84293.8,84329.9,174.89600000000002,93.84199999999998,81.054,12.78799999999999,0.0731177385417619,98419.576,98419.576,,5,ABOVE_LR
2026-09-23 19:35:00,2026-09-24T00:35:00.000Z,84329.8,84333.8,84246.1,84264.6,184.70000000000002,64.554,120.14600000000002,-55.592000000000006,-0.3009853817000541,98400.651,98400.651,,5,ABOVE_LR
2026-09-23 19:40:00,2026-09-24T00:40:00.000Z,84264.6,84326.1,84229.2,84326,397.36299999999994,243.351,154.01199999999997,89.33900000000001,0.22482968972954206,98373.773,98373.773,,5,ABOVE_LR
2026-09-23 19:45:00,2026-09-24T00:45:00.000Z,84326,84333,84247.4,84285.7,184.147,57.472,126.67500000000001,-69.20299999999999,-0.3758030269295725,98304.14,98304.14,,5,ABOVE_LR
2026-09-23 19:50:00,2026-09-24T00:50:00.000Z,84285.8,84293.2,84146.6,84205.8,462.685,140.759,321.926,-181.167,-0.3915558101083891,98266.974,98266.974,,5,ABOVE_LR
2026-09-23 19:55:00,2026-09-24T00:55:00.000Z,84205.7,84332.8,84205.7,84278.4,297.79999999999995,152.20000000000002,145.60000000000002,6.5999999999999766,0.022162525184687636,98242.389,98242.389,,5,ABOVE_LR
2026-09-23 20:00:00,2026-09-24T01:00:00.000Z,84278.3,84366.1,84237,84240,187.17000000000002,73.698,113.472,-39.774,-0.2125020035262061,98208.914,98208.914,,5,ABOVE_LR
2026-09-23 20:05:00,2026-09-24T01:05:00.000Z,84240,84303.1,84210.6,84221.5,204.35500000000002,92.21499999999999,112.14,-19.92500000000001,-0.09750189621002672,98215.465,98215.465,,5,ABOVE_LR
2026-09-23 20:10:00,2026-09-24T01:10:00.000Z,84221.5,84244.7,84206.7,84244.4,169.41000000000003,64.07199999999999,105.33800000000001,-41.266000000000005,-0.24358656513783128,98219.328,98219.328,,5,ABOVE_LR
2026-09-23 20:15:00,2026-09-24T01:15:00.000Z,84244.4,84292.6,84139,84292.6,361.653,174.83100000000002,186.822,-11.990999999999975,-0.03315609161267838,98277.908,98277.908,,5,ABOVE_LR
2026-09-23 20:20:00,2026-09-24T01:20:00.000Z,84292.5,84307.9,84180,84287.4,393.634,222.096,171.538,50.55799999999999,0.12843910841035072,98247.591,98247.591,,5,ABOVE_LR
2026-09-23 20:25:00,2026-09-24T01:25:00.000Z,84287.4,84287.4,84173.6,84185.4,225.022,62.89,162.132,-99.242,-0.4410324323843891,98242.223,98242.223,,5,ABOVE_LR
2026-09-23 20:30:00,2026-09-24T01:30:00.000Z,84185.4,84346.8,84166.7,84340.3,254.408,182.92,71.488,111.43199999999999,0.4380050941794283,98199.592,98199.592,,5,ABOVE_LR
2026-09-23 20:35:00,2026-09-24T01:35:00.000Z,84340.4,84441.5,84241,84247.4,506.138,268.182,237.95600000000002,30.225999999999985,0.05971889089536843,98209.552,98209.552,,5,ABOVE_LR
2026-09-23 20:40:00,2026-09-24T01:40:00.000Z,84247.4,84247.4,84037.6,84102.4,654.072,251.55899999999997,402.51300000000003,-150.95400000000004,-0.23079110556635973,98223.948,98223.948,,5,ABOVE_LR
2026-09-23 20:45:00,2026-09-24T01:45:00.000Z,84102.4,84155.2,84048.4,84078.3,286.75,128.62199999999999,158.128,-29.506000000000018,-0.10289799476896257,98196.188,98196.188,,5,ABOVE_LR
2026-09-23 20:50:00,2026-09-24T01:50:00.000Z,84078.4,84134.6,84023.2,84113.4,281.813,129.424,152.389,-22.965000000000003,-0.08149020804576086,98224.501,98224.501,,5,ABOVE_LR
2026-09-23 20:55:00,2026-09-24T01:55:00.000Z,84113.4,84156.7,84058,84070.7,305.062,136.168,168.894,-32.726000000000006,-0.10727655361860869,98269.359,98269.359,,5,ABOVE_LR
2026-09-23 21:00:00,2026-09-24T02:00:00.000Z,84070.8,84098.9,83950,83974.9,858.709,341.65100000000007,517.058,-175.40699999999995,-0.20426826782996332,98324.65,98324.65,,5,ABOVE_LR
2026-09-23 21:05:00,2026-09-24T02:05:00.000Z,83975,83975,83731,83775.3,1846.469,695.3820000000001,1151.087,-455.7049999999999,-0.24679807784479454,98371.676,98371.676,,5,ABOVE_LR
2026-09-23 21:10:00,2026-09-24T02:10:00.000Z,83775.4,83936.4,83708,83915.7,889.366,446.18700000000007,443.179,3.008000000000081,0.0033821846124093805,98535.782,98535.782,,5,ABOVE_LR
2026-09-23 21:15:00,2026-09-24T02:15:00.000Z,83915.7,84222,83915.7,84197.9,839.407,516.5490000000001,322.85800000000006,193.691,0.2307474205004247,98694.124,98694.124,,5,ABOVE_LR
2026-09-23 21:20:00,2026-09-24T02:20:00.000Z,84197.9,84227.3,84055.4,84068.3,299.044,145.513,153.531,-8.017999999999992,-0.026812107917229544,98629.095,98629.095,,5,ABOVE_LR
2026-09-23 21:25:00,2026-09-24T02:25:00.000Z,84068.2,84148.9,84023.6,84130.8,243.297,155.653,87.64399999999999,68.00900000000001,0.27953077925334063,98604.421,98604.421,,5,ABOVE_LR
2026-09-23 21:30:00,2026-09-24T02:30:00.000Z,84130.8,84260.8,84103.2,84176.6,414.183,310.89300000000003,103.28999999999999,207.603,0.5012349613576608,98618.396,98618.396,,5,ABOVE_LR
2026-09-23 21:35:00,2026-09-24T02:35:00.000Z,84176.6,84220.2,84125.1,84216.8,233.986,126.024,107.96199999999999,18.06200000000001,0.07719265255186211,98671.14,98671.14,,5,ABOVE_LR
2026-09-23 21:40:00,2026-09-24T02:40:00.000Z,84216.7,84307,84216.7,84296.5,255.22699999999998,175.279,79.94800000000001,95.331,0.373514557629091,98632.931,98632.931,,5,ABOVE_LR
2026-09-23 21:45:00,2026-09-24T02:45:00.000Z,84296.4,84348.4,84294,84315.5,343.494,179.33800000000002,164.15599999999998,15.18200000000001,0.04419873418458549,98611.509,98611.509,,5,ABOVE_LR
2026-09-23 21:50:00,2026-09-24T02:50:00.000Z,84315.5,84340.9,84300,84340.8,252.52300000000002,124.58800000000002,127.935,-3.3470000000000013,-0.013254238227804995,98568.888,98568.888,,5,ABOVE_LR
2026-09-23 21:55:00,2026-09-24T02:55:00.000Z,84340.8,84345.5,84315,84327.7,138.928,79.806,59.122,20.684,0.14888287458251756,98620.246,98620.246,,5,ABOVE_LR
2026-09-23 22:00:00,2026-09-24T03:00:00.000Z,84327.6,84451.7,84322.2,84405.8,440.64599999999996,309.328,131.318,178.01,0.4039750729610617,98640.993,98640.993,,5,ABOVE_LR
2026-09-23 22:05:00,2026-09-24T03:05:00.000Z,84405.7,84405.8,84268.3,84301.6,248.402,80.615,167.78700000000003,-87.172,-0.35093115192309243,98527.622,98527.622,,5,ABOVE_LR
2026-09-23 22:10:00,2026-09-24T03:10:00.000Z,84301.5,84301.6,84200.6,84298.9,217.42399999999998,79.184,138.24,-59.056,-0.2716167488409743,98522.703,98522.703,,5,ABOVE_LR
2026-09-23 22:15:00,2026-09-24T03:15:00.000Z,84299,84333.5,84190.3,84190.3,167.856,67.19900000000001,100.65700000000001,-33.458000000000006,-0.19932561242970168,98517.123,98517.123,,5,ABOVE_LR
2026-09-23 22:20:00,2026-09-24T03:20:00.000Z,84190.4,84190.4,84001.3,84005.5,367.3,115.883,251.41700000000003,-135.53400000000002,-0.3690008167710319,98525.448,98525.448,,5,ABOVE_LR
2026-09-23 22:25:00,2026-09-24T03:25:00.000Z,84005.5,84045.9,83949,84025,366.13800000000003,159.51600000000002,206.62199999999999,-47.10599999999999,-0.1286564082395162,98496.338,98496.338,,5,ABOVE_LR
2026-09-23 22:30:00,2026-09-24T03:30:00.000Z,84025,84025,83910,83960,364.884,170.501,194.383,-23.881999999999998,-0.06545093783229738,98451.748,98451.748,,5,ABOVE_LR
2026-09-23 22:35:00,2026-09-24T03:35:00.000Z,83960.1,83988.5,83827.7,83905.6,474.78599999999994,148.913,325.873,-176.95999999999998,-0.3727152864659025,98385.412,98385.412,,5,ABOVE_LR
2026-09-23 22:40:00,2026-09-24T03:40:00.000Z,83905.6,83992.6,83905.5,83971.5,323.64300000000003,179.466,144.177,35.289,0.10903680907666781,98292.21,98292.21,,5,ABOVE_LR
2026-09-23 22:45:00,2026-09-24T03:45:00.000Z,83971.5,83981.9,83900,83910.1,187.303,84.26,103.043,-18.783,-0.10028136228464041,98303.545,98303.545,,5,ABOVE_LR
2026-09-23 22:50:00,2026-09-24T03:50:00.000Z,83910.1,83910.2,83829.1,83879.2,493.45000000000005,152.67000000000002,340.78,-188.11,-0.3812139021177424,98297.099,98297.099,,5,ABOVE_LR
2026-09-23 22:55:00,2026-09-24T03:55:00.000Z,83879.2,83902.4,83811,83902.3,290.311,182.74999999999997,107.561,75.18900000000001,0.25899466434272217,98362.162,98362.162,,5,ABOVE_LR
2026-09-23 23:00:00,2026-09-24T04:00:00.000Z,83902.4,83918,83765.5,83821.5,660.8760000000001,276.996,383.88,-106.884,-0.16173079367385104,98377.56,98377.56,,5,ABOVE_LR
2026-09-23 23:05:00,2026-09-24T04:05:00.000Z,83821.5,83900.5,83792.8,83895.1,266.863,150.481,116.382,34.09899999999999,0.12777717405560152,98094.065,98094.065,,5,ABOVE_LR
2026-09-23 23:10:00,2026-09-24T04:10:00.000Z,83895.1,83930.1,83770.6,83793.7,780.3629999999999,504.21700000000004,276.14599999999996,228.07100000000003,0.2922627033829129,98052.58,98052.58,,5,ABOVE_LR
2026-09-23 23:15:00,2026-09-24T04:15:00.000Z,83793.8,83868.2,83742,83801.6,675.551,473.313,202.23800000000003,271.07499999999993,0.40126504142544367,98248.175,98248.175,,5,ABOVE_LR
2026-09-23 23:20:00,2026-09-24T04:20:00.000Z,83801.6,83859.6,83793.4,83837.8,334.956,175.17399999999998,159.78199999999998,15.392000000000003,0.045952304183236016,98327.93,98327.93,,5,ABOVE_LR
2026-09-23 23:25:00,2026-09-24T04:25:00.000Z,83837.7,83908.6,83820,83893.4,463.885,197.426,266.459,-69.03299999999999,-0.14881490024467267,98305.16,98305.16,,5,ABOVE_LR
2026-09-23 23:30:00,2026-09-24T04:30:00.000Z,83893.4,83898.3,83847.2,83861.5,229.73600000000005,73.757,155.97899999999998,-82.22200000000001,-0.3578977609081728,98153.971,98153.971,,5,ABOVE_LR
2026-09-23 23:35:00,2026-09-24T04:35:00.000Z,83861.5,83884.3,83808.5,83848.1,154.28699999999998,76.09,78.197,-2.1069999999999958,-0.013656367678417469,98096.192,98096.192,,5,ABOVE_LR
2026-09-23 23:40:00,2026-09-24T04:40:00.000Z,83848,83849.2,83830,83844.5,86.326,41.618,44.708,-3.0899999999999928,-0.03579454625489416,98070.876,98070.876,,5,ABOVE_LR
2026-09-23 23:45:00,2026-09-24T04:45:00.000Z,83844.5,83844.5,83752.2,83771.1,201.375,85.848,115.52699999999999,-29.678999999999984,-0.14738175046554927,98080.019,98080.019,,5,ABOVE_LR
2026-09-23 23:50:00,2026-09-24T04:50:00.000Z,83771.1,83852,83754.4,83849.5,229.789,107.40799999999999,122.381,-14.972999999999994,-0.06515977701282478,98093.753,98093.753,,5,ABOVE_LR
2026-09-23 23:55:00,2026-09-24T04:55:00.000Z,83849.4,84018.4,83849.4,84001.9,596.677,354.528,242.14899999999994,112.37900000000005,0.18834143095845834,98086.6,98086.6,,5,ABOVE_LR
2026-09-24 00:00:00,2026-09-24T05:00:00.000Z,84002,84219,84001.9,84210.9,650.727,472.456,178.27100000000002,294.18499999999995,0.4520866661441741,98018.623,98018.623,,5,ABOVE_LR
2026-09-24 00:05:00,2026-09-24T05:05:00.000Z,84210.8,84375,84210.8,84279.1,945.0579999999999,640.203,304.85499999999996,335.348,0.3548438296908762,97837.292,97837.292,,5,ABOVE_LR
2026-09-24 00:10:00,2026-09-24T05:10:00.000Z,84279,84289.6,84141.2,84163.6,357.651,110.01,247.64099999999996,-137.63100000000003,-0.3848192791296544,97672.927,97672.927,,5,ABOVE_LR
2026-09-24 00:15:00,2026-09-24T05:15:00.000Z,84163.7,84200,84128.2,84138.6,160.03,69.93900000000001,90.09100000000001,-20.151999999999997,-0.12592638880209958,97689.44,97689.44,,5,ABOVE_LR
2026-09-24 00:20:00,2026-09-24T05:20:00.000Z,84138.6,84155,84089,84126.2,200.052,89.71300000000001,110.339,-20.62599999999999,-0.10310319316977581,97690.82,97690.82,,5,ABOVE_LR
2026-09-24 00:25:00,2026-09-24T05:25:00.000Z,84126.2,84181.8,84126.1,84146.5,144.28,65.22200000000001,79.05799999999999,-13.836,-0.0958968672026615,97672.331,97672.331,,5,ABOVE_LR
2026-09-24 00:30:00,2026-09-24T05:30:00.000Z,84146.5,84167.1,84065,84065.1,169.087,52.559,116.528,-63.96900000000001,-0.3783200364309498,97632.118,97632.118,,5,ABOVE_LR
2026-09-24 00:35:00,2026-09-24T05:35:00.000Z,84065,84175.2,84064.2,84132.7,219.842,144.544,75.298,69.24600000000001,0.3149807589086708,97665.708,97665.708,,5,ABOVE_LR
2026-09-24 00:40:00,2026-09-24T05:40:00.000Z,84132.6,84219.5,84130,84161.3,328.97600000000006,253.09799999999998,75.87800000000001,177.22,0.538701911385633,97630.225,97630.225,,5,ABOVE_LR
2026-09-24 00:45:00,2026-09-24T05:45:00.000Z,84161.4,84211.2,84109.2,84109.3,251.694,179.768,71.926,107.84199999999998,0.42846472303670324,97547.056,97547.056,,5,ABOVE_LR
2026-09-24 00:50:00,2026-09-24T05:50:00.000Z,84109.3,84165.8,84101,84115.4,173.132,113.298,59.83399999999999,53.464000000000006,0.30880484254788254,97518.488,97518.488,,5,ABOVE_LR
2026-09-24 00:55:00,2026-09-24T05:55:00.000Z,84115.3,84115.3,83920.8,83937.8,486.51,182.871,303.63899999999995,-120.76799999999999,-0.24823333538878953,97525.571,97525.571,,5,ABOVE_LR
2026-09-24 01:00:00,2026-09-24T06:00:00.000Z,83937.8,84008,83871.5,84000.1,479.80699999999996,252.13299999999998,227.674,24.45899999999999,0.05097674690031615,97532.517,97532.517,,5,ABOVE_LR
2026-09-24 01:05:00,2026-09-24T06:05:00.000Z,84000.1,84109.5,83907,84092.5,291.042,187.928,103.114,84.81400000000001,0.2914149847788292,97548.291,97548.291,,5,ABOVE_LR
2026-09-24 01:10:00,2026-09-24T06:10:00.000Z,84092.5,84155,84047.6,84089.9,212.23500000000004,135.514,76.721,58.79299999999999,0.2770183994157419,97573.968,97573.968,,5,ABOVE_LR
2026-09-24 01:15:00,2026-09-24T06:15:00.000Z,84089.9,84176.5,84065,84124.9,255.012,184.60899999999998,70.403,114.206,0.4478455915800041,97584.756,97584.756,,5,ABOVE_LR
2026-09-24 01:20:00,2026-09-24T06:20:00.000Z,84124.8,84124.8,84034.5,84103.1,176.29,101.55799999999999,74.732,26.826,0.15216972034715526,97610.473,97610.473,,5,ABOVE_LR
2026-09-24 01:25:00,2026-09-24T06:25:00.000Z,84103.1,84175.2,84082,84155.8,286.499,172.173,114.326,57.846999999999994,0.20190995431048622,97638.099,97638.099,,5,ABOVE_LR
2026-09-24 01:30:00,2026-09-24T06:30:00.000Z,84155.8,84199,84115.5,84154.1,231.202,154.227,76.975,77.25200000000001,0.334132057681162,97703.301,97703.301,,5,ABOVE_LR
2026-09-24 01:35:00,2026-09-24T06:35:00.000Z,84154.1,84175.5,84127.3,84150.3,215.206,134.775,80.43100000000001,54.344,0.2525208404970122,97767.374,97767.374,,5,ABOVE_LR
2026-09-24 01:40:00,2026-09-24T06:40:00.000Z,84150.3,84174.3,84116.3,84152.5,117.098,68.35900000000001,48.739000000000004,19.620000000000005,0.1675519650207519,97798.018,97798.018,,5,ABOVE_LR
2026-09-24 01:45:00,2026-09-24T06:45:00.000Z,84152.4,84167.7,84049.6,84117,241.254,120.76500000000001,120.48899999999999,0.276000000000014,0.0011440224825288452,97815.846,97815.846,,5,ABOVE_LR
2026-09-24 01:50:00,2026-09-24T06:50:00.000Z,84116.9,84128.2,84058.5,84075.8,138.703,52.48800000000001,86.215,-33.727,-0.24315984513673097,97762.731,97762.731,,5,ABOVE_LR
2026-09-24 01:55:00,2026-09-24T06:55:00.000Z,84075.8,84121.4,84070.4,84070.5,67.518,34.833,32.685,2.1479999999999997,0.031813738558606586,97777.647,97777.647,,5,ABOVE_LR
2026-09-24 02:00:00,2026-09-24T07:00:00.000Z,84070.4,84070.4,83907.9,83965.3,346.63100000000003,147.234,199.397,-52.163,-0.1504856749684823,97780.62,97780.62,,5,ABOVE_LR
2026-09-24 02:05:00,2026-09-24T07:05:00.000Z,83965.3,84116.9,83910.8,84036.4,253.19299999999998,139.57,113.62299999999999,25.947000000000003,0.10247913646901773,97760.133,97760.133,,5,ABOVE_LR
2026-09-24 02:10:00,2026-09-24T07:10:00.000Z,84036.5,84062.6,83988.8,84055.2,176.031,91.378,84.653,6.725000000000001,0.038203498247467785,97748.887,97748.887,,5,ABOVE_LR
2026-09-24 02:15:00,2026-09-24T07:15:00.000Z,84055.2,84155,84020.4,84154.7,196.608,123.602,73.006,50.596,0.2573445638020833,97727.644,97727.644,,5,ABOVE_LR
2026-09-24 02:20:00,2026-09-24T07:20:00.000Z,84154.7,84163.5,84114.1,84138.3,211.166,123.731,87.435,36.29599999999999,0.1718837312824981,97738.952,97738.952,,5,ABOVE_LR
2026-09-24 02:25:00,2026-09-24T07:25:00.000Z,84138.3,84384.1,84138.2,84384,651.134,498.86899999999997,152.26500000000001,346.604,0.5323082499147641,97733.027,97733.027,,5,ABOVE_LR
2026-09-24 02:30:00,2026-09-24T07:30:00.000Z,84384,84537.7,84355.9,84444.6,1549.252,1047.9049999999997,501.34700000000004,546.558,0.3527883133279802,97677.327,97677.327,,5,ABOVE_LR
2026-09-24 02:35:00,2026-09-24T07:35:00.000Z,84444.5,84516.9,84402.3,84417.5,614.876,283.102,331.774,-48.67200000000001,-0.07915742361061419,97672.859,97672.859,,5,ABOVE_LR
2026-09-24 02:40:00,2026-09-24T07:40:00.000Z,84417.4,84417.5,84331.4,84381.4,393.253,145.264,247.989,-102.725,-0.26121860481674647,97652.218,97652.218,,5,ABOVE_LR
2026-09-24 02:45:00,2026-09-24T07:45:00.000Z,84381.4,84426.6,84321.3,84391.9,629.951,392.45,237.50100000000006,154.94899999999996,0.2459699246449326,97656.102,97656.102,,5,ABOVE_LR
2026-09-24 02:50:00,2026-09-24T07:50:00.000Z,84392,84555,84380,84547,728.143,477.43000000000006,250.713,226.717,0.31136328990321954,97871.541,97871.541,,5,ABOVE_LR
2026-09-24 02:55:00,2026-09-24T07:55:00.000Z,84547,84561.8,84438.7,84468,813.763,458.60999999999996,355.153,103.457,0.127134067289862,97722.247,97722.247,,5,ABOVE_LR
2026-09-24 03:00:00,2026-09-24T08:00:00.000Z,84468,84523.7,84435.4,84509,693.1039999999999,295.779,397.325,-101.546,-0.1465090376047462,97525.592,97525.592,,5,ABOVE_LR
2026-09-24 03:05:00,2026-09-24T08:05:00.000Z,84509.1,84584.6,84428,84469.6,786.293,348.19000000000005,438.10299999999995,-89.91299999999998,-0.11435050292956948,97477.332,97477.332,,5,ABOVE_LR
2026-09-24 03:10:00,2026-09-24T08:10:00.000Z,84469.7,84469.7,84342.8,84346.4,538.797,190.66299999999998,348.134,-157.471,-0.2922640623463011,97435.094,97435.094,,5,ABOVE_LR
2026-09-24 03:15:00,2026-09-24T08:15:00.000Z,84346.5,84407.4,84291.3,84308,433.502,158.469,275.033,-116.56400000000002,-0.2688891862090602,97329.113,97329.113,,5,ABOVE_LR
2026-09-24 03:20:00,2026-09-24T08:20:00.000Z,84308.1,84308.1,84055,84083.4,766.806,235.21500000000003,531.591,-296.3759999999999,-0.386507147831394,97355.82,97355.82,,5,ABOVE_LR
2026-09-24 03:25:00,2026-09-24T08:25:00.000Z,84083.4,84132.7,83728,83728.1,2433.581,696.518,1737.0629999999999,-1040.5449999999998,-0.4275777136655816,97340.781,97340.781,,5,ABOVE_LR
2026-09-24 03:30:00,2026-09-24T08:30:00.000Z,83728.1,83936.9,83634.4,83735.1,1744.8400000000001,742.811,1002.029,-259.21799999999996,-0.14856261892207878,97268.754,97268.754,,5,ABOVE_LR
2026-09-24 03:35:00,2026-09-24T08:35:00.000Z,83735.2,83834.5,83559.4,83784.2,1351.3670000000002,663.9399999999999,687.4269999999999,-23.48699999999991,-0.01738017873753015,97260.193,97260.193,,5,ABOVE_LR
2026-09-24 03:40:00,2026-09-24T08:40:00.000Z,83784.2,83833.6,83690.9,83690.9,555.578,257.658,297.92,-40.262,-0.07246867226564047,97346.146,97346.146,,5,ABOVE_LR
2026-09-24 03:45:00,2026-09-24T08:45:00.000Z,83691,83738.4,83122,83243.6,3854.692,1045.973,2808.719,-1762.7459999999999,-0.4572987932628599,97372.138,97372.138,,5,TOUCH/CROSS_LR
2026-09-24 03:50:00,2026-09-24T08:50:00.000Z,83243.5,83492.5,83243.5,83468.5,2035.382,1158.478,876.904,281.57399999999996,0.13833963354299092,97124.844,97124.844,,5,TOUCH/CROSS_LR
2026-09-24 03:55:00,2026-09-24T08:55:00.000Z,83468.5,83615.2,83408.4,83615.1,1077.314,732.719,344.595,388.124,0.3602700791041423,97047.4,97047.4,,5,ABOVE_LR
2026-09-24 04:00:00,2026-09-24T09:00:00.000Z,83615.2,83697,83491.3,83491.3,1107.493,532.2420000000001,575.251,-43.009,-0.03883455696785443,97029.588,97029.588,,5,ABOVE_LR
2026-09-24 04:05:00,2026-09-24T09:05:00.000Z,83491.3,83609.8,83491.3,83590.6,567.13,397.652,169.478,228.17399999999995,0.40233103521238506,97031.475,97031.475,,5,ABOVE_LR
2026-09-24 04:10:00,2026-09-24T09:10:00.000Z,83590.7,83590.7,83408.4,83425.2,787.2249999999999,417.01599999999996,370.209,46.807000000000016,0.05945822350662139,97101.377,97101.377,,5,ABOVE_LR
2026-09-24 04:15:00,2026-09-24T09:15:00.000Z,83425.3,83470.9,83322,83454.5,1114.6509999999998,635.018,479.63300000000004,155.38499999999996,0.13940237796404434,97163.463,97163.463,,5,ABOVE_LR
2026-09-24 04:20:00,2026-09-24T09:20:00.000Z,83454.5,83486.3,83336.3,83340.1,561.8109999999999,243.048,318.76300000000003,-75.715,-0.13476952213466808,97338.902,97338.902,,5,ABOVE_LR
2026-09-24 04:25:00,2026-09-24T09:25:00.000Z,83340.1,83385.4,83285.2,83330.8,799.351,379.017,420.33399999999995,-41.31699999999999,-0.051688182037678054,97349.452,97349.452,,5,ABOVE_LR
2026-09-24 04:30:00,2026-09-24T09:30:00.000Z,83330.7,83330.8,82868.9,82924.8,4920.397,1486.367,3434.0299999999997,-1947.663,-0.39583452310860284,97421.346,97421.346,,5,TOUCH/CROSS_LR
2026-09-24 04:35:00,2026-09-24T09:35:00.000Z,82924.7,83307.9,82832,83185.3,2200.872,1282.608,918.2640000000001,364.34399999999994,0.1655452929566099,96921.933,96921.933,,5,TOUCH/CROSS_LR
2026-09-24 04:40:00,2026-09-24T09:40:00.000Z,83185.4,83270.7,83060.1,83121.8,848.189,419.933,428.25600000000003,-8.323000000000022,-0.00981267146826948,97014.461,97014.461,,5,TOUCH/CROSS_LR
2026-09-24 04:45:00,2026-09-24T09:45:00.000Z,83121.7,83176,82993.9,83095.9,820.124,453.722,366.40200000000004,87.31999999999998,0.10647170427886511,97207.497,97207.497,,5,TOUCH/CROSS_LR
2026-09-24 04:50:00,2026-09-24T09:50:00.000Z,83095.9,83222.8,83087.2,83198.2,855.979,553.664,302.315,251.349,0.29363921311153657,97311.651,97311.651,,5,INSIDE_LR
2026-09-24 04:55:00,2026-09-24T09:55:00.000Z,83198.2,83240.6,83150.2,83231.7,469.895,287.625,182.26999999999998,105.35499999999999,0.22420966386107533,97338.198,97338.198,,5,INSIDE_LR
2026-09-24 05:00:00,2026-09-24T10:00:00.000Z,83231.6,83356.9,83189.4,83295.5,989.8209999999999,601.0350000000001,388.78599999999994,212.24900000000002,0.21443170027712086,97380.83,97380.83,,5,TOUCH/CROSS_LR
2026-09-24 05:05:00,2026-09-24T10:05:00.000Z,83295.5,83301.1,83131,83262,550.899,330.835,220.06400000000002,110.77100000000002,0.20107315497033035,97255.72,97255.72,,5,TOUCH/CROSS_LR
2026-09-24 05:10:00,2026-09-24T10:10:00.000Z,83261.9,83350,83102.7,83260.6,658.3779999999999,379.36400000000003,279.014,100.35000000000001,0.15242003833663947,97212.387,97212.387,,5,TOUCH/CROSS_LR
2026-09-24 05:15:00,2026-09-24T10:15:00.000Z,83260.5,83330,83224.6,83269.6,351.274,210.53400000000002,140.74,69.79400000000001,0.19868820351064984,97261.829,97261.829,,5,TOUCH/CROSS_LR
2026-09-24 05:20:00,2026-09-24T10:20:00.000Z,83269.5,83288.9,83158,83222.5,373.187,192.319,180.868,11.450999999999986,0.03068434859735196,97233.808,97233.808,,5,TOUCH/CROSS_LR
2026-09-24 05:25:00,2026-09-24T10:25:00.000Z,83222.4,83265.3,83137,83220.6,448.51399999999995,166.254,282.26,-116.00600000000001,-0.2586452150880464,97248.332,97248.332,,5,TOUCH/CROSS_LR
2026-09-24 05:30:00,2026-09-24T10:30:00.000Z,83220.5,83249.5,83114.4,83245,345.186,167.95,177.236,-9.285999999999994,-0.02690143864467271,97195.955,97195.955,,5,INSIDE_LR
2026-09-24 05:35:00,2026-09-24T10:35:00.000Z,83245,83335.7,83200,83335.7,309.28999999999996,218.817,90.47299999999998,128.344,0.41496330304891854,97128.631,97128.631,,5,TOUCH/CROSS_LR
2026-09-24 05:40:00,2026-09-24T10:40:00.000Z,83335.6,83403.3,83335.6,83353.4,690.486,378.66400000000004,311.82199999999995,66.84200000000001,0.09680427988402374,97118.523,97118.523,,5,ABOVE_LR
2026-09-24 05:45:00,2026-09-24T10:45:00.000Z,83353.4,83522.4,83328.2,83485.2,801.856,582.154,219.70200000000003,362.45199999999994,0.4520163221326522,96954.887,96954.887,,5,ABOVE_LR
2026-09-24 05:50:00,2026-09-24T10:50:00.000Z,83485.1,83530,83436.5,83452.4,842.6639999999999,428.365,414.29900000000004,14.066000000000031,0.016692299659176176,96802.875,96802.875,,5,ABOVE_LR
2026-09-24 05:55:00,2026-09-24T10:55:00.000Z,83452.4,83496.5,83389.1,83473.5,401.855,209.994,191.86100000000002,18.13299999999999,0.04512324097000159,96648.792,96648.792,,5,ABOVE_LR
2026-09-24 06:00:00,2026-09-24T11:00:00.000Z,83473.5,83564,83473.5,83555.3,675,254.759,420.241,-165.48199999999997,-0.24515851851851847,96621.112,96621.112,,5,ABOVE_LR
2026-09-24 06:05:00,2026-09-24T11:05:00.000Z,83555.4,83555.4,83465,83524.3,438.09,221.13799999999998,216.952,4.186000000000021,0.009555114245931251,96466.971,96466.971,,5,ABOVE_LR
2026-09-24 06:10:00,2026-09-24T11:10:00.000Z,83524.3,83537,83481.5,83524,209.056,85.107,123.949,-38.842,-0.18579710699525484,96350.514,96350.514,,5,ABOVE_LR
2026-09-24 06:15:00,2026-09-24T11:15:00.000Z,83524.1,83577.7,83481.6,83504.3,445.99100000000004,149.10999999999999,296.88100000000003,-147.771,-0.33133179817529945,96347.616,96347.616,,5,ABOVE_LR
2026-09-24 06:20:00,2026-09-24T11:20:00.000Z,83504.3,83549.8,83465.2,83549.8,301.418,117.396,184.022,-66.62599999999999,-0.22104187540226525,96248.836,96248.836,,5,ABOVE_LR
2026-09-24 06:25:00,2026-09-24T11:25:00.000Z,83549.8,83549.8,83480,83480.1,264.88699999999994,65.929,198.958,-133.029,-0.5022103765001681,96193.249,96193.249,,5,ABOVE_LR
2026-09-24 06:30:00,2026-09-24T11:30:00.000Z,83480.1,83510,83439.7,83439.9,275.757,89.688,186.06900000000002,-96.38099999999999,-0.34951424623853605,96225.038,96225.038,,5,ABOVE_LR
2026-09-24 06:35:00,2026-09-24T11:35:00.000Z,83439.9,83462.9,83392.5,83437.4,275.702,101.53499999999998,174.167,-72.632,-0.26344386330168085,96291.141,96291.141,,5,ABOVE_LR
2026-09-24 06:40:00,2026-09-24T11:40:00.000Z,83437.3,83441.2,83370.3,83419.2,221.699,69.57300000000001,152.12599999999998,-82.55299999999998,-0.37236523394331944,96269.69,96269.69,,5,ABOVE_LR
2026-09-24 06:45:00,2026-09-24T11:45:00.000Z,83419.2,83438.7,83394.9,83396.1,158.411,58.834,99.57699999999998,-40.742999999999995,-0.25719804811534547,96272.744,96272.744,,5,ABOVE_LR
2026-09-24 06:50:00,2026-09-24T11:50:00.000Z,83396.1,83456,83350.5,83397.8,226.326,106.684,119.642,-12.958000000000004,-0.057253695996041125,96272.801,96272.801,,5,ABOVE_LR
2026-09-24 06:55:00,2026-09-24T11:55:00.000Z,83397.9,83513,83369.2,83451.1,234.469,133.361,101.10799999999999,32.253000000000014,0.13755763021977324,96285.941,96285.941,,5,ABOVE_LR
2026-09-24 07:00:00,2026-09-24T12:00:00.000Z,83451.1,83451.1,83353,83362.7,254.914,115.24600000000001,139.668,-24.421999999999997,-0.09580485967816596,96290.772,96290.772,,5,ABOVE_LR
2026-09-24 07:05:00,2026-09-24T12:05:00.000Z,83362.6,83522,83358.5,83499.4,305.252,176.098,129.154,46.944,0.15378769017074417,96303.496,96303.496,,5,ABOVE_LR
2026-09-24 07:10:00,2026-09-24T12:10:00.000Z,83499.9,83567.9,83466,83488.1,383.179,220.453,162.72599999999997,57.72700000000001,0.1506528280516417,96367.215,96367.215,,5,ABOVE_LR
2026-09-24 07:15:00,2026-09-24T12:15:00.000Z,83488,83580.3,83480,83482.5,460.815,237.988,222.827,15.160999999999966,0.0329004047177283,96293.797,96293.797,,5,ABOVE_LR
2026-09-24 07:20:00,2026-09-24T12:20:00.000Z,83482.5,83647.2,83482.4,83631.6,337.58500000000004,217.63,119.95500000000001,97.67499999999998,0.28933453796821534,96437.673,96437.673,,5,ABOVE_LR
2026-09-24 07:25:00,2026-09-24T12:25:00.000Z,83631.5,83631.6,83483,83507.1,346.786,137.02200000000002,209.76399999999998,-72.74199999999999,-0.209760486294141,96399.307,96399.307,,5,ABOVE_LR
2026-09-24 07:30:00,2026-09-24T12:30:00.000Z,83507.1,83536.8,83312.5,83357.2,516.635,212.50400000000002,304.131,-91.627,-0.1773534506953652,96420.888,96420.888,,5,ABOVE_LR
2026-09-24 07:35:00,2026-09-24T12:35:00.000Z,83357.2,83387.1,83301,83349,332.67,141.485,191.185,-49.69999999999999,-0.14939730062825018,96469.905,96469.905,,5,ABOVE_LR
2026-09-24 07:40:00,2026-09-24T12:40:00.000Z,83348.9,83487.8,83348.9,83465.1,241.07899999999998,170.15599999999998,70.92300000000002,99.23299999999999,0.4116202572600683,96469.899,96469.899,,5,ABOVE_LR
2026-09-24 07:45:00,2026-09-24T12:45:00.000Z,83465.2,83481.1,83393.2,83420.1,144.91500000000002,79.02499999999999,65.89,13.135000000000002,0.0906393403029362,96472.949,96472.949,,5,ABOVE_LR
2026-09-24 07:50:00,2026-09-24T12:50:00.000Z,83420,83445.4,83383.9,83445.3,249.363,141.595,107.768,33.827,0.1356536454887052,96472.374,96472.374,,5,ABOVE_LR
2026-09-24 07:55:00,2026-09-24T12:55:00.000Z,83445.4,83621.7,83445.3,83561,331.266,206.46500000000003,124.80099999999999,81.664,0.24652092276297596,96533.892,96533.892,,5,ABOVE_LR
2026-09-24 08:00:00,2026-09-24T13:00:00.000Z,83561,83714.2,83554.8,83706.2,655.202,440.089,215.113,224.976,0.3433689152353015,96496.017,96496.017,,5,ABOVE_LR
2026-09-24 08:05:00,2026-09-24T13:05:00.000Z,83706.3,83722,83640,83661.3,368.99499999999995,199.48700000000002,169.50799999999998,29.979000000000006,0.08124500331982822,96475.67,96475.67,,5,ABOVE_LR
2026-09-24 08:10:00,2026-09-24T13:10:00.000Z,83661.2,83728.1,83629,83718.5,308.298,161.166,147.132,14.033999999999992,0.04552089212385416,96462.894,96462.894,,5,ABOVE_LR
2026-09-24 08:15:00,2026-09-24T13:15:00.000Z,83718.5,83865.2,83685,83859.6,1084.7160000000001,676.7199999999999,407.99600000000004,268.72399999999993,0.24773673477666033,96503.338,96503.338,,5,ABOVE_LR
2026-09-24 08:20:00,2026-09-24T13:20:00.000Z,83859.7,83922,83725.1,83765.9,809.014,406.674,402.34000000000003,4.33400000000001,0.005357138442598039,96329.757,96329.757,,5,ABOVE_LR
2026-09-24 08:25:00,2026-09-24T13:25:00.000Z,83765.9,83821,83730.2,83743.5,596.535,287.97400000000005,308.561,-20.586999999999975,-0.03451096750400224,96288.003,96288.003,,5,ABOVE_LR
2026-09-24 08:30:00,2026-09-24T13:30:00.000Z,83743.5,84270.8,83719.6,84098.8,3145.485,1906.318,1239.1670000000001,667.1509999999998,0.2120979753519727,96320.794,96320.794,,5,ABOVE_LR
2026-09-24 08:35:00,2026-09-24T13:35:00.000Z,84098.7,84302.9,83932,84209.5,1794.638,977.1490000000001,817.489,159.65999999999997,0.08896501690034424,96000.399,96000.399,,5,ABOVE_LR
2026-09-24 08:40:00,2026-09-24T13:40:00.000Z,84209.5,84230.2,83844.7,83906.9,1246.3829999999998,492.4,753.9830000000001,-261.58299999999997,-0.20987369051086224,95952.695,95952.695,,5,ABOVE_LR
2026-09-24 08:45:00,2026-09-24T13:45:00.000Z,83906.9,84036.6,83850,83850,799.0219999999999,273.521,525.5010000000001,-251.98000000000002,-0.31536052824578054,95928.03,95928.03,,5,ABOVE_LR
2026-09-24 08:50:00,2026-09-24T13:50:00.000Z,83850.1,83997,83812.6,83991,549.501,306.68,242.82099999999997,63.85900000000002,0.11621270934902762,96019.044,96019.044,,5,ABOVE_LR
2026-09-24 08:55:00,2026-09-24T13:55:00.000Z,83990.4,84218.1,83988.3,84216.9,803.529,402.342,401.18699999999995,1.155000000000058,0.0014374092285406725,96063.183,96063.183,,5,ABOVE_LR
2026-09-24 09:00:00,2026-09-24T14:00:00.000Z,84217,84287.6,84090.7,84161.8,1064.842,502.204,562.6379999999999,-60.434000000000054,-0.05675395974238436,96127.008,96127.008,,5,ABOVE_LR
2026-09-24 09:05:00,2026-09-24T14:05:00.000Z,84161.8,84333,84118.1,84223.2,769.059,464.16600000000005,304.89300000000003,159.27300000000002,0.20710114568583168,96201.002,96201.002,,5,ABOVE_LR
2026-09-24 09:10:00,2026-09-24T14:10:00.000Z,84223.1,84263.2,84110.6,84187.2,574.002,274.837,299.16499999999996,-24.32799999999999,-0.04238312758492129,96213.225,96213.225,,5,ABOVE_LR
2026-09-24 09:15:00,2026-09-24T14:15:00.000Z,84187.2,84300,84096.6,84266,476.64700000000005,240.36100000000002,236.286,4.075000000000017,0.008549303782463788,96265.152,96265.152,,5,ABOVE_LR
2026-09-24 09:20:00,2026-09-24T14:20:00.000Z,84266,84346,84204,84344.3,589.235,374.514,214.721,159.793,0.2711872173241576,96314.735,96314.735,,5,ABOVE_LR
2026-09-24 09:25:00,2026-09-24T14:25:00.000Z,84344.2,84901.6,84340.1,84832.8,4805.583,3305.0260000000003,1500.5569999999998,1804.469,0.3754942948649519,96337.509,96337.509,,5,ABOVE_LR
2026-09-24 09:30:00,2026-09-24T14:30:00.000Z,84832.9,84832.9,84634.4,84735.4,1845.5039999999997,884.0120000000001,961.492,-77.4799999999999,-0.041983111388542056,96283.372,96283.372,,5,ABOVE_LR
2026-09-24 09:35:00,2026-09-24T14:35:00.000Z,84735.5,84735.5,84388,84473.8,1471.926,531.089,940.837,-409.74799999999993,-0.27837540745934236,96066.607,96066.607,,5,ABOVE_LR
2026-09-24 09:40:00,2026-09-24T14:40:00.000Z,84473.7,84534.2,84340.7,84367.9,849.553,298.937,550.616,-251.67900000000003,-0.29624873315731926,96044.221,96044.221,,5,ABOVE_LR
2026-09-24 09:45:00,2026-09-24T14:45:00.000Z,84368,84371.1,83752.2,83769.6,2905.821,973.518,1932.3029999999999,-958.7850000000001,-0.32995322148198397,96109.972,96109.972,,5,ABOVE_LR
2026-09-24 09:50:00,2026-09-24T14:50:00.000Z,83769.5,83892,83327.8,83731.4,4312.397,1983.6779999999999,2328.719,-345.04099999999994,-0.08001141824372847,95997.355,95997.355,,5,ABOVE_LR
2026-09-24 09:55:00,2026-09-24T14:55:00.000Z,83731.4,83769.4,83523.8,83628.3,1266.9279999999999,567.441,699.4870000000001,-132.04600000000002,-0.10422533877221123,96062.705,96062.705,,5,ABOVE_LR
2026-09-24 10:00:00,2026-09-24T15:00:00.000Z,83628.2,83763.4,83440.4,83721.1,2086.194,976.141,1110.053,-133.91200000000015,-0.06418961994905563,96206.215,96206.215,,5,ABOVE_LR
2026-09-24 10:05:00,2026-09-24T15:05:00.000Z,83721,83870,83711.2,83806.1,1422.1879999999999,889.704,532.484,357.22,0.25117635643107666,95991.131,95991.131,,5,ABOVE_LR
2026-09-24 10:10:00,2026-09-24T15:10:00.000Z,83806.2,83886.5,83733.2,83856.3,625.987,329.96299999999997,296.024,33.93899999999999,0.05421678085966641,95873.553,95873.553,,5,ABOVE_LR
2026-09-24 10:15:00,2026-09-24T15:15:00.000Z,83856.3,84070,83839.1,83981.4,1267.062,887.134,379.92800000000005,507.206,0.4003008534704695,95967.169,95967.169,,5,ABOVE_LR
2026-09-24 10:20:00,2026-09-24T15:20:00.000Z,83981.4,84207.7,83962,84187.4,666.86,436.095,230.76500000000001,205.32999999999998,0.30790570734486994,96035.616,96035.616,,5,ABOVE_LR
2026-09-24 10:25:00,2026-09-24T15:25:00.000Z,84187.4,84214.9,84042.7,84081.1,491.039,207.90200000000002,283.13699999999994,-75.23499999999994,-0.153215936005083,96028.286,96028.286,,5,ABOVE_LR
2026-09-24 10:30:00,2026-09-24T15:30:00.000Z,84081.1,84197.2,84057,84185.1,281.534,140.411,141.123,-0.711999999999982,-0.0025290018257119284,96063.815,96063.815,,5,ABOVE_LR
2026-09-24 10:35:00,2026-09-24T15:35:00.000Z,84185.1,84420.6,84179.3,84281.6,811.0900000000001,450.21,360.88,89.33000000000001,0.11013574325907112,96047.593,96047.593,,5,ABOVE_LR
2026-09-24 10:40:00,2026-09-24T15:40:00.000Z,84281.6,84380,84253.5,84380,519.529,266.88300000000004,252.64599999999996,14.237000000000037,0.027403667552725716,96072.434,96072.434,,5,ABOVE_LR
2026-09-24 10:45:00,2026-09-24T15:45:00.000Z,84379.9,84394.2,84240.4,84305.6,391.004,127.244,263.76,-136.51600000000002,-0.3491422082638541,96098.913,96098.913,,5,ABOVE_LR
2026-09-24 10:50:00,2026-09-24T15:50:00.000Z,84305.6,84383,84250.9,84382.9,458.054,179.196,278.858,-99.662,-0.21757696690783185,96102.091,96102.091,,5,ABOVE_LR
2026-09-24 10:55:00,2026-09-24T15:55:00.000Z,84383,84429,84323.4,84374.4,486.07,191.397,294.673,-103.27600000000001,-0.2124714547287428,96064.852,96064.852,,5,ABOVE_LR
2026-09-24 11:00:00,2026-09-24T16:00:00.000Z,84374.4,84390,84158.4,84193.5,694.987,205.276,489.711,-284.43499999999995,-0.40926664815313085,96002.509,96002.509,,5,ABOVE_LR
2026-09-24 11:05:00,2026-09-24T16:05:00.000Z,84193.5,84246.8,84081.4,84171.8,538.2429999999999,195.508,342.735,-147.22700000000003,-0.2735325865826403,96042.101,96042.101,,5,ABOVE_LR
2026-09-24 11:10:00,2026-09-24T16:10:00.000Z,84171.9,84213.1,83991.2,84210.7,561.155,231.62699999999998,329.528,-97.90100000000002,-0.17446338355712776,96012.641,96012.641,,5,ABOVE_LR
2026-09-24 11:15:00,2026-09-24T16:15:00.000Z,84210.8,84799,84210.8,84508.2,3485.7090000000003,1991.304,1494.405,496.89899999999994,0.14255320797002846,95930.283,95930.283,,5,ABOVE_LR
2026-09-24 11:20:00,2026-09-24T16:20:00.000Z,84508.3,84674.8,84490.3,84548,1024.776,607.6379999999999,417.138,190.50000000000006,0.1858942832384834,95958.381,95958.381,,5,ABOVE_LR
2026-09-24 11:25:00,2026-09-24T16:25:00.000Z,84548,84691.5,84484.1,84672.4,545.551,305.321,240.23000000000002,65.09100000000001,0.11931240159031878,95945.824,95945.824,,5,ABOVE_LR
2026-09-24 11:30:00,2026-09-24T16:30:00.000Z,84672.4,84681.3,84447.1,84451.8,546.793,224.28900000000002,322.50399999999996,-98.21499999999997,-0.17962007560447915,95925.999,95925.999,,5,ABOVE_LR
2026-09-24 11:35:00,2026-09-24T16:35:00.000Z,84451.8,84650,84391.5,84649.9,603.927,302.838,301.089,1.7490000000000165,0.002896045382968499,95962.413,95962.413,,5,ABOVE_LR
2026-09-24 11:40:00,2026-09-24T16:40:00.000Z,84649.8,84883.6,84503.2,84503.3,1913.7450000000003,891.1659999999999,1022.579,-131.413,-0.06866797823116454,96018.888,96018.888,,5,ABOVE_LR
2026-09-24 11:45:00,2026-09-24T16:45:00.000Z,84503.3,84665.2,84441.4,84600,717.376,370.238,347.138,23.099999999999994,0.032200686947988215,95959.882,95959.882,,5,ABOVE_LR
2026-09-24 11:50:00,2026-09-24T16:50:00.000Z,84600.1,84616.2,84423.5,84491.7,398.075,155.50799999999998,242.567,-87.059,-0.21869999371977641,95957.673,95957.673,,5,ABOVE_LR
2026-09-24 11:55:00,2026-09-24T16:55:00.000Z,84491.7,84509.9,84375.7,84450.7,409.29600000000005,147.401,261.895,-114.494,-0.27973398225245294,96008.097,96008.097,,5,ABOVE_LR
2026-09-24 12:00:00,2026-09-24T17:00:00.000Z,84450.6,84520,84316.9,84430.7,493.055,251.97200000000004,241.08299999999997,10.889000000000024,0.0220847572785998,95992.665,95992.665,,5,ABOVE_LR
2026-09-24 12:05:00,2026-09-24T17:05:00.000Z,84430.7,84470.3,84341.6,84435.4,224.004,129.834,94.17,35.664,0.1592114426528098,95919.709,95919.709,,5,ABOVE_LR
2026-09-24 12:10:00,2026-09-24T17:10:00.000Z,84435.3,84446.1,84342,84436.9,197.736,96.839,100.897,-4.058000000000003,-0.020522312578387363,95898.951,95898.951,,5,ABOVE_LR
2026-09-24 12:15:00,2026-09-24T17:15:00.000Z,84436.9,84510.9,84313.6,84313.6,429.172,263.55,165.622,97.928,0.22817891195138543,95892.895,95892.895,,5,ABOVE_LR
2026-09-24 12:20:00,2026-09-24T17:20:00.000Z,84313.7,84365.6,84135.7,84207.6,856.69,292.495,564.195,-271.7,-0.3171508947227118,95824.779,95824.779,,5,ABOVE_LR
2026-09-24 12:25:00,2026-09-24T17:25:00.000Z,84207.6,84309.9,84167.5,84287.5,315.23600000000005,143.125,172.111,-28.986000000000004,-0.09195015797688082,95715.604,95715.604,,5,ABOVE_LR
2026-09-24 12:30:00,2026-09-24T17:30:00.000Z,84287.6,84402.1,84259.9,84259.9,249.579,133.64,115.939,17.701000000000008,0.07092343506464889,95697.379,95697.379,,5,ABOVE_LR
2026-09-24 12:35:00,2026-09-24T17:35:00.000Z,84259.9,84281.8,84113.1,84213.6,300.17,123.535,176.635,-53.10000000000001,-0.17689975680447748,95721.867,95721.867,,5,ABOVE_LR
2026-09-24 12:40:00,2026-09-24T17:40:00.000Z,84213.7,84246,84082.9,84133.6,337.75600000000003,111.156,226.6,-115.444,-0.3417970369142221,95721.899,95721.899,,5,ABOVE_LR
2026-09-24 12:45:00,2026-09-24T17:45:00.000Z,84133.6,84185.8,84086.4,84136.6,333.868,173.455,160.413,13.042000000000002,0.03906334239879234,95725.794,95725.794,,5,ABOVE_LR
2026-09-24 12:50:00,2026-09-24T17:50:00.000Z,84136.5,84181.1,84016.2,84019.3,244.123,82.827,161.296,-78.469,-0.3214322288354641,95732.348,95732.348,,5,ABOVE_LR
2026-09-24 12:55:00,2026-09-24T17:55:00.000Z,84019.4,84084,83932.4,84074.4,699.776,288.923,410.853,-121.92999999999999,-0.1742414715566124,95717.504,95717.504,,5,ABOVE_LR
2026-09-24 13:00:00,2026-09-24T18:00:00.000Z,84074.5,84074.5,83833.4,83917.9,861.6179999999999,439.828,421.79,18.037999999999982,0.02093503153369589,95653.023,95653.023,,5,ABOVE_LR
2026-09-24 13:05:00,2026-09-24T18:05:00.000Z,83918,84147.1,83917.9,84132.8,427.962,286.15500000000003,141.80700000000002,144.34799999999998,0.3372916286960057,95434.917,95434.917,,5,ABOVE_LR
2026-09-24 13:10:00,2026-09-24T18:10:00.000Z,84132.7,84218.8,84117,84214.4,278.64,184.80100000000002,93.83899999999997,90.96200000000002,0.3264498995119151,95384.696,95384.696,,5,ABOVE_LR
2026-09-24 13:15:00,2026-09-24T18:15:00.000Z,84214.3,84375.9,84200,84322.9,807.301,530.018,277.28299999999996,252.73500000000004,0.31306167092571424,95341.207,95341.207,,5,ABOVE_LR
2026-09-24 13:20:00,2026-09-24T18:20:00.000Z,84323,84377.4,84280,84354.8,242.856,92.881,149.97499999999997,-57.09399999999999,-0.23509404750139995,95296.267,95296.267,,5,ABOVE_LR
2026-09-24 13:25:00,2026-09-24T18:25:00.000Z,84354.8,84446.8,84342,84381.3,423.22999999999996,242.169,181.06100000000004,61.108000000000004,0.14438484984523783,95280.788,95280.788,,5,ABOVE_LR
2026-09-24 13:30:00,2026-09-24T18:30:00.000Z,84381.3,84468.3,84292.3,84294.6,343.00899999999996,127.525,215.484,-87.95899999999997,-0.2564335046602275,95243.936,95243.936,,5,ABOVE_LR
2026-09-24 13:35:00,2026-09-24T18:35:00.000Z,84294.7,84519.9,84215,84411.1,675.186,368.576,306.61,61.96600000000001,0.0917761920418966,95245.717,95245.717,,5,ABOVE_LR
2026-09-24 13:40:00,2026-09-24T18:40:00.000Z,84411,84411.1,84347.3,84384.9,190.02700000000002,107.789,82.238,25.550999999999988,0.13445983991748534,95238.333,95238.333,,5,ABOVE_LR
2026-09-24 13:45:00,2026-09-24T18:45:00.000Z,84385,84419.9,84324,84366.6,145.96800000000002,51.355,94.613,-43.257999999999996,-0.2963526252329277,95219.932,95219.932,,5,ABOVE_LR
2026-09-24 13:50:00,2026-09-24T18:50:00.000Z,84366.7,84480.7,84366.7,84413.7,244.824,159.685,85.13899999999998,74.546,0.3044881220795347,95243.553,95243.553,,5,ABOVE_LR
2026-09-24 13:55:00,2026-09-24T18:55:00.000Z,84413.7,84510.1,84413.6,84437.5,188.263,87.859,100.404,-12.544999999999995,-0.06663550458666861,95224.938,95224.938,,5,ABOVE_LR
2026-09-24 14:00:00,2026-09-24T19:00:00.000Z,84437.5,84465.3,84252,84281.4,287.376,92.389,194.98700000000002,-102.598,-0.3570165915038138,95197.007,95197.007,,5,ABOVE_LR
2026-09-24 14:05:00,2026-09-24T19:05:00.000Z,84281.3,84468.4,84249.4,84462.2,295.25199999999995,189.817,105.43500000000002,84.38199999999999,0.28579653990489484,95231.106,95231.106,,5,ABOVE_LR
2026-09-24 14:10:00,2026-09-24T19:10:00.000Z,84462.2,84589.9,84434.8,84545,462.69899999999996,243.853,218.84600000000006,25.006999999999962,0.05404593483020271,95219.893,95219.893,,5,ABOVE_LR
2026-09-24 14:15:00,2026-09-24T19:15:00.000Z,84545,84583.6,84495,84578.3,221.268,96.865,124.40300000000002,-27.53800000000001,-0.12445541153714053,95200.186,95200.186,,5,ABOVE_LR
2026-09-24 14:20:00,2026-09-24T19:20:00.000Z,84578.3,84599,84516.5,84596.7,150.97,53.08,97.89000000000001,-44.81,-0.2968139365436842,95215.41,95215.41,,5,ABOVE_LR
2026-09-24 14:25:00,2026-09-24T19:25:00.000Z,84596.7,84622.3,84569.5,84601.5,256.01300000000003,134.012,122.00100000000002,12.010999999999996,0.04691558631788227,95206.086,95206.086,,5,ABOVE_LR
2026-09-24 14:30:00,2026-09-24T19:30:00.000Z,84601.5,84606.6,84527.1,84595.9,235.203,95.371,139.832,-44.461000000000006,-0.18903245281735354,95176.236,95176.236,,5,ABOVE_LR
2026-09-24 14:35:00,2026-09-24T19:35:00.000Z,84595.9,84595.9,84441,84450,279.391,97.663,181.728,-84.065,-0.30088657114939277,95179.292,95179.292,,5,ABOVE_LR
2026-09-24 14:40:00,2026-09-24T19:40:00.000Z,84449.9,84462.2,84378.7,84405.1,281.443,100.407,181.036,-80.629,-0.2864842969979712,95169.004,95169.004,,5,ABOVE_LR
2026-09-24 14:45:00,2026-09-24T19:45:00.000Z,84405,84492,84398.1,84483.4,206.535,140.374,66.161,74.213,0.3593240855060885,95173.793,95173.793,,5,ABOVE_LR
2026-09-24 14:50:00,2026-09-24T19:50:00.000Z,84483.4,84554.4,84455.1,84509.4,212.398,75.137,137.261,-62.12399999999999,-0.2924886298364391,95138.571,95138.571,,5,ABOVE_LR
2026-09-24 14:55:00,2026-09-24T19:55:00.000Z,84509.3,84509.4,84235.3,84367.9,1796.835,708.2289999999999,1088.606,-380.377,-0.21169278203062608,95159.852,95159.852,,5,ABOVE_LR
2026-09-24 15:00:00,2026-09-24T20:00:00.000Z,84367.9,84398.9,84288.4,84347.1,468.17199999999997,243.72499999999997,224.44700000000003,19.27799999999999,0.04117717420093468,96012.487,96012.487,,5,ABOVE_LR
2026-09-24 15:05:00,2026-09-24T20:05:00.000Z,84347.2,84402.6,84261.7,84365.6,357.076,195.766,161.31,34.45599999999998,0.09649486383851051,96094.739,96094.739,,5,ABOVE_LR
2026-09-24 15:10:00,2026-09-24T20:10:00.000Z,84365.6,84386.8,84200,84211.3,351.758,121.028,230.73,-109.702,-0.31186781821593257,96140.69,96140.69,,5,ABOVE_LR
2026-09-24 15:15:00,2026-09-24T20:15:00.000Z,84211.4,84285.7,84176.8,84260,249.69899999999998,130.745,118.95400000000001,11.790999999999999,0.047220853908105355,96160.853,96160.853,,5,ABOVE_LR
2026-09-24 15:20:00,2026-09-24T20:20:00.000Z,84260,84260,84155,84155,195.469,70.165,125.30399999999999,-55.139,-0.28208565041003947,96151.696,96151.696,,5,ABOVE_LR
2026-09-24 15:25:00,2026-09-24T20:25:00.000Z,84155.1,84259.4,84125.2,84236.4,192.39099999999996,104.775,87.616,17.159000000000006,0.08918816368749062,96154.945,96154.945,,5,ABOVE_LR
2026-09-24 15:30:00,2026-09-24T20:30:00.000Z,84236.4,84236.4,84163,84220,133.099,80.754,52.345,28.409000000000002,0.21344262541416542,96148.434,96148.434,,5,ABOVE_LR
2026-09-24 15:35:00,2026-09-24T20:35:00.000Z,84219.9,84335.2,84206,84335.2,150.18900000000002,101.42899999999999,48.760000000000005,52.66899999999999,0.3506848038138611,96126.243,96126.243,,5,ABOVE_LR
2026-09-24 15:40:00,2026-09-24T20:40:00.000Z,84335.1,84372.9,84335.1,84339.6,164.23,116.551,47.67900000000001,68.87199999999999,0.41936308835170183,96102.507,96102.507,,5,ABOVE_LR
2026-09-24 15:45:00,2026-09-24T20:45:00.000Z,84339.6,84431.6,84325.2,84423.7,372.603,243.21300000000002,129.39,113.82300000000001,0.305480632201029,96049.81,96049.81,,5,ABOVE_LR
2026-09-24 15:50:00,2026-09-24T20:50:00.000Z,84423.6,84423.6,84312.1,84312.1,113.797,50.225,63.572,-13.347000000000001,-0.11728780196314491,95958.839,95958.839,,5,ABOVE_LR
2026-09-24 15:55:00,2026-09-24T20:55:00.000Z,84312.2,84328.9,84209.9,84320,406.59900000000005,133.449,273.15000000000003,-139.70100000000002,-0.34358421934141503,95941.795,95941.795,,5,ABOVE_LR
2026-09-24 16:00:00,2026-09-24T21:00:00.000Z,84320,84363.8,84290.2,84296.6,195.58499999999998,105.94900000000001,89.636,16.313000000000006,0.08340619168136619,95956.134,95956.134,,5,ABOVE_LR
2026-09-24 16:05:00,2026-09-24T21:05:00.000Z,84296.7,84320,84245.2,84300.9,143.81799999999998,73.174,70.64399999999999,2.5300000000000047,0.01759167837127484,95970.021,95970.021,,5,ABOVE_LR
2026-09-24 16:10:00,2026-09-24T21:10:00.000Z,84300.9,84340.1,84283.2,84283.3,121.582,63.07000000000001,58.51200000000001,4.557999999999996,0.037489102005231006,95975.202,95975.202,,5,ABOVE_LR
2026-09-24 16:15:00,2026-09-24T21:15:00.000Z,84283.2,84388.5,84283.2,84368.2,137.851,86.584,51.266999999999996,35.317,0.25619690825601554,95949.275,95949.275,,5,ABOVE_LR
2026-09-24 16:20:00,2026-09-24T21:20:00.000Z,84368.3,84407.7,84358.8,84368.8,129.694,56.86900000000001,72.825,-15.956000000000001,-0.12302805064228109,95965.693,95965.693,,5,ABOVE_LR
2026-09-24 16:25:00,2026-09-24T21:25:00.000Z,84368.7,84408,84368.7,84378,153.60200000000003,117.43700000000001,36.165000000000006,81.272,0.5291076939102355,95926.681,95926.681,,5,ABOVE_LR
2026-09-24 16:30:00,2026-09-24T21:30:00.000Z,84378,84453.4,84378,84446.1,118.75200000000001,69.045,49.707,19.337999999999994,0.16284357316087303,95959.093,95959.093,,5,ABOVE_LR
2026-09-24 16:35:00,2026-09-24T21:35:00.000Z,84446.1,84453.4,84365,84376.5,122.59700000000001,44.968,77.62899999999999,-32.661,-0.2664094553700335,95959.766,95959.766,,5,ABOVE_LR
2026-09-24 16:40:00,2026-09-24T21:40:00.000Z,84376.6,84446,84376.5,84445.2,102.442,61.426,41.01599999999999,20.410000000000007,0.1992346888971321,95964.913,95964.913,,5,ABOVE_LR
2026-09-24 16:45:00,2026-09-24T21:45:00.000Z,84445.1,84447,84365.9,84370.1,127.189,63.215999999999994,63.973,-0.757000000000005,-0.005951772558947748,95962.465,95962.465,,5,ABOVE_LR
2026-09-24 16:50:00,2026-09-24T21:50:00.000Z,84370,84390.7,84356.4,84364.5,69.491,34.273,35.218,-0.9450000000000038,-0.01359888330862995,95963.489,95963.489,,5,ABOVE_LR
2026-09-24 16:55:00,2026-09-24T21:55:00.000Z,84364.6,84364.6,84297.6,84304,105.78399999999999,35.650999999999996,70.13300000000001,-34.482,-0.3259661196400212,95972.357,95972.357,,5,ABOVE_LR
2026-09-24 17:00:00,2026-09-24T22:00:00.000Z,84304,84330,84206.2,84321.9,228.07999999999998,103.375,124.705,-21.33000000000001,-0.09351981760785694,95973.204,95973.204,,5,ABOVE_LR
2026-09-24 17:05:00,2026-09-24T22:05:00.000Z,84321.9,84322,84225,84290.3,141.92700000000002,51.64,90.287,-38.647,-0.27230195804885604,95990.975,95990.975,,5,ABOVE_LR
2026-09-24 17:10:00,2026-09-24T22:10:00.000Z,84290.4,84314.1,84269.9,84281.6,188.558,74.622,113.936,-39.31399999999999,-0.20849818093106628,96019.311,96019.311,,5,ABOVE_LR
2026-09-24 17:15:00,2026-09-24T22:15:00.000Z,84281.7,84295.2,83903.1,83975.6,1093.664,328.64,765.024,-436.384,-0.399011030810194,95999.523,95999.523,,5,ABOVE_LR
2026-09-24 17:20:00,2026-09-24T22:20:00.000Z,83975.7,84113.1,83970.5,84113.1,410.51300000000003,255.925,154.58800000000002,101.337,0.24685454541025495,95954.117,95954.117,,5,ABOVE_LR
2026-09-24 17:25:00,2026-09-24T22:25:00.000Z,84113,84137.4,84075.5,84090.1,273.30999999999995,131.276,142.034,-10.757999999999997,-0.039361896747283305,95937.09,95937.09,,5,ABOVE_LR
2026-09-24 17:30:00,2026-09-24T22:30:00.000Z,84090.1,84150.2,84090,84140,199.891,86.515,113.376,-26.860999999999997,-0.13437823613869557,95876.15,95876.15,,5,ABOVE_LR
2026-09-24 17:35:00,2026-09-24T22:35:00.000Z,84139.9,84154.4,84064,84068.5,203.481,75.85100000000001,127.63,-51.778999999999996,-0.2544660189403433,95827.503,95827.503,,5,ABOVE_LR
2026-09-24 17:40:00,2026-09-24T22:40:00.000Z,84068.5,84101.9,84024.9,84097.5,213.971,84.026,129.94500000000002,-45.91900000000001,-0.21460384818503447,95776.257,95776.257,,5,ABOVE_LR
2026-09-24 17:45:00,2026-09-24T22:45:00.000Z,84097.5,84208.1,84093.1,84200.4,263.08,156.17700000000002,106.90299999999999,49.274000000000015,0.18729663980538247,95762.362,95762.362,,5,ABOVE_LR
2026-09-24 17:50:00,2026-09-24T22:50:00.000Z,84200.3,84211.8,84183.3,84211.8,111.974,48.696,63.278,-14.581999999999999,-0.13022665976030148,95764.191,95764.191,,5,ABOVE_LR
2026-09-24 17:55:00,2026-09-24T22:55:00.000Z,84211.7,84235.4,84189.3,84235.4,135.103,86.43100000000001,48.672,37.75900000000001,0.27948306107192294,95798.625,95798.625,,5,ABOVE_LR
2026-09-24 18:00:00,2026-09-24T23:00:00.000Z,84235.4,84279.3,84221.8,84279.3,179.82599999999996,62.28999999999999,117.536,-55.24599999999999,-0.3072192007829791,95789.142,95789.142,,5,ABOVE_LR
2026-09-24 18:05:00,2026-09-24T23:05:00.000Z,84279.5,84331.8,84279.5,84309.7,178.51999999999998,101.49600000000001,77.024,24.47200000000001,0.13708267981178585,95777.994,95777.994,,5,ABOVE_LR
2026-09-24 18:10:00,2026-09-24T23:10:00.000Z,84309.8,84330,84225.9,84262,142.939,64.346,78.593,-14.247,-0.09967188800817132,95784.61,95784.61,,5,ABOVE_LR
2026-09-24 18:15:00,2026-09-24T23:15:00.000Z,84262,84315,84250,84304.4,167.885,101.739,66.146,35.59300000000001,0.21200821991244015,95779.356,95779.356,,5,ABOVE_LR
2026-09-24 18:20:00,2026-09-24T23:20:00.000Z,84304.3,84352.7,84296.3,84350.8,107.613,67.38799999999999,40.224999999999994,27.163000000000004,0.25241374183416504,95824.239,95824.239,,5,ABOVE_LR
2026-09-24 18:25:00,2026-09-24T23:25:00.000Z,84350.8,84404,84350.7,84392.7,123.53400000000002,72.576,50.958,21.61800000000001,0.1749963572781583,95800.386,95800.386,,5,ABOVE_LR
2026-09-24 18:30:00,2026-09-24T23:30:00.000Z,84392.7,84405,84388.9,84400,64.8,31.816000000000003,32.984,-1.1679999999999984,-0.018024691358024668,95790.653,95790.653,,5,ABOVE_LR
2026-09-24 18:35:00,2026-09-24T23:35:00.000Z,84400,84433.3,84391.6,84391.6,124.086,51.517,72.56899999999999,-21.051999999999992,-0.16965652853666,95805.871,95805.871,,5,ABOVE_LR
2026-09-24 18:40:00,2026-09-24T23:40:00.000Z,84391.6,84415,84361.7,84365.7,242.64800000000002,48.029,194.61900000000003,-146.59000000000003,-0.6041261415713297,95812.893,95812.893,,5,ABOVE_LR
2026-09-24 18:45:00,2026-09-24T23:45:00.000Z,84365.7,84377.9,84335.1,84367,118.25999999999999,36.024,82.23599999999999,-46.212,-0.3907661085743278,95894.729,95894.729,,5,ABOVE_LR
2026-09-24 18:50:00,2026-09-24T23:50:00.000Z,84367,84409.5,84323.7,84337.7,183.142,82.872,100.27000000000001,-17.398000000000003,-0.0949973244804578,95911.335,95911.335,,5,ABOVE_LR
2026-09-24 18:55:00,2026-09-24T23:55:00.000Z,84337.8,84374.4,84337.7,84370,87.35099999999998,31.811999999999998,55.539,-23.726999999999997,-0.27162825840574234,95886.566,95886.566,,5,ABOVE_LR
2026-09-24 19:00:00,2026-09-25T00:00:00.000Z,84370.1,84483.6,84370,84483.6,193.902,118.287,75.61499999999998,42.67200000000001,0.2200699322338089,95872.91,95872.91,,5,ABOVE_LR
2026-09-24 19:05:00,2026-09-25T00:05:00.000Z,84483.5,84689.2,84441.2,84677.9,1116.491,759.4559999999999,357.035,402.421,0.36043371599054536,95889.257,95889.257,,5,ABOVE_LR
2026-09-24 19:10:00,2026-09-25T00:10:00.000Z,84677.9,84677.9,84557.3,84628.6,567.3430000000001,320.02599999999995,247.31699999999998,72.70899999999997,0.12815704080247745,96041.931,96041.931,,5,ABOVE_LR
2026-09-24 19:15:00,2026-09-25T00:15:00.000Z,84628.5,84628.6,84505.7,84524.7,235.39100000000002,73.529,161.86199999999997,-88.333,-0.37526073639179064,96054.113,96054.113,,5,ABOVE_LR
2026-09-24 19:20:00,2026-09-25T00:20:00.000Z,84524.8,84614.9,84517.3,84583.2,180.35200000000003,80.12700000000001,100.22500000000001,-20.098000000000003,-0.11143763307310149,96077.666,96077.666,,5,ABOVE_LR
2026-09-24 19:25:00,2026-09-25T00:25:00.000Z,84583.2,84634.2,84558,84634.1,278.85900000000004,155.522,123.33699999999999,32.18500000000002,0.11541675183515689,96097.188,96097.188,,5,ABOVE_LR
2026-09-24 19:30:00,2026-09-25T00:30:00.000Z,84634,84634.1,84508,84542,172.045,39.481,132.56400000000002,-93.083,-0.5410386817402424,96173.878,96173.878,,5,ABOVE_LR
2026-09-24 19:35:00,2026-09-25T00:35:00.000Z,84541.9,84593.2,84510.2,84570.1,121.58200000000001,56.491,65.091,-8.600000000000009,-0.07073415472685107,96187.792,96187.792,,5,ABOVE_LR
2026-09-24 19:40:00,2026-09-25T00:40:00.000Z,84570.1,84648.3,84550.4,84551.1,220.01100000000002,127.605,92.406,35.199,0.15998745517269589,96215.197,96215.197,,5,ABOVE_LR
2026-09-24 19:45:00,2026-09-25T00:45:00.000Z,84551,84623.1,84528.8,84611.1,151.889,98.134,53.754999999999995,44.379000000000005,0.29218047389870233,96262.12,96262.12,,5,ABOVE_LR
2026-09-24 19:50:00,2026-09-25T00:50:00.000Z,84611.1,84630.5,84547.5,84612,131.301,53.375,77.92599999999999,-24.55099999999999,-0.1869825820062299,96275.346,96275.346,,5,ABOVE_LR
2026-09-24 19:55:00,2026-09-25T00:55:00.000Z,84611.9,84612.6,84522.5,84560.6,294.281,111.178,183.10300000000004,-71.92500000000001,-0.24440925509971764,96275.767,96275.767,,5,ABOVE_LR
2026-09-24 20:00:00,2026-09-25T01:00:00.000Z,84560.6,84682.5,84536.1,84646.2,338.041,154.787,183.25400000000002,-28.467000000000002,-0.08421167846503827,96205.398,96205.398,,5,ABOVE_LR
2026-09-24 20:05:00,2026-09-25T01:05:00.000Z,84646.2,84703.8,84619.2,84689,377.09000000000003,250.219,126.87100000000001,123.34799999999998,0.32710493516136724,96185.866,96185.866,,5,ABOVE_LR
2026-09-24 20:10:00,2026-09-25T01:10:00.000Z,84689,84763.7,84660,84660,443.379,201.13599999999997,242.24300000000002,-41.107,-0.09271300625424297,96187.935,96187.935,,5,ABOVE_LR
2026-09-24 20:15:00,2026-09-25T01:15:00.000Z,84660,84714,84625.4,84640,259.608,119.299,140.30899999999997,-21.009999999999987,-0.08092970940803051,96198.72,96198.72,,5,ABOVE_LR
2026-09-24 20:20:00,2026-09-25T01:20:00.000Z,84640,84652.7,84518,84523.9,388.002,125.68599999999999,262.316,-136.63,-0.3521373601167004,96153.862,96153.862,,5,ABOVE_LR
2026-09-24 20:25:00,2026-09-25T01:25:00.000Z,84523.9,84544.4,84460.8,84493.7,361.38599999999997,167.81,193.57600000000002,-25.76600000000002,-0.07129772597721003,96077.505,96077.505,,5,ABOVE_LR
2026-09-24 20:30:00,2026-09-25T01:30:00.000Z,84493.8,84499.5,84333.3,84371.7,489.518,227.429,262.089,-34.66,-0.07080434223052064,96096.412,96096.412,,5,ABOVE_LR
2026-09-24 20:35:00,2026-09-25T01:35:00.000Z,84371.7,84438.3,84306.1,84418.9,295.703,119.49900000000001,176.204,-56.704999999999984,-0.19176335715227774,96075.326,96075.326,,5,ABOVE_LR
2026-09-24 20:40:00,2026-09-25T01:40:00.000Z,84418.8,84491.3,84381,84438.9,237.447,118.325,119.122,-0.7969999999999935,-0.0033565385117520687,96042.609,96042.609,,5,ABOVE_LR
2026-09-24 20:45:00,2026-09-25T01:45:00.000Z,84438.9,84519.1,84433.1,84515.4,305.058,158.28300000000002,146.77499999999998,11.50800000000001,0.037723973801703316,95991.594,95991.594,,5,ABOVE_LR
2026-09-24 20:50:00,2026-09-25T01:50:00.000Z,84515.4,84600.8,84497.3,84497.3,341.48400000000004,245.26299999999998,96.221,149.042,0.43645383092619267,95959.725,95959.725,,5,ABOVE_LR
2026-09-24 20:55:00,2026-09-25T01:55:00.000Z,84497.4,84576.6,84461.7,84576.6,151.88400000000001,101.832,50.05200000000001,51.779999999999994,0.34091806905269806,95957.269,95957.269,,5,ABOVE_LR
2026-09-24 21:00:00,2026-09-25T02:00:00.000Z,84576.5,84835.8,84518.5,84814,890.128,645.6469999999999,244.48100000000005,401.16599999999994,0.4506834972048963,95972.015,95972.015,,5,ABOVE_LR
2026-09-24 21:05:00,2026-09-25T02:05:00.000Z,84814,84827.8,84726.5,84763,1044.5620000000001,245.37199999999999,799.1899999999999,-553.818,-0.5301916018388568,96113.423,96113.423,,5,ABOVE_LR
2026-09-24 21:10:00,2026-09-25T02:10:00.000Z,84762.9,84850,84758.9,84796.2,352.25000000000006,225.041,127.20899999999999,97.83200000000001,0.2777345635202271,96225.787,96225.787,,5,ABOVE_LR
2026-09-24 21:15:00,2026-09-25T02:15:00.000Z,84796.2,84855,84735.6,84822.8,552.335,186.821,365.514,-178.693,-0.32352286203119485,96249.951,96249.951,,5,ABOVE_LR
2026-09-24 21:20:00,2026-09-25T02:20:00.000Z,84822.9,84831.1,84733.2,84733.3,237.104,68.17099999999999,168.933,-100.76200000000001,-0.4249696335785141,96400.75,96400.75,,5,ABOVE_LR
2026-09-24 21:25:00,2026-09-25T02:25:00.000Z,84733.3,84756.9,84611.7,84654.8,324.801,150.964,173.837,-22.873000000000005,-0.07042158121434357,96395.687,96395.687,,5,ABOVE_LR
2026-09-24 21:30:00,2026-09-25T02:30:00.000Z,84654.7,84690.3,84586,84586,263.515,145.55900000000003,117.95599999999999,27.603000000000012,0.1047492552606114,96352.505,96352.505,,5,ABOVE_LR
2026-09-24 21:35:00,2026-09-25T02:35:00.000Z,84586,84600.6,84375,84407,549.146,300.966,248.17999999999998,52.78600000000003,0.09612379949958669,96391.42,96391.42,,5,ABOVE_LR
2026-09-24 21:40:00,2026-09-25T02:40:00.000Z,84406.9,84479.7,84360.3,84444.6,441.029,294.269,146.76,147.50900000000001,0.3344655340125026,96407.036,96407.036,,5,ABOVE_LR
2026-09-24 21:45:00,2026-09-25T02:45:00.000Z,84444.6,84444.7,84230.1,84306.3,616.904,224.55700000000002,392.347,-167.78999999999996,-0.27198721356969635,96395.17,96395.17,,5,ABOVE_LR
2026-09-24 21:50:00,2026-09-25T02:50:00.000Z,84306.3,84306.3,84176.2,84193.5,459.83799999999997,173.53,286.308,-112.77799999999998,-0.24525593796076006,96420.445,96420.445,,5,ABOVE_LR
2026-09-24 21:55:00,2026-09-25T02:55:00.000Z,84193.3,84229,84139.8,84194.4,405.31399999999996,190.56799999999998,214.746,-24.178000000000004,-0.059652516320679784,96391.435,96391.435,,5,ABOVE_LR
2026-09-24 22:00:00,2026-09-25T03:00:00.000Z,84194.9,84234.1,84141.2,84220.2,301.93199999999996,168.296,133.63599999999997,34.660000000000004,0.11479405958957649,96414.918,96414.918,,5,ABOVE_LR
2026-09-24 22:05:00,2026-09-25T03:05:00.000Z,84220.1,84297,84220.1,84281.7,350.904,239.191,111.71300000000001,127.47799999999998,0.3632845450607573,96400.179,96400.179,,5,ABOVE_LR
2026-09-24 22:10:00,2026-09-25T03:10:00.000Z,84281.7,84296.3,84192.8,84219.3,393.85400000000004,216.519,177.33499999999998,39.18400000000001,0.09948864299969026,96409.724,96409.724,,5,ABOVE_LR
2026-09-24 22:15:00,2026-09-25T03:15:00.000Z,84219.3,84297,84142.9,84204,372.56899999999996,188.78,183.789,4.991000000000014,0.013396176278756456,96444.738,96444.738,,5,ABOVE_LR
2026-09-24 22:20:00,2026-09-25T03:20:00.000Z,84204,84241.6,84188.3,84192.9,155.511,75.695,79.81599999999999,-4.120999999999995,-0.02649973313784874,96490.967,96490.967,,5,ABOVE_LR
2026-09-24 22:25:00,2026-09-25T03:25:00.000Z,84193,84237,84110.3,84115.9,265.876,115.163,150.713,-35.54999999999999,-0.1337089470279378,96509.587,96509.587,,5,ABOVE_LR
2026-09-24 22:30:00,2026-09-25T03:30:00.000Z,84116,84197.5,84026,84197.4,481.196,183.036,298.16,-115.12400000000001,-0.2392455465132711,96547.672,96547.672,,5,ABOVE_LR
2026-09-24 22:35:00,2026-09-25T03:35:00.000Z,84197.4,84315,84184.2,84315,297.213,219.69100000000003,77.52199999999999,142.169,0.4783404494419827,96540.592,96540.592,,5,ABOVE_LR
2026-09-24 22:40:00,2026-09-25T03:40:00.000Z,84315,84355.6,84170.6,84170.6,437.298,253.53699999999998,183.76099999999997,69.77600000000001,0.15956167190337026,96510.017,96510.017,,5,ABOVE_LR
2026-09-24 22:45:00,2026-09-25T03:45:00.000Z,84170.5,84180.1,84130.1,84156,218.622,82.11200000000001,136.51,-54.397999999999996,-0.24882216794284195,96604.993,96604.993,,5,ABOVE_LR
2026-09-24 22:50:00,2026-09-25T03:50:00.000Z,84156,84199.2,84108.7,84156.7,248.79799999999997,99.72099999999999,149.077,-49.355999999999995,-0.19837780046463396,96563.076,96563.076,,5,ABOVE_LR
2026-09-24 22:55:00,2026-09-25T03:55:00.000Z,84156.8,84208,84156.8,84201.1,93.04999999999998,60.65700000000001,32.393,28.264000000000003,0.3037506716818915,96588.857,96588.857,,5,ABOVE_LR
2026-09-24 23:00:00,2026-09-25T04:00:00.000Z,84201,84201.1,84113.4,84128.8,187.879,39.132000000000005,148.747,-109.61500000000001,-0.5834340187035274,96586.49,96586.49,,5,ABOVE_LR
2026-09-24 23:05:00,2026-09-25T04:05:00.000Z,84128.8,84200,84128.7,84177.8,75.778,39.992,35.786,4.205999999999998,0.05550423605795874,96588.012,96588.012,,5,ABOVE_LR
2026-09-24 23:10:00,2026-09-25T04:10:00.000Z,84177.7,84200,84036.1,84036.1,424.85299999999995,169.68,255.173,-85.49299999999998,-0.20122960176814095,96579.902,96579.902,,5,ABOVE_LR
2026-09-24 23:15:00,2026-09-25T04:15:00.000Z,84036.2,84138,84018.3,84099.9,224.434,98.86500000000001,125.56899999999999,-26.703999999999997,-0.11898375468957466,96663.109,96663.109,,5,ABOVE_LR
2026-09-24 23:20:00,2026-09-25T04:20:00.000Z,84099.9,84106.6,84051,84085.7,186.07399999999998,71.53200000000001,114.54199999999999,-43.00999999999999,-0.2311445983855885,96677.453,96677.453,,5,ABOVE_LR
2026-09-24 23:25:00,2026-09-25T04:25:00.000Z,84085.6,84094.2,84067.6,84094.1,114.97800000000001,59.989000000000004,54.98899999999999,5.000000000000009,0.0434865800413993,96712.125,96712.125,,5,ABOVE_LR
2026-09-24 23:30:00,2026-09-25T04:30:00.000Z,84094.1,84158.6,84094.1,84158.5,161.228,89.437,71.791,17.646,0.10944749051033319,96690.581,96690.581,,5,ABOVE_LR
2026-09-24 23:35:00,2026-09-25T04:35:00.000Z,84158.6,84206.4,84152.2,84202,208.727,122.995,85.732,37.26299999999999,0.17852505904842206,96688.064,96688.064,,5,ABOVE_LR
2026-09-24 23:40:00,2026-09-25T04:40:00.000Z,84202,84263.9,84201.9,84234.3,206.68900000000002,139.226,67.463,71.76299999999998,0.3472028022778182,96659.794,96659.794,,5,ABOVE_LR
2026-09-24 23:45:00,2026-09-25T04:45:00.000Z,84234.4,84254.9,84162.5,84168.3,215.328,90.85000000000001,124.478,-33.628,-0.15617105067617773,96657.998,96657.998,,5,ABOVE_LR
2026-09-24 23:50:00,2026-09-25T04:50:00.000Z,84168.3,84168.4,84133.9,84133.9,111.892,53.292,58.599999999999994,-5.308,-0.04743860150859758,96651.311,96651.311,,5,ABOVE_LR
2026-09-24 23:55:00,2026-09-25T04:55:00.000Z,84134,84222,84131.9,84171.5,242.088,149.67499999999998,92.41300000000001,57.261999999999986,0.23653382241168497,96655.558,96655.558,,5,ABOVE_LR
2026-09-25 00:00:00,2026-09-25T05:00:00.000Z,84171.5,84223.2,84161.3,84189.6,102.821,60.629000000000005,42.192,18.436999999999998,0.1793116192217543,96677.557,96677.557,,5,ABOVE_LR
2026-09-25 00:05:00,2026-09-25T05:05:00.000Z,84189.7,84193.6,84124.1,84184.3,137.621,74.137,63.484,10.652999999999999,0.07740824438130807,96684.378,96684.378,,5,ABOVE_LR
2026-09-25 00:10:00,2026-09-25T05:10:00.000Z,84184.2,84187.8,84123.5,84123.5,86.675,33.29900000000001,53.376,-20.076999999999998,-0.23163541967118545,96672.068,96672.068,,5,ABOVE_LR
2026-09-25 00:15:00,2026-09-25T05:15:00.000Z,84123.5,84233.6,84123.5,84141.2,144.43200000000002,82.42399999999999,62.008,20.416,0.1413537166278941,96657.777,96657.777,,5,ABOVE_LR
2026-09-25 00:20:00,2026-09-25T05:20:00.000Z,84141.3,84150,84050.1,84078.1,219.226,75.91900000000001,143.307,-67.38799999999999,-0.30739054674171856,96647.159,96647.159,,5,ABOVE_LR
2026-09-25 00:25:00,2026-09-25T05:25:00.000Z,84078.1,84155.2,84078,84142,161.024,101.72,59.303999999999995,42.416,0.2634141494435612,96628.909,96628.909,,5,ABOVE_LR
2026-09-25 00:30:00,2026-09-25T05:30:00.000Z,84141.9,84154.3,84080.2,84126.1,226.45600000000002,117.387,109.06900000000002,8.31799999999998,0.036731197230366955,96642.763,96642.763,,5,ABOVE_LR
2026-09-25 00:35:00,2026-09-25T05:35:00.000Z,84126.1,84310.6,84126.1,84304.5,426.315,343.48400000000004,82.831,260.653,0.6114094038445751,96655.831,96655.831,,5,ABOVE_LR
2026-09-25 00:40:00,2026-09-25T05:40:00.000Z,84304.5,84304.5,84210.1,84219.3,143.98199999999997,54.491,89.491,-34.999999999999986,-0.24308594129821778,96597.438,96597.438,,5,ABOVE_LR
2026-09-25 00:45:00,2026-09-25T05:45:00.000Z,84219.2,84250,84219.2,84225.6,95.495,48.635999999999996,46.859,1.7769999999999992,0.018608304099691074,96583.9,96583.9,,5,ABOVE_LR
2026-09-25 00:50:00,2026-09-25T05:50:00.000Z,84225.5,84225.5,84176.9,84200,78.699,26.251,52.44799999999999,-26.196999999999996,-0.3328758942299139,96568.714,96568.714,,5,ABOVE_LR
2026-09-25 00:55:00,2026-09-25T05:55:00.000Z,84200,84200,84152,84152,74.836,22.277,52.559,-30.282,-0.4046448233470522,96562.642,96562.642,,5,ABOVE_LR
2026-09-25 01:00:00,2026-09-25T06:00:00.000Z,84152,84175.7,84119.2,84150.4,201.464,102.224,99.24,2.9840000000000018,0.014811579239963476,96564.343,96564.343,,5,ABOVE_LR
2026-09-25 01:05:00,2026-09-25T06:05:00.000Z,84150.5,84192.7,84027.5,84027.5,547.644,134.957,412.687,-277.7300000000001,-0.5071360226716627,96575.738,96575.738,,5,ABOVE_LR
2026-09-25 01:10:00,2026-09-25T06:10:00.000Z,84027.4,84087.5,83890.5,84081.2,1492.6549999999997,597.126,895.529,-298.40299999999996,-0.19991424676164285,96707.715,96707.715,,5,ABOVE_LR
2026-09-25 01:15:00,2026-09-25T06:15:00.000Z,84081.2,84164.3,84013.7,84164.3,351.412,204.29500000000002,147.117,57.178,0.16270929848724575,97026.256,97026.256,,5,ABOVE_LR
2026-09-25 01:20:00,2026-09-25T06:20:00.000Z,84164.3,84246.6,84156.4,84171.5,323.88,176.074,147.806,28.268000000000004,0.08727923922440411,97056.31,97056.31,,5,ABOVE_LR
2026-09-25 01:25:00,2026-09-25T06:25:00.000Z,84171.5,84174.8,84026.5,84057.1,200.04000000000002,58.791,141.249,-82.458,-0.4122075584883023,97081.541,97081.541,,5,ABOVE_LR
2026-09-25 01:30:00,2026-09-25T06:30:00.000Z,84057.1,84064.6,83958.7,83998.1,224.211,115.32500000000002,108.886,6.439000000000007,0.02871848392808563,97090.592,97090.592,,5,ABOVE_LR
2026-09-25 01:35:00,2026-09-25T06:35:00.000Z,83998.1,84002.1,83885.7,83915,427.023,135.05,291.97299999999996,-156.923,-0.3674813768813389,97122.6,97122.6,,5,ABOVE_LR
2026-09-25 01:40:00,2026-09-25T06:40:00.000Z,83915,83995.4,83915,83995.1,279.08799999999997,144.208,134.88,9.327999999999996,0.033423149687553735,97149.503,97149.503,,5,ABOVE_LR
2026-09-25 01:45:00,2026-09-25T06:45:00.000Z,83995.1,84038,83966.1,83978.7,401.616,283.75699999999995,117.85900000000004,165.89799999999997,0.41307617226405313,97153.893,97153.893,,5,ABOVE_LR
2026-09-25 01:50:00,2026-09-25T06:50:00.000Z,83978.7,84022,83973.4,84021.9,219.974,128.585,91.389,37.196,0.16909271095674944,97111.002,97111.002,,5,ABOVE_LR
2026-09-25 01:55:00,2026-09-25T06:55:00.000Z,84021.9,84022.1,83996,83999.3,112.714,47.868,64.846,-16.978,-0.15062902567560377,97131.833,97131.833,,5,ABOVE_LR
2026-09-25 02:00:00,2026-09-25T07:00:00.000Z,83999.2,84020,83945,83945,194.96499999999997,68.652,126.313,-57.66099999999999,-0.2957505193239812,97157.712,97157.712,,5,ABOVE_LR
2026-09-25 02:05:00,2026-09-25T07:05:00.000Z,83945,83978.6,83683.7,83802,2194.607,516.785,1677.8220000000001,-1161.037,-0.529040962687169,97157.131,97157.131,,5,ABOVE_LR
2026-09-25 02:10:00,2026-09-25T07:10:00.000Z,83801.9,83849.9,83722,83774.7,463.02,172.14999999999998,290.87,-118.72000000000001,-0.2564036110751156,96568.295,96568.295,,5,ABOVE_LR
2026-09-25 02:15:00,2026-09-25T07:15:00.000Z,83774.8,83910,83774.3,83892.1,426.632,276.99199999999996,149.64,127.35199999999998,0.29850550357216515,96633.253,96633.253,,5,ABOVE_LR
2026-09-25 02:20:00,2026-09-25T07:20:00.000Z,83892,83959.8,83892,83948.4,237.443,159.10099999999997,78.34200000000001,80.75899999999997,0.3401195234224634,96645.624,96645.624,,5,ABOVE_LR
2026-09-25 02:25:00,2026-09-25T07:25:00.000Z,83948.4,84013.5,83941.5,84005,336.283,194.23199999999997,142.05100000000002,52.180999999999976,0.1551699015412613,96630.103,96630.103,,5,ABOVE_LR
2026-09-25 02:30:00,2026-09-25T07:30:00.000Z,84005,84059.9,83801.9,83807.7,938.727,245.58299999999997,693.144,-447.561,-0.4767743976683317,96561.657,96561.657,,5,ABOVE_LR
2026-09-25 02:35:00,2026-09-25T07:35:00.000Z,83807.6,83850.4,83769.9,83770,802.6379999999999,360.35200000000003,442.286,-81.93399999999995,-0.10208088827092657,96562.151,96562.151,,5,ABOVE_LR
2026-09-25 02:40:00,2026-09-25T07:40:00.000Z,83770,83870,83770,83870,666.896,443.73800000000006,223.15800000000002,220.58000000000004,0.33075621986036813,96428.099,96428.099,,5,ABOVE_LR
2026-09-25 02:45:00,2026-09-25T07:45:00.000Z,83870,83950,83841.3,83949.8,619.8599999999999,368.06399999999996,251.79600000000002,116.26799999999999,0.18757138708740684,96317.407,96317.407,,5,ABOVE_LR
2026-09-25 02:50:00,2026-09-25T07:50:00.000Z,83949.8,83977.5,83934.9,83944.2,612.6089999999999,267.08099999999996,345.52799999999996,-78.44699999999997,-0.12805394631812458,96204.386,96204.386,,5,ABOVE_LR
2026-09-25 02:55:00,2026-09-25T07:55:00.000Z,83944.1,84033.8,83940.1,83994.7,694.362,368.921,325.441,43.480000000000004,0.06261863408423848,96259.413,96259.413,,5,ABOVE_LR
2026-09-25 03:00:00,2026-09-25T08:00:00.000Z,83994.7,84130,83992.8,84084.1,571.9639999999999,304.85,267.11400000000003,37.73599999999999,0.06597618031904105,96440.679,96440.679,,5,ABOVE_LR
2026-09-25 03:05:00,2026-09-25T08:05:00.000Z,84084.2,84095.4,83973.5,84078,422.10299999999995,137.674,284.42900000000003,-146.755,-0.34767580424683076,96375.656,96375.656,,5,ABOVE_LR
2026-09-25 03:10:00,2026-09-25T08:10:00.000Z,84078,84138,84026.8,84067.6,237.149,122.453,114.696,7.7570000000000086,0.03270939367233262,96441.063,96441.063,,5,ABOVE_LR
2026-09-25 03:15:00,2026-09-25T08:15:00.000Z,84067.6,84218.6,84067.5,84212.2,505.486,341.242,164.244,176.998,0.3501541091147925,96426.946,96426.946,,5,ABOVE_LR
2026-09-25 03:20:00,2026-09-25T08:20:00.000Z,84212.2,84363.6,84210.8,84325.1,691.8330000000001,426.61,265.223,161.38700000000003,0.23327450410720507,96383.544,96383.544,,5,ABOVE_LR
2026-09-25 03:25:00,2026-09-25T08:25:00.000Z,84325.2,84470.5,84318.6,84382.2,742.05,435.26300000000003,306.78700000000003,128.47599999999997,0.17313658109291824,96265.894,96265.894,,5,ABOVE_LR
2026-09-25 03:30:00,2026-09-25T08:30:00.000Z,84382.3,84406.9,84328.4,84344.4,369.309,136.11899999999997,233.19,-97.071,-0.2628449347294542,96208.278,96208.278,,5,ABOVE_LR
2026-09-25 03:35:00,2026-09-25T08:35:00.000Z,84344.4,84355.3,84287.8,84294.7,204.50900000000001,71.29700000000001,133.21200000000002,-61.915,-0.3027495122464048,96230.812,96230.812,,5,ABOVE_LR
2026-09-25 03:40:00,2026-09-25T08:40:00.000Z,84294.7,84305,84269.3,84276.4,142.808,34.051,108.757,-74.70599999999999,-0.5231219539521595,96249.408,96249.408,,5,ABOVE_LR
2026-09-25 03:45:00,2026-09-25T08:45:00.000Z,84276.4,84295,84244.9,84244.9,231.709,65.154,166.55499999999995,-101.401,-0.4376221899019891,96236.193,96236.193,,5,ABOVE_LR
2026-09-25 03:50:00,2026-09-25T08:50:00.000Z,84244.9,84329.4,84244.9,84329.1,215.688,104.10000000000001,111.58800000000001,-7.4879999999999995,-0.03471681317458551,96271.618,96271.618,,5,ABOVE_LR
2026-09-25 03:55:00,2026-09-25T08:55:00.000Z,84329.2,84441.8,84329.1,84376.1,271.43500000000006,127.46199999999999,143.97299999999998,-16.511000000000003,-0.06082855932359497,96298.634,96298.634,,5,ABOVE_LR
2026-09-25 04:00:00,2026-09-25T09:00:00.000Z,84376.2,84565.4,84376.1,84539.6,762.134,595.808,166.32600000000002,429.48199999999997,0.5635255742428497,96271.248,96271.248,,5,ABOVE_LR
2026-09-25 04:05:00,2026-09-25T09:05:00.000Z,84539.7,84684.4,84531.5,84602.3,1112.147,673.119,439.028,234.09100000000007,0.2104856642152522,96198.488,96198.488,,5,ABOVE_LR
2026-09-25 04:10:00,2026-09-25T09:10:00.000Z,84602.3,84602.4,84543.1,84549.4,300.494,91.96000000000001,208.534,-116.57399999999998,-0.3879411901735142,96227.269,96227.269,,5,ABOVE_LR
2026-09-25 04:15:00,2026-09-25T09:15:00.000Z,84549.5,84600,84488.2,84555.6,538.155,264.592,273.563,-8.97100000000001,-0.01666991851789914,96232.768,96232.768,,5,ABOVE_LR
2026-09-25 04:20:00,2026-09-25T09:20:00.000Z,84555.5,84634.5,84501,84630.6,348.304,163.321,184.983,-21.662000000000006,-0.062192797096789036,96293.83,96293.83,,5,ABOVE_LR
2026-09-25 04:25:00,2026-09-25T09:25:00.000Z,84630.6,84800,84614.5,84763.5,1143.693,746.74,396.95300000000003,349.7869999999999,0.3058399413129222,96335.348,96335.348,,5,ABOVE_LR
2026-09-25 04:30:00,2026-09-25T09:30:00.000Z,84763.4,84822.2,84662.1,84693.5,810.107,271.79200000000003,538.3149999999999,-266.5229999999999,-0.32899728060614203,96219.595,96219.595,,5,ABOVE_LR
2026-09-25 04:35:00,2026-09-25T09:35:00.000Z,84693.5,84693.5,84631.9,84667.1,249.49100000000004,106.84800000000001,142.643,-35.795,-0.14347210921436043,96221.122,96221.122,,5,ABOVE_LR
2026-09-25 04:40:00,2026-09-25T09:40:00.000Z,84667.1,84667.2,84517.1,84590.8,555.701,112.209,443.492,-331.28299999999996,-0.5961533270589758,96250.244,96250.244,,5,ABOVE_LR
2026-09-25 04:45:00,2026-09-25T09:45:00.000Z,84590.8,84601.9,84533,84567.5,244.666,91.33499999999998,153.33100000000002,-61.995999999999995,-0.25339033621345014,96206.398,96206.398,,5,ABOVE_LR
2026-09-25 04:50:00,2026-09-25T09:50:00.000Z,84567.5,84569.2,84526.9,84537,201.46800000000002,82.766,118.70200000000001,-35.93600000000001,-0.17837075863164376,96232.282,96232.282,,5,ABOVE_LR
2026-09-25 04:55:00,2026-09-25T09:55:00.000Z,84537,84587.7,84525,84533.2,213.673,112.43900000000001,101.234,11.205000000000004,0.05243994327781237,96279.183,96279.183,,5,ABOVE_LR
2026-09-25 05:00:00,2026-09-25T10:00:00.000Z,84533.2,84533.3,84350,84371.7,1070.139,262.93,807.209,-544.2790000000001,-0.5086058913842035,96293.729,96293.729,,5,ABOVE_LR
2026-09-25 05:05:00,2026-09-25T10:05:00.000Z,84371.7,84392,84350,84391.5,265.25300000000004,129.786,135.467,-5.6810000000000045,-0.02141728840013121,96394.163,96394.163,,5,ABOVE_LR
2026-09-25 05:10:00,2026-09-25T10:10:00.000Z,84391.5,84462.9,84391.5,84451.6,272.956,142.452,130.504,11.94799999999999,0.04377262269376745,96371.16,96371.16,,5,ABOVE_LR
2026-09-25 05:15:00,2026-09-25T10:15:00.000Z,84451.6,84451.7,84403.8,84411.5,177.70099999999996,63.913,113.78799999999998,-49.875,-0.28066808853073427,96387.335,96387.335,,5,ABOVE_LR
2026-09-25 05:20:00,2026-09-25T10:20:00.000Z,84411.4,84492,84402.5,84492,207.835,99.423,108.41199999999999,-8.98899999999999,-0.04325065556811889,96390.534,96390.534,,5,ABOVE_LR
2026-09-25 05:25:00,2026-09-25T10:25:00.000Z,84492,84707.5,84491.9,84679,661.353,460.4960000000001,200.85699999999994,259.6390000000001,0.39258761962219896,96404.225,96404.225,,5,ABOVE_LR
2026-09-25 05:30:00,2026-09-25T10:30:00.000Z,84679,84722,84609.7,84651.3,671.2849999999999,433.19800000000004,238.087,195.11100000000005,0.29065300133326394,96378.614,96378.614,,5,ABOVE_LR
2026-09-25 05:35:00,2026-09-25T10:35:00.000Z,84651.3,84725,84638,84656,283.299,144.624,138.675,5.948999999999998,0.02099901517478,96176.236,96176.236,,5,ABOVE_LR
2026-09-25 05:40:00,2026-09-25T10:40:00.000Z,84656.1,84777.7,84656,84737.9,311.629,177.116,134.513,42.60300000000001,0.1367106398955168,96161.561,96161.561,,5,ABOVE_LR
2026-09-25 05:45:00,2026-09-25T10:45:00.000Z,84737.9,84775.7,84703,84738.7,303.08799999999997,170.379,132.709,37.67,0.1242873356912844,96139.563,96139.563,,5,ABOVE_LR
2026-09-25 05:50:00,2026-09-25T10:50:00.000Z,84738.7,84844.2,84688.9,84794.8,610.717,383.073,227.64399999999998,155.429,0.2545024946087959,96066.301,96066.301,,5,ABOVE_LR
2026-09-25 05:55:00,2026-09-25T10:55:00.000Z,84794.7,84794.8,84665.9,84678.3,314.693,103.72800000000001,210.965,-107.237,-0.3407670332673431,96147.678,96147.678,,5,ABOVE_LR
2026-09-25 06:00:00,2026-09-25T11:00:00.000Z,84678.3,84771.7,84652.7,84769.6,257.771,153.64100000000002,104.13,49.510999999999996,0.19207358469339061,96165.285,96165.285,,5,ABOVE_LR
2026-09-25 06:05:00,2026-09-25T11:05:00.000Z,84769.6,85107,84766.5,85047.1,2839.535,1921.173,918.362,1002.8110000000001,0.35316028856837484,96173.419,96173.419,,5,ABOVE_LR
2026-09-25 06:10:00,2026-09-25T11:10:00.000Z,85046.7,85206.3,84992.3,85195.8,1796.7839999999999,1054.334,742.45,311.8839999999999,0.1735790167321169,96250.311,96250.311,,5,ABOVE_LR
2026-09-25 06:15:00,2026-09-25T11:15:00.000Z,85195.8,85224,85010,85055.2,1299.8180000000002,503.415,796.403,-292.98800000000006,-0.22540694158720684,96127.826,96127.826,,5,ABOVE_LR
2026-09-25 06:20:00,2026-09-25T11:20:00.000Z,85055.2,85057.5,84788.8,84900,1245.5140000000001,352.418,893.0959999999999,-540.6779999999999,-0.4341002991536023,96031.503,96031.503,,5,ABOVE_LR
2026-09-25 06:25:00,2026-09-25T11:25:00.000Z,84900,84947.4,84832.3,84892,599.663,290.1360000000001,309.527,-19.391,-0.03233649566506521,95977.948,95977.948,,5,ABOVE_LR
2026-09-25 06:30:00,2026-09-25T11:30:00.000Z,84892,84899,84771.3,84843.9,526.5899999999999,181.611,344.979,-163.368,-0.31023756622799525,95954.601,95954.601,,5,ABOVE_LR
2026-09-25 06:35:00,2026-09-25T11:35:00.000Z,84843.9,84929.9,84758,84784.2,558.724,223.64599999999996,335.0780000000001,-111.43200000000002,-0.19944015291986741,95945.983,95945.983,,5,ABOVE_LR
2026-09-25 06:40:00,2026-09-25T11:40:00.000Z,84784.3,84796.1,84650,84679.9,806.0329999999999,263.414,542.6189999999999,-279.205,-0.3463940062007387,95933.393,95933.393,,5,ABOVE_LR
2026-09-25 06:45:00,2026-09-25T11:45:00.000Z,84680,84700,84536,84557.2,658.48,175.40699999999998,483.073,-307.666,-0.4672366662616936,95825.118,95825.118,,5,ABOVE_LR
2026-09-25 06:50:00,2026-09-25T11:50:00.000Z,84557.1,84648.1,84520.7,84578.9,573.14,285.253,287.88700000000006,-2.6340000000000217,-0.0045957357713648,95760.013,95760.013,,5,ABOVE_LR
2026-09-25 06:55:00,2026-09-25T11:55:00.000Z,84578.9,84596.2,84521.8,84533.4,385.88100000000003,108.45100000000001,277.43,-168.97899999999998,-0.4379044316771232,95730.931,95730.931,,5,ABOVE_LR
2026-09-25 07:00:00,2026-09-25T12:00:00.000Z,84533.4,84651.5,84533.4,84613.1,642.176,316.014,326.162,-10.147999999999968,-0.015802521427147647,95758.736,95758.736,,5,ABOVE_LR
2026-09-25 07:05:00,2026-09-25T12:05:00.000Z,84613.1,84660,84570,84616.8,334.353,177.932,156.421,21.51099999999999,0.0643361955777277,95731.923,95731.923,,5,ABOVE_LR
2026-09-25 07:10:00,2026-09-25T12:10:00.000Z,84616.9,84633.4,84148.5,84323.7,2086.777,741.778,1344.999,-603.221,-0.28906826172609723,95725.485,95725.485,,5,ABOVE_LR
2026-09-25 07:15:00,2026-09-25T12:15:00.000Z,84323.6,84323.7,83824.2,83965.6,3002.393,1295.796,1706.597,-410.801,-0.1368245263028524,95661.046,95661.046,,5,ABOVE_LR
2026-09-25 07:20:00,2026-09-25T12:20:00.000Z,83965.6,84263.8,83924.1,84250.2,1510.671,857.952,652.719,205.23299999999998,0.13585552380366073,95535.663,95535.663,,5,ABOVE_LR
2026-09-25 07:25:00,2026-09-25T12:25:00.000Z,84250.3,84364.7,84206.6,84360.7,711.78,438.34400000000005,273.43600000000004,164.90800000000002,0.2316839472870831,95509.404,95509.404,,5,ABOVE_LR
2026-09-25 07:30:00,2026-09-25T12:30:00.000Z,84360.7,84469.8,84280.4,84420.8,1079.279,520.8230000000001,558.456,-37.632999999999974,-0.03486864842177043,95522.861,95522.861,,5,ABOVE_LR
2026-09-25 07:35:00,2026-09-25T12:35:00.000Z,84420.9,84500,84413.9,84460,396.64599999999996,190.59300000000002,206.053,-15.459999999999997,-0.03897682064107542,95572.185,95572.185,,5,ABOVE_LR
2026-09-25 07:40:00,2026-09-25T12:40:00.000Z,84460,84474.7,84343.5,84392.4,494.197,232.59900000000002,261.59799999999996,-28.999000000000002,-0.05867902880834971,95636.113,95636.113,,5,ABOVE_LR
2026-09-25 07:45:00,2026-09-25T12:45:00.000Z,84392.4,84542.4,84289.2,84366.4,742.333,306.985,435.348,-128.36299999999994,-0.1729183533535488,95603.198,95603.198,,5,ABOVE_LR
2026-09-25 07:50:00,2026-09-25T12:50:00.000Z,84366.4,84445.4,84319,84405.9,256.573,145.82099999999997,110.75200000000001,35.06899999999999,0.13668234771390594,95662.445,95662.445,,5,ABOVE_LR
2026-09-25 07:55:00,2026-09-25T12:55:00.000Z,84406,84480.6,84381.5,84427.8,281.722,156.602,125.11999999999998,31.48200000000002,0.11174846124903282,95691.683,95691.683,,5,ABOVE_LR
2026-09-25 08:00:00,2026-09-25T13:00:00.000Z,84427.7,84441.6,84290.8,84437.4,493.404,220.00199999999998,273.402,-53.40000000000001,-0.10822774035070655,95707.024,95707.024,,5,ABOVE_LR
2026-09-25 08:05:00,2026-09-25T13:05:00.000Z,84437.5,84528.5,84394.2,84410.2,417.72299999999996,202.31300000000002,215.41,-13.097000000000001,-0.031353313080677875,95794.953,95794.953,,5,ABOVE_LR
2026-09-25 08:10:00,2026-09-25T13:10:00.000Z,84410.1,84413.3,84379,84406.4,220.81799999999998,125.38999999999999,95.42800000000001,29.961999999999996,0.13568640237661783,95838.566,95838.566,,5,ABOVE_LR
2026-09-25 08:15:00,2026-09-25T13:15:00.000Z,84406.3,84516.7,84207.4,84227.5,723.657,315.06399999999996,408.59299999999996,-93.52900000000001,-0.1292449323367286,95862.097,95862.097,,5,ABOVE_LR
2026-09-25 08:20:00,2026-09-25T13:20:00.000Z,84227.5,84282.5,84168.9,84168.9,461.642,202.099,259.543,-57.44400000000001,-0.12443408528686734,95844.937,95844.937,,5,ABOVE_LR
2026-09-25 08:25:00,2026-09-25T13:25:00.000Z,84169,84169.7,84053.2,84057.1,740.3420000000001,306.684,433.658,-126.97400000000002,-0.17150722233778443,95869.815,95869.815,,5,ABOVE_LR
2026-09-25 08:30:00,2026-09-25T13:30:00.000Z,84057.1,84057.1,83851.4,84008.7,1929.0480000000002,1122.3000000000002,806.748,315.552,0.16357913333416274,95829.159,95829.159,,5,ABOVE_LR
2026-09-25 08:35:00,2026-09-25T13:35:00.000Z,84008.7,84306.3,83990,84066.1,1237.37,788.517,448.853,339.66400000000004,0.2745047964634669,95904.589,95904.589,,5,ABOVE_LR
2026-09-25 08:40:00,2026-09-25T13:40:00.000Z,84066.1,84105.8,83752.4,83973.1,1565.432,662.051,903.3810000000001,-241.33000000000004,-0.15416191824365416,95967.521,95967.521,,5,ABOVE_LR
2026-09-25 08:45:00,2026-09-25T13:45:00.000Z,83973.1,84007.2,83434.3,83710.5,3498.303,1517.962,1980.341,-462.379,-0.13217237043217814,95874.658,95874.658,,5,ABOVE_LR
2026-09-25 08:50:00,2026-09-25T13:50:00.000Z,83710.5,84075.7,83679.2,84047.6,1132.089,776.6290000000001,355.46,421.1690000000001,0.37202817093002416,95714.785,95714.785,,5,ABOVE_LR
2026-09-25 08:55:00,2026-09-25T13:55:00.000Z,84047.6,84056,83858.6,83887.9,646.465,215.971,430.49399999999997,-214.52300000000002,-0.33184008414995403,95614.565,95614.565,,5,ABOVE_LR
2026-09-25 09:00:00,2026-09-25T14:00:00.000Z,83887.8,83980.4,83205.1,83210.2,3354.157,1050.296,2303.861,-1253.565,-0.3737347416951562,95555.827,95555.827,,5,TOUCH/CROSS_LR
2026-09-25 09:05:00,2026-09-25T14:05:00.000Z,83210.2,83536.5,83130.1,83435,2873.27,1670.521,1202.7489999999998,467.77200000000005,0.16280126824141136,95610.211,95610.211,,5,TOUCH/CROSS_LR
2026-09-25 09:10:00,2026-09-25T14:10:00.000Z,83435,83616.7,83401,83544.9,1053.244,626.774,426.47,200.304,0.19017815434979932,95699.478,95699.478,,5,ABOVE_LR
2026-09-25 09:15:00,2026-09-25T14:15:00.000Z,83544.9,83685.3,83415.9,83614.2,1139.741,695.029,444.71200000000005,250.31699999999998,0.21962621332390428,95751.232,95751.232,,5,ABOVE_LR
2026-09-25 09:20:00,2026-09-25T14:20:00.000Z,83614.3,83766,83525.8,83583.8,960.0129999999999,467.495,492.518,-25.022999999999968,-0.026065272032774523,95824.968,95824.968,,5,ABOVE_LR
2026-09-25 09:25:00,2026-09-25T14:25:00.000Z,83583.8,83680,83561,83618.1,583.923,285.01700000000005,298.906,-13.88900000000001,-0.02378567037092221,95769.866,95769.866,,5,ABOVE_LR
2026-09-25 09:30:00,2026-09-25T14:30:00.000Z,83618,83863.1,83613.9,83843.5,941.6990000000001,559.7760000000001,381.923,177.85299999999998,0.18886395759154462,95793.143,95793.143,,5,ABOVE_LR
2026-09-25 09:35:00,2026-09-25T14:35:00.000Z,83843.5,83892.9,83792.2,83825.2,661.1099999999999,334.89,326.21999999999997,8.670000000000016,0.01311430775513911,95733.311,95733.311,,5,ABOVE_LR
2026-09-25 09:40:00,2026-09-25T14:40:00.000Z,83825.3,83836.2,83615.3,83645.2,902.3810000000001,341.70500000000004,560.676,-218.971,-0.24265914286759138,95687.554,95687.554,,5,ABOVE_LR
2026-09-25 09:45:00,2026-09-25T14:45:00.000Z,83645.3,83820,83521.2,83776,753.452,350.302,403.15,-52.84800000000001,-0.07014116360431721,95845.58,95845.58,,5,ABOVE_LR
2026-09-25 09:50:00,2026-09-25T14:50:00.000Z,83776,83783.1,83564.6,83762.6,467.558,224.276,243.28200000000004,-19.006000000000014,-0.04064950230773511,95810.959,95810.959,,5,ABOVE_LR
2026-09-25 09:55:00,2026-09-25T14:55:00.000Z,83762.7,83997.6,83762.6,83973.6,741.0310000000001,430.83500000000004,310.19599999999997,120.63900000000002,0.16279885726777965,95745.272,95745.272,,5,ABOVE_LR
2026-09-25 10:00:00,2026-09-25T15:00:00.000Z,83973.5,84059.4,83726.8,83746.9,1010.31,464.779,545.531,-80.75199999999998,-0.07992794290861219,95683.79,95683.79,,5,ABOVE_LR
2026-09-25 10:05:00,2026-09-25T15:05:00.000Z,83746.9,83909.9,83711,83867.8,490.98799999999994,291.269,199.719,91.54999999999998,0.18646076889862886,95653.43,95653.43,,5,ABOVE_LR
2026-09-25 10:10:00,2026-09-25T15:10:00.000Z,83867.9,83959,83784.9,83959,403.435,227.096,176.33899999999994,50.75700000000002,0.1258120886883885,95621.865,95621.865,,5,ABOVE_LR
2026-09-25 10:15:00,2026-09-25T15:15:00.000Z,83959,83968.1,83733.3,83742.5,385.211,162.80599999999998,222.40500000000003,-59.599000000000025,-0.15471780400871216,95583.647,95583.647,,5,ABOVE_LR
2026-09-25 10:20:00,2026-09-25T15:20:00.000Z,83742.5,83903.8,83702,83827.6,766.2940000000001,302.42999999999995,463.864,-161.43400000000003,-0.2106684901617395,95570.098,95570.098,,5,ABOVE_LR
2026-09-25 10:25:00,2026-09-25T15:25:00.000Z,83827.6,83845.9,83690.5,83730.5,571.087,227.42600000000002,343.661,-116.235,-0.20353291179802727,95703.57,95703.57,,5,ABOVE_LR
2026-09-25 10:30:00,2026-09-25T15:30:00.000Z,83730.5,83866.1,83692.6,83704.1,464.78700000000003,219.04999999999998,245.737,-26.68699999999999,-0.05741769885990785,95599.324,95599.324,,5,ABOVE_LR
2026-09-25 10:35:00,2026-09-25T15:35:00.000Z,83704.1,83718.4,83419.7,83444.1,1282.209,394.399,887.81,-493.411,-0.3848132402751813,95556.88,95556.88,,5,ABOVE_LR
2026-09-25 10:40:00,2026-09-25T15:40:00.000Z,83444.1,83582.1,83411.9,83442.3,974.249,461.33899999999994,512.91,-51.571,-0.05293410616793037,95770.177,95770.177,,5,ABOVE_LR
2026-09-25 10:45:00,2026-09-25T15:45:00.000Z,83442.2,83554.2,83372,83406.2,786.559,386.31899999999996,400.24,-13.920999999999985,-0.01769860875026538,95821.711,95821.711,,5,ABOVE_LR
2026-09-25 10:50:00,2026-09-25T15:50:00.000Z,83406.3,83509.4,83323.6,83475.6,919.322,470.39099999999996,448.931,21.459999999999965,0.023343289946286466,95807.664,95807.664,,5,ABOVE_LR
2026-09-25 10:55:00,2026-09-25T15:55:00.000Z,83475.1,83769,83475.1,83767,820.319,572.1800000000001,248.13899999999995,324.04100000000005,0.39501827947420465,95885.127,95885.127,,5,ABOVE_LR
2026-09-25 11:00:00,2026-09-25T16:00:00.000Z,83767,83975.2,83761.6,83944.2,1399.8210000000001,822.0289999999999,577.7919999999999,244.23700000000005,0.17447730817011606,95832.295,95832.295,,5,ABOVE_LR
2026-09-25 11:05:00,2026-09-25T16:05:00.000Z,83944.3,84081,83889,83949.8,1272.281,734.6100000000001,537.671,196.93900000000008,0.15479206244532465,95931.993,95931.993,,5,ABOVE_LR
2026-09-25 11:10:00,2026-09-25T16:10:00.000Z,83949.8,84020,83904.6,83986.5,405.72999999999996,188.803,216.927,-28.123999999999988,-0.06931703349518151,95890.197,95890.197,,5,ABOVE_LR
2026-09-25 11:15:00,2026-09-25T16:15:00.000Z,83986.6,84090.2,83945.2,84017.6,869.988,598.532,271.45599999999996,327.076,0.37595461086819587,95836.659,95836.659,,5,ABOVE_LR
2026-09-25 11:20:00,2026-09-25T16:20:00.000Z,84017.6,84033.1,83884.6,83949.9,377.376,200.21499999999997,177.16100000000003,23.05399999999998,0.06109026541168485,95653.71,95653.71,,5,ABOVE_LR
2026-09-25 11:25:00,2026-09-25T16:25:00.000Z,83949.9,84015,83927.8,83947.9,199.998,113.244,86.75400000000002,26.48999999999999,0.1324513245132451,95616.767,95616.767,,5,ABOVE_LR
2026-09-25 11:30:00,2026-09-25T16:30:00.000Z,83947.8,84012.4,83781.1,83804,608.837,197.65300000000002,411.184,-213.531,-0.35071948649638574,95606.1,95606.1,,5,ABOVE_LR
2026-09-25 11:35:00,2026-09-25T16:35:00.000Z,83803.9,83947,83787.6,83893.4,489.697,227.762,261.93499999999995,-34.17299999999997,-0.0697839684539623,95502.455,95502.455,,5,ABOVE_LR
2026-09-25 11:40:00,2026-09-25T16:40:00.000Z,83893.3,83945.1,83840,83865.7,340.413,173.528,166.88500000000002,6.642999999999979,0.01951453087866791,95482.188,95482.188,,5,ABOVE_LR
2026-09-25 11:45:00,2026-09-25T16:45:00.000Z,83865.7,83873,83684.1,83766.3,460.39199999999994,179.063,281.32899999999995,-102.26599999999999,-0.22212809953257226,95401.244,95401.244,,5,ABOVE_LR
2026-09-25 11:50:00,2026-09-25T16:50:00.000Z,83766.3,83875.9,83760.6,83822.2,261.127,121.96000000000001,139.167,-17.206999999999994,-0.06589513914685188,95373.995,95373.995,,5,ABOVE_LR
2026-09-25 11:55:00,2026-09-25T16:55:00.000Z,83822.2,83830.9,83689.1,83715.9,282.355,70.593,211.762,-141.16899999999998,-0.4999698960528412,95401.771,95401.771,,5,ABOVE_LR
2026-09-25 12:00:00,2026-09-25T17:00:00.000Z,83715.8,83913.3,83715.8,83913,294.41700000000003,165.561,128.85600000000002,36.70499999999999,0.12467011076126713,95370.898,95370.898,,5,ABOVE_LR
2026-09-25 12:05:00,2026-09-25T17:05:00.000Z,83912.9,83928.5,83804.5,83921.1,206.82599999999996,101.381,105.44500000000001,-4.064000000000004,-0.019649367100848077,95380.266,95380.266,,5,ABOVE_LR
2026-09-25 12:10:00,2026-09-25T17:10:00.000Z,83921,83925,83872.3,83925,141.445,72.213,69.232,2.980999999999998,0.02107532963342641,95380.837,95380.837,,5,ABOVE_LR
2026-09-25 12:15:00,2026-09-25T17:15:00.000Z,83925,83954.9,83872.8,83883.1,245.355,120.934,124.421,-3.4870000000000125,-0.014212060076216147,95382.083,95382.083,,5,ABOVE_LR
2026-09-25 12:20:00,2026-09-25T17:20:00.000Z,83883.1,83894.9,83856.8,83859.1,180.48,72.46499999999999,108.01499999999999,-35.55,-0.1969747340425532,95428.926,95428.926,,5,ABOVE_LR
2026-09-25 12:25:00,2026-09-25T17:25:00.000Z,83859.1,83859.1,83637.5,83646.5,341.20799999999997,84.195,257.01300000000003,-172.818,-0.5064887106984597,95435.557,95435.557,,5,ABOVE_LR
2026-09-25 12:30:00,2026-09-25T17:30:00.000Z,83646.6,83769.7,83585.1,83706.4,513.437,257.457,255.97999999999996,1.477000000000018,0.0028766917849707327,95379.219,95379.219,,5,ABOVE_LR
2026-09-25 12:35:00,2026-09-25T17:35:00.000Z,83706.3,83740.6,83653.3,83718.8,176.582,94.69900000000001,81.883,12.81600000000001,0.07257817897633966,95323.888,95323.888,,5,ABOVE_LR
2026-09-25 12:40:00,2026-09-25T17:40:00.000Z,83718.8,83806.7,83718.8,83764.2,289.172,136.253,152.91899999999998,-16.66599999999999,-0.05763351915123175,95335.365,95335.365,,5,ABOVE_LR
2026-09-25 12:45:00,2026-09-25T17:45:00.000Z,83764.1,83776.3,83685.2,83759.1,282.778,84.946,197.832,-112.88599999999998,-0.39920361555708,95305.735,95305.735,,5,ABOVE_LR
2026-09-25 12:50:00,2026-09-25T17:50:00.000Z,83759.1,83759.2,83665,83690.7,173.175,52.913,120.262,-67.349,-0.3889071748231558,95333.843,95333.843,,5,ABOVE_LR
2026-09-25 12:55:00,2026-09-25T17:55:00.000Z,83690.7,83756.2,83680.5,83750.1,123.84800000000001,71.42,52.428000000000004,18.99199999999999,0.15334926684322708,95328.694,95328.694,,5,ABOVE_LR
2026-09-25 13:00:00,2026-09-25T18:00:00.000Z,83750.2,83840,83750.2,83806.6,228.95999999999998,125.73600000000002,103.22399999999999,22.512000000000008,0.09832285115303988,95323.186,95323.186,,5,ABOVE_LR
2026-09-25 13:05:00,2026-09-25T18:05:00.000Z,83806.5,83920.5,83783,83920.5,314.616,236.234,78.38199999999999,157.852,0.5017290919724363,95321.43,95321.43,,5,ABOVE_LR
2026-09-25 13:10:00,2026-09-25T18:10:00.000Z,83920.4,83993.6,83907.6,83966.2,327.23600000000005,185.978,141.258,44.71999999999999,0.13665978070872392,95289.446,95289.446,,5,ABOVE_LR
2026-09-25 13:15:00,2026-09-25T18:15:00.000Z,83966.2,84024.8,83950,84013.8,231.20600000000002,114.799,116.40700000000001,-1.6080000000000023,-0.006954836812193465,95315.168,95315.168,,5,ABOVE_LR
2026-09-25 13:20:00,2026-09-25T18:20:00.000Z,84013.9,84056,83957.9,83985.9,295.95500000000004,158.546,137.409,21.13699999999999,0.07141964149955225,95322.225,95322.225,,5,ABOVE_LR
2026-09-25 13:25:00,2026-09-25T18:25:00.000Z,83985.9,84019.4,83865.9,83927.6,334.392,162.949,171.44299999999998,-8.49399999999999,-0.02540132539055955,95345.047,95345.047,,5,ABOVE_LR
2026-09-25 13:30:00,2026-09-25T18:30:00.000Z,83927.7,83964.9,83927.6,83952,118.73400000000001,48.436,70.298,-21.862000000000002,-0.18412586116866272,95358.031,95358.031,,5,ABOVE_LR
2026-09-25 13:35:00,2026-09-25T18:35:00.000Z,83952,83986.6,83891,83891.1,171.05599999999998,74.61699999999999,96.439,-21.822000000000003,-0.12757225703863065,95364.486,95364.486,,5,ABOVE_LR
2026-09-25 13:40:00,2026-09-25T18:40:00.000Z,83891.1,83949.3,83870.2,83949.3,87.113,51.155,35.958000000000006,15.197,0.1744515743918818,95371.27,95371.27,,5,ABOVE_LR
2026-09-25 13:45:00,2026-09-25T18:45:00.000Z,83949.3,83973,83900,83919.8,100.33600000000001,46.455,53.881,-7.426,-0.07401132195822037,95364.409,95364.409,,5,ABOVE_LR
2026-09-25 13:50:00,2026-09-25T18:50:00.000Z,83919.8,83940.6,83895.1,83940.6,191.765,145.632,46.132999999999996,99.499,0.5188590201548771,95361.669,95361.669,,5,ABOVE_LR
2026-09-25 13:55:00,2026-09-25T18:55:00.000Z,83940.6,83965.7,83911,83931.7,120.20200000000001,59.223,60.97899999999999,-1.7559999999999931,-0.014608741951049008,95373.08,95373.08,,5,ABOVE_LR
2026-09-25 14:00:00,2026-09-25T19:00:00.000Z,83931.7,83956.6,83892.3,83903.4,174.901,86.027,88.87399999999998,-2.8469999999999924,-0.01627778000125781,95356.395,95356.395,,5,ABOVE_LR
2026-09-25 14:05:00,2026-09-25T19:05:00.000Z,83903.3,83976,83899,83899,110.469,54.945,55.524,-0.5790000000000042,-0.005241289411509149,95381.228,95381.228,,5,ABOVE_LR
2026-09-25 14:10:00,2026-09-25T19:10:00.000Z,83899,84019.8,83899,84008.4,203.135,163.70000000000002,39.435,124.26499999999999,0.611736037610456,95369.116,95369.116,,5,ABOVE_LR
2026-09-25 14:15:00,2026-09-25T19:15:00.000Z,84008.4,84012.5,83937.6,83945.1,116.75800000000001,58.612,58.146,0.46600000000000463,0.003991161205227947,95348.804,95348.804,,5,ABOVE_LR
2026-09-25 14:20:00,2026-09-25T19:20:00.000Z,83945.1,84004.1,83943.8,83943.8,216.584,151.091,65.493,85.598,0.395218483359805,95331.206,95331.206,,5,ABOVE_LR
2026-09-25 14:25:00,2026-09-25T19:25:00.000Z,83943.7,83985.5,83909.3,83972.8,160.585,63.419,97.166,-33.747,-0.21015038764517233,95377.555,95377.555,,5,ABOVE_LR
2026-09-25 14:30:00,2026-09-25T19:30:00.000Z,83972.8,83990,83961,83964.7,95.304,41.428000000000004,53.87599999999999,-12.448,-0.13061361537815833,95353.98,95353.98,,5,ABOVE_LR
2026-09-25 14:35:00,2026-09-25T19:35:00.000Z,83964.7,84040.8,83958,83963.6,208.212,112.526,95.68599999999999,16.840000000000018,0.08087910399016396,95349.738,95349.738,,5,ABOVE_LR
2026-09-25 14:40:00,2026-09-25T19:40:00.000Z,83963.7,83963.7,83915.2,83952.2,122.92299999999999,71.156,51.766999999999996,19.389000000000003,0.15773288969517507,95355.557,95355.557,,5,ABOVE_LR
2026-09-25 14:45:00,2026-09-25T19:45:00.000Z,83952.3,84035.2,83952.2,83978.6,197.34000000000003,121.181,76.159,45.02199999999999,0.2281443194486672,95364.482,95364.482,,5,ABOVE_LR
2026-09-25 14:50:00,2026-09-25T19:50:00.000Z,83978.7,84007.1,83950,83974.8,146.303,67.16900000000001,79.13399999999999,-11.964999999999993,-0.08178232845532896,95388.585,95388.585,,5,ABOVE_LR
2026-09-25 14:55:00,2026-09-25T19:55:00.000Z,83974.7,84015.3,83955,83971.4,304.772,143.465,161.307,-17.841999999999985,-0.0585421232921659,95365.352,95365.352,,5,ABOVE_LR
2026-09-25 15:00:00,2026-09-25T20:00:00.000Z,83971.4,84009.4,83900,83917.4,166.35399999999998,51.679,114.67500000000001,-62.996,-0.378686415715883,95344.844,95344.844,,5,ABOVE_LR
2026-09-25 15:05:00,2026-09-25T20:05:00.000Z,83917.3,83938.1,83909.2,83938,100.85900000000001,41.892,58.96699999999999,-17.074999999999996,-0.1692957495116945,95339.761,95339.761,,5,ABOVE_LR
2026-09-25 15:10:00,2026-09-25T20:10:00.000Z,83938,83938.1,83911.1,83930.6,91.08399999999999,35.907,55.17699999999999,-19.270000000000003,-0.2115629528786615,95348.396,95348.396,,5,ABOVE_LR
2026-09-25 15:15:00,2026-09-25T20:15:00.000Z,83930.6,83970.3,83930.5,83963.9,47.49,27.428000000000004,20.061999999999998,7.366000000000001,0.15510633817645822,95337.523,95337.523,,5,ABOVE_LR
2026-09-25 15:20:00,2026-09-25T20:20:00.000Z,83964,84071,83950.6,84060.1,367.33299999999997,245.058,122.275,122.78299999999999,0.33425529424255374,95330.327,95330.327,,5,ABOVE_LR
2026-09-25 15:25:00,2026-09-25T20:25:00.000Z,84060.1,84060.1,84015.3,84021.5,120.588,77.76,42.82800000000001,34.93199999999998,0.28968056523037106,95402.766,95402.766,,5,ABOVE_LR
2026-09-25 15:30:00,2026-09-25T20:30:00.000Z,84021.5,84039.6,83997.8,84039.6,74.79899999999999,34.166,40.632999999999996,-6.466999999999996,-0.08645837511196669,95422.878,95422.878,,5,ABOVE_LR
2026-09-25 15:35:00,2026-09-25T20:35:00.000Z,84039.5,84154.9,83996.4,84116,675.043,492.246,182.79700000000003,309.449,0.4584137603086026,95391.849,95391.849,,5,ABOVE_LR
2026-09-25 15:40:00,2026-09-25T20:40:00.000Z,84115.9,84115.9,84015.3,84084.8,530.556,340.784,189.772,151.01200000000003,0.28462970921071484,95437.204,95437.204,,5,ABOVE_LR
2026-09-25 15:45:00,2026-09-25T20:45:00.000Z,84084.7,84084.7,83989.7,83990.1,116.524,29.074,87.44999999999999,-58.376,-0.5009783392262538,95502.639,95502.639,,5,ABOVE_LR
2026-09-25 15:50:00,2026-09-25T20:50:00.000Z,83990.1,83990.2,83867.4,83885.5,306.356,90.04100000000001,216.315,-126.27399999999999,-0.4121806003473083,95463.724,95463.724,,5,ABOVE_LR
2026-09-25 15:55:00,2026-09-25T20:55:00.000Z,83885.5,83892.3,83792.6,83839.7,881.777,299.861,581.9159999999999,-282.05500000000006,-0.3198711238782595,95346.204,95346.204,,5,ABOVE_LR
2026-09-25 16:00:00,2026-09-25T21:00:00.000Z,83839.7,83882.9,83775.3,83799.4,212.176,49.72,162.45600000000002,-112.736,-0.5313324786969309,95067.585,95067.585,,5,ABOVE_LR
2026-09-25 16:05:00,2026-09-25T21:05:00.000Z,83799.3,83803.7,83600,83681.6,872.8369999999999,197.346,675.491,-478.145,-0.5478056040245773,95114.759,95114.759,,5,ABOVE_LR
2026-09-25 16:10:00,2026-09-25T21:10:00.000Z,83681.6,83706.4,83646.4,83651.7,165.426,73.11,92.316,-19.205999999999996,-0.11610025026295744,95252.059,95252.059,,5,ABOVE_LR
2026-09-25 16:15:00,2026-09-25T21:15:00.000Z,83651.6,83664,83587,83603,366.865,77.977,288.88800000000003,-210.911,-0.5749008490861761,95295.914,95295.914,,5,ABOVE_LR
2026-09-25 16:20:00,2026-09-25T21:20:00.000Z,83603,83696.4,83603,83696.3,102.207,71.231,30.976000000000003,40.254999999999995,0.39385756357196666,95343.297,95343.297,,5,ABOVE_LR
2026-09-25 16:25:00,2026-09-25T21:25:00.000Z,83696.2,83733,83679.1,83732.9,152.647,129.70700000000002,22.940000000000005,106.767,0.6994372637523174,95327.001,95327.001,,5,ABOVE_LR
2026-09-25 16:30:00,2026-09-25T21:30:00.000Z,83733,83749.9,83718.7,83749.8,100.166,65.598,34.568,31.029999999999998,0.30978575564562827,95254.639,95254.639,,5,ABOVE_LR
2026-09-25 16:35:00,2026-09-25T21:35:00.000Z,83749.9,83777.9,83682.6,83758.4,192.39499999999998,114.966,77.42899999999999,37.537000000000006,0.1951038228644196,95236.122,95236.122,,5,ABOVE_LR
2026-09-25 16:40:00,2026-09-25T21:40:00.000Z,83758.3,83795.2,83755.2,83768.4,61.264,37.845000000000006,23.418999999999997,14.426000000000002,0.23547270827892403,95223.601,95223.601,,5,ABOVE_LR
2026-09-25 16:45:00,2026-09-25T21:45:00.000Z,83768.3,83822.3,83768.3,83819.3,82.112,52.748000000000005,29.363999999999997,23.384,0.2847817614964926,95214.259,95214.259,,5,ABOVE_LR
2026-09-25 16:50:00,2026-09-25T21:50:00.000Z,83819.4,83834.3,83791.1,83791.2,64.01599999999999,15.475,48.541,-33.065999999999995,-0.5165271182204448,95208.663,95208.663,,5,ABOVE_LR
2026-09-25 16:55:00,2026-09-25T21:55:00.000Z,83791.2,83804.7,83732.4,83747.3,108.312,36.132,72.18,-36.04800000000001,-0.33281630844227794,95219.629,95219.629,,5,ABOVE_LR
2026-09-25 17:00:00,2026-09-25T22:00:00.000Z,83747.3,83818.1,83726.8,83818.1,116.443,72.572,43.87099999999999,28.701000000000004,0.2464811109298112,95236.352,95236.352,,5,ABOVE_LR
2026-09-25 17:05:00,2026-09-25T22:05:00.000Z,83818.1,83879.7,83818,83879.6,74.86500000000001,43.322,31.543000000000006,11.778999999999996,0.15733653910371997,95231.417,95231.417,,5,ABOVE_LR
2026-09-25 17:10:00,2026-09-25T22:10:00.000Z,83879.7,83887.3,83872.6,83887.2,68.163,25.573,42.59,-17.017,-0.2496515705001247,95228.597,95228.597,,5,ABOVE_LR
2026-09-25 17:15:00,2026-09-25T22:15:00.000Z,83887.3,83923.3,83887.2,83917.1,89.462,43.133,46.329,-3.195999999999998,-0.035724665220987654,95231.585,95231.585,,5,ABOVE_LR
2026-09-25 17:20:00,2026-09-25T22:20:00.000Z,83917.2,83925,83892.1,83924.9,70.28699999999999,33.022999999999996,37.264,-4.241,-0.06033832714442216,95252.164,95252.164,,5,ABOVE_LR
2026-09-25 17:25:00,2026-09-25T22:25:00.000Z,83924.9,83939.3,83857.5,83866.2,218.797,80.30999999999999,138.487,-58.177,-0.26589487058780514,95257.337,95257.337,,5,ABOVE_LR
2026-09-25 17:30:00,2026-09-25T22:30:00.000Z,83866.2,83989.3,83866.2,83987,176.08700000000002,108.201,67.88600000000001,40.31499999999998,0.22894932618535144,95246.837,95246.837,,5,ABOVE_LR
2026-09-25 17:35:00,2026-09-25T22:35:00.000Z,83987,84058.8,83986.9,84058,218.12900000000002,134.191,83.938,50.25300000000001,0.23038202164774058,95295.676,95295.676,,5,ABOVE_LR
2026-09-25 17:40:00,2026-09-25T22:40:00.000Z,84058.1,84058.1,84025.1,84044.9,171.36899999999997,94.272,77.09700000000001,17.174999999999997,0.1002223272587224,95293.656,95293.656,,5,ABOVE_LR
2026-09-25 17:45:00,2026-09-25T22:45:00.000Z,84045,84054.8,84018.5,84018.6,235.455,104.708,130.74699999999999,-26.038999999999987,-0.11059013399588026,95306.851,95306.851,,5,ABOVE_LR
2026-09-25 17:50:00,2026-09-25T22:50:00.000Z,84018.6,84097.6,84018.5,84076.9,317.602,222.103,95.49899999999998,126.60400000000003,0.39862469379915755,95368.669,95368.669,,5,ABOVE_LR
2026-09-25 17:55:00,2026-09-25T22:55:00.000Z,84076.8,84091.9,84013.9,84032.8,281.341,97.13499999999999,184.20599999999996,-87.07099999999998,-0.30948564197895073,95300.421,95300.421,,5,ABOVE_LR
2026-09-25 18:00:00,2026-09-25T23:00:00.000Z,84032.9,84056.1,84032.8,84056.1,57.456999999999994,27.308999999999997,30.148000000000003,-2.839000000000003,-0.04941086377638936,95254.638,95254.638,,5,ABOVE_LR
2026-09-25 18:05:00,2026-09-25T23:05:00.000Z,84056.1,84071.5,84056,84057,65.382,21.943,43.439,-21.496,-0.32877550396133487,95260.637,95260.637,,5,ABOVE_LR
2026-09-25 18:10:00,2026-09-25T23:10:00.000Z,84056.9,84067.2,84024.4,84024.9,118.745,27.199,91.546,-64.34700000000001,-0.5418922902016927,95274.37,95274.37,,5,ABOVE_LR
2026-09-25 18:15:00,2026-09-25T23:15:00.000Z,84024.9,84039,84023.9,84031.2,135.273,51.124,84.14900000000002,-33.025,-0.24413593252164142,95260.759,95260.759,,5,ABOVE_LR
2026-09-25 18:20:00,2026-09-25T23:20:00.000Z,84031.3,84040.1,83968.6,83973.6,159.195,50.009,109.18599999999999,-59.17700000000001,-0.37172649894783133,95238.248,95238.248,,5,ABOVE_LR
2026-09-25 18:25:00,2026-09-25T23:25:00.000Z,83973.7,84051.4,83973.6,84051.4,191.87400000000002,148.25,43.623999999999995,104.62600000000002,0.5452849265663926,95234.423,95234.423,,5,ABOVE_LR
2026-09-25 18:30:00,2026-09-25T23:30:00.000Z,84051.4,84059.7,84031.4,84036.4,100.133,30.509999999999998,69.623,-39.113,-0.3906104880508923,95206.992,95206.992,,5,ABOVE_LR
2026-09-25 18:35:00,2026-09-25T23:35:00.000Z,84036.4,84041.2,84036.4,84041.1,18.983,8.144,10.839,-2.6950000000000003,-0.1419691302744561,95189.069,95189.069,,5,ABOVE_LR
2026-09-25 18:40:00,2026-09-25T23:40:00.000Z,84041.1,84041.2,84030.6,84030.7,33.464999999999996,11.9,21.565,-9.665000000000001,-0.2888092036455999,95189.567,95189.567,,5,ABOVE_LR
2026-09-25 18:45:00,2026-09-25T23:45:00.000Z,84030.6,84030.8,84030.6,84030.7,32.956,14.828,18.128,-3.3,-0.1001335113484646,95199.022,95199.022,,5,ABOVE_LR
2026-09-25 18:50:00,2026-09-25T23:50:00.000Z,84030.7,84038.5,83975.2,83996.5,170.497,53.733999999999995,116.763,-63.029,-0.36967805885147537,95196.469,95196.469,,5,ABOVE_LR
2026-09-25 18:55:00,2026-09-25T23:55:00.000Z,83996.6,84056,83996.5,84056,101.505,71.905,29.6,42.30499999999999,0.4167774986453869,95215.346,95215.346,,5,ABOVE_LR
2026-09-25 19:00:00,2026-09-26T00:00:00.000Z,84056,84056,84006.2,84007.3,143.388,53.237,90.151,-36.914,-0.25744134795101403,95211.408,95211.408,,5,ABOVE_LR
2026-09-25 19:05:00,2026-09-26T00:05:00.000Z,84007.4,84106.8,84007.3,84039.1,497.918,379.58500000000004,118.333,261.25199999999995,0.5246888041806079,95234.404,95234.404,,5,ABOVE_LR
2026-09-25 19:10:00,2026-09-26T00:10:00.000Z,84039.1,84067.1,84015.4,84033.3,126.74199999999999,67.869,58.873,8.995999999999999,0.07097883890107462,95117.485,95117.485,,5,ABOVE_LR
2026-09-25 19:15:00,2026-09-26T00:15:00.000Z,84033.4,84042.3,83994.7,83994.7,49.151999999999994,16.244,32.908,-16.663999999999998,-0.3390299479166667,95133.519,95133.519,,5,ABOVE_LR
2026-09-25 19:20:00,2026-09-26T00:20:00.000Z,83994.8,84026.9,83990.8,84010,59.485,17.545,41.940000000000005,-24.395000000000003,-0.4101033874085905,95137.628,95137.628,,5,ABOVE_LR
2026-09-25 19:25:00,2026-09-26T00:25:00.000Z,84010,84010,83867.5,83916.4,506.414,104.009,402.405,-298.396,-0.5892333150347344,95136.739,95136.739,,5,ABOVE_LR
2026-09-25 19:30:00,2026-09-26T00:30:00.000Z,83916.4,83916.4,83778.2,83786.1,524.324,150.81800000000004,373.50600000000003,-222.688,-0.4247144895141172,95120.291,95120.291,,5,ABOVE_LR
2026-09-25 19:35:00,2026-09-26T00:35:00.000Z,83786.1,83810.5,83750,83786.3,269.901,159.736,110.165,49.57100000000001,0.18366363963082763,95138.555,95138.555,,5,ABOVE_LR
2026-09-25 19:40:00,2026-09-26T00:40:00.000Z,83786.3,83878.2,83786.2,83841.7,193.198,111.70400000000001,81.49399999999999,30.210000000000008,0.15636807834449634,95105.223,95105.223,,5,ABOVE_LR
2026-09-25 19:45:00,2026-09-26T00:45:00.000Z,83841.8,83882.3,83841.7,83882.3,51.893,36.747,15.146,21.601,0.4162603819397606,95069.967,95069.967,,5,ABOVE_LR
2026-09-25 19:50:00,2026-09-26T00:50:00.000Z,83882.4,83911.5,83856.7,83860.7,71.507,30.330000000000002,41.177,-10.847000000000001,-0.1516914427958102,95072.623,95072.623,,5,ABOVE_LR
2026-09-25 19:55:00,2026-09-26T00:55:00.000Z,83860.7,83878,83846.3,83869,71.302,46.759,24.543000000000003,22.215999999999994,0.3115761128720091,95064.811,95064.811,,5,ABOVE_LR
2026-09-25 20:00:00,2026-09-26T01:00:00.000Z,83869,83945,83863.8,83869.6,182.62599999999998,88.256,94.37,-6.113999999999997,-0.03347825610811165,95058.658,95058.658,,5,ABOVE_LR
2026-09-25 20:05:00,2026-09-26T01:05:00.000Z,83869.6,83936.8,83869.6,83873,158.536,68.02300000000001,90.513,-22.489999999999995,-0.1418605237927032,95056.605,95056.605,,5,ABOVE_LR
2026-09-25 20:10:00,2026-09-26T01:10:00.000Z,83873,83923.9,83873,83900.1,90.883,42.586,48.29699999999999,-5.710999999999996,-0.06283903480298841,95100.245,95100.245,,5,ABOVE_LR
2026-09-25 20:15:00,2026-09-26T01:15:00.000Z,83900.1,83954.6,83900,83902.1,83.34700000000001,35.193,48.154,-12.960999999999999,-0.15550649693450272,95103.671,95103.671,,5,ABOVE_LR
2026-09-25 20:20:00,2026-09-26T01:20:00.000Z,83902.1,83942.2,83889.2,83918.9,200.161,125.15,75.011,50.13900000000001,0.25049335285095503,95110.243,95110.243,,5,ABOVE_LR
2026-09-25 20:25:00,2026-09-26T01:25:00.000Z,83918.9,83928.2,83905.8,83912.3,65.213,33.555,31.658,1.8970000000000002,0.029089292012328835,95078.091,95078.091,,5,ABOVE_LR
2026-09-25 20:30:00,2026-09-26T01:30:00.000Z,83912.4,83922.3,83903.1,83922.1,43.054,14.700999999999999,28.352999999999998,-13.652000000000003,-0.31709016583824967,95064.597,95064.597,,5,ABOVE_LR
2026-09-25 20:35:00,2026-09-26T01:35:00.000Z,83922,84009.7,83922,84009.7,197.096,120.09700000000001,76.999,43.098000000000006,0.21866501603279623,95057.444,95057.444,,5,ABOVE_LR
2026-09-25 20:40:00,2026-09-26T01:40:00.000Z,84009.6,84049.2,83999,84008.6,248.20000000000002,125.816,122.384,3.431999999999997,0.013827558420628511,95050.077,95050.077,,5,ABOVE_LR
2026-09-25 20:45:00,2026-09-26T01:45:00.000Z,84008.6,84044,83999,83999,110.209,54.509,55.70000000000001,-1.1910000000000043,-0.010806739921422065,95024.334,95024.334,,5,ABOVE_LR
2026-09-25 20:50:00,2026-09-26T01:50:00.000Z,83999.1,84050,83992.4,84050,96.803,50.540000000000006,46.263,4.277,0.044182515004700273,95008.817,95008.817,,5,ABOVE_LR
2026-09-25 20:55:00,2026-09-26T01:55:00.000Z,84050,84050,84022.6,84041.4,69.596,22.696,46.900000000000006,-24.204,-0.34777860796597504,94990.656,94990.656,,5,ABOVE_LR
2026-09-25 21:00:00,2026-09-26T02:00:00.000Z,84041.4,84041.4,83949.8,83990.2,130.325,37.171,93.154,-55.983000000000004,-0.42956455016305395,94994.814,94994.814,,5,ABOVE_LR
2026-09-25 21:05:00,2026-09-26T02:05:00.000Z,83990.2,84021,83976.7,84006.2,96.362,48.32899999999999,48.032999999999994,0.29600000000000115,0.003071750275004682,94968.416,94968.416,,5,ABOVE_LR
2026-09-25 21:10:00,2026-09-26T02:10:00.000Z,84006.2,84105.6,83999.7,84100.1,313.163,231.85199999999998,81.311,150.541,0.4807113228574257,94991.974,94991.974,,5,ABOVE_LR
2026-09-25 21:15:00,2026-09-26T02:15:00.000Z,84100.1,84101,84057.8,84101,179.195,120.349,58.846000000000004,61.503,0.3432182817600938,94965.207,94965.207,,5,ABOVE_LR
2026-09-25 21:20:00,2026-09-26T02:20:00.000Z,84100.9,84101,84007.9,84011,206.49800000000002,28.805999999999997,177.692,-148.886,-0.7210045617875233,94982.99,94982.99,,5,ABOVE_LR
2026-09-25 21:25:00,2026-09-26T02:25:00.000Z,84011.1,84020,83993.3,83993.3,58.902,22.858999999999998,36.043,-13.183999999999997,-0.22382941156497227,95015.542,95015.542,,5,ABOVE_LR
2026-09-25 21:30:00,2026-09-26T02:30:00.000Z,83993.3,84011,83967.1,84010.9,99.505,49.804,49.70100000000001,0.1029999999999962,0.0010351238631224181,95013.277,95013.277,,5,ABOVE_LR
2026-09-25 21:35:00,2026-09-26T02:35:00.000Z,84011,84011,83959.3,83987,133.141,52.507,80.634,-28.127000000000002,-0.2112572385666324,94977.621,94977.621,,5,ABOVE_LR
2026-09-25 21:40:00,2026-09-26T02:40:00.000Z,83987,84012.6,83971.3,83978.3,120.29400000000001,54.713,65.58099999999999,-10.867999999999995,-0.09034532063112037,94948.391,94948.391,,5,ABOVE_LR
2026-09-25 21:45:00,2026-09-26T02:45:00.000Z,83978.4,84027.4,83973.4,84027.3,54.81,28.345,26.464999999999996,1.8800000000000026,0.03430031016237917,94924.611,94924.611,,5,ABOVE_LR
2026-09-25 21:50:00,2026-09-26T02:50:00.000Z,84027.4,84027.4,83992.8,83993.2,40.086,15.886999999999999,24.198999999999998,-8.312,-0.2073541884947363,94912.286,94912.286,,5,ABOVE_LR
2026-09-25 21:55:00,2026-09-26T02:55:00.000Z,83993.2,84002.3,83980.2,83981.3,59.577,12.46,47.117,-34.657000000000004,-0.5817177769944778,94911.786,94911.786,,5,ABOVE_LR
2026-09-25 22:00:00,2026-09-26T03:00:00.000Z,83981.3,83981.4,83957,83967.3,62.006,17.374,44.632,-27.258,-0.43960261910137727,94921.988,94921.988,,5,ABOVE_LR
2026-09-25 22:05:00,2026-09-26T03:05:00.000Z,83967.3,83977.8,83965.3,83973.4,33.206,11.392,21.814,-10.422,-0.3138589411552129,94914.067,94914.067,,5,ABOVE_LR
2026-09-25 22:10:00,2026-09-26T03:10:00.000Z,83973.4,83973.5,83876.4,83911,123.796,33.580000000000005,90.21600000000001,-56.63600000000001,-0.45749458787036745,94913.653,94913.653,,5,ABOVE_LR
2026-09-25 22:15:00,2026-09-26T03:15:00.000Z,83911.1,83911.1,83888.5,83892.5,50.068000000000005,18.275,31.793,-13.517999999999999,-0.26999280977870094,94904.265,94904.265,,5,ABOVE_LR
2026-09-25 22:20:00,2026-09-26T03:20:00.000Z,83892.6,83926.3,83889.6,83926,79.89,48.039,31.851000000000003,16.187999999999995,0.20262861434472393,94896.337,94896.337,,5,ABOVE_LR
2026-09-25 22:25:00,2026-09-26T03:25:00.000Z,83926,83998.1,83919.7,83988,184.641,128.308,56.333,71.97500000000001,0.38981049712685706,94906.675,94906.675,,5,ABOVE_LR
2026-09-25 22:30:00,2026-09-26T03:30:00.000Z,83987.9,84024.7,83964.9,83965,93.761,46.086999999999996,47.674,-1.5869999999999997,-0.016926014014355648,94885.392,94885.392,,5,ABOVE_LR
2026-09-25 22:35:00,2026-09-26T03:35:00.000Z,83964.9,83989.4,83964.7,83965.1,108.482,46.141000000000005,62.340999999999994,-16.2,-0.14933352998654154,94887.56,94887.56,,5,ABOVE_LR
2026-09-25 22:40:00,2026-09-26T03:40:00.000Z,83965.1,83965.2,83919,83919.1,48.492,3.662,44.83,-41.168,-0.84896477769529,94882.923,94882.923,,5,ABOVE_LR
2026-09-25 22:45:00,2026-09-26T03:45:00.000Z,83919,83919.1,83907.1,83910.7,51.014,24.335,26.679,-2.3439999999999976,-0.04594817109028889,94872.682,94872.682,,5,ABOVE_LR
2026-09-25 22:50:00,2026-09-26T03:50:00.000Z,83910.6,83935.4,83910.6,83919.4,89.162,70.78099999999999,18.381000000000004,52.39999999999999,0.5876943092348758,94863.934,94863.934,,5,ABOVE_LR
2026-09-25 22:55:00,2026-09-26T03:55:00.000Z,83919.4,83919.5,83899.9,83908.6,63.995,9.962,54.033,-44.071,-0.6886631768106883,94858.05,94858.05,,5,ABOVE_LR
2026-09-25 23:00:00,2026-09-26T04:00:00.000Z,83908.6,83968.8,83908.5,83956,131.77,85.663,46.107,39.556000000000004,0.300189724519997,94881.554,94881.554,,5,ABOVE_LR
2026-09-25 23:05:00,2026-09-26T04:05:00.000Z,83956,83984.1,83956,83970.6,120.652,76.562,44.09,32.472,0.2691376852435103,94896.349,94896.349,,5,ABOVE_LR
2026-09-25 23:10:00,2026-09-26T04:10:00.000Z,83970.5,83978.4,83951.8,83951.8,74.319,24.136000000000003,50.18300000000001,-26.047000000000004,-0.3504756522558162,94919.31,94919.31,,5,ABOVE_LR
2026-09-25 23:15:00,2026-09-26T04:15:00.000Z,83951.8,84000,83951.8,84000,87.86599999999999,52.313,35.553,16.760000000000005,0.1907449980652358,94912.328,94912.328,,5,ABOVE_LR
2026-09-25 23:20:00,2026-09-26T04:20:00.000Z,83999.9,84011,83889.5,83893.7,170.204,39.349999999999994,130.85399999999998,-91.50399999999999,-0.5376136871048858,94887.93,94887.93,,5,ABOVE_LR
2026-09-25 23:25:00,2026-09-26T04:25:00.000Z,83893.7,83908.6,83860,83860,180.894,73.039,107.85499999999999,-34.81600000000002,-0.19246630623459052,94853.891,94853.891,,5,ABOVE_LR
2026-09-25 23:30:00,2026-09-26T04:30:00.000Z,83860,83887.8,83794.2,83854.1,379.851,159.54499999999996,220.306,-60.76100000000001,-0.15996008961408556,94822.359,94822.359,,5,ABOVE_LR
2026-09-25 23:35:00,2026-09-26T04:35:00.000Z,83854.1,83895.4,83854,83893.5,147.96800000000002,112.33300000000001,35.635,76.698,0.5183418036332179,94933.445,94933.445,,5,ABOVE_LR
2026-09-25 23:40:00,2026-09-26T04:40:00.000Z,83893.5,83957.3,83893.4,83953.3,96.74199999999999,75.47,21.272,54.198,0.5602323706352981,94976.541,94976.541,,5,ABOVE_LR
2026-09-25 23:45:00,2026-09-26T04:45:00.000Z,83953.3,83953.4,83939.5,83953.3,39.413,19.866,19.547,0.31899999999999906,0.008093776165224649,94984.546,94984.546,,5,ABOVE_LR
2026-09-25 23:50:00,2026-09-26T04:50:00.000Z,83953.3,83958.8,83949,83949.1,23.487,13.745999999999999,9.741,4.004999999999999,0.17051986205134753,94984.821,94984.821,,5,ABOVE_LR
2026-09-25 23:55:00,2026-09-26T04:55:00.000Z,83949.1,83949.1,83939,83947.6,35.255,20.551000000000002,14.703999999999999,5.847,0.16584881577081265,94983.855,94983.855,,5,ABOVE_LR
2026-09-26 00:00:00,2026-09-26T05:00:00.000Z,83947.6,83963.3,83947.6,83962.1,30.446,22.385999999999996,8.06,14.325999999999999,0.47053800170794186,94991.494,94991.494,,5,ABOVE_LR
2026-09-26 00:05:00,2026-09-26T05:05:00.000Z,83962.1,83978.5,83952.7,83952.7,104.91,29.892000000000003,75.018,-45.126000000000005,-0.43014012010294544,94991.114,94991.114,,5,ABOVE_LR
2026-09-26 00:10:00,2026-09-26T05:10:00.000Z,83952.8,83962.4,83898.1,83934.9,132.879,42.684,90.195,-47.510999999999996,-0.3575508545368343,94962.436,94962.436,,5,ABOVE_LR
2026-09-26 00:15:00,2026-09-26T05:15:00.000Z,83934.8,83934.9,83866,83890,68.363,30.608,37.755,-7.147000000000002,-0.10454485613562896,94957.925,94957.925,,5,ABOVE_LR
2026-09-26 00:20:00,2026-09-26T05:20:00.000Z,83890,83960.3,83889.9,83960.3,41.25,35.980000000000004,5.270000000000001,30.71,0.7444848484848485,94947.754,94947.754,,5,ABOVE_LR
2026-09-26 00:25:00,2026-09-26T05:25:00.000Z,83960.3,83960.3,83894.6,83894.8,72.011,22.456,49.555,-27.099,-0.3763175070475344,94939.158,94939.158,,5,ABOVE_LR
2026-09-26 00:30:00,2026-09-26T05:30:00.000Z,83894.7,83898.6,83858.5,83858.6,81.573,12.716999999999999,68.856,-56.139,-0.6882056562833291,94950.242,94950.242,,5,ABOVE_LR
2026-09-26 00:35:00,2026-09-26T05:35:00.000Z,83858.5,83928.6,83855,83922.9,126.54100000000001,96.848,29.693000000000005,67.15499999999999,0.5306975604744706,94960.007,94960.007,,5,ABOVE_LR
2026-09-26 00:40:00,2026-09-26T05:40:00.000Z,83922.9,83926,83913.7,83926,70.88499999999999,56.948,13.937,43.011,0.6067715313536011,94957.194,94957.194,,5,ABOVE_LR
2026-09-26 00:45:00,2026-09-26T05:45:00.000Z,83925.9,83951.1,83925.9,83944.7,94.224,54.73,39.494,15.236000000000006,0.16169977924944817,94939.159,94939.159,,5,ABOVE_LR
2026-09-26 00:50:00,2026-09-26T05:50:00.000Z,83944.7,83944.7,83868.7,83868.7,102.172,37.038000000000004,65.13399999999999,-28.095999999999997,-0.27498727635751474,94908.938,94908.938,,5,ABOVE_LR
2026-09-26 00:55:00,2026-09-26T05:55:00.000Z,83868.7,83897,83868.7,83894.5,133.798,95.41999999999999,38.37800000000001,57.041999999999994,0.4263292425895753,94935.876,94935.876,,5,ABOVE_LR
2026-09-26 01:00:00,2026-09-26T06:00:00.000Z,83894.4,83898.2,83858.2,83898.2,101.652,55.926,45.726,10.200000000000001,0.10034234446936609,94976.914,94976.914,,5,ABOVE_LR
2026-09-26 01:05:00,2026-09-26T06:05:00.000Z,83898.1,83898.2,83869.8,83891.3,43.584,21.886,21.698,0.1880000000000006,0.004313509544787091,94970.898,94970.898,,5,ABOVE_LR
2026-09-26 01:10:00,2026-09-26T06:10:00.000Z,83891.4,83897.6,83860,83860.1,36.82000000000001,8.735,28.085,-19.35,-0.5255296034763715,94968.892,94968.892,,5,ABOVE_LR
2026-09-26 01:15:00,2026-09-26T06:15:00.000Z,83860,83877.5,83836.6,83877.4,75.91499999999999,38.778,37.13700000000001,1.640999999999993,0.02161628136731862,94973.748,94973.748,,5,ABOVE_LR
2026-09-26 01:20:00,2026-09-26T06:20:00.000Z,83877.5,83891,83875.1,83883.6,33.987,18.070999999999998,15.916,2.1549999999999985,0.06340659663989168,94981.697,94981.697,,5,ABOVE_LR
2026-09-26 01:25:00,2026-09-26T06:25:00.000Z,83883.6,83898.2,83869.1,83898.2,90.792,72.883,17.909000000000006,54.974,0.6054938761124328,94977.148,94977.148,,5,ABOVE_LR
2026-09-26 01:30:00,2026-09-26T06:30:00.000Z,83898.2,83936.3,83881.4,83881.4,171.137,81.531,89.606,-8.074999999999982,-0.04718441950016643,94977.614,94977.614,,5,ABOVE_LR
2026-09-26 01:35:00,2026-09-26T06:35:00.000Z,83881.4,83890.7,83860.4,83890.7,43.251,27.736,15.514999999999997,12.221000000000002,0.28255994081061714,94945.707,94945.707,,5,ABOVE_LR
2026-09-26 01:40:00,2026-09-26T06:40:00.000Z,83890.7,83891.6,83861.4,83878.4,53.982,19.446,34.536,-15.089999999999996,-0.2795376236523285,94937.911,94937.911,,5,ABOVE_LR
2026-09-26 01:45:00,2026-09-26T06:45:00.000Z,83878.4,83895.6,83873,83895.5,49.928000000000004,24.595000000000002,25.333,-0.7379999999999982,-0.014781285050472643,94927.903,94927.903,,5,ABOVE_LR
2026-09-26 01:50:00,2026-09-26T06:50:00.000Z,83895.5,83895.6,83871.7,83879.6,41.595,10.222999999999999,31.371999999999996,-21.149,-0.5084505349200625,94928.627,94928.627,,5,ABOVE_LR
2026-09-26 01:55:00,2026-09-26T06:55:00.000Z,83879.5,83891.4,83847.9,83861.3,96.56299999999999,20.667,75.896,-55.229,-0.5719478475192362,94918.45,94918.45,,5,ABOVE_LR
2026-09-26 02:00:00,2026-09-26T07:00:00.000Z,83861.3,83955.7,83861.3,83941.6,379.826,310.77,69.05600000000004,241.71399999999994,0.6363808691348142,94933.395,94933.395,,5,ABOVE_LR
2026-09-26 02:05:00,2026-09-26T07:05:00.000Z,83941.6,83980,83941.4,83958.4,140.349,76.433,63.916000000000004,12.517,0.0891848178469387,94879.499,94879.499,,5,ABOVE_LR
2026-09-26 02:10:00,2026-09-26T07:10:00.000Z,83958.4,83978.5,83958.4,83976,64.723,30.811,33.912,-3.101,-0.047911870586962904,94884.264,94884.264,,5,ABOVE_LR
2026-09-26 02:15:00,2026-09-26T07:15:00.000Z,83976,83985.2,83955.3,83981.2,76.648,40.141999999999996,36.50600000000001,3.6359999999999957,0.04743763698987574,94882.487,94882.487,,5,ABOVE_LR
2026-09-26 02:20:00,2026-09-26T07:20:00.000Z,83981.2,83985,83972.2,83984,53.922000000000004,25.522999999999996,28.398999999999997,-2.876,-0.05333630058232261,94880.191,94880.191,,5,ABOVE_LR
2026-09-26 02:25:00,2026-09-26T07:25:00.000Z,83984,83984,83971.1,83975,46.754,27.547,19.207,8.34,0.17838045942593148,94877.299,94877.299,,5,ABOVE_LR
2026-09-26 02:30:00,2026-09-26T07:30:00.000Z,83975,83975.2,83975,83975.2,47.637,33.376999999999995,14.26,19.117,0.401305707748179,94891.873,94891.873,,5,ABOVE_LR
2026-09-26 02:35:00,2026-09-26T07:35:00.000Z,83975.2,84009.9,83975.1,84002.1,197.904,118.92699999999999,78.977,39.949999999999996,0.2018655509742097,94882.193,94882.193,,5,ABOVE_LR
2026-09-26 02:40:00,2026-09-26T07:40:00.000Z,84002.1,84028.1,83998.5,84002.7,164.054,85.196,78.858,6.337999999999997,0.03863362063710728,94844.75,94844.75,,5,ABOVE_LR
2026-09-26 02:45:00,2026-09-26T07:45:00.000Z,84002.7,84045.1,84002.6,84045,193.11,137.247,55.86300000000001,81.38399999999999,0.42143855833462784,94849.093,94849.093,,5,ABOVE_LR
2026-09-26 02:50:00,2026-09-26T07:50:00.000Z,84045.1,84045.1,84020,84045.1,123.81,62.773,61.037,1.7360000000000007,0.014021484532751802,94858.839,94858.839,,5,ABOVE_LR
2026-09-26 02:55:00,2026-09-26T07:55:00.000Z,84045.1,84097.9,84045.1,84075.1,243.13699999999997,148.725,94.41199999999999,54.313,0.22338434709649296,94846.736,94846.736,,5,ABOVE_LR
2026-09-26 03:00:00,2026-09-26T08:00:00.000Z,84075,84075.1,84017.3,84028.5,207.51199999999997,72.162,135.35000000000002,-63.188,-0.304502872123058,94793.864,94793.864,,5,ABOVE_LR
2026-09-26 03:05:00,2026-09-26T08:05:00.000Z,84028.4,84033.8,84009.1,84033.8,106.246,52.461999999999996,53.78399999999999,-1.321999999999993,-0.012442821376804709,94808.669,94808.669,,5,ABOVE_LR
2026-09-26 03:10:00,2026-09-26T08:10:00.000Z,84033.8,84044.5,84014.6,84037.4,77.048,45.343999999999994,31.703999999999997,13.639999999999997,0.17703249922126463,94804.65,94804.65,,5,ABOVE_LR
2026-09-26 03:15:00,2026-09-26T08:15:00.000Z,84037.4,84037.5,83999.2,84005.9,165.39600000000002,63.27400000000001,102.12200000000001,-38.84800000000001,-0.23487871532564275,94801.305,94801.305,,5,ABOVE_LR
2026-09-26 03:20:00,2026-09-26T08:20:00.000Z,84005.9,84013.9,83987.7,84005.9,138.695,53.791000000000004,84.904,-31.113,-0.22432676015717942,94767.681,94767.681,,5,ABOVE_LR
2026-09-26 03:25:00,2026-09-26T08:25:00.000Z,84006,84063.7,83997.4,84063.7,97.432,69.70500000000001,27.727,41.977999999999994,0.4308440758682978,94788.386,94788.386,,5,ABOVE_LR
2026-09-26 03:30:00,2026-09-26T08:30:00.000Z,84063.7,84235.4,84063.6,84235.4,731.03,546.738,184.29200000000003,362.446,0.4958018138790474,94767.34,94767.34,,5,ABOVE_LR
2026-09-26 03:35:00,2026-09-26T08:35:00.000Z,84235.3,84296.6,84205.9,84248.4,571.945,331.197,240.748,90.44899999999998,0.15814282841881644,94806.86,94806.86,,5,ABOVE_LR
2026-09-26 03:40:00,2026-09-26T08:40:00.000Z,84248.5,84287.6,84194.3,84248.5,335.509,165.04700000000003,170.462,-5.414999999999996,-0.016139656462270745,94785.749,94785.749,,5,ABOVE_LR
2026-09-26 03:45:00,2026-09-26T08:45:00.000Z,84248.5,84248.5,84176.7,84176.8,188.39499999999998,63.598,124.797,-61.199,-0.3248440776029088,94792.554,94792.554,,5,ABOVE_LR
2026-09-26 03:50:00,2026-09-26T08:50:00.000Z,84176.8,84178.9,84176.7,84178.6,59.513000000000005,28.875999999999998,30.636999999999997,-1.761000000000001,-0.02959017357552133,94775.242,94775.242,,5,ABOVE_LR
2026-09-26 03:55:00,2026-09-26T08:55:00.000Z,84178.7,84178.7,84167.3,84167.3,57.175000000000004,14.453,42.722,-28.269,-0.49442938347179705,94790.102,94790.102,,5,ABOVE_LR
2026-09-26 04:00:00,2026-09-26T09:00:00.000Z,84167.4,84172.5,84160.1,84162.9,84.37899999999999,40.796,43.58299999999999,-2.7869999999999973,-0.03302954526600217,94799.163,94799.163,,5,ABOVE_LR
2026-09-26 04:05:00,2026-09-26T09:05:00.000Z,84162.9,84163,84129.6,84130,107.79599999999999,29.446999999999996,78.349,-48.902,-0.4536531967791013,94810.004,94810.004,,5,ABOVE_LR
2026-09-26 04:10:00,2026-09-26T09:10:00.000Z,84130.1,84130.1,83928.9,83973.5,610.2700000000001,227.817,382.453,-154.63599999999997,-0.2533894833434381,94809.032,94809.032,,5,ABOVE_LR
2026-09-26 04:15:00,2026-09-26T09:15:00.000Z,83973.4,83986.4,83920,83968,280.081,150.653,129.428,21.22499999999999,0.07578164888014535,94749.268,94749.268,,5,ABOVE_LR
2026-09-26 04:20:00,2026-09-26T09:20:00.000Z,83968.1,84005.1,83943.4,83954.5,210.07799999999997,116.54,93.538,23.001999999999995,0.10949266462932815,94736.735,94736.735,,5,ABOVE_LR
2026-09-26 04:25:00,2026-09-26T09:25:00.000Z,83954.4,84004.3,83950,83989.7,112.255,57.404,54.851,2.5529999999999955,0.022742862233308053,94733.813,94733.813,,5,ABOVE_LR
2026-09-26 04:30:00,2026-09-26T09:30:00.000Z,83989.7,84014.2,83936.2,83995.7,140.821,67.071,73.75,-6.679,-0.047429005617059955,94729.811,94729.811,,5,ABOVE_LR
2026-09-26 04:35:00,2026-09-26T09:35:00.000Z,83995.7,83995.8,83969.8,83973.9,59.06,22.813000000000002,36.247,-13.434000000000003,-0.22746359634270238,94725.294,94725.294,,5,ABOVE_LR
2026-09-26 04:40:00,2026-09-26T09:40:00.000Z,83973.8,83978.4,83954.5,83978.4,90.358,26.393,63.964999999999996,-37.57200000000001,-0.41581265632262787,94737.079,94737.079,,5,ABOVE_LR
2026-09-26 04:45:00,2026-09-26T09:45:00.000Z,83978.4,83990,83978,83978.1,36.957,16.01,20.947,-4.937000000000002,-0.13358768298292614,94750.944,94750.944,,5,ABOVE_LR
2026-09-26 04:50:00,2026-09-26T09:50:00.000Z,83978,83978.1,83963.8,83978.1,60.01299999999999,30.595,29.418,1.1770000000000014,0.01961241730958295,94755.704,94755.704,,5,ABOVE_LR
2026-09-26 04:55:00,2026-09-26T09:55:00.000Z,83978.1,83979,83942.3,83977.9,172.513,82.46000000000001,90.053,-7.5930000000000035,-0.044014074301646854,94747.608,94747.608,,5,ABOVE_LR
2026-09-26 05:00:00,2026-09-26T10:00:00.000Z,83978,84045,83978,84037,244.23100000000002,162.52,81.71100000000001,80.809,0.330871183428803,94707.943,94707.943,,5,ABOVE_LR
2026-09-26 05:05:00,2026-09-26T10:05:00.000Z,84037,84071.3,84036.9,84071.3,97.465,68.478,28.987000000000002,39.491,0.40518134715025905,94678.639,94678.639,,5,ABOVE_LR
2026-09-26 05:10:00,2026-09-26T10:10:00.000Z,84071.3,84081.4,84067.8,84068,56.843,29.576000000000004,27.266999999999996,2.309000000000003,0.04062065689706741,94665.122,94665.122,,5,ABOVE_LR
2026-09-26 05:15:00,2026-09-26T10:15:00.000Z,84067.9,84113.1,84067.7,84112.1,100.811,59.338,41.473,17.865,0.17721280415827634,94662.956,94662.956,,5,ABOVE_LR
2026-09-26 05:20:00,2026-09-26T10:20:00.000Z,84112.1,84148.4,84069.7,84100.1,225.781,143.66199999999998,82.119,61.543000000000006,0.2725782948963819,94641.451,94641.451,,5,ABOVE_LR
2026-09-26 05:25:00,2026-09-26T10:25:00.000Z,84100.1,84115.1,84085,84104.1,118.811,41.298,77.513,-36.215,-0.3048118440211765,94645.251,94645.251,,5,ABOVE_LR
2026-09-26 05:30:00,2026-09-26T10:30:00.000Z,84104.2,84109.2,84071,84071.1,50.765,10.585999999999999,40.179,-29.593000000000004,-0.5829410026593126,94658.546,94658.546,,5,ABOVE_LR
2026-09-26 05:35:00,2026-09-26T10:35:00.000Z,84071,84098.5,84071,84080.5,51.932,27.586,24.346,3.24,0.06238927828699068,94657.051,94657.051,,5,ABOVE_LR
2026-09-26 05:40:00,2026-09-26T10:40:00.000Z,84080.6,84125,84080.5,84110,88.41,56.548,31.861999999999995,24.686,0.27922180748784076,94665.12,94665.12,,5,ABOVE_LR
2026-09-26 05:45:00,2026-09-26T10:45:00.000Z,84109.9,84129.4,84107,84109.4,62.47,39.948,22.522,17.425999999999995,0.2789498959500559,94669.34,94669.34,,5,ABOVE_LR
2026-09-26 05:50:00,2026-09-26T10:50:00.000Z,84109.3,84127.9,84100.2,84100.3,38.363,20.340000000000003,18.023,2.317,0.0603967364387561,94675.584,94675.584,,5,ABOVE_LR
2026-09-26 05:55:00,2026-09-26T10:55:00.000Z,84100.3,84141.5,84081.9,84135.3,92.55,57.721000000000004,34.829,22.891999999999996,0.24734737979470553,94682.436,94682.436,,5,ABOVE_LR
2026-09-26 06:00:00,2026-09-26T11:00:00.000Z,84135.3,84150,84089.9,84128.5,81.06599999999999,36.139,44.927,-8.787999999999998,-0.1084054967557299,94689.823,94689.823,,5,ABOVE_LR
2026-09-26 06:05:00,2026-09-26T11:05:00.000Z,84128.5,84143.3,84091.3,84122.6,54.222,20.468,33.754000000000005,-13.286,-0.24502969274464237,94697.058,94697.058,,5,ABOVE_LR
2026-09-26 06:10:00,2026-09-26T11:10:00.000Z,84122.5,84144.7,84101.5,84128.7,95.79699999999998,53.07,42.727000000000004,10.343,0.10796789043498232,94693.143,94693.143,,5,ABOVE_LR
2026-09-26 06:15:00,2026-09-26T11:15:00.000Z,84128.7,84161.9,84128.6,84150.4,56.394999999999996,31.139000000000003,25.256,5.8830000000000044,0.10431775866654854,94714.013,94714.013,,5,ABOVE_LR
2026-09-26 06:20:00,2026-09-26T11:20:00.000Z,84150.4,84150.5,84134.6,84134.6,29.810000000000002,7.111000000000001,22.699,-15.588000000000001,-0.5229117745722912,94721.709,94721.709,,5,ABOVE_LR
2026-09-26 06:25:00,2026-09-26T11:25:00.000Z,84134.6,84134.7,84113.5,84129.3,46.919,16.904,30.015,-13.111,-0.27943903322747715,94725.462,94725.462,,5,ABOVE_LR
2026-09-26 06:30:00,2026-09-26T11:30:00.000Z,84129.2,84130.4,84118.3,84130.3,43.644000000000005,16.576999999999998,27.067,-10.490000000000002,-0.24035377142333428,94732.465,94732.465,,5,ABOVE_LR
2026-09-26 06:35:00,2026-09-26T11:35:00.000Z,84130.4,84159.9,84130.3,84159.9,40.144,31.395999999999997,8.748000000000001,22.647999999999996,0.5641689916301315,94727.072,94727.072,,5,ABOVE_LR
2026-09-26 06:40:00,2026-09-26T11:40:00.000Z,84159.9,84159.9,84130,84130,73.243,27.301000000000002,45.942,-18.641,-0.25450896331390027,94720.733,94720.733,,5,ABOVE_LR
2026-09-26 06:45:00,2026-09-26T11:45:00.000Z,84130,84137.2,84130,84137.2,44.643,18.817999999999998,25.824999999999996,-7.007,-0.15695629773984723,94724.621,94724.621,,5,ABOVE_LR
2026-09-26 06:50:00,2026-09-26T11:50:00.000Z,84137.1,84144,84136.7,84136.8,51.024,32.188,18.836,13.352,0.2616807776732518,94729.882,94729.882,,5,ABOVE_LR
2026-09-26 06:55:00,2026-09-26T11:55:00.000Z,84136.7,84142.9,84134.3,84134.4,53.632000000000005,29.849999999999998,23.782000000000004,6.067999999999996,0.11314140811455839,94721.373,94721.373,,5,ABOVE_LR
2026-09-26 07:00:00,2026-09-26T12:00:00.000Z,84134.3,84134.4,84054.3,84066.2,96.02799999999999,22.237000000000002,73.791,-51.553999999999995,-0.5368642479276877,94714.983,94714.983,,5,ABOVE_LR
2026-09-26 07:05:00,2026-09-26T12:05:00.000Z,84066.2,84142,84066.2,84100,133.527,65.686,67.84100000000001,-2.1550000000000002,-0.016139058018228528,94702.496,94702.496,,5,ABOVE_LR
2026-09-26 07:10:00,2026-09-26T12:10:00.000Z,84100,84100.1,84074.1,84099.8,93.209,31.842,61.367000000000004,-29.525000000000002,-0.3167612569601648,94698.449,94698.449,,5,ABOVE_LR
2026-09-26 07:15:00,2026-09-26T12:15:00.000Z,84099.9,84158,84099.8,84117.6,102.356,60.922,41.434,19.488,0.1903943100551018,94695.828,94695.828,,5,ABOVE_LR
2026-09-26 07:20:00,2026-09-26T12:20:00.000Z,84117.7,84123.6,84057.5,84065,124.806,15.704,109.102,-93.398,-0.7483454321106356,94696.487,94696.487,,5,ABOVE_LR
2026-09-26 07:25:00,2026-09-26T12:25:00.000Z,84064.9,84087.4,84052.2,84059.9,78.03300000000002,37.89,40.143,-2.2529999999999966,-0.028872400138402934,94714.97,94714.97,,5,ABOVE_LR
2026-09-26 07:30:00,2026-09-26T12:30:00.000Z,84059.9,84083.3,84059.9,84083.3,48.379999999999995,25.851000000000003,22.528999999999996,3.322,0.06866473749483258,94711.239,94711.239,,5,ABOVE_LR
2026-09-26 07:35:00,2026-09-26T12:35:00.000Z,84083.3,84087.6,84036,84054,93.33100000000002,30.4,62.931000000000004,-32.531000000000006,-0.3485551424499898,94709.902,94709.902,,5,ABOVE_LR
2026-09-26 07:40:00,2026-09-26T12:40:00.000Z,84054,84054,84003.2,84008.6,91.04500000000002,24.445999999999998,66.599,-42.153,-0.46299082871107683,94697.752,94697.752,,5,ABOVE_LR
2026-09-26 07:45:00,2026-09-26T12:45:00.000Z,84008.6,84028.8,84008.6,84028.8,44.085,22.574,21.510999999999996,1.063000000000002,0.024112509924010476,94702.955,94702.955,,5,ABOVE_LR
2026-09-26 07:50:00,2026-09-26T12:50:00.000Z,84028.8,84028.8,84006.1,84009.9,44.155,10.219000000000001,33.936,-23.717000000000002,-0.537130562790171,94705.009,94705.009,,5,ABOVE_LR
2026-09-26 07:55:00,2026-09-26T12:55:00.000Z,84009.9,84026.3,84009,84009.3,95.83500000000001,58.675,37.160000000000004,21.51499999999999,0.2245004434705482,94717.752,94717.752,,5,ABOVE_LR
2026-09-26 08:00:00,2026-09-26T13:00:00.000Z,84009.3,84065,84009.2,84027.2,63.147,37.660000000000004,25.487000000000002,12.173000000000002,0.19277241990910102,94739.775,94739.775,,5,ABOVE_LR
2026-09-26 08:05:00,2026-09-26T13:05:00.000Z,84027.2,84087.5,84027.2,84034.3,99.036,56.759,42.276999999999994,14.482000000000003,0.1462296538632417,94740.995,94740.995,,5,ABOVE_LR
2026-09-26 08:10:00,2026-09-26T13:10:00.000Z,84034.2,84034.3,83906.1,83961.7,439.92499999999995,144.135,295.79,-151.65500000000003,-0.3447292152071377,94726.691,94726.691,,5,ABOVE_LR
2026-09-26 08:15:00,2026-09-26T13:15:00.000Z,83961.7,83978.8,83932.4,83967.5,149.78400000000002,65.84,83.944,-18.104000000000003,-0.1208673823639374,94796.607,94796.607,,5,ABOVE_LR
2026-09-26 08:20:00,2026-09-26T13:20:00.000Z,83967.6,83986.9,83915,83915.1,118.999,42.012,76.987,-34.974999999999994,-0.29391003285741896,94782.937,94782.937,,5,ABOVE_LR
2026-09-26 08:25:00,2026-09-26T13:25:00.000Z,83915,83919.1,83785.4,83899.9,604.021,183.38299999999998,420.638,-237.255,-0.39279263469316467,94797.43,94797.43,,5,ABOVE_LR
2026-09-26 08:30:00,2026-09-26T13:30:00.000Z,83899.9,83899.9,83853.9,83865.5,176.423,90.28999999999999,86.13300000000001,4.157,0.023562687404703467,94890.481,94890.481,,5,ABOVE_LR
2026-09-26 08:35:00,2026-09-26T13:35:00.000Z,83865.5,83901.3,83815.4,83889.9,218.84199999999998,114.68699999999998,104.15499999999999,10.532000000000007,0.04812604527467309,94884.257,94884.257,,5,ABOVE_LR
2026-09-26 08:40:00,2026-09-26T13:40:00.000Z,83890,83895.8,83870.7,83889.9,102.184,63.20399999999999,38.98,24.224000000000004,0.23706255382447355,94887.05,94887.05,,5,ABOVE_LR
2026-09-26 08:45:00,2026-09-26T13:45:00.000Z,83889.9,83928,83880.1,83905.2,207.80200000000002,121.736,86.06600000000002,35.66999999999998,0.17165378581534335,94889.683,94889.683,,5,ABOVE_LR
2026-09-26 08:50:00,2026-09-26T13:50:00.000Z,83905.2,83922.8,83878.2,83916,188.07800000000003,100.74199999999999,87.336,13.405999999999999,0.07127893746211676,94867.191,94867.191,,5,ABOVE_LR
2026-09-26 08:55:00,2026-09-26T13:55:00.000Z,83916,83938.5,83898.1,83907.3,177.405,84.64099999999999,92.764,-8.122999999999994,-0.04578788647445108,94881.667,94881.667,,5,ABOVE_LR
2026-09-26 09:00:00,2026-09-26T14:00:00.000Z,83907.3,83938.8,83885.2,83897.8,106.617,48.813,57.803999999999995,-8.990999999999998,-0.08432989110554599,94904.862,94904.862,,5,ABOVE_LR
2026-09-26 09:05:00,2026-09-26T14:05:00.000Z,83897.7,83897.8,83875,83897.8,64.33500000000001,28.409999999999997,35.925,-7.515000000000002,-0.11681044532525066,94896.135,94896.135,,5,ABOVE_LR
2026-09-26 09:10:00,2026-09-26T14:10:00.000Z,83897.8,83918.3,83897.7,83916,97.941,45.855999999999995,52.084999999999994,-6.228999999999999,-0.06359951399311829,94907.172,94907.172,,5,ABOVE_LR
2026-09-26 09:15:00,2026-09-26T14:15:00.000Z,83916.2,83941,83912.5,83925.2,54.113,30.893,23.22,7.672999999999998,0.14179587160201798,94906.413,94906.413,,5,ABOVE_LR
2026-09-26 09:20:00,2026-09-26T14:20:00.000Z,83925.1,83935.8,83925.1,83931.7,49.09500000000001,32.733999999999995,16.361000000000004,16.372999999999994,0.3334962827171808,94909.253,94909.253,,5,ABOVE_LR
2026-09-26 09:25:00,2026-09-26T14:25:00.000Z,83931.6,83948.2,83931.6,83948.2,70.64699999999999,48.892,21.754999999999995,27.137,0.3841210525570796,94915.187,94915.187,,5,ABOVE_LR
2026-09-26 09:30:00,2026-09-26T14:30:00.000Z,83948.2,83982.4,83948.1,83965.4,119.99799999999999,69.20299999999999,50.794999999999995,18.408,0.15340255670927852,94906.074,94906.074,,5,ABOVE_LR
2026-09-26 09:35:00,2026-09-26T14:35:00.000Z,83965.4,83976.9,83959.3,83959.3,68.88900000000001,21.612000000000002,47.277,-25.665000000000006,-0.3725558507163699,94894.393,94894.393,,5,ABOVE_LR
2026-09-26 09:40:00,2026-09-26T14:40:00.000Z,83959.3,83990,83959.1,83978.7,96.071,57.647,38.42400000000001,19.222999999999992,0.2000915989216308,94898.273,94898.273,,5,ABOVE_LR
2026-09-26 09:45:00,2026-09-26T14:45:00.000Z,83978.7,83982.8,83958.5,83982.7,48.642999999999994,22.059,26.584000000000003,-4.525,-0.09302469008901591,94898.771,94898.771,,5,ABOVE_LR
2026-09-26 09:50:00,2026-09-26T14:50:00.000Z,83982.8,84010,83982.7,83996.1,147.721,76.178,71.54299999999999,4.635000000000005,0.031376716919056906,94894.057,94894.057,,5,ABOVE_LR
2026-09-26 09:55:00,2026-09-26T14:55:00.000Z,83996,83996.1,83974.7,83979.4,69.93599999999999,26.861,43.074999999999996,-16.213999999999995,-0.23184053992221454,94890.187,94890.187,,5,ABOVE_LR
2026-09-26 10:00:00,2026-09-26T15:00:00.000Z,83979.3,84004.2,83958,84000,134.123,56.149,77.97400000000002,-21.825000000000003,-0.1627237684811703,94907.527,94907.527,,5,ABOVE_LR
2026-09-26 10:05:00,2026-09-26T15:05:00.000Z,84000,84000,83981.5,83981.5,54.603,7.826,46.777,-38.951,-0.7133490833836968,94938.444,94938.444,,5,ABOVE_LR
2026-09-26 10:10:00,2026-09-26T15:10:00.000Z,83981.5,83999.5,83974.9,83979.7,72.888,19.149,53.739000000000004,-34.59,-0.4745637141916365,94942.464,94942.464,,5,ABOVE_LR
2026-09-26 10:15:00,2026-09-26T15:15:00.000Z,83979.6,83999.5,83979.6,83995.7,40.946,24.517000000000003,16.429000000000002,8.087999999999997,0.19752845210765393,94939.343,94939.343,,5,ABOVE_LR
2026-09-26 10:20:00,2026-09-26T15:20:00.000Z,83995.7,84010,83973.8,84010,106.23000000000002,41.51,64.72000000000001,-23.210000000000008,-0.21848818601148456,94943.186,94943.186,,5,ABOVE_LR
2026-09-26 10:25:00,2026-09-26T15:25:00.000Z,84010,84020,84002.1,84020,60.57199999999999,38.892,21.68,17.212000000000003,0.28415769662550366,94917.437,94917.437,,5,ABOVE_LR
2026-09-26 10:30:00,2026-09-26T15:30:00.000Z,84019.9,84120,84019.9,84104,349.58500000000004,200.62199999999999,148.963,51.659000000000006,0.1477723586538324,94908.645,94908.645,,5,ABOVE_LR
2026-09-26 10:35:00,2026-09-26T15:35:00.000Z,84103.9,84157.5,84081.3,84107.4,258.318,115.23700000000001,143.081,-27.843999999999987,-0.10778962364217742,94892.687,94892.687,,5,ABOVE_LR
2026-09-26 10:40:00,2026-09-26T15:40:00.000Z,84107.4,84107.4,84061,84090.6,102.632,39.509,63.123000000000005,-23.614000000000004,-0.2300841842700133,94923.459,94923.459,,5,ABOVE_LR
2026-09-26 10:45:00,2026-09-26T15:45:00.000Z,84090.6,84097.1,84042,84042,106.268,8.629999999999999,97.638,-89.00800000000001,-0.8375804569578802,94898.759,94898.759,,5,ABOVE_LR
2026-09-26 10:50:00,2026-09-26T15:50:00.000Z,84042,84112.7,84033.6,84112.7,146.08100000000002,77.408,68.67299999999999,8.734999999999998,0.059795592856018216,94913.795,94913.795,,5,ABOVE_LR
2026-09-26 10:55:00,2026-09-26T15:55:00.000Z,84112.7,84112.7,84091.6,84112.5,89.214,29.863,59.351,-29.488000000000003,-0.33053108256551667,94910.034,94910.034,,5,ABOVE_LR
2026-09-26 11:00:00,2026-09-26T16:00:00.000Z,84112.6,84112.6,84060,84101.9,116.17200000000001,41.016,75.156,-34.14000000000001,-0.29387459973143276,94905.502,94905.502,,5,ABOVE_LR
2026-09-26 11:05:00,2026-09-26T16:05:00.000Z,84101.9,84103,84101.8,84103,25.903,11.642000000000001,14.261,-2.6189999999999998,-0.10110797977068293,94922.902,94922.902,,5,ABOVE_LR
2026-09-26 11:10:00,2026-09-26T16:10:00.000Z,84103,84103,84080.6,84088.8,64.177,21.746000000000002,42.431,-20.685,-0.322311731617246,94922.811,94922.811,,5,ABOVE_LR
2026-09-26 11:15:00,2026-09-26T16:15:00.000Z,84088.7,84102,84083,84090.3,81.594,29.72,51.87400000000001,-22.154000000000007,-0.271515062382038,94921.125,94921.125,,5,ABOVE_LR
2026-09-26 11:20:00,2026-09-26T16:20:00.000Z,84090.3,84090.4,84056.2,84070.3,99.918,46.690999999999995,53.227000000000004,-6.536000000000003,-0.06541363918413101,94921.587,94921.587,,5,ABOVE_LR
2026-09-26 11:25:00,2026-09-26T16:25:00.000Z,84070.3,84074.6,84055.6,84074.5,43.934,14.705,29.229,-14.524,-0.3305867892748213,94890.431,94890.431,,5,ABOVE_LR
2026-09-26 11:30:00,2026-09-26T16:30:00.000Z,84074.5,84130.1,84074.5,84126.1,109.503,70.485,39.018,31.466999999999995,0.28736199008246344,94891.684,94891.684,,5,ABOVE_LR
2026-09-26 11:35:00,2026-09-26T16:35:00.000Z,84126.1,84126.1,84109.9,84110,49.153000000000006,12.891,36.262,-23.371,-0.4754745386853294,94892.843,94892.843,,5,ABOVE_LR
2026-09-26 11:40:00,2026-09-26T16:40:00.000Z,84109.9,84114.3,84108.9,84108.9,45.817,18.876,26.940999999999995,-8.064999999999996,-0.17602636575943417,94891.396,94891.396,,5,ABOVE_LR
2026-09-26 11:45:00,2026-09-26T16:45:00.000Z,84108.9,84119.2,84092.4,84106.4,84.006,28.05,55.95599999999999,-27.905999999999995,-0.3321905578172987,94885.489,94885.489,,5,ABOVE_LR
2026-09-26 11:50:00,2026-09-26T16:50:00.000Z,84106.5,84114.9,84070.1,84097.6,82.50399999999999,29.311999999999998,53.19200000000001,-23.88,-0.289440511975177,94867.055,94867.055,,5,ABOVE_LR
2026-09-26 11:55:00,2026-09-26T16:55:00.000Z,84097.6,84097.6,84047.2,84070,123.08099999999999,38.206999999999994,84.874,-46.666999999999994,-0.37915681543048885,94868.066,94868.066,,5,ABOVE_LR
2026-09-26 12:00:00,2026-09-26T17:00:00.000Z,84070,84086.5,84040,84069.3,81.478,34.387,47.091,-12.703999999999997,-0.15591938928299662,94843.499,94843.499,,5,ABOVE_LR
2026-09-26 12:05:00,2026-09-26T17:05:00.000Z,84069.4,84069.4,84026.7,84040.4,77.872,22.746000000000002,55.126000000000005,-32.38,-0.4158105609204849,94832.831,94832.831,,5,ABOVE_LR
2026-09-26 12:10:00,2026-09-26T17:10:00.000Z,84040.4,84049,84010,84048.9,112.56099999999999,51.774,60.787,-9.012999999999995,-0.0800721386625918,94834.761,94834.761,,5,ABOVE_LR
2026-09-26 12:15:00,2026-09-26T17:15:00.000Z,84049,84049,84006.5,84033.1,132.053,74.89,57.163,17.726999999999997,0.13424155452734884,94816.36,94816.36,,5,ABOVE_LR
2026-09-26 12:20:00,2026-09-26T17:20:00.000Z,84033.1,84037.1,84017.4,84030.1,48.265,18.896,29.369,-10.473,-0.2169895369315239,94807.708,94807.708,,5,ABOVE_LR
2026-09-26 12:25:00,2026-09-26T17:25:00.000Z,84030,84039.6,84017.9,84020.8,76.11300000000001,28.054,48.059,-20.005000000000003,-0.26283289319827097,94799.876,94799.876,,5,ABOVE_LR
2026-09-26 12:30:00,2026-09-26T17:30:00.000Z,84020.8,84034.7,84001,84001.1,90.82799999999999,32.588,58.239999999999995,-25.652,-0.2824239221385476,94802.695,94802.695,,5,ABOVE_LR
2026-09-26 12:35:00,2026-09-26T17:35:00.000Z,84001,84050,83984.9,84049.9,82.08699999999999,41.94800000000001,40.138999999999996,1.8090000000000002,0.022037594259748806,94809.636,94809.636,,5,ABOVE_LR
2026-09-26 12:40:00,2026-09-26T17:40:00.000Z,84050,84063.8,84024.3,84063.8,98.896,57.126000000000005,41.769999999999996,15.356000000000003,0.155274227471283,94783.518,94783.518,,5,ABOVE_LR
2026-09-26 12:45:00,2026-09-26T17:45:00.000Z,84063.8,84084.8,84063.7,84065.9,78.63499999999999,38.208,40.427,-2.219000000000001,-0.02821898645641256,94764.463,94764.463,,5,ABOVE_LR
2026-09-26 12:50:00,2026-09-26T17:50:00.000Z,84065.8,84075.4,84065.8,84071.3,42.046,21.790000000000003,20.256,1.5339999999999998,0.036483851020311084,94755.144,94755.144,,5,ABOVE_LR
2026-09-26 12:55:00,2026-09-26T17:55:00.000Z,84071.3,84097.5,84071.3,84097,71.012,47.887,23.125,24.761999999999993,0.348701627893877,94754.053,94754.053,,5,ABOVE_LR
2026-09-26 13:00:00,2026-09-26T18:00:00.000Z,84096.9,84126,84085.8,84125.9,114.522,88.114,26.408,61.706,0.5388135030823772,94749.036,94749.036,,5,ABOVE_LR
2026-09-26 13:05:00,2026-09-26T18:05:00.000Z,84126,84126,84070.7,84070.8,68.724,28.622999999999998,40.101000000000006,-11.478000000000002,-0.16701588964553868,94724.342,94724.342,,5,ABOVE_LR
2026-09-26 13:10:00,2026-09-26T18:10:00.000Z,84070.8,84070.8,84056.1,84056.2,50.057,21.83,28.227000000000004,-6.397000000000002,-0.12779431448149114,94710.157,94710.157,,5,ABOVE_LR
2026-09-26 13:15:00,2026-09-26T18:15:00.000Z,84056.2,84056.2,84029.2,84037.2,82.91199999999999,37.69,45.222,-7.532,-0.0908433037437283,94690.516,94690.516,,5,ABOVE_LR
2026-09-26 13:20:00,2026-09-26T18:20:00.000Z,84037.2,84059,84037.1,84049,49.489000000000004,28.628,20.860999999999997,7.767000000000003,0.15694396734627902,94669.574,94669.574,,5,ABOVE_LR
2026-09-26 13:25:00,2026-09-26T18:25:00.000Z,84048.9,84049,84019.8,84031.1,62.538,32.309,30.229,2.079999999999998,0.03325977805494256,94659.728,94659.728,,5,ABOVE_LR
2026-09-26 13:30:00,2026-09-26T18:30:00.000Z,84031.2,84038.3,84021.6,84021.7,48.768,27.301000000000002,21.467,5.834,0.119627624671916,94633.174,94633.174,,5,ABOVE_LR
2026-09-26 13:35:00,2026-09-26T18:35:00.000Z,84021.7,84021.7,83999.5,84002.8,80.133,37.083,43.05,-5.966999999999999,-0.07446370409194712,94615.719,94615.719,,5,ABOVE_LR
2026-09-26 13:40:00,2026-09-26T18:40:00.000Z,84002.7,84002.8,83957.6,83975.7,96.872,44.144,52.728,-8.584000000000001,-0.08861177636468744,94594.038,94594.038,,5,ABOVE_LR
2026-09-26 13:45:00,2026-09-26T18:45:00.000Z,83975.8,83986.6,83951.6,83970.2,175.274,77.04299999999999,98.231,-21.187999999999995,-0.1208850143204354,94588.245,94588.245,,5,ABOVE_LR
2026-09-26 13:50:00,2026-09-26T18:50:00.000Z,83970.2,83970.3,83940,83964.2,76.678,45.191,31.487000000000002,13.703999999999994,0.17872140640079284,94565.831,94565.831,,5,ABOVE_LR
2026-09-26 13:55:00,2026-09-26T18:55:00.000Z,83964.2,83970.9,83964.1,83970.9,40.260000000000005,31.209,9.051000000000002,22.157999999999998,0.5503725782414306,94545.606,94545.606,,5,ABOVE_LR
2026-09-26 14:00:00,2026-09-26T19:00:00.000Z,83970.9,84020.5,83970.8,83999.3,85.71600000000001,50.354,35.362,14.992,0.1749031686032946,94544.597,94544.597,,5,ABOVE_LR
2026-09-26 14:05:00,2026-09-26T19:05:00.000Z,83999.3,84003.6,83974.8,83974.8,58.46600000000001,29.478,28.988000000000007,0.4900000000000011,0.00838093934936546,94539.646,94539.646,,5,ABOVE_LR
2026-09-26 14:10:00,2026-09-26T19:10:00.000Z,83974.8,83994.2,83971.6,83994.2,39.637,27.736,11.901,15.834999999999999,0.3995004667356258,94534.513,94534.513,,5,ABOVE_LR
2026-09-26 14:15:00,2026-09-26T19:15:00.000Z,83994.2,84003.4,83994.1,83998.6,39.01,21.619,17.391000000000002,4.228,0.10838246603435017,94537.288,94537.288,,5,ABOVE_LR
2026-09-26 14:20:00,2026-09-26T19:20:00.000Z,83998.5,83999.4,83976.2,83999.3,37.764,24.923,12.841,12.081999999999999,0.319934328990573,94537.552,94537.552,,5,ABOVE_LR
2026-09-26 14:25:00,2026-09-26T19:25:00.000Z,83999.4,84003.4,83999.3,84000.4,41.344,26.739000000000004,14.605,12.134,0.29348877708978327,94537.904,94537.904,,5,ABOVE_LR
2026-09-26 14:30:00,2026-09-26T19:30:00.000Z,84000.4,84000.5,83982.9,83999.9,49.896,33.712,16.184000000000005,17.528,0.3512906846240179,94537.902,94537.902,,5,ABOVE_LR
2026-09-26 14:35:00,2026-09-26T19:35:00.000Z,83999.9,84000,83927.5,83942.6,98.22399999999999,31.064,67.16000000000001,-36.096000000000004,-0.36748656132920676,94532.945,94532.945,,5,ABOVE_LR
2026-09-26 14:40:00,2026-09-26T19:40:00.000Z,83942.5,83976.8,83942.5,83976.7,40.513999999999996,25.668999999999997,14.844999999999999,10.824,0.267166905267315,94521.057,94521.057,,5,ABOVE_LR
2026-09-26 14:45:00,2026-09-26T19:45:00.000Z,83976.8,83987.9,83969.9,83980.9,65.874,25.887999999999998,39.98599999999999,-14.097999999999999,-0.21401463399823906,94526.575,94526.575,,5,ABOVE_LR
2026-09-26 14:50:00,2026-09-26T19:50:00.000Z,83980.8,83980.9,83956,83978.4,73.581,55.364999999999995,18.216,37.149,0.5048721816773352,94515.255,94515.255,,5,ABOVE_LR
2026-09-26 14:55:00,2026-09-26T19:55:00.000Z,83978.5,83985.3,83978.4,83985.3,11.11,6.206,4.904,1.3020000000000005,0.11719171917191724,94514.246,94514.246,,5,ABOVE_LR
2026-09-26 15:00:00,2026-09-26T20:00:00.000Z,83985.3,84006.4,83982.1,84004,43.196,30.291,12.905000000000001,17.386,0.40249097138623946,94512.333,94512.333,,5,ABOVE_LR
2026-09-26 15:05:00,2026-09-26T20:05:00.000Z,84004,84025.4,83951.1,83951.1,180.86200000000002,145.977,34.88500000000001,111.092,0.6142362685362319,94507.275,94507.275,,5,ABOVE_LR
2026-09-26 15:10:00,2026-09-26T20:10:00.000Z,83951.1,83980.1,83951.1,83975.6,28.083000000000002,17.128999999999998,10.953999999999999,6.1750000000000025,0.21988391553608952,94462.468,94462.468,,5,ABOVE_LR
2026-09-26 15:15:00,2026-09-26T20:15:00.000Z,83975.7,84011.2,83975.6,84011.2,60.099999999999994,50.446000000000005,9.653999999999996,40.79200000000001,0.6787354409317806,94459.775,94459.775,,5,ABOVE_LR
2026-09-26 15:20:00,2026-09-26T20:20:00.000Z,84011.1,84015.2,84004.3,84014.4,26.481,17.839,8.642,9.197,0.3473056153468524,94435.971,94435.971,,5,ABOVE_LR
2026-09-26 15:25:00,2026-09-26T20:25:00.000Z,84014.4,84045.3,84014.3,84045.3,82.27700000000002,69.768,12.509000000000004,57.259,0.6959296036559426,94434.257,94434.257,,5,ABOVE_LR
2026-09-26 15:30:00,2026-09-26T20:30:00.000Z,84045.3,84055.9,84045.2,84055.8,28.764,22.804000000000002,5.959999999999998,16.844,0.5855931024892227,94417.863,94417.863,,5,ABOVE_LR
2026-09-26 15:35:00,2026-09-26T20:35:00.000Z,84055.9,84055.9,83947.3,83947.3,49.118,9.248,39.87,-30.622,-0.6234374363777027,94408.721,94408.721,,5,ABOVE_LR
2026-09-26 15:40:00,2026-09-26T20:40:00.000Z,83947.3,83947.4,83825,83857.1,573.2520000000001,230.17299999999997,343.079,-112.906,-0.19695701018051398,94399.091,94399.091,,5,ABOVE_LR
2026-09-26 15:45:00,2026-09-26T20:45:00.000Z,83857,83928.8,83778.4,83794.4,419.17599999999993,178.655,240.52100000000002,-61.866,-0.14758955665400694,94353.011,94353.011,,5,ABOVE_LR
2026-09-26 15:50:00,2026-09-26T20:50:00.000Z,83794.3,83974.6,83790,83974.6,205.58300000000003,174.22,31.363000000000003,142.857,0.6948872231653395,94304.244,94304.244,,5,ABOVE_LR
2026-09-26 15:55:00,2026-09-26T20:55:00.000Z,83974.5,84010.9,83974.5,83995.5,90.57300000000002,38.61699999999999,51.956,-13.339000000000002,-0.14727347001865898,94300.518,94300.518,,5,ABOVE_LR
2026-09-26 16:00:00,2026-09-26T21:00:00.000Z,83995.5,84082.5,83995,84066.9,168.94099999999997,122.293,46.647999999999996,75.64500000000001,0.4477598688299467,94302.038,94302.038,,5,ABOVE_LR
2026-09-26 16:05:00,2026-09-26T21:05:00.000Z,84066.9,84066.9,84048.1,84060,64.02099999999999,21.056,42.96499999999999,-21.909,-0.3422158354289999,94320.494,94320.494,,5,ABOVE_LR
2026-09-26 16:10:00,2026-09-26T21:10:00.000Z,84060,84088.7,84055.6,84088.5,80.847,50.266000000000005,30.581,19.685000000000002,0.2434846067262855,94307.775,94307.775,,5,ABOVE_LR
2026-09-26 16:15:00,2026-09-26T21:15:00.000Z,84088.5,84134.6,84088.5,84113.5,133.15699999999998,84.14499999999998,49.012,35.132999999999996,0.26384643691281723,94304.108,94304.108,,5,ABOVE_LR
2026-09-26 16:20:00,2026-09-26T21:20:00.000Z,84113.6,84119,84058.7,84119,150.967,61.994,88.973,-26.978999999999996,-0.17870792954751696,94315.615,94315.615,,5,ABOVE_LR
2026-09-26 16:25:00,2026-09-26T21:25:00.000Z,84118.9,84181.5,84118.9,84171.2,230.819,147.451,83.36799999999998,64.08300000000001,0.2776331237896361,94299.027,94299.027,,5,ABOVE_LR
2026-09-26 16:30:00,2026-09-26T21:30:00.000Z,84171.2,84229.3,84164,84229.3,375.37,220.177,155.19300000000004,64.98399999999998,0.17311985507632463,94254.267,94254.267,,5,ABOVE_LR
2026-09-26 16:35:00,2026-09-26T21:35:00.000Z,84229.3,84229.3,84160,84160,109.04100000000001,34.403,74.638,-40.235,-0.36898964609642243,94294.27,94294.27,,5,ABOVE_LR
2026-09-26 16:40:00,2026-09-26T21:40:00.000Z,84160,84160,84112.6,84130.7,87.998,38.229,49.769,-11.540000000000003,-0.13113934407600175,94283.269,94283.269,,5,ABOVE_LR
2026-09-26 16:45:00,2026-09-26T21:45:00.000Z,84130.7,84130.8,84093.9,84115.3,57.32,23.453999999999997,33.866,-10.411999999999999,-0.18164689462665734,94271.717,94271.717,,5,ABOVE_LR
2026-09-26 16:50:00,2026-09-26T21:50:00.000Z,84115.4,84120,84080.1,84080.1,86.971,34.690999999999995,52.28,-17.589,-0.202239827068793,94274.204,94274.204,,5,ABOVE_LR
2026-09-26 16:55:00,2026-09-26T21:55:00.000Z,84080.1,84118.7,84077.4,84118.6,62.143,41.57099999999999,20.571999999999996,20.999000000000006,0.3379141657145617,94280.335,94280.335,,5,ABOVE_LR
2026-09-26 17:00:00,2026-09-26T22:00:00.000Z,84118.6,84204.7,84118.6,84204.7,147.964,81.345,66.61899999999999,14.726000000000004,0.09952420859127899,94282.883,94282.883,,5,ABOVE_LR
2026-09-26 17:05:00,2026-09-26T22:05:00.000Z,84204.6,84386.6,84204.6,84309.1,896.6730000000001,617.28,279.3930000000001,337.88699999999994,0.3768229889826056,94302.776,94302.776,,5,ABOVE_LR
2026-09-26 17:10:00,2026-09-26T22:10:00.000Z,84309.1,84320.1,84273.9,84311.9,153.928,83.07300000000001,70.855,12.217999999999993,0.0793747726209656,94450.749,94450.749,,5,ABOVE_LR
2026-09-26 17:15:00,2026-09-26T22:15:00.000Z,84311.9,84312,84250,84250,87.36999999999999,32.626999999999995,54.743,-22.116,-0.2531303651138835,94472.863,94472.863,,5,ABOVE_LR
2026-09-26 17:20:00,2026-09-26T22:20:00.000Z,84250,84282.1,84207,84280.5,143.124,75.53899999999999,67.58500000000001,7.95399999999999,0.055574187417903285,94475.971,94475.971,,5,ABOVE_LR
2026-09-26 17:25:00,2026-09-26T22:25:00.000Z,84280.5,84324.6,84250,84315.1,184.233,117.06,67.173,49.887,0.27078210744003517,94482.353,94482.353,,5,ABOVE_LR
2026-09-26 17:30:00,2026-09-26T22:30:00.000Z,84315,84315,84255.1,84259.6,163.08700000000002,35.093999999999994,127.99300000000001,-92.89900000000002,-0.5696284805042707,94481.952,94481.952,,5,ABOVE_LR
2026-09-26 17:35:00,2026-09-26T22:35:00.000Z,84259.6,84259.6,84222.4,84236.3,54.134,8.685,45.449,-36.764,-0.6791295673698601,94507.239,94507.239,,5,ABOVE_LR
2026-09-26 17:40:00,2026-09-26T22:40:00.000Z,84236.4,84263.9,84230.7,84232.3,46.945,12.823,34.122,-21.299,-0.4537011396314836,94521.73,94521.73,,5,ABOVE_LR
2026-09-26 17:45:00,2026-09-26T22:45:00.000Z,84232.3,84268.2,84232.3,84267.2,40.744,24.884999999999998,15.858999999999998,9.026000000000003,0.22152955036324376,94527.631,94527.631,,5,ABOVE_LR
2026-09-26 17:50:00,2026-09-26T22:50:00.000Z,84267.1,84310,84262.5,84272,112.32900000000001,45.466,66.863,-21.397,-0.1904850928967586,94523.021,94523.021,,5,ABOVE_LR
2026-09-26 17:55:00,2026-09-26T22:55:00.000Z,84272,84272.1,84235.5,84249.4,137.316,64.157,73.15899999999999,-9.001999999999995,-0.06555681785079667,94519.848,94519.848,,5,ABOVE_LR
2026-09-26 18:00:00,2026-09-26T23:00:00.000Z,84249.4,84346.7,84249.4,84317.9,182.67399999999998,100.28999999999999,82.384,17.906,0.09802161227104021,94577.457,94577.457,,5,ABOVE_LR
2026-09-26 18:05:00,2026-09-26T23:05:00.000Z,84318,84318,84280.1,84285.6,58.001,20.632,37.369,-16.737000000000002,-0.28856399027602975,94605.547,94605.547,,5,ABOVE_LR
2026-09-26 18:10:00,2026-09-26T23:10:00.000Z,84285.6,84330.6,84285.6,84326.7,171.14600000000002,128.898,42.248000000000005,86.65,0.5062928727519194,94617.11,94617.11,,5,ABOVE_LR
2026-09-26 18:15:00,2026-09-26T23:15:00.000Z,84326.7,84370.4,84305.3,84357.6,499.76399999999995,371.03600000000006,128.72799999999998,242.30800000000002,0.4848448467676744,94554.902,94554.902,,5,ABOVE_LR
2026-09-26 18:20:00,2026-09-26T23:20:00.000Z,84357.5,84415.9,84328.4,84328.5,246.56299999999996,143.063,103.49999999999999,39.56300000000002,0.16045797625758942,94370.313,94370.313,,5,ABOVE_LR
2026-09-26 18:25:00,2026-09-26T23:25:00.000Z,84328.4,84347.2,84285.3,84340,299.588,186.47,113.11800000000001,73.35199999999999,0.24484291760684668,94302.544,94302.544,,5,ABOVE_LR
2026-09-26 18:30:00,2026-09-26T23:30:00.000Z,84339.9,84397.7,84329.4,84390.5,179.815,120.53900000000002,59.27599999999999,61.26300000000002,0.34070016405750364,94256.025,94256.025,,5,ABOVE_LR
2026-09-26 18:35:00,2026-09-26T23:35:00.000Z,84390.5,84410.6,84331.7,84356.4,178.86700000000002,73.494,105.37299999999999,-31.879,-0.1782273980108125,94297.533,94297.533,,5,ABOVE_LR
2026-09-26 18:40:00,2026-09-26T23:40:00.000Z,84356.5,84401.7,84309.6,84315.7,182.15500000000003,105.424,76.73100000000001,28.69299999999999,0.15751969476544694,94323.275,94323.275,,5,ABOVE_LR
2026-09-26 18:45:00,2026-09-26T23:45:00.000Z,84315.7,84409.2,84315.7,84383.8,238.03699999999998,124.752,113.28499999999998,11.467000000000006,0.04817318316060111,94366.662,94366.662,,5,ABOVE_LR
2026-09-26 18:50:00,2026-09-26T23:50:00.000Z,84383.8,84409.8,84373.3,84395.4,191.51300000000003,127.35700000000001,64.156,63.20100000000001,0.33000892889777717,94389.716,94389.716,,5,ABOVE_LR
2026-09-26 18:55:00,2026-09-26T23:55:00.000Z,84395.4,84458.6,84382.7,84403.3,427.88800000000003,272.079,155.80900000000003,116.26999999999998,0.2717299854167445,94394.863,94394.863,,5,ABOVE_LR
2026-09-26 19:00:00,2026-09-27T00:00:00.000Z,84403.2,84411.2,84285.4,84318.1,385.058,102.11200000000001,282.94599999999997,-180.834,-0.46962795215266273,94517.662,94517.662,,5,ABOVE_LR
2026-09-26 19:05:00,2026-09-27T00:05:00.000Z,84318.1,84333.9,84314.6,84314.8,100.11,37.284000000000006,62.826,-25.541999999999998,-0.2551393467186095,94467.967,94467.967,,5,ABOVE_LR
2026-09-26 19:10:00,2026-09-27T00:10:00.000Z,84314.8,84314.8,84282.2,84290.6,98.00200000000001,14.142000000000001,83.86000000000001,-69.718,-0.7113936450276525,94472.834,94472.834,,5,ABOVE_LR
2026-09-26 19:15:00,2026-09-27T00:15:00.000Z,84290.6,84290.6,84214.5,84223.5,153.387,20.672,132.715,-112.043,-0.7304595565465131,94504.282,94504.282,,5,ABOVE_LR
2026-09-26 19:20:00,2026-09-27T00:20:00.000Z,84223.5,84247.8,84223.5,84224,106.47899999999998,36.892,69.587,-32.69499999999999,-0.3070558513885367,94474.541,94474.541,,5,ABOVE_LR
2026-09-26 19:25:00,2026-09-27T00:25:00.000Z,84224.1,84231.1,84224,84226.8,35.129999999999995,13.636,21.494,-7.8580000000000005,-0.22368346142897813,94468.948,94468.948,,5,ABOVE_LR
2026-09-26 19:30:00,2026-09-27T00:30:00.000Z,84226.8,84345.5,84226.7,84323.1,178.379,147.536,30.842999999999986,116.69300000000001,0.6541857505648088,94479.975,94479.975,,5,ABOVE_LR
2026-09-26 19:35:00,2026-09-27T00:35:00.000Z,84323.1,84356.2,84295.6,84319.6,115.36900000000001,79.418,35.951,43.467,0.3767649888618259,94438.937,94438.937,,5,ABOVE_LR
2026-09-26 19:40:00,2026-09-27T00:40:00.000Z,84319.6,84319.6,84303.6,84303.7,38.764,12.677999999999999,26.086,-13.408,-0.3458879372613765,94399.073,94399.073,,5,ABOVE_LR
2026-09-26 19:45:00,2026-09-27T00:45:00.000Z,84303.7,84314.8,84285.2,84294.3,68.316,35.675,32.641000000000005,3.033999999999997,0.04441126529656299,94397.536,94397.536,,5,ABOVE_LR
2026-09-26 19:50:00,2026-09-27T00:50:00.000Z,84294.3,84303.7,84257.8,84266,74.86500000000001,40.724,34.141000000000005,6.582999999999995,0.0879316102317504,94396.803,94396.803,,5,ABOVE_LR
2026-09-26 19:55:00,2026-09-27T00:55:00.000Z,84266.1,84266.8,84262.2,84266.8,31.689000000000004,10.28,21.409000000000002,-11.129000000000003,-0.3511944207769258,94409.677,94409.677,,5,ABOVE_LR
2026-09-26 20:00:00,2026-09-27T01:00:00.000Z,84266.7,84271.3,84257.9,84258,54.995999999999995,16.218999999999998,38.777,-22.558000000000003,-0.4101752854753074,94408.181,94408.181,,5,ABOVE_LR
2026-09-26 20:05:00,2026-09-27T01:05:00.000Z,84258,84303.7,84242.7,84303.7,81.896,56.855999999999995,25.040000000000003,31.815999999999995,0.3884927224772882,94417.427,94417.427,,5,ABOVE_LR
2026-09-26 20:10:00,2026-09-27T01:10:00.000Z,84303.7,84359.6,84303.6,84359.6,142.68,127.455,15.225,112.23,0.7865853658536586,94423.248,94423.248,,5,ABOVE_LR
2026-09-26 20:15:00,2026-09-27T01:15:00.000Z,84359.5,84376.5,84308.6,84329.6,82.056,35.789,46.26700000000001,-10.478,-0.1276932826362484,94389.988,94389.988,,5,ABOVE_LR
2026-09-26 20:20:00,2026-09-27T01:20:00.000Z,84329.6,84334,84318.7,84318.8,67.277,26.547,40.730000000000004,-14.182999999999998,-0.21081498877773977,94391.249,94391.249,,5,ABOVE_LR
2026-09-26 20:25:00,2026-09-27T01:25:00.000Z,84318.8,84327.3,84294.9,84295.9,76.807,21.621,55.18599999999999,-33.565,-0.43700443969950653,94400.429,94400.429,,5,ABOVE_LR
2026-09-26 20:30:00,2026-09-27T01:30:00.000Z,84295.9,84312.9,84265.1,84265.2,49.437999999999995,14.294,35.144,-20.849999999999998,-0.4217403616651159,94416.182,94416.182,,5,ABOVE_LR
2026-09-26 20:35:00,2026-09-27T01:35:00.000Z,84265.1,84293.9,84265.1,84293.8,38.43000000000001,27.508,10.922000000000002,16.586,0.43158990372105116,94417.714,94417.714,,5,ABOVE_LR
2026-09-26 20:40:00,2026-09-27T01:40:00.000Z,84293.8,84374.6,84293.8,84374.5,97.85900000000001,59.67400000000001,38.184999999999995,21.489000000000004,0.21959145300892102,94406.905,94406.905,,5,ABOVE_LR
2026-09-26 20:45:00,2026-09-27T01:45:00.000Z,84374.4,84445,84374.4,84434.8,187.84900000000002,120.39500000000001,67.45400000000001,52.940999999999995,0.28182742521919196,94410.479,94410.479,,5,ABOVE_LR
2026-09-26 20:50:00,2026-09-27T01:50:00.000Z,84434.8,84559.6,84426.3,84481.8,654.748,495.371,159.377,335.99399999999997,0.513165370493686,94371.188,94371.188,,5,ABOVE_LR
2026-09-26 20:55:00,2026-09-27T01:55:00.000Z,84481.8,84501,84425.3,84455.3,219.716,125.48200000000001,94.23399999999998,31.248000000000008,0.1422199566713394,94258.665,94258.665,,5,ABOVE_LR
2026-09-26 21:00:00,2026-09-27T02:00:00.000Z,84455.3,84474.9,84412.1,84422.5,178.54399999999998,94.342,84.202,10.140000000000006,0.05679272336230849,94291.039,94291.039,,5,ABOVE_LR
2026-09-26 21:05:00,2026-09-27T02:05:00.000Z,84422.6,84498.6,84422.5,84492.1,93.029,72.802,20.226999999999997,52.575,0.5651463522127509,94320.155,94320.155,,5,ABOVE_LR
2026-09-26 21:10:00,2026-09-27T02:10:00.000Z,84492.1,84492.1,84429.2,84458.4,120.458,45.762,74.69600000000001,-28.933999999999997,-0.240199903700875,94320.346,94320.346,,5,ABOVE_LR
2026-09-26 21:15:00,2026-09-27T02:15:00.000Z,84458.5,84470.1,84422.5,84470,97.838,49.491,48.34700000000001,1.1439999999999984,0.011692798299229323,94323.39,94323.39,,5,ABOVE_LR
2026-09-26 21:20:00,2026-09-27T02:20:00.000Z,84470.1,84506,84470,84480,104.90499999999999,62.542,42.363,20.179,0.19235498784614652,94334.581,94334.581,,5,ABOVE_LR
2026-09-26 21:25:00,2026-09-27T02:25:00.000Z,84480,84483.8,84455.9,84470.4,89.27099999999999,49.918,39.352999999999994,10.565,0.1183475036686046,94338.095,94338.095,,5,ABOVE_LR
2026-09-26 21:30:00,2026-09-27T02:30:00.000Z,84470.5,84502.6,84466.9,84466.9,67.722,38.071999999999996,29.65,8.421999999999997,0.12436135967632377,94335.267,94335.267,,5,ABOVE_LR
2026-09-26 21:35:00,2026-09-27T02:35:00.000Z,84466.9,84467,84432,84437.5,64.557,30.069000000000003,34.488,-4.4190000000000005,-0.06845113620521401,94331.87,94331.87,,5,ABOVE_LR
2026-09-26 21:40:00,2026-09-27T02:40:00.000Z,84437.5,84437.6,84433.5,84437.5,52.14900000000001,21.715000000000003,30.434000000000005,-8.719000000000001,-0.16719400180252736,94320.098,94320.098,,5,ABOVE_LR
2026-09-26 21:45:00,2026-09-27T02:45:00.000Z,84437.6,84437.6,84402.6,84431.9,76.615,41.894999999999996,34.72,7.174999999999997,0.09365006852444036,94312.976,94312.976,,5,ABOVE_LR
2026-09-26 21:50:00,2026-09-27T02:50:00.000Z,84431.9,84443.9,84418.4,84418.4,61.38,28,33.379999999999995,-5.3799999999999955,-0.08765070055392628,94299.988,94299.988,,5,ABOVE_LR
2026-09-26 21:55:00,2026-09-27T02:55:00.000Z,84418.5,84418.5,84402.4,84414.6,49.632000000000005,23.311,26.320999999999998,-3.0100000000000007,-0.060646357188910385,94296.637,94296.637,,5,ABOVE_LR
2026-09-26 22:00:00,2026-09-27T03:00:00.000Z,84414.6,84456.9,84414.5,84450,55.24,39.186,16.054,23.131999999999998,0.4187545257060101,94298.809,94298.809,,5,ABOVE_LR
2026-09-26 22:05:00,2026-09-27T03:05:00.000Z,84450.1,84483.5,84440.9,84440.9,91.92500000000001,43.30800000000001,48.617000000000004,-5.309000000000001,-0.057753603481098724,94294.001,94294.001,,5,ABOVE_LR
2026-09-26 22:10:00,2026-09-27T03:10:00.000Z,84440.9,84450.1,84433.9,84449.8,55.997,40.014,15.983000000000002,24.031,0.42914799007089666,94302.221,94302.221,,5,ABOVE_LR
2026-09-26 22:15:00,2026-09-27T03:15:00.000Z,84449.8,84449.9,84416.2,84416.2,32.227999999999994,7.751,24.476999999999997,-16.726,-0.5189896983989079,94298.862,94298.862,,5,ABOVE_LR
2026-09-26 22:20:00,2026-09-27T03:20:00.000Z,84416.3,84416.3,84359.1,84360,136.768,39.39,97.378,-57.988,-0.42398806738418343,94298.936,94298.936,,5,ABOVE_LR
2026-09-26 22:25:00,2026-09-27T03:25:00.000Z,84359.9,84360,84334.5,84351.8,168.966,59.818000000000005,109.148,-49.330000000000005,-0.2919522270752696,94283.14,94283.14,,5,ABOVE_LR
2026-09-26 22:30:00,2026-09-27T03:30:00.000Z,84351.7,84400,84351.7,84399.9,47.431,35.523999999999994,11.907000000000002,23.616999999999994,0.4979232991081781,94254.525,94254.525,,5,ABOVE_LR
2026-09-26 22:35:00,2026-09-27T03:35:00.000Z,84399.9,84400,84349.5,84349.6,100.608,34.013,66.595,-32.581999999999994,-0.323850986005089,94247.222,94247.222,,5,ABOVE_LR
2026-09-26 22:40:00,2026-09-27T03:40:00.000Z,84349.6,84370,84349.5,84367.4,79.339,42.098,37.24100000000001,4.856999999999994,0.061218316338748836,94229.913,94229.913,,5,ABOVE_LR
2026-09-26 22:45:00,2026-09-27T03:45:00.000Z,84367.4,84367.5,84315,84358.4,164.39499999999998,48.616,115.77900000000001,-67.163,-0.40854648864016546,94220.074,94220.074,,5,ABOVE_LR
2026-09-26 22:50:00,2026-09-27T03:50:00.000Z,84358.4,84358.4,84344,84351.1,26.246000000000002,7.413,18.833,-11.42,-0.4351139221214661,94168.107,94168.107,,5,ABOVE_LR
2026-09-26 22:55:00,2026-09-27T03:55:00.000Z,84351.1,84378.2,84351,84356.2,86.727,31.921,54.806,-22.884999999999998,-0.263873995410887,94163.44,94163.44,,5,ABOVE_LR
2026-09-26 23:00:00,2026-09-27T04:00:00.000Z,84356.2,84373.9,84346.4,84356.6,182.37300000000002,71.411,110.96199999999999,-39.551,-0.2168687250854019,94134.015,94134.015,,5,ABOVE_LR
2026-09-26 23:05:00,2026-09-27T04:05:00.000Z,84356.7,84414.7,84356.6,84394.7,85.86,58.300000000000004,27.559999999999995,30.740000000000002,0.3580246913580247,94065.926,94065.926,,5,ABOVE_LR
2026-09-26 23:10:00,2026-09-27T04:10:00.000Z,84394.6,84470.8,84394.6,84447.3,122.62700000000001,75.52399999999999,47.10300000000001,28.42099999999998,0.23176788146166816,94091.32,94091.32,,5,ABOVE_LR
2026-09-26 23:15:00,2026-09-27T04:15:00.000Z,84447.3,84454.5,84411,84411.1,69.58699999999999,16.977,52.61,-35.632999999999996,-0.5120640349490566,94105.411,94105.411,,5,ABOVE_LR
2026-09-26 23:20:00,2026-09-27T04:20:00.000Z,84411.1,84456,84411,84412,148.373,86.457,61.91599999999999,24.54100000000001,0.1654007130677415,94123.308,94123.308,,5,ABOVE_LR
2026-09-26 23:25:00,2026-09-27T04:25:00.000Z,84412.1,84412.1,84378.3,84378.4,57.923,4.018,53.905,-49.887,-0.8612640919841859,94122.563,94122.563,,5,ABOVE_LR
2026-09-26 23:30:00,2026-09-27T04:30:00.000Z,84378.3,84378.3,84301.5,84301.5,113.27300000000001,11.245000000000001,102.02799999999999,-90.783,-0.8014531265173518,94124.27,94124.27,,5,ABOVE_LR
2026-09-26 23:35:00,2026-09-27T04:35:00.000Z,84301.5,84318.3,84273.8,84273.9,155.496,58.577000000000005,96.919,-38.34199999999999,-0.24657869012707714,94134.872,94134.872,,5,ABOVE_LR
2026-09-26 23:40:00,2026-09-27T04:40:00.000Z,84273.8,84287.4,84265,84269.9,151.61599999999999,81.72999999999999,69.886,11.844,0.07811840439003799,94110.28,94110.28,,5,ABOVE_LR
2026-09-26 23:45:00,2026-09-27T04:45:00.000Z,84269.8,84317,84259.2,84301.7,109.592,56.885999999999996,52.705999999999996,4.180000000000002,0.038141470180305156,94114.766,94114.766,,5,ABOVE_LR
2026-09-26 23:50:00,2026-09-27T04:50:00.000Z,84301.7,84301.8,84273,84288.8,43.141,23.506,19.635,3.871000000000002,0.08972902807074483,94110.866,94110.866,,5,ABOVE_LR
2026-09-26 23:55:00,2026-09-27T04:55:00.000Z,84288.8,84295,84282.2,84295,34.611,15.669,18.942,-3.2729999999999997,-0.09456531160613678,94103.61,94103.61,,5,ABOVE_LR
2026-09-27 00:00:00,2026-09-27T05:00:00.000Z,84295,84335.2,84279.8,84331.5,74.05600000000001,40.501999999999995,33.554,6.948,0.09382089229772063,94105.149,94105.149,,5,ABOVE_LR
2026-09-27 00:05:00,2026-09-27T05:05:00.000Z,84331.5,84369.7,84331.4,84345,76.17,51.614,24.556000000000004,27.058,0.3552317185243534,94105.208,94105.208,,5,ABOVE_LR
2026-09-27 00:10:00,2026-09-27T05:10:00.000Z,84345.1,84348.5,84331.1,84348.5,72.7,28.484,44.21600000000001,-15.732000000000001,-0.2163961485557084,94106.031,94106.031,,5,ABOVE_LR
2026-09-27 00:15:00,2026-09-27T05:15:00.000Z,84348.5,84365,84348.4,84361.9,34.508,20.01,14.498,5.512000000000003,0.1597310768517446,94100.745,94100.745,,5,ABOVE_LR
2026-09-27 00:20:00,2026-09-27T05:20:00.000Z,84361.9,84361.9,84360,84360,17.926,9.446,8.48,0.9660000000000006,0.05388820707352453,94094.046,94094.046,,5,ABOVE_LR
2026-09-27 00:25:00,2026-09-27T05:25:00.000Z,84360,84360.1,84352.9,84352.9,31.654,12.571999999999997,19.082,-6.51,-0.2056612118531623,94097.154,94097.154,,5,ABOVE_LR
2026-09-27 00:30:00,2026-09-27T05:30:00.000Z,84352.9,84425.7,84352.9,84424.9,175.29600000000002,141.628,33.668000000000006,107.95999999999998,0.6158725812340268,94099.203,94099.203,,5,ABOVE_LR
2026-09-27 00:35:00,2026-09-27T05:35:00.000Z,84424.9,84640,84424.9,84523.5,941.9380000000001,599.886,342.05199999999996,257.834,0.27372714552337835,94082.906,94082.906,,5,ABOVE_LR
2026-09-27 00:40:00,2026-09-27T05:40:00.000Z,84523.5,84523.6,84483,84511.4,153.451,85.761,67.69000000000001,18.070999999999998,0.1177639767743449,94061.701,94061.701,,5,ABOVE_LR
2026-09-27 00:45:00,2026-09-27T05:45:00.000Z,84511.3,84540.2,84488.9,84499.5,135.22899999999998,55.983000000000004,79.246,-23.262999999999998,-0.1720267102470624,94071.73,94071.73,,5,ABOVE_LR
2026-09-27 00:50:00,2026-09-27T05:50:00.000Z,84499.5,84499.6,84434.4,84435.5,105.72999999999999,8.822,96.908,-88.08600000000001,-0.8331221034711058,94040.178,94040.178,,5,ABOVE_LR
2026-09-27 00:55:00,2026-09-27T05:55:00.000Z,84435.4,84458.6,84429.6,84437.1,123.197,65.178,58.019,7.1590000000000025,0.05811018125441368,94032.266,94032.266,,5,ABOVE_LR
2026-09-27 01:00:00,2026-09-27T06:00:00.000Z,84437.1,84472.2,84437,84470.6,74.947,45.528000000000006,29.419000000000004,16.109,0.2149385565799832,94055.482,94055.482,,5,ABOVE_LR
2026-09-27 01:05:00,2026-09-27T06:05:00.000Z,84470.5,84509.9,84470.5,84509.9,77.85900000000001,49.017,28.842,20.174999999999997,0.2591222594690401,94047.108,94047.108,,5,ABOVE_LR
2026-09-27 01:10:00,2026-09-27T06:10:00.000Z,84510,84567.6,84509.9,84559.9,149.757,107.828,41.929,65.899,0.44003953070641105,94041.031,94041.031,,5,ABOVE_LR
2026-09-27 01:15:00,2026-09-27T06:15:00.000Z,84559.9,84560,84491.8,84538.5,248.043,115.70200000000001,132.341,-16.638999999999978,-0.06708111093641013,94053.075,94053.075,,5,ABOVE_LR
2026-09-27 01:20:00,2026-09-27T06:20:00.000Z,84538.5,84593.6,84538.5,84593.6,186.13099999999997,104.343,81.788,22.555000000000007,0.12117809499760926,94090.349,94090.349,,5,ABOVE_LR
2026-09-27 01:25:00,2026-09-27T06:25:00.000Z,84593.5,84593.6,84545.2,84545.2,116.914,44.923,71.991,-27.067999999999998,-0.23152060488906373,94098.453,94098.453,,5,ABOVE_LR
2026-09-27 01:30:00,2026-09-27T06:30:00.000Z,84545.3,84561.6,84477.8,84489.9,121.01799999999999,40.467,80.55099999999999,-40.08399999999999,-0.33122345436216094,94127.572,94127.572,,5,ABOVE_LR
2026-09-27 01:35:00,2026-09-27T06:35:00.000Z,84489.9,84507.3,84476,84486.9,75.86200000000001,25.621,50.241,-24.62,-0.32453665866968967,94137.591,94137.591,,5,ABOVE_LR
2026-09-27 01:40:00,2026-09-27T06:40:00.000Z,84486.9,84505.8,84471.9,84480,65.342,32.207,33.135,-0.9279999999999999,-0.014202197667656331,94129.388,94129.388,,5,ABOVE_LR
2026-09-27 01:45:00,2026-09-27T06:45:00.000Z,84480,84520.1,84479.9,84520.1,84.9,58.30799999999999,26.592,31.716,0.37356890459363956,94130.221,94130.221,,5,ABOVE_LR
2026-09-27 01:50:00,2026-09-27T06:50:00.000Z,84520.1,84520.1,84482.8,84482.8,110.17300000000002,18.419,91.754,-73.33500000000001,-0.6656349559329418,94141.352,94141.352,,5,ABOVE_LR
2026-09-27 01:55:00,2026-09-27T06:55:00.000Z,84482.8,84482.9,84437.5,84477.1,120.31700000000001,36.07,84.24700000000001,-48.177,-0.4004172311477181,94153.003,94153.003,,5,ABOVE_LR
2026-09-27 02:00:00,2026-09-27T07:00:00.000Z,84477.1,84503,84470.2,84503,38.365,28.000999999999998,10.364,17.636999999999997,0.4597158868760588,94132.379,94132.379,,5,ABOVE_LR
2026-09-27 02:05:00,2026-09-27T07:05:00.000Z,84503,84503,84487.5,84494.3,49.697,19.655,30.041999999999998,-10.386999999999999,-0.20900657987403662,94135.586,94135.586,,5,ABOVE_LR
2026-09-27 02:10:00,2026-09-27T07:10:00.000Z,84494.3,84503,84477.4,84490.1,98.319,59.079,39.239999999999995,19.838999999999995,0.20178195465779752,94149.467,94149.467,,5,ABOVE_LR
2026-09-27 02:15:00,2026-09-27T07:15:00.000Z,84490.2,84503,84441.6,84445.5,121.475,21.814999999999998,99.66,-77.845,-0.640831446799753,94128.943,94128.943,,5,ABOVE_LR
2026-09-27 02:20:00,2026-09-27T07:20:00.000Z,84445.6,84463.4,84445.5,84463.4,48.903999999999996,38.595,10.308999999999997,28.286,0.5783984950106331,94154.277,94154.277,,5,ABOVE_LR
2026-09-27 02:25:00,2026-09-27T07:25:00.000Z,84463.3,84495.6,84463.3,84483.2,70.77,44.105,26.665000000000003,17.439999999999998,0.24643210399886956,94137.199,94137.199,,5,ABOVE_LR
2026-09-27 02:30:00,2026-09-27T07:30:00.000Z,84483.2,84537.3,84483.1,84537.2,128.59199999999998,93.37299999999999,35.21900000000001,58.153999999999996,0.45223653104392186,94151.453,94151.453,,5,ABOVE_LR
2026-09-27 02:35:00,2026-09-27T07:35:00.000Z,84537.3,84537.3,84507.1,84533.6,127.904,54.318999999999996,73.585,-19.266000000000005,-0.15062859644733556,94159.955,94159.955,,5,ABOVE_LR
2026-09-27 02:40:00,2026-09-27T07:40:00.000Z,84533.6,84588,84533.5,84571,176.759,109.721,67.038,42.68300000000001,0.2414756815777415,94178.102,94178.102,,5,ABOVE_LR
2026-09-27 02:45:00,2026-09-27T07:45:00.000Z,84570.9,84643.4,84566.3,84635.9,561.9839999999999,329.154,232.82999999999998,96.324,0.17139989750597884,94183.62,94183.62,,5,ABOVE_LR
2026-09-27 02:50:00,2026-09-27T07:50:00.000Z,84635.9,84699.9,84623.2,84629.9,703.567,483.25899999999996,220.30800000000002,262.951,0.3737398144028927,94405.036,94405.036,,5,ABOVE_LR
2026-09-27 02:55:00,2026-09-27T07:55:00.000Z,84629.9,84760.5,84629.8,84751.2,948.322,723.791,224.53099999999998,499.26000000000005,0.5264667486360118,94510.705,94510.705,,5,ABOVE_LR
2026-09-27 03:00:00,2026-09-27T08:00:00.000Z,84751.3,84788,84685.2,84780.7,727.646,421.76000000000005,305.88599999999997,115.87400000000002,0.15924501749477085,94701.056,94701.056,,5,ABOVE_LR
2026-09-27 03:05:00,2026-09-27T08:05:00.000Z,84780.8,84814.7,84780.7,84784.6,500.21700000000004,235.92000000000002,264.297,-28.37700000000002,-0.05672937944931903,94792.352,94792.352,,5,ABOVE_LR
2026-09-27 03:10:00,2026-09-27T08:10:00.000Z,84784.6,84809.8,84734.8,84773.2,356.38000000000005,159.445,196.935,-37.49000000000001,-0.10519670015152366,94808.028,94808.028,,5,ABOVE_LR
2026-09-27 03:15:00,2026-09-27T08:15:00.000Z,84773.2,84818.5,84760,84767.7,300.361,144.334,156.027,-11.693000000000001,-0.03892982111525798,94831.231,94831.231,,5,ABOVE_LR
2026-09-27 03:20:00,2026-09-27T08:20:00.000Z,84767.6,84841.3,84729.7,84742.2,372.221,191.938,180.28300000000002,11.655000000000008,0.03131204311417144,94784.082,94784.082,,5,ABOVE_LR
2026-09-27 03:25:00,2026-09-27T08:25:00.000Z,84742.3,84770,84712,84769.8,253.32100000000003,103.252,150.06900000000002,-46.81700000000001,-0.18481294484073568,94743.455,94743.455,,5,ABOVE_LR
2026-09-27 03:30:00,2026-09-27T08:30:00.000Z,84769.9,84855,84733.4,84788.9,334.168,212.536,121.632,90.904,0.2720308347896866,94783.306,94783.306,,5,ABOVE_LR
2026-09-27 03:35:00,2026-09-27T08:35:00.000Z,84788.8,84788.9,84703.2,84711.4,192.249,50.629,141.62,-90.99099999999999,-0.4732976504429151,94825.385,94825.385,,5,ABOVE_LR
2026-09-27 03:40:00,2026-09-27T08:40:00.000Z,84711.4,84711.4,84654.7,84710,203.93,93.13,110.79999999999998,-17.669999999999987,-0.08664737900259886,94825.459,94825.459,,5,ABOVE_LR
2026-09-27 03:45:00,2026-09-27T08:45:00.000Z,84710,84718.4,84670.7,84702.9,123.94800000000001,60.358000000000004,63.59,-3.2319999999999958,-0.026075450995578755,94795.434,94795.434,,5,ABOVE_LR
2026-09-27 03:50:00,2026-09-27T08:50:00.000Z,84702.9,84767.6,84702.9,84752.1,123.459,71.889,51.57000000000001,20.318999999999996,0.16458095400092335,94810.064,94810.064,,5,ABOVE_LR
2026-09-27 03:55:00,2026-09-27T08:55:00.000Z,84752.1,84788.9,84729.9,84753.4,272.76099999999997,119.07500000000002,153.686,-34.611,-0.1268913077749385,94811.896,94811.896,,5,ABOVE_LR
2026-09-27 04:00:00,2026-09-27T09:00:00.000Z,84753.4,84753.4,84689.9,84689.9,123.333,39.954,83.37899999999999,-43.425,-0.35209554620417893,94801.118,94801.118,,5,ABOVE_LR
2026-09-27 04:05:00,2026-09-27T09:05:00.000Z,84690,84690,84574.7,84584.1,300.722,91.28399999999999,209.438,-118.154,-0.39290108472276725,94795.476,94795.476,,5,ABOVE_LR
2026-09-27 04:10:00,2026-09-27T09:10:00.000Z,84584,84642.6,84550,84616.4,611.4879999999999,237.377,374.11099999999993,-136.73399999999998,-0.22360863990789678,94779.105,94779.105,,5,ABOVE_LR
2026-09-27 04:15:00,2026-09-27T09:15:00.000Z,84616.4,84650,84587,84623.6,128.751,81.16499999999999,47.586,33.57899999999999,0.2608057413146305,94784.992,94784.992,,5,ABOVE_LR
2026-09-27 04:20:00,2026-09-27T09:20:00.000Z,84623.6,84633,84613.7,84617,65.266,19.86,45.406,-25.546,-0.3914135997303343,94769.206,94769.206,,5,ABOVE_LR
2026-09-27 04:25:00,2026-09-27T09:25:00.000Z,84617,84666,84616.9,84666,149.846,106.35,43.49600000000001,62.854,0.4194573095044245,94779.21,94779.21,,5,ABOVE_LR
2026-09-27 04:30:00,2026-09-27T09:30:00.000Z,84665.9,84746.6,84665.9,84746.3,182.671,143.45,39.221000000000004,104.229,0.5705831795961045,94797.081,94797.081,,5,ABOVE_LR
2026-09-27 04:35:00,2026-09-27T09:35:00.000Z,84746.3,84746.3,84682.7,84737.9,121.24099999999999,54.108000000000004,67.13300000000001,-13.024999999999999,-0.10743065464653047,94773.734,94773.734,,5,ABOVE_LR
2026-09-27 04:40:00,2026-09-27T09:40:00.000Z,84738,84771.7,84732.7,84771.7,142.09699999999998,96.838,45.25899999999999,51.579,0.36298444020633797,94771.927,94771.927,,5,ABOVE_LR
2026-09-27 04:45:00,2026-09-27T09:45:00.000Z,84771.7,84921,84771.6,84912.7,696.301,490.227,206.074,284.15299999999996,0.40808931769450274,94783.228,94783.228,,5,ABOVE_LR
2026-09-27 04:50:00,2026-09-27T09:50:00.000Z,84912.6,84922.9,84854,84854.1,225.35999999999996,108.91199999999999,116.448,-7.535999999999998,-0.03343982960596379,94895.181,94895.181,,5,ABOVE_LR
2026-09-27 04:55:00,2026-09-27T09:55:00.000Z,84854.1,84910.4,84841,84910.4,274.943,193.98700000000002,80.956,113.031,0.41110702945701477,94924.525,94924.525,,5,ABOVE_LR
2026-09-27 05:00:00,2026-09-27T10:00:00.000Z,84910.3,84913.1,84857.2,84875.7,274.641,101.609,173.03199999999998,-71.423,-0.26005949585094723,94875.189,94875.189,,5,ABOVE_LR
2026-09-27 05:05:00,2026-09-27T10:05:00.000Z,84875.6,84941,84863.3,84937.9,340.934,243.53000000000003,97.404,146.126,0.4286049499316583,94912.11,94912.11,,5,ABOVE_LR
2026-09-27 05:10:00,2026-09-27T10:10:00.000Z,84937.9,85017.9,84936.7,84999,735.05,537.885,197.16499999999996,340.72,0.46353309298687173,94833.63,94833.63,,5,ABOVE_LR
2026-09-27 05:15:00,2026-09-27T10:15:00.000Z,84999,85095,84934.3,84957.3,806.56,406.42800000000005,400.13199999999995,6.296000000000035,0.007805990874826467,94868.913,94868.913,,5,ABOVE_LR
2026-09-27 05:20:00,2026-09-27T10:20:00.000Z,84957.3,84978.9,84913.2,84913.2,336.938,98.78000000000002,238.15800000000002,-139.378,-0.41366067347701946,94839.78,94839.78,,5,ABOVE_LR
2026-09-27 05:25:00,2026-09-27T10:25:00.000Z,84913.2,84928.7,84860.1,84883.7,233.402,86.952,146.45,-59.49799999999999,-0.2549164103135363,94845.21,94845.21,,5,ABOVE_LR
2026-09-27 05:30:00,2026-09-27T10:30:00.000Z,84883.7,84892.1,84860.9,84892,162.174,67.983,94.191,-26.20799999999999,-0.16160420289318875,94851.423,94851.423,,5,ABOVE_LR
2026-09-27 05:35:00,2026-09-27T10:35:00.000Z,84892,84894,84850.7,84854.7,146.93400000000003,34.347,112.58699999999999,-78.24000000000001,-0.5324839723957695,94865.903,94865.903,,5,ABOVE_LR
2026-09-27 05:40:00,2026-09-27T10:40:00.000Z,84854.7,84863.6,84807.7,84807.7,265.678,82.919,182.75900000000001,-99.84,-0.3757932534873042,94863.529,94863.529,,5,ABOVE_LR
2026-09-27 05:45:00,2026-09-27T10:45:00.000Z,84807.7,84874.6,84807.6,84849.9,322.946,141.43,181.51600000000002,-40.086,-0.12412601487555193,94816.484,94816.484,,5,ABOVE_LR
2026-09-27 05:50:00,2026-09-27T10:50:00.000Z,84849.9,84850,84750.1,84751.9,394.42100000000005,96.645,297.776,-201.131,-0.5099398865679058,94776.131,94776.131,,5,ABOVE_LR
2026-09-27 05:55:00,2026-09-27T10:55:00.000Z,84751.9,84840,84751.8,84839,275.102,222.11900000000003,52.98299999999999,169.13600000000002,0.6148119606545938,94661.317,94661.317,,5,ABOVE_LR
2026-09-27 06:00:00,2026-09-27T11:00:00.000Z,84839,84845.4,84800,84838.1,258.654,185.669,72.985,112.684,0.43565535425703833,94609.178,94609.178,,5,ABOVE_LR
2026-09-27 06:05:00,2026-09-27T11:05:00.000Z,84838.2,84884.4,84837.1,84884.3,190.004,131.45399999999998,58.55000000000001,72.90399999999998,0.3836971853224142,94555.298,94555.298,,5,ABOVE_LR
2026-09-27 06:10:00,2026-09-27T11:10:00.000Z,84884.4,84908.6,84857.5,84867.1,280.05699999999996,123.243,156.81400000000002,-33.57100000000001,-0.11987202605183951,94562.922,94562.922,,5,ABOVE_LR
2026-09-27 06:15:00,2026-09-27T11:15:00.000Z,84867,84873.6,84799.3,84825,139.857,59.328,80.529,-21.201,-0.15159055320791953,94579.047,94579.047,,5,ABOVE_LR
2026-09-27 06:20:00,2026-09-27T11:20:00.000Z,84824.9,84884.8,84802.2,84877.8,211.62,148.99099999999999,62.629000000000005,86.362,0.4080994234949437,94579.619,94579.619,,5,ABOVE_LR
2026-09-27 06:25:00,2026-09-27T11:25:00.000Z,84877.8,84900,84860.7,84860.7,92.925,35.587,57.337999999999994,-21.750999999999998,-0.23407048695184288,94608.438,94608.438,,5,ABOVE_LR
2026-09-27 06:30:00,2026-09-27T11:30:00.000Z,84860.7,84860.8,84797.7,84797.8,102.256,24.578999999999997,77.677,-53.098000000000006,-0.5192653731810359,94602.671,94602.671,,5,ABOVE_LR
2026-09-27 06:35:00,2026-09-27T11:35:00.000Z,84797.8,84844.3,84777,84820.9,281.906,113.088,168.81800000000004,-55.73000000000002,-0.19769001014522578,94624.612,94624.612,,5,ABOVE_LR
2026-09-27 06:40:00,2026-09-27T11:40:00.000Z,84821,84875,84820.9,84875,60.682,49.403999999999996,11.277999999999999,38.126000000000005,0.6282917504367028,94562.41,94562.41,,5,ABOVE_LR
2026-09-27 06:45:00,2026-09-27T11:45:00.000Z,84874.9,84884,84800.1,84807.2,229.144,49.808,179.33599999999998,-129.52800000000002,-0.565269001152114,94566.411,94566.411,,5,ABOVE_LR
2026-09-27 06:50:00,2026-09-27T11:50:00.000Z,84807.3,84866.5,84804.7,84852.1,162.189,96.79599999999999,65.393,31.40300000000001,0.19361978925821116,94554.242,94554.242,,5,ABOVE_LR
2026-09-27 06:55:00,2026-09-27T11:55:00.000Z,84852.2,84882.8,84845,84857.5,116.04199999999999,42.150000000000006,73.892,-31.741999999999997,-0.27353889109115664,94562.886,94562.886,,5,ABOVE_LR
2026-09-27 07:00:00,2026-09-27T12:00:00.000Z,84857.4,84915.8,84857.4,84915.7,111.262,74.977,36.285000000000004,38.69199999999999,0.34775574769463063,94565.256,94565.256,,5,ABOVE_LR
2026-09-27 07:05:00,2026-09-27T12:05:00.000Z,84915.8,84943.9,84915.7,84943.9,81.33099999999999,64.149,17.182000000000002,46.96699999999999,0.5774796817941498,94565.815,94565.815,,5,ABOVE_LR
2026-09-27 07:10:00,2026-09-27T12:10:00.000Z,84943.9,84968.7,84924.6,84963.1,197.089,114.12900000000002,82.96000000000001,31.168999999999993,0.15814682706797434,94557.332,94557.332,,5,ABOVE_LR
2026-09-27 07:15:00,2026-09-27T12:15:00.000Z,84963.1,84995,84955,84965.1,152.388,67.688,84.69999999999999,-17.012,-0.11163608683098407,94561.083,94561.083,,5,ABOVE_LR
2026-09-27 07:20:00,2026-09-27T12:20:00.000Z,84965.1,84969.2,84921.6,84928.2,103.644,38.141,65.503,-27.362000000000005,-0.2639998456254101,94562.845,94562.845,,5,ABOVE_LR
2026-09-27 07:25:00,2026-09-27T12:25:00.000Z,84928.2,84928.3,84900.6,84918.9,59.514,19.064,40.449999999999996,-21.385999999999996,-0.3593440198944785,94586.306,94586.306,,5,ABOVE_LR
2026-09-27 07:30:00,2026-09-27T12:30:00.000Z,84919,84934.5,84916.6,84934.3,56.962,27.515,29.447,-1.9319999999999995,-0.03391734840771039,94595.546,94595.546,,5,ABOVE_LR
2026-09-27 07:35:00,2026-09-27T12:35:00.000Z,84934.3,84965.5,84933,84960.1,91.22900000000001,59.474999999999994,31.754,27.721000000000004,0.3038617106402569,94602.618,94602.618,,5,ABOVE_LR
2026-09-27 07:40:00,2026-09-27T12:40:00.000Z,84960,84960.1,84940.3,84940.4,70.84100000000001,22.945,47.896,-24.951,-0.3522112900721333,94605.998,94605.998,,5,ABOVE_LR
2026-09-27 07:45:00,2026-09-27T12:45:00.000Z,84940.5,84950,84910.1,84919.1,145.856,53.92699999999999,91.929,-38.001999999999995,-0.26054464677490125,94607.809,94607.809,,5,ABOVE_LR
2026-09-27 07:50:00,2026-09-27T12:50:00.000Z,84919,84923.7,84890.4,84903,124.52900000000001,55.789,68.74,-12.950999999999993,-0.10399987151587174,94654.027,94654.027,,5,ABOVE_LR
2026-09-27 07:55:00,2026-09-27T12:55:00.000Z,84903,84903,84751,84754.4,421.32,110.74100000000001,310.579,-199.83800000000002,-0.47431406057153713,94685.223,94685.223,,5,ABOVE_LR
2026-09-27 08:00:00,2026-09-27T13:00:00.000Z,84754.4,84754.5,84591.1,84699.9,1064.489,351.02299999999997,713.4660000000001,-362.44300000000004,-0.34048543479547466,94651.644,94651.644,,5,ABOVE_LR
2026-09-27 08:05:00,2026-09-27T13:05:00.000Z,84699.9,84770,84660.6,84719,507.74,251.10100000000003,256.639,-5.537999999999972,-0.010907157206444187,94644.227,94644.227,,5,ABOVE_LR
2026-09-27 08:10:00,2026-09-27T13:10:00.000Z,84718.9,84732.9,84588,84605.1,452.21000000000004,146.029,306.181,-160.152,-0.35415404347537643,94750.892,94750.892,,5,ABOVE_LR
2026-09-27 08:15:00,2026-09-27T13:15:00.000Z,84605.1,84724.9,84605,84724.9,432.908,320.728,112.17999999999998,208.548,0.4817374592292127,94795.83,94795.83,,5,ABOVE_LR
2026-09-27 08:20:00,2026-09-27T13:20:00.000Z,84724.9,84810.7,84724.8,84799.2,280.73499999999996,224.41400000000002,56.320999999999984,168.09300000000005,0.5987603968155024,94686.554,94686.554,,5,ABOVE_LR
2026-09-27 08:25:00,2026-09-27T13:25:00.000Z,84799.2,84910.1,84799.2,84894.9,271.504,151.247,120.257,30.989999999999988,0.11414196475926684,94643.504,94643.504,,5,ABOVE_LR
2026-09-27 08:30:00,2026-09-27T13:30:00.000Z,84894.8,85146.4,84894.8,84965.4,1149.431,624.4879999999999,524.943,99.54499999999999,0.08660371957951368,94636.392,94636.392,,5,ABOVE_LR
2026-09-27 08:35:00,2026-09-27T13:35:00.000Z,84965.4,84982.5,84812,84852.8,584.0770000000001,246.68000000000004,337.397,-90.71699999999998,-0.1553168503467864,94760.949,94760.949,,5,ABOVE_LR
2026-09-27 08:40:00,2026-09-27T13:40:00.000Z,84852.9,84852.9,84741.5,84751.9,345.717,110.56299999999999,235.154,-124.591,-0.3603843606186563,94755.53,94755.53,,5,ABOVE_LR
2026-09-27 08:45:00,2026-09-27T13:45:00.000Z,84752,84879.9,84694.3,84879.9,374.412,218.31399999999996,156.098,62.215999999999994,0.166169887717274,94795.61,94795.61,,5,ABOVE_LR
2026-09-27 08:50:00,2026-09-27T13:50:00.000Z,84880,84903.9,84836.7,84859.6,120.58699999999999,54.729,65.858,-11.129,-0.0922902137046282,94772.932,94772.932,,5,ABOVE_LR
2026-09-27 08:55:00,2026-09-27T13:55:00.000Z,84859.6,85052.3,84855.6,84991.8,658.454,528.227,130.22699999999998,398.00000000000006,0.6044461723977682,94794.132,94794.132,,5,ABOVE_LR
2026-09-27 09:00:00,2026-09-27T14:00:00.000Z,84991.8,85015.7,84870.1,84877.8,601.519,263.7,337.819,-74.11900000000001,-0.12321971542046056,95004.228,95004.228,,5,ABOVE_LR
2026-09-27 09:05:00,2026-09-27T14:05:00.000Z,84877.7,85000,84876.7,85000,172.975,103.114,69.861,33.25300000000001,0.19224165341812405,94930.524,94930.524,,5,ABOVE_LR
2026-09-27 09:10:00,2026-09-27T14:10:00.000Z,84999.9,85000,84931.7,84956.6,135.403,50.352,85.051,-34.699000000000005,-0.25626463224596213,94928.327,94928.327,,5,ABOVE_LR
2026-09-27 09:15:00,2026-09-27T14:15:00.000Z,84956.5,84987.9,84895,84895.1,136.644,39.819,96.825,-57.00600000000001,-0.4171862650390797,94917.398,94917.398,,5,ABOVE_LR
2026-09-27 09:20:00,2026-09-27T14:20:00.000Z,84895,84895.1,84777,84783.8,259.734,68.163,191.571,-123.408,-0.47513225068724163,94941.5,94941.5,,5,ABOVE_LR
2026-09-27 09:25:00,2026-09-27T14:25:00.000Z,84783.7,84840,84644.3,84663.4,779.3800000000001,346.942,432.438,-85.49600000000001,-0.10969745182067797,94927.65,94927.65,,5,ABOVE_LR
2026-09-27 09:30:00,2026-09-27T14:30:00.000Z,84663.3,84756.3,84651.3,84710.3,326.24,163.257,162.98299999999998,0.2740000000000151,0.0008398724865130429,94910.564,94910.564,,5,ABOVE_LR
2026-09-27 09:35:00,2026-09-27T14:35:00.000Z,84710.4,84719.7,84626.1,84689.4,326.748,171.383,155.365,16.017999999999997,0.04902248827842863,94901.219,94901.219,,5,ABOVE_LR
2026-09-27 09:40:00,2026-09-27T14:40:00.000Z,84689.4,84747.5,84650.5,84682.8,406.656,189.01,217.64600000000002,-28.636000000000024,-0.07041824047843884,94897.01,94897.01,,5,ABOVE_LR
2026-09-27 09:45:00,2026-09-27T14:45:00.000Z,84682.7,84700,84390.6,84476.3,1734.0900000000001,592.895,1141.195,-548.3,-0.31618889446337844,94838.923,94838.923,,5,ABOVE_LR
2026-09-27 09:50:00,2026-09-27T14:50:00.000Z,84476.2,84595.7,84468.9,84595.6,513.587,235.77200000000002,277.815,-42.04299999999998,-0.08186149571542889,94635.912,94635.912,,5,ABOVE_LR
2026-09-27 09:55:00,2026-09-27T14:55:00.000Z,84595.6,84606.3,84488,84488,356.81399999999996,153.22799999999998,203.586,-50.358,-0.14113235467218216,94591.675,94591.675,,5,ABOVE_LR
2026-09-27 10:00:00,2026-09-27T15:00:00.000Z,84488.1,84557.6,84372.4,84423,774.01,361.92999999999995,412.08000000000004,-50.15000000000004,-0.06479244454206023,94609.658,94609.658,,5,ABOVE_LR
2026-09-27 10:05:00,2026-09-27T15:05:00.000Z,84423,84482.7,84266,84462.5,1482.0360000000003,509.94800000000004,972.088,-462.1400000000001,-0.3118277828608752,94566.881,94566.881,,5,ABOVE_LR
2026-09-27 10:10:00,2026-09-27T15:10:00.000Z,84462.5,84490,84425,84468.3,328.74000000000007,139.109,189.63100000000003,-50.52200000000001,-0.15368376224371844,94491.775,94491.775,,5,ABOVE_LR
2026-09-27 10:15:00,2026-09-27T15:15:00.000Z,84468.4,84587.1,84439,84520,317.166,210.17200000000003,106.994,103.178,0.32531229703057707,94555.977,94555.977,,5,ABOVE_LR
2026-09-27 10:20:00,2026-09-27T15:20:00.000Z,84520,84563.8,84476.1,84525.7,334.666,163.878,170.788,-6.91,-0.02064745148894719,94550.763,94550.763,,5,ABOVE_LR
2026-09-27 10:25:00,2026-09-27T15:25:00.000Z,84525.7,84583,84404,84575,574.206,427.112,147.094,280.01800000000003,0.48766122262741946,94456.45,94456.45,,5,ABOVE_LR
2026-09-27 10:30:00,2026-09-27T15:30:00.000Z,84575,84608.2,84472.3,84472.4,213.57799999999997,76.44200000000001,137.13599999999997,-60.69399999999999,-0.28417720926312634,94443.849,94443.849,,5,ABOVE_LR
2026-09-27 10:35:00,2026-09-27T15:35:00.000Z,84472.3,84506.1,84438.3,84440,180.28399999999996,71.475,108.809,-37.33399999999999,-0.20708437798140708,94464.481,94464.481,,5,ABOVE_LR
2026-09-27 10:40:00,2026-09-27T15:40:00.000Z,84440,84454.4,84375,84391.2,375.684,99.654,276.03000000000003,-176.37600000000003,-0.46947966908359157,94439.055,94439.055,,5,ABOVE_LR
2026-09-27 10:45:00,2026-09-27T15:45:00.000Z,84391.2,84460,84385,84457.9,114.24700000000001,65.83200000000001,48.41499999999999,17.41700000000001,0.15245039257048332,94344.731,94344.731,,5,ABOVE_LR
2026-09-27 10:50:00,2026-09-27T15:50:00.000Z,84457.9,84468,84385,84431.7,316.63599999999997,83.318,233.31799999999998,-150,-0.4737300875453202,94346.561,94346.561,,5,ABOVE_LR
2026-09-27 10:55:00,2026-09-27T15:55:00.000Z,84431.8,84443,84392.8,84426.9,339.01300000000003,157.979,181.034,-23.05500000000001,-0.06800624164855038,94437.315,94437.315,,5,ABOVE_LR
2026-09-27 11:00:00,2026-09-27T16:00:00.000Z,84426.9,84515.5,84426.8,84508.2,229.483,168.952,60.531,108.421,0.47245765481538937,94511.043,94511.043,,5,ABOVE_LR
2026-09-27 11:05:00,2026-09-27T16:05:00.000Z,84508.2,84552.3,84503.1,84552.3,186.168,127.859,58.309000000000005,69.55,0.3735872974947359,94482.056,94482.056,,5,ABOVE_LR
2026-09-27 11:10:00,2026-09-27T16:10:00.000Z,84552.3,84552.3,84499.9,84520.9,81.39800000000001,37.465999999999994,43.932,-6.466000000000005,-0.07943684120002953,94456.788,94456.788,,5,ABOVE_LR
2026-09-27 11:15:00,2026-09-27T16:15:00.000Z,84520.9,84547.9,84462.2,84547.8,126.16300000000001,86.07900000000001,40.08400000000001,45.995,0.3645680587811006,94455.102,94455.102,,5,ABOVE_LR
2026-09-27 11:20:00,2026-09-27T16:20:00.000Z,84547.9,84647.1,84525.9,84543.7,695.2520000000001,358.79699999999997,336.455,22.342000000000002,0.032135110722443086,94444.112,94444.112,,5,ABOVE_LR
2026-09-27 11:25:00,2026-09-27T16:25:00.000Z,84543.7,84561.4,84527.8,84530.9,349.181,206.565,142.616,63.949,0.18313997611553895,94559.372,94559.372,,5,ABOVE_LR
2026-09-27 11:30:00,2026-09-27T16:30:00.000Z,84530.8,84530.9,84440.2,84482.7,213.027,97.69899999999998,115.32800000000003,-17.629000000000012,-0.08275476817492625,94519.989,94519.989,,5,ABOVE_LR
2026-09-27 11:35:00,2026-09-27T16:35:00.000Z,84482.8,84493.7,84386.6,84436.5,402.08799999999997,104.90499999999999,297.183,-192.278,-0.4781988022522433,94526.928,94526.928,,5,ABOVE_LR
2026-09-27 11:40:00,2026-09-27T16:40:00.000Z,84436.6,84445.2,84318.5,84354.4,303.306,73.353,229.953,-156.6,-0.5163102609246109,94482.457,94482.457,,5,ABOVE_LR
2026-09-27 11:45:00,2026-09-27T16:45:00.000Z,84354.3,84405.3,84349.7,84397.8,157.50900000000001,83.048,74.461,8.587000000000003,0.05451751963379872,94396.973,94396.973,,5,ABOVE_LR
2026-09-27 11:50:00,2026-09-27T16:50:00.000Z,84397.8,84417.4,84364.9,84365,113.87799999999999,46.596,67.282,-20.686,-0.18165053829536876,94399.516,94399.516,,5,ABOVE_LR
2026-09-27 11:55:00,2026-09-27T16:55:00.000Z,84364.9,84402.9,84364.9,84395,94.98,56.224000000000004,38.756,17.468000000000004,0.18391240261107605,94392.78,94392.78,,5,ABOVE_LR
2026-09-27 12:00:00,2026-09-27T17:00:00.000Z,84394.9,84439.8,84375.8,84432.8,169.14100000000002,106.51400000000001,62.627,43.886999999999986,0.25946990972029244,94393.03,94393.03,,5,ABOVE_LR
2026-09-27 12:05:00,2026-09-27T17:05:00.000Z,84432.8,84432.8,84288.5,84344.5,748.5070000000001,350.874,397.63300000000004,-46.758999999999965,-0.06246968966222088,94358.603,94358.603,,5,ABOVE_LR
2026-09-27 12:10:00,2026-09-27T17:10:00.000Z,84344.5,84387.7,84328.4,84351.3,301.924,154.75,147.174,7.576000000000005,0.0250924073607928,94259.187,94259.187,,5,ABOVE_LR
2026-09-27 12:15:00,2026-09-27T17:15:00.000Z,84351.3,84417.7,84351.3,84405.2,131.909,42.88399999999999,89.02499999999999,-46.14099999999999,-0.34979417628819864,94347.002,94347.002,,5,ABOVE_LR
2026-09-27 12:20:00,2026-09-27T17:20:00.000Z,84405.2,84423.9,84392.5,84423.9,82.118,37.14,44.978,-7.838000000000003,-0.09544801383375147,94389.966,94389.966,,5,ABOVE_LR
2026-09-27 12:25:00,2026-09-27T17:25:00.000Z,84423.9,84423.9,84392.6,84394.9,67.055,30.613999999999997,36.441,-5.827000000000002,-0.08689881440608457,94392.073,94392.073,,5,ABOVE_LR
2026-09-27 12:30:00,2026-09-27T17:30:00.000Z,84394.8,84459.9,84394.8,84459.9,78.643,60.555,18.087999999999997,42.46700000000001,0.5399972025482244,94391.549,94391.549,,5,ABOVE_LR
2026-09-27 12:35:00,2026-09-27T17:35:00.000Z,84459.9,84492.7,84433.1,84452.6,98.977,57.198,41.778999999999996,15.419000000000006,0.15578366691251508,94378.072,94378.072,,5,ABOVE_LR
2026-09-27 12:40:00,2026-09-27T17:40:00.000Z,84452.6,84452.6,84424.7,84437.7,37.86,16.725,21.134999999999998,-4.409999999999998,-0.11648177496038031,94377.546,94377.546,,5,ABOVE_LR
2026-09-27 12:45:00,2026-09-27T17:45:00.000Z,84437.6,84529.7,84437.6,84529.7,88.378,75.69800000000001,12.679999999999996,63.01800000000001,0.7130507592387246,94370.559,94370.559,,5,ABOVE_LR
2026-09-27 12:50:00,2026-09-27T17:50:00.000Z,84529.7,84529.8,84508.3,84513.9,73.571,38.798,34.772999999999996,4.0249999999999995,0.05470905655761101,94354.539,94354.539,,5,ABOVE_LR
2026-09-27 12:55:00,2026-09-27T17:55:00.000Z,84513.8,84534.9,84513.8,84534.9,68.41000000000001,41.312,27.098,14.214,0.20777664084198214,94345.85,94345.85,,5,ABOVE_LR
2026-09-27 13:00:00,2026-09-27T18:00:00.000Z,84534.8,84534.8,84515,84517.7,62.105000000000004,24.348,37.757,-13.408999999999999,-0.21590854198534737,94350.085,94350.085,,5,ABOVE_LR
2026-09-27 13:05:00,2026-09-27T18:05:00.000Z,84517.8,84552.5,84517.7,84534.7,156.90800000000002,122.004,34.904,87.10000000000001,0.5551023529711678,94353.029,94353.029,,5,ABOVE_LR
2026-09-27 13:10:00,2026-09-27T18:10:00.000Z,84534.6,84570,84526.8,84569.9,84.82999999999998,55.337999999999994,29.491999999999997,25.846000000000004,0.30467994813155735,94304.684,94304.684,,5,ABOVE_LR
2026-09-27 13:15:00,2026-09-27T18:15:00.000Z,84570,84617.4,84569.9,84599.9,193.621,128.666,64.95500000000001,63.710999999999984,0.3290500513890538,94289.346,94289.346,,5,ABOVE_LR
2026-09-27 13:20:00,2026-09-27T18:20:00.000Z,84600,84701.6,84590,84647.2,479.049,336.406,142.643,193.76299999999998,0.4044742813365647,94241.884,94241.884,,5,ABOVE_LR
2026-09-27 13:25:00,2026-09-27T18:25:00.000Z,84647.2,84701.7,84637,84701.7,154.468,101.991,52.477,49.514,0.3205453556723723,94218.672,94218.672,,5,ABOVE_LR
2026-09-27 13:30:00,2026-09-27T18:30:00.000Z,84701.7,84701.7,84620,84679.2,256.654,87.64099999999999,169.013,-81.372,-0.31704941282816557,94209.482,94209.482,,5,ABOVE_LR
2026-09-27 13:35:00,2026-09-27T18:35:00.000Z,84679.3,84713.2,84675.9,84696,154.97,77.481,77.489,-0.008000000000004448,-0.000051622894753852025,94280.478,94280.478,,5,ABOVE_LR
2026-09-27 13:40:00,2026-09-27T18:40:00.000Z,84696,84757.7,84695.9,84735.3,332.443,204.22899999999998,128.214,76.015,0.2286557394801515,94311.441,94311.441,,5,ABOVE_LR
2026-09-27 13:45:00,2026-09-27T18:45:00.000Z,84735.2,84750,84704.3,84721.7,119.447,46.70399999999999,72.743,-26.03899999999999,-0.21799626612639908,94244.566,94244.566,,5,ABOVE_LR
2026-09-27 13:50:00,2026-09-27T18:50:00.000Z,84721.6,84728.7,84629.6,84712.5,138.76600000000002,27.244,111.52200000000002,-84.27800000000002,-0.6073389735237739,94247.973,94247.973,,5,ABOVE_LR
2026-09-27 13:55:00,2026-09-27T18:55:00.000Z,84712.5,84793.1,84688.8,84778.3,269.093,144.37,124.723,19.64699999999999,0.0730119326775501,94233.519,94233.519,,5,ABOVE_LR
2026-09-27 14:00:00,2026-09-27T19:00:00.000Z,84778.3,84810.8,84683.5,84704.4,465.926,149.65699999999998,316.269,-166.61200000000002,-0.3575932658834236,94156.108,94156.108,,5,ABOVE_LR
2026-09-27 14:05:00,2026-09-27T19:05:00.000Z,84704.4,84750,84704.3,84749.9,72.90299999999999,55.819,17.084000000000003,38.735,0.5313224421491571,94281.233,94281.233,,5,ABOVE_LR
2026-09-27 14:10:00,2026-09-27T19:10:00.000Z,84750,84777,84750,84753.9,108.185,22.705000000000002,85.47999999999999,-62.775,-0.5802560428894948,94299.802,94299.802,,5,ABOVE_LR
2026-09-27 14:15:00,2026-09-27T19:15:00.000Z,84754,84804.3,84753.9,84799.2,124.24799999999999,40.283,83.96499999999999,-43.681999999999995,-0.3515710514454961,94309.95,94309.95,,5,ABOVE_LR
2026-09-27 14:20:00,2026-09-27T19:20:00.000Z,84799.1,84799.2,84701.4,84743.5,232.58800000000002,32.454,200.134,-167.68,-0.7209314324040793,94337.622,94337.622,,5,ABOVE_LR
2026-09-27 14:25:00,2026-09-27T19:25:00.000Z,84743.4,84743.5,84645.7,84673,198.11700000000002,90.829,107.288,-16.458999999999993,-0.08307717157033466,94444.021,94444.021,,5,ABOVE_LR
2026-09-27 14:30:00,2026-09-27T19:30:00.000Z,84673.1,84673.1,84615,84660,430.863,161.25799999999998,269.605,-108.347,-0.25146508286856845,94485.171,94485.171,,5,ABOVE_LR
2026-09-27 14:35:00,2026-09-27T19:35:00.000Z,84659.9,84733.1,84656,84723.8,145.471,92.646,52.825,39.821,0.27373840834255625,94656.036,94656.036,,5,ABOVE_LR
2026-09-27 14:40:00,2026-09-27T19:40:00.000Z,84723.8,84766.4,84715.1,84740,131.69199999999998,63.881,67.81099999999999,-3.929999999999997,-0.02984235944476504,94643.608,94643.608,,5,ABOVE_LR
2026-09-27 14:45:00,2026-09-27T19:45:00.000Z,84740.1,84788.6,84740,84758.3,147.012,61.75,85.262,-23.511999999999993,-0.1599325225151688,94680.594,94680.594,,5,ABOVE_LR
2026-09-27 14:50:00,2026-09-27T19:50:00.000Z,84758.4,84765.7,84698.9,84707.3,89.98299999999999,12.003,77.98,-65.977,-0.733216274185124,94693.521,94693.521,,5,ABOVE_LR
2026-09-27 14:55:00,2026-09-27T19:55:00.000Z,84707.3,84708,84693.6,84696.9,59.891,22.933,36.958,-14.024999999999999,-0.23417541867726369,94697.588,94697.588,,5,ABOVE_LR
2026-09-27 15:00:00,2026-09-27T20:00:00.000Z,84696.8,84739.8,84696.8,84734.2,50.227,20.955,29.272,-8.316999999999997,-0.16558822943834983,94711.258,94711.258,,5,ABOVE_LR
2026-09-27 15:05:00,2026-09-27T20:05:00.000Z,84734.2,84741.5,84692.1,84741.5,70.77600000000001,37.136,33.64,3.4960000000000004,0.04939527523454278,94720.742,94720.742,,5,ABOVE_LR
2026-09-27 15:10:00,2026-09-27T20:10:00.000Z,84741.4,84777.6,84741.4,84777.5,44.5,32.349000000000004,12.151,20.198,0.4538876404494382,94723.38,94723.38,,5,ABOVE_LR
2026-09-27 15:15:00,2026-09-27T20:15:00.000Z,84777.6,84779.9,84735.5,84741.4,43.466,14.374,29.092,-14.718000000000005,-0.33860948787558104,94734.638,94734.638,,5,ABOVE_LR
2026-09-27 15:20:00,2026-09-27T20:20:00.000Z,84741.4,84741.4,84581.1,84608.7,371.932,102.358,269.57400000000007,-167.216,-0.44958755901616426,94732.677,94732.677,,5,ABOVE_LR
2026-09-27 15:25:00,2026-09-27T20:25:00.000Z,84608.8,84608.8,84571.8,84577.9,217.13,92.159,124.971,-32.812,-0.15111684244461843,94719.303,94719.303,,5,ABOVE_LR
2026-09-27 15:30:00,2026-09-27T20:30:00.000Z,84578,84607.5,84539.5,84559.8,156.16899999999998,65.074,91.095,-26.021000000000008,-0.16662077621038754,94695.242,94695.242,,5,ABOVE_LR
2026-09-27 15:35:00,2026-09-27T20:35:00.000Z,84559.8,84583.1,84533.3,84547.5,127.06800000000001,47.251999999999995,79.816,-32.564,-0.25627223219063805,94690.653,94690.653,,5,ABOVE_LR
2026-09-27 15:40:00,2026-09-27T20:40:00.000Z,84547.5,84604,84547.5,84604,67.057,47.001,20.055999999999997,26.945,0.40182233025634906,94718.827,94718.827,,5,ABOVE_LR
2026-09-27 15:45:00,2026-09-27T20:45:00.000Z,84603.9,84604,84507.4,84528.9,238.42600000000002,47.139,191.28699999999998,-144.148,-0.6045817150814089,94717.064,94717.064,,5,ABOVE_LR
2026-09-27 15:50:00,2026-09-27T20:50:00.000Z,84528.9,84553.2,84500.7,84516.5,104.608,42.892,61.716,-18.824000000000005,-0.17994799632915268,94758.719,94758.719,,5,ABOVE_LR
2026-09-27 15:55:00,2026-09-27T20:55:00.000Z,84516.5,84530.3,84494.7,84507.9,152.79500000000002,42.178,110.617,-68.43900000000001,-0.4479138715272097,94733.727,94733.727,,5,ABOVE_LR
2026-09-27 16:00:00,2026-09-27T21:00:00.000Z,84507.8,84600,84507.8,84579.7,160.70300000000003,127.79799999999999,32.905,94.893,0.5904867986285258,94736.375,94736.375,,5,ABOVE_LR
2026-09-27 16:05:00,2026-09-27T21:05:00.000Z,84579.6,84587.5,84558.6,84587.4,81.399,46.881,34.517999999999994,12.363000000000001,0.15188147274536543,94683.945,94683.945,,5,ABOVE_LR
2026-09-27 16:10:00,2026-09-27T21:10:00.000Z,84587.4,84650.9,84587.4,84650.8,121.651,111.058,10.593,100.465,0.8258460678498327,94663.108,94663.108,,5,ABOVE_LR
2026-09-27 16:15:00,2026-09-27T21:15:00.000Z,84650.9,84686.8,84630,84641.4,140.005,70.163,69.842,0.3210000000000015,0.00229277525802651,94684.581,94684.581,,5,ABOVE_LR
2026-09-27 16:20:00,2026-09-27T21:20:00.000Z,84641.5,84650,84626.1,84650,48.06399999999999,29.778999999999996,18.285,11.494,0.23913948069241014,94692.539,94692.539,,5,ABOVE_LR
2026-09-27 16:25:00,2026-09-27T21:25:00.000Z,84650,84661.8,84559.7,84567.1,102.227,18.363999999999997,83.863,-65.49900000000001,-0.6407211402075773,94679.571,94679.571,,5,ABOVE_LR
2026-09-27 16:30:00,2026-09-27T21:30:00.000Z,84567.1,84591.5,84549.7,84565,63.405,29.246,34.159,-4.912999999999999,-0.07748600268117656,94658.828,94658.828,,5,ABOVE_LR
2026-09-27 16:35:00,2026-09-27T21:35:00.000Z,84565.1,84579.7,84408.1,84484.2,470.75200000000007,167.919,302.833,-134.91400000000002,-0.2865925158045,94642.789,94642.789,,5,ABOVE_LR
2026-09-27 16:40:00,2026-09-27T21:40:00.000Z,84484.2,84522,84447.1,84510,250.29200000000003,144.141,106.15100000000001,37.99000000000001,0.1517827177856264,94469.577,94469.577,,5,ABOVE_LR
2026-09-27 16:45:00,2026-09-27T21:45:00.000Z,84510,84648.7,84510,84639.6,302.34799999999996,148.976,153.37199999999999,-4.396000000000022,-0.01453953722200915,94553.652,94553.652,,5,ABOVE_LR
2026-09-27 16:50:00,2026-09-27T21:50:00.000Z,84639.6,84655.1,84635.8,84646.8,111.09200000000001,34.693,76.399,-41.706,-0.375418571994383,94598.809,94598.809,,5,ABOVE_LR
2026-09-27 16:55:00,2026-09-27T21:55:00.000Z,84646.8,84658.9,84629.4,84640.7,123.632,50.765,72.86699999999999,-22.10199999999999,-0.17877248608774418,94633.857,94633.857,,5,ABOVE_LR
2026-09-27 17:00:00,2026-09-27T22:00:00.000Z,84640.7,84725.6,84357.8,84425.3,800.421,447.89,352.53100000000006,95.35899999999995,0.11913605465123972,94677.579,94677.579,,5,ABOVE_LR
2026-09-27 17:05:00,2026-09-27T22:05:00.000Z,84425.3,84502.5,84316.6,84362.2,519.28,345.91499999999996,173.365,172.55,0.3322870127869358,94631.371,94631.371,,5,ABOVE_LR
2026-09-27 17:10:00,2026-09-27T22:10:00.000Z,84362.1,84407.7,84236.8,84286.8,529.137,201.83999999999997,327.297,-125.45700000000002,-0.23709738687712262,94572.348,94572.348,,5,ABOVE_LR
2026-09-27 17:15:00,2026-09-27T22:15:00.000Z,84286.8,84423.2,84238.3,84412.5,342.118,238.14700000000002,103.971,134.17600000000002,0.39219216761468273,94595.127,94595.127,,5,ABOVE_LR
2026-09-27 17:20:00,2026-09-27T22:20:00.000Z,84412.5,84479.5,84361.1,84477.7,179.62300000000002,95.584,84.03899999999999,11.544999999999998,0.0642735061768259,94615.014,94615.014,,5,ABOVE_LR
2026-09-27 17:25:00,2026-09-27T22:25:00.000Z,84477.8,84539,84468.9,84514.8,160.017,68.634,91.38299999999998,-22.749,-0.14216614484711,94592.894,94592.894,,5,ABOVE_LR
2026-09-27 17:30:00,2026-09-27T22:30:00.000Z,84514.7,84514.7,84230,84230,231.99200000000002,56.419000000000004,175.573,-119.154,-0.5136125383633918,94588.351,94588.351,,5,ABOVE_LR
2026-09-27 17:35:00,2026-09-27T22:35:00.000Z,84230,84262.1,84138,84171,819.184,346.406,472.77799999999996,-126.37199999999996,-0.15426570831461547,94584.943,94584.943,,5,ABOVE_LR
2026-09-27 17:40:00,2026-09-27T22:40:00.000Z,84171,84192.8,84141.8,84141.9,264.345,132.274,132.071,0.2029999999999923,0.0007679358414193281,94491.583,94491.583,,5,ABOVE_LR
2026-09-27 17:45:00,2026-09-27T22:45:00.000Z,84141.8,84160.3,84092.9,84128.3,379.895,137.129,242.766,-105.637,-0.2780689401018703,94525.78,94525.78,,5,ABOVE_LR
2026-09-27 17:50:00,2026-09-27T22:50:00.000Z,84128.3,84201.9,84128.2,84180.7,214.312,136.894,77.41799999999999,59.47599999999999,0.2775206241367725,94535.52,94535.52,,5,ABOVE_LR
2026-09-27 17:55:00,2026-09-27T22:55:00.000Z,84180.7,84203,84142.9,84155.9,118.279,57.112,61.166999999999994,-4.054999999999999,-0.034283347001581,94525.285,94525.285,,5,ABOVE_LR
2026-09-27 18:00:00,2026-09-27T23:00:00.000Z,84155.9,84253.5,84112.8,84229.4,493.19100000000003,304.982,188.209,116.77300000000001,0.2367703384692746,94512.546,94512.546,,5,ABOVE_LR
2026-09-27 18:05:00,2026-09-27T23:05:00.000Z,84229.3,84238,84100.4,84100.5,211.279,81.681,129.598,-47.917,-0.22679490152831092,94381.907,94381.907,,5,ABOVE_LR
2026-09-27 18:10:00,2026-09-27T23:10:00.000Z,84100.4,84265.8,84074.3,84173.3,834.9459999999999,400.805,434.14099999999996,-33.33599999999996,-0.03992593532994944,94355.741,94355.741,,5,ABOVE_LR
2026-09-27 18:15:00,2026-09-27T23:15:00.000Z,84173.3,84263.3,84148.1,84263.3,437.59299999999996,218.36700000000002,219.226,-0.8590000000000089,-0.0019630112913140954,94337.422,94337.422,,5,ABOVE_LR
2026-09-27 18:20:00,2026-09-27T23:20:00.000Z,84263.3,84319.5,84263.2,84294.6,208.426,129.861,78.565,51.29600000000001,0.24611132968055813,94229.993,94229.993,,5,ABOVE_LR
2026-09-27 18:25:00,2026-09-27T23:25:00.000Z,84294.6,84411,84290.6,84358.5,350.671,217.976,132.695,85.281,0.24319376281471808,94242.391,94242.391,,5,ABOVE_LR
2026-09-27 18:30:00,2026-09-27T23:30:00.000Z,84358.5,84431.9,84349.5,84396.7,251.055,106.46000000000001,144.595,-38.13499999999999,-0.15189898627790718,94212.39,94212.39,,5,ABOVE_LR
2026-09-27 18:35:00,2026-09-27T23:35:00.000Z,84396.7,84409.9,84336,84378,150.20999999999998,44.931999999999995,105.278,-60.346000000000004,-0.40174422475201393,94169.448,94169.448,,5,ABOVE_LR
2026-09-27 18:40:00,2026-09-27T23:40:00.000Z,84377.9,84378,84290.6,84290.6,142.225,26.977,115.24799999999999,-88.271,-0.6206433468096326,94169.05,94169.05,,5,ABOVE_LR
2026-09-27 18:45:00,2026-09-27T23:45:00.000Z,84290.6,84422.6,84290.6,84415.1,210.057,138.49200000000002,71.565,66.927,0.31861351918764913,94163.071,94163.071,,5,ABOVE_LR
2026-09-27 18:50:00,2026-09-27T23:50:00.000Z,84415.1,84458.6,84405.5,84452.3,249.15699999999998,126.67399999999999,122.483,4.190999999999995,0.01682071946603947,94129.667,94129.667,,5,ABOVE_LR
2026-09-27 18:55:00,2026-09-27T23:55:00.000Z,84452.3,84499.9,84411.7,84432.9,239.72700000000003,103.461,136.26600000000002,-32.80500000000001,-0.13684315909346884,94101.226,94101.226,,5,ABOVE_LR
2026-09-27 19:00:00,2026-09-28T00:00:00.000Z,84433,84528.2,84395.6,84511.8,258.045,107.979,150.066,-42.086999999999996,-0.16309945939661685,94143.007,94143.007,,5,ABOVE_LR
2026-09-27 19:05:00,2026-09-28T00:05:00.000Z,84511.8,84515.9,84334.3,84355.5,250.41400000000002,54.559,195.85500000000002,-141.296,-0.5642496026579983,94177.978,94177.978,,5,ABOVE_LR
2026-09-27 19:10:00,2026-09-28T00:10:00.000Z,84355.5,84393,84328.8,84393,172.984,100.853,72.131,28.721999999999998,0.16603847754705636,94210.918,94210.918,,5,ABOVE_LR
2026-09-27 19:15:00,2026-09-28T00:15:00.000Z,84393,84663.3,84375.6,84663.3,526.281,378.389,147.89200000000002,230.49699999999999,0.43797325003182713,94233.385,94233.385,,5,ABOVE_LR
2026-09-27 19:20:00,2026-09-28T00:20:00.000Z,84663.4,84966.8,84663.4,84807.7,2113.749,1249.7839999999999,863.965,385.8189999999999,0.18252829451368158,94183.954,94183.954,,5,ABOVE_LR
2026-09-27 19:25:00,2026-09-28T00:25:00.000Z,84807.6,84875,84649,84745.9,749.995,302.24199999999996,447.753,-145.51099999999997,-0.19401596010640065,94306.376,94306.376,,5,ABOVE_LR
2026-09-27 19:30:00,2026-09-28T00:30:00.000Z,84745.9,84754,84257.9,84322,1480.512,542.1,938.412,-396.312,-0.2676857735702244,94245.874,94245.874,,5,ABOVE_LR
2026-09-27 19:35:00,2026-09-28T00:35:00.000Z,84322.1,84335.9,84167.5,84176.7,1213.888,566.567,647.3209999999999,-80.75399999999996,-0.06652508303896239,94321.659,94321.659,,5,ABOVE_LR
2026-09-27 19:40:00,2026-09-28T00:40:00.000Z,84176.8,84271.5,84151.6,84261,504.19800000000004,257.156,247.042,10.113999999999983,0.020059579768265605,94465.624,94465.624,,5,ABOVE_LR
2026-09-27 19:45:00,2026-09-28T00:45:00.000Z,84261.1,84498,84261,84471.8,577.458,376.277,201.181,175.096,0.30321858905755916,94518.102,94518.102,,5,ABOVE_LR
2026-09-27 19:50:00,2026-09-28T00:50:00.000Z,84471.8,84588.2,84305.6,84305.6,484.638,195.379,289.25899999999996,-93.87999999999997,-0.19371159504619936,94529.157,94529.157,,5,ABOVE_LR
2026-09-27 19:55:00,2026-09-28T00:55:00.000Z,84305.6,84344.9,84088,84091.6,771.2909999999999,313.075,458.21600000000007,-145.14100000000002,-0.188179299382464,94499.907,94499.907,,5,ABOVE_LR
2026-09-27 20:00:00,2026-09-28T01:00:00.000Z,84091.6,84105.6,83937,84093.7,1505.152,592.053,913.099,-321.04599999999994,-0.21329805893358275,94626.201,94626.201,,5,ABOVE_LR
2026-09-27 20:05:00,2026-09-28T01:05:00.000Z,84093.8,84195.7,83877,84061.4,843.41,444.4989999999999,398.911,45.58799999999999,0.054052003177576725,94659.955,94659.955,,5,ABOVE_LR
2026-09-27 20:10:00,2026-09-28T01:10:00.000Z,84061.3,84083.4,83909.1,83917.8,558.3870000000001,294.00899999999996,264.37800000000004,29.630999999999972,0.053065347151706556,94655.162,94655.162,,5,ABOVE_LR
2026-09-27 20:15:00,2026-09-28T01:15:00.000Z,83917.8,83975.9,83816.9,83946.7,807.9910000000001,300.627,507.36400000000003,-206.73700000000002,-0.2558654737490888,94682.4,94682.4,,5,ABOVE_LR
2026-09-27 20:20:00,2026-09-28T01:20:00.000Z,83946.6,84108,83919.4,83986.6,531.903,269.145,262.7579999999999,6.387000000000008,0.012007828495045163,94709.13,94709.13,,5,ABOVE_LR
2026-09-27 20:25:00,2026-09-28T01:25:00.000Z,83986.7,84123.3,83943.9,84034.9,347.46,156.13099999999997,191.32899999999998,-35.198,-0.10130086916479596,94757.64,94757.64,,5,ABOVE_LR
2026-09-27 20:30:00,2026-09-28T01:30:00.000Z,84034.9,84106.5,83976,83980.8,262.30400000000003,100.18700000000001,162.117,-61.93,-0.23610009759668169,94705.499,94705.499,,5,ABOVE_LR
2026-09-27 20:35:00,2026-09-28T01:35:00.000Z,83980.8,83985.3,83822.2,83898.6,597.4350000000001,329.313,268.122,61.19099999999997,0.102422857716739,94718.621,94718.621,,5,ABOVE_LR
2026-09-27 20:40:00,2026-09-28T01:40:00.000Z,83898.7,83942.6,83752.7,83765.9,879.27,332.481,546.789,-214.30800000000002,-0.24373400661912725,94835.455,94835.455,,5,ABOVE_LR
2026-09-27 20:45:00,2026-09-28T01:45:00.000Z,83766,83882.6,83610,83629.9,1251.539,607.663,643.876,-36.212999999999994,-0.02893477550439898,94945.537,94945.537,,5,ABOVE_LR
2026-09-27 20:50:00,2026-09-28T01:50:00.000Z,83629.9,83800,83567.2,83721,1006.8919999999999,480.33799999999997,526.554,-46.216000000000065,-0.045899659546406235,95075.056,95075.056,,5,ABOVE_LR
2026-09-27 20:55:00,2026-09-28T01:55:00.000Z,83721,83832.7,83650,83650.1,417.96099999999996,190.645,227.31600000000003,-36.67099999999999,-0.08773785113922111,95100.246,95100.246,,5,ABOVE_LR
2026-09-27 21:00:00,2026-09-28T02:00:00.000Z,83650,83650.1,83420.1,83600.1,2075.681,914.2760000000001,1161.405,-247.12900000000002,-0.11905923887148363,95128.035,95128.035,,5,ABOVE_LR
2026-09-27 21:05:00,2026-09-28T02:05:00.000Z,83600,83640.1,83490,83565.7,608.562,319.546,289.016,30.529999999999987,0.05016744390875537,95278.548,95278.548,,5,ABOVE_LR
2026-09-27 21:10:00,2026-09-28T02:10:00.000Z,83565.7,83745.3,83560,83701.2,657.017,373.16499999999996,283.852,89.31299999999997,0.1359371218705147,95300.944,95300.944,,5,ABOVE_LR
2026-09-27 21:15:00,2026-09-28T02:15:00.000Z,83701.1,83713.4,83580,83621.6,200.119,91.79299999999999,108.32600000000001,-16.53300000000001,-0.08261584357307407,95257.166,95257.166,,5,ABOVE_LR
2026-09-27 21:20:00,2026-09-28T02:20:00.000Z,83621.7,83641.2,83508.8,83608.6,307.315,165.099,142.216,22.883000000000003,0.07446105787221581,95250.913,95250.913,,5,ABOVE_LR
2026-09-27 21:25:00,2026-09-28T02:25:00.000Z,83608.6,83694.2,83568.8,83589,309.285,170.362,138.923,31.439000000000007,0.10165058117917133,95233.076,95233.076,,5,ABOVE_LR
2026-09-27 21:30:00,2026-09-28T02:30:00.000Z,83589.1,83595.6,83420.8,83467.2,509.005,208.308,300.697,-92.38900000000001,-0.18150902250469053,95240.719,95240.719,,5,ABOVE_LR
2026-09-27 21:35:00,2026-09-28T02:35:00.000Z,83467.1,83541.5,83363,83425,759.5440000000001,333.04999999999995,426.494,-93.44400000000003,-0.12302644744741584,95185.587,95185.587,,5,ABOVE_LR
2026-09-27 21:40:00,2026-09-28T02:40:00.000Z,83424.9,83515.4,83416.6,83451.7,337.43399999999997,173.656,163.77799999999996,9.878000000000007,0.029273872816610088,95217.518,95217.518,,5,ABOVE_LR
2026-09-27 21:45:00,2026-09-28T02:45:00.000Z,83451.7,83507.6,83334,83397,511.96899999999994,211.64199999999997,300.327,-88.68500000000002,-0.17322337875926086,95272.832,95272.832,,5,ABOVE_LR
2026-09-27 21:50:00,2026-09-28T02:50:00.000Z,83397,83443.5,83373.2,83398.3,256.824,123.15799999999999,133.666,-10.508000000000013,-0.04091517926673525,95285.896,95285.896,,5,ABOVE_LR
2026-09-27 21:55:00,2026-09-28T02:55:00.000Z,83398.3,83407.6,83333.8,83381.5,366.753,171.959,194.79399999999998,-22.834999999999994,-0.06226261271209777,95281.79,95281.79,,5,ABOVE_LR
2026-09-27 22:00:00,2026-09-28T03:00:00.000Z,83381.5,83497.1,83381.5,83442.6,361.858,231.871,129.98700000000002,101.88399999999999,0.28155795919946497,95265.097,95265.097,,5,ABOVE_LR
2026-09-27 22:05:00,2026-09-28T03:05:00.000Z,83442.6,83471.2,83398,83437.8,229.414,120.54399999999998,108.87,11.673999999999992,0.05088617085269422,95244.965,95244.965,,5,ABOVE_LR
2026-09-27 22:10:00,2026-09-28T03:10:00.000Z,83437.7,83458.3,83335.3,83392.7,327.437,147.79399999999998,179.643,-31.849000000000004,-0.09726756597452335,95243.532,95243.532,,5,ABOVE_LR
2026-09-27 22:15:00,2026-09-28T03:15:00.000Z,83392.6,83474.7,83346,83423.9,511.056,280.00300000000004,231.05299999999997,48.95000000000002,0.09578206693591312,95275.37,95275.37,,5,ABOVE_LR
2026-09-27 22:20:00,2026-09-28T03:20:00.000Z,83424,83464.2,83333,83367.6,813.912,336.584,477.3280000000001,-140.74400000000006,-0.17292287126863845,95303.253,95303.253,,5,ABOVE_LR
2026-09-27 22:25:00,2026-09-28T03:25:00.000Z,83367.6,83371.9,83259.8,83289.6,873.933,423.869,450.06399999999996,-26.195000000000014,-0.029973693635553314,95469.325,95469.325,,5,ABOVE_LR
2026-09-27 22:30:00,2026-09-28T03:30:00.000Z,83289.5,83289.6,83166.6,83223.3,1554.3869999999997,407.098,1147.2889999999998,-740.1909999999999,-0.47619479576193063,95651.516,95651.516,,5,TOUCH/CROSS_LR
2026-09-27 22:35:00,2026-09-28T03:35:00.000Z,83223.3,83420,83204.3,83418.9,515.592,365.90099999999995,149.69100000000003,216.20999999999998,0.4193432016012661,96200.707,96200.707,,5,TOUCH/CROSS_LR
2026-09-27 22:40:00,2026-09-28T03:40:00.000Z,83419,83460.6,83362.8,83413,408.69,251.317,157.373,93.94400000000002,0.22986615772345792,96235.42,96235.42,,5,ABOVE_LR
2026-09-27 22:45:00,2026-09-28T03:45:00.000Z,83412.9,83454.1,83266.5,83371.6,957.181,244.92399999999998,712.2570000000001,-467.3330000000001,-0.48823890152437216,96238.465,96238.465,,5,ABOVE_LR
2026-09-27 22:50:00,2026-09-28T03:50:00.000Z,83371.6,83430,83353.9,83371.2,300.34099999999995,170.03699999999998,130.304,39.733,0.1322929603350858,95963.162,95963.162,,5,ABOVE_LR
2026-09-27 22:55:00,2026-09-28T03:55:00.000Z,83371.1,83371.1,83280,83302.6,240.56699999999998,89.60600000000001,150.961,-61.355000000000004,-0.25504329355231603,95906.835,95906.835,,5,ABOVE_LR
2026-09-27 23:00:00,2026-09-28T04:00:00.000Z,83302.5,83319.6,83191.6,83218.8,549.786,249.721,300.065,-50.34399999999999,-0.09157017457701723,95878.962,95878.962,,5,TOUCH/CROSS_LR
2026-09-27 23:05:00,2026-09-28T04:05:00.000Z,83218.7,83380,83205.8,83283.1,324.01099999999997,180.97500000000002,143.036,37.939000000000014,0.11709170367672708,95862.232,95862.232,,5,TOUCH/CROSS_LR
2026-09-27 23:10:00,2026-09-28T04:10:00.000Z,83283.2,83407.4,83283.2,83394.9,306.993,185.05800000000002,121.935,63.123,0.2056170661871769,95853.795,95853.795,,5,ABOVE_LR
2026-09-27 23:15:00,2026-09-28T04:15:00.000Z,83394.9,83472.3,83334.1,83465.5,479.331,244.923,234.40800000000002,10.515000000000015,0.02193682444907593,95835.748,95835.748,,5,ABOVE_LR
2026-09-27 23:20:00,2026-09-28T04:20:00.000Z,83465.4,83480,83423.1,83457.4,285.50800000000004,159.42000000000002,126.08800000000001,33.332,0.11674629082197345,95771.133,95771.133,,5,ABOVE_LR
2026-09-27 23:25:00,2026-09-28T04:25:00.000Z,83457.5,83463.8,83436.6,83442.9,201.94099999999997,110.887,91.054,19.832999999999995,0.09821185395734397,95784.622,95784.622,,5,ABOVE_LR
2026-09-27 23:30:00,2026-09-28T04:30:00.000Z,83442.8,83442.9,83389.7,83410,147.26600000000002,63.994,83.272,-19.278,-0.1309059796558608,95832.596,95832.596,,5,ABOVE_LR
2026-09-27 23:35:00,2026-09-28T04:35:00.000Z,83410,83450,83393.3,83430.8,139.821,95.127,44.694,50.43299999999999,0.3606968910249533,95848.931,95848.931,,5,ABOVE_LR
2026-09-27 23:40:00,2026-09-28T04:40:00.000Z,83430.8,83498.6,83422.3,83457.6,175.87900000000002,111.549,64.33,47.21900000000001,0.2684743488421017,95868.518,95868.518,,5,ABOVE_LR
2026-09-27 23:45:00,2026-09-28T04:45:00.000Z,83457.6,83457.6,83395,83398.1,160.20600000000002,81.36700000000002,78.839,2.5279999999999987,0.015779683657291228,95885.364,95885.364,,5,ABOVE_LR
2026-09-27 23:50:00,2026-09-28T04:50:00.000Z,83398,83463.8,83398,83432.1,128.756,83.89899999999999,44.857,39.04199999999999,0.30322470409145974,95880.605,95880.605,,5,ABOVE_LR
2026-09-27 23:55:00,2026-09-28T04:55:00.000Z,83432.2,83470,83412.3,83446,238.63899999999998,153.678,84.961,68.717,0.28795377117738513,95879.5,95879.5,,5,ABOVE_LR
2026-09-28 00:00:00,2026-09-28T05:00:00.000Z,83446,83494.7,83336.2,83346.3,373.613,180.00699999999998,193.606,-13.599000000000004,-0.03639862638612683,95841.605,95841.605,,5,ABOVE_LR
2026-09-28 00:05:00,2026-09-28T05:05:00.000Z,83346.3,83398.5,83315.8,83320,222.146,142.476,79.67,62.80599999999999,0.28272397432319285,95811.447,95811.447,,5,ABOVE_LR
2026-09-28 00:10:00,2026-09-28T05:10:00.000Z,83320.1,83330.2,83202.1,83292.7,549.422,235.485,313.937,-78.45200000000003,-0.14279005937148498,95775.896,95775.896,,5,TOUCH/CROSS_LR
2026-09-28 00:15:00,2026-09-28T05:15:00.000Z,83292.7,83315.3,83150,83205.1,983.361,366.02399999999994,617.337,-251.31300000000002,-0.2555653518900994,95806.739,95806.739,,5,TOUCH/CROSS_LR
2026-09-28 00:20:00,2026-09-28T05:20:00.000Z,83205,83237.4,82936.1,83017.1,2629.116,830.306,1798.81,-968.5039999999999,-0.3683762907380275,95860.89,95860.89,,5,TOUCH/CROSS_LR
2026-09-28 00:25:00,2026-09-28T05:25:00.000Z,83017.1,83099.2,82964.2,83031.3,925.336,455.0490000000001,470.28700000000003,-15.237999999999943,-0.01646753179385644,95500.944,95500.944,,5,TOUCH/CROSS_LR
2026-09-28 00:30:00,2026-09-28T05:30:00.000Z,83031.3,83047,82877.5,82879,1233.949,385.56600000000003,848.3829999999999,-462.817,-0.37506979623955283,95529.026,95529.026,,5,TOUCH/CROSS_LR
2026-09-28 00:35:00,2026-09-28T05:35:00.000Z,82879.1,82909,82617.8,82730.2,2765.9669999999996,1010.64,1755.3269999999998,-744.687,-0.26923206242156905,95528.511,95528.511,,5,BELOW_LR
2026-09-28 00:40:00,2026-09-28T05:40:00.000Z,82730.2,83113.4,82723,83103.1,1425.733,993.3709999999999,432.362,561.0089999999999,0.39348812154870505,95458.527,95458.527,,5,TOUCH/CROSS_LR
2026-09-28 00:45:00,2026-09-28T05:45:00.000Z,83103.1,83159,83021.3,83099.8,822.471,475.62600000000003,346.84499999999997,128.781,0.15657816506600233,95400.882,95400.882,,5,INSIDE_LR
2026-09-28 00:50:00,2026-09-28T05:50:00.000Z,83099.8,83099.8,83003.7,83095.5,527.4979999999999,329.377,198.121,131.25599999999997,0.24882748370609933,95475.489,95475.489,,5,INSIDE_LR
2026-09-28 00:55:00,2026-09-28T05:55:00.000Z,83095.4,83152.2,83069.5,83140.1,296.894,212.95300000000003,83.941,129.012,0.4345389263508188,95585.694,95585.694,,5,INSIDE_LR
2026-09-28 01:00:00,2026-09-28T06:00:00.000Z,83140.1,83159.8,83096,83107.6,387.459,219.273,168.18599999999998,51.08700000000002,0.13185137008044726,95611.76,95611.76,,5,INSIDE_LR
2026-09-28 01:05:00,2026-09-28T06:05:00.000Z,83107.6,83200,83107.6,83193.4,632.884,405.364,227.51999999999998,177.844,0.28100568192591374,95609.261,95609.261,,5,INSIDE_LR
2026-09-28 01:10:00,2026-09-28T06:10:00.000Z,83193.4,83255,83193.4,83207.2,1001.1890000000001,766.3799999999999,234.80900000000003,531.5709999999999,0.5309397126816214,95656.247,95656.247,,5,INSIDE_LR
2026-09-28 01:15:00,2026-09-28T06:15:00.000Z,83207.2,83216.5,83140,83140,300.942,154.84,146.102,8.737999999999992,0.029035495211701897,95450.318,95450.318,,5,INSIDE_LR
2026-09-28 01:20:00,2026-09-28T06:20:00.000Z,83140,83166.9,83050,83050,348.289,121.849,226.44,-104.59099999999998,-0.3002994639509143,95475.462,95475.462,,5,INSIDE_LR
2026-09-28 01:25:00,2026-09-28T06:25:00.000Z,83050,83089.7,83013.8,83020.4,298.053,83.98899999999999,214.064,-130.075,-0.4364156710383723,95456.173,95456.173,,5,INSIDE_LR
2026-09-28 01:30:00,2026-09-28T06:30:00.000Z,83020.5,83129.2,83002.9,83097.1,389.36699999999996,195.84,193.527,2.3130000000000166,0.0059404109747359605,95422.12,95422.12,,5,INSIDE_LR
2026-09-28 01:35:00,2026-09-28T06:35:00.000Z,83097.2,83119.4,83059.2,83070.2,133.32999999999998,61.05199999999999,72.278,-11.226000000000003,-0.08419710492762322,95490.128,95490.128,,5,INSIDE_LR
2026-09-28 01:40:00,2026-09-28T06:40:00.000Z,83070.3,83184.2,83055,83145.1,353.552,181.062,172.48999999999998,8.572000000000017,0.024245372675023805,95504.635,95504.635,,5,INSIDE_LR
2026-09-28 01:45:00,2026-09-28T06:45:00.000Z,83145.1,83192.7,83121,83143.7,269.267,143.821,125.446,18.374999999999996,0.06824081673580497,95527.238,95527.238,,5,INSIDE_LR
2026-09-28 01:50:00,2026-09-28T06:50:00.000Z,83143.7,83159.1,83085.3,83093,213.16899999999998,71.95899999999999,141.21,-69.251,-0.32486430953844136,95558.842,95558.842,,5,INSIDE_LR
2026-09-28 01:55:00,2026-09-28T06:55:00.000Z,83093.1,83124.9,83082.7,83124.9,100.241,61.963,38.278000000000006,23.685,0.23628056384114282,95585.588,95585.588,,5,INSIDE_LR
2026-09-28 02:00:00,2026-09-28T07:00:00.000Z,83124.9,83250,83124.8,83222.9,381.295,245.22699999999998,136.06799999999998,109.15900000000002,0.28628489752029274,95582.478,95582.478,,5,INSIDE_LR
2026-09-28 02:05:00,2026-09-28T07:05:00.000Z,83222.9,83222.9,83077,83096.5,244.908,108.21799999999999,136.69,-28.472,-0.11625590017475951,95572.968,95572.968,,5,INSIDE_LR
2026-09-28 02:10:00,2026-09-28T07:10:00.000Z,83096.4,83128,83020,83051.1,222.57,83.756,138.81400000000002,-55.058,-0.24737385990924204,95576.906,95576.906,,5,INSIDE_LR
2026-09-28 02:15:00,2026-09-28T07:15:00.000Z,83051.1,83120.8,83035.2,83110.6,147.67,82.683,64.987,17.696000000000005,0.11983476670955513,95549.804,95549.804,,5,INSIDE_LR
2026-09-28 02:20:00,2026-09-28T07:20:00.000Z,83110.6,83120.9,82926.3,82929.9,556.255,185.62,370.63500000000005,-185.01500000000001,-0.33260824621801155,95565.711,95565.711,,5,TOUCH/CROSS_LR
2026-09-28 02:25:00,2026-09-28T07:25:00.000Z,82929.9,83010.3,82901.4,82911.1,340.085,152.964,187.121,-34.15700000000001,-0.10043665554199689,95515.544,95515.544,,5,TOUCH/CROSS_LR
2026-09-28 02:30:00,2026-09-28T07:30:00.000Z,82911.1,82969,82888,82959.9,490.97900000000004,303.247,187.732,115.515,0.23527482845498482,95469.638,95469.638,,5,BELOW_LR
2026-09-28 02:35:00,2026-09-28T07:35:00.000Z,82960,83018.4,82878.7,82887,492.18600000000004,291.598,200.58800000000002,91.00999999999999,0.1849097698837431,95572.108,95572.108,,5,TOUCH/CROSS_LR
2026-09-28 02:40:00,2026-09-28T07:40:00.000Z,82887,82964.6,82870,82905.7,486.253,271.382,214.871,56.51099999999997,0.11621727783684618,95646.962,95646.962,,5,BELOW_LR
2026-09-28 02:45:00,2026-09-28T07:45:00.000Z,82905.8,82996.7,82889.2,82940.4,390.794,260.744,130.05,130.694,0.33443195136056336,95715.981,95715.981,,5,BELOW_LR
2026-09-28 02:50:00,2026-09-28T07:50:00.000Z,82940.3,83011.8,82920.1,83011.8,471.688,320.901,150.78699999999998,170.11400000000003,0.3606494123234003,95755.919,95755.919,,5,TOUCH/CROSS_LR
2026-09-28 02:55:00,2026-09-28T07:55:00.000Z,83011.7,83088.1,82899,82914.4,590.1220000000001,289.995,300.127,-10.131999999999998,-0.017169331087470045,95882.971,95882.971,,5,TOUCH/CROSS_LR
2026-09-28 03:00:00,2026-09-28T08:00:00.000Z,82914.4,83120,82875.9,83062.9,745.59,403.93300000000005,341.65700000000004,62.27599999999998,0.0835257983610295,95957.058,95957.058,,5,TOUCH/CROSS_LR
2026-09-28 03:05:00,2026-09-28T08:05:00.000Z,83062.8,83062.8,82901.2,82955.5,502.78700000000003,185.126,317.661,-132.535,-0.26360068975530393,96004.677,96004.677,,5,TOUCH/CROSS_LR
2026-09-28 03:10:00,2026-09-28T08:10:00.000Z,82955.4,83000,82906,82990.2,492.726,209.98399999999998,282.74199999999996,-72.75799999999998,-0.14766421905886837,95896.072,95896.072,,5,BELOW_LR
2026-09-28 03:15:00,2026-09-28T08:15:00.000Z,82990.2,83015.6,82890,82909.5,473.774,182.711,291.06300000000005,-108.35200000000002,-0.22869975980108664,95751.093,95751.093,,5,TOUCH/CROSS_LR
2026-09-28 03:20:00,2026-09-28T08:20:00.000Z,82909.5,82909.5,82775,82787.9,923.1859999999999,333.01,590.1759999999999,-257.16600000000005,-0.278563583069934,95610.384,95610.384,,5,BELOW_LR
2026-09-28 03:25:00,2026-09-28T08:25:00.000Z,82787.9,82907.4,82781.3,82809.7,536.979,250.88799999999998,286.091,-35.20300000000001,-0.06555749852415087,95490.476,95490.476,,5,BELOW_LR
2026-09-28 03:30:00,2026-09-28T08:30:00.000Z,82809.8,82931.7,82809.8,82918.8,366.395,268.47,97.92499999999998,170.54500000000002,0.46546759644645813,95540.827,95540.827,,5,BELOW_LR
2026-09-28 03:35:00,2026-09-28T08:35:00.000Z,82918.8,82934.5,82725.5,82845.1,525.684,196.79700000000003,328.887,-132.08999999999997,-0.25127262766224573,95598.9,95598.9,,5,BELOW_LR
2026-09-28 03:40:00,2026-09-28T08:40:00.000Z,82845.1,82888.9,82811.2,82888.8,318.04200000000003,147.209,170.833,-23.62400000000001,-0.07427949767640754,95630.886,95630.886,,5,BELOW_LR
2026-09-28 03:45:00,2026-09-28T08:45:00.000Z,82888.9,82952.8,82865.3,82884.1,356.211,169.119,187.092,-17.973000000000013,-0.05045604992546556,95591.849,95591.849,,5,BELOW_LR
2026-09-28 03:50:00,2026-09-28T08:50:00.000Z,82884.1,82994.7,82884,82955.2,371.729,198.633,173.096,25.537000000000006,0.06869789550990105,95577.807,95577.807,,5,BELOW_LR
2026-09-28 03:55:00,2026-09-28T08:55:00.000Z,82955.2,82975.3,82920.8,82931.1,232.98100000000002,130.162,102.81900000000002,27.34299999999999,0.11736150158167398,95548.451,95548.451,,5,BELOW_LR
2026-09-28 04:00:00,2026-09-28T09:00:00.000Z,82931,82979.4,82705.7,82741.8,841.21,449.71799999999996,391.492,58.226,0.06921696128196288,95568.874,95568.874,,5,BELOW_LR
2026-09-28 04:05:00,2026-09-28T09:05:00.000Z,82741.9,82762.5,82551.6,82603,1791.6539999999998,745.405,1046.2489999999998,-300.84399999999994,-0.16791411734631798,95653.905,95653.905,,5,BELOW_LR
2026-09-28 04:10:00,2026-09-28T09:10:00.000Z,82603,82853.1,82580.1,82853.1,646.431,433.84900000000005,212.582,221.26699999999994,0.3422902057605528,95621.404,95621.404,,5,BELOW_LR
2026-09-28 04:15:00,2026-09-28T09:15:00.000Z,82853,82942.6,82790.4,82896.3,533.8810000000001,277.788,256.093,21.695000000000007,0.040636396500343716,95629.805,95629.805,,5,BELOW_LR
2026-09-28 04:20:00,2026-09-28T09:20:00.000Z,82896.3,82942.6,82822.7,82825.1,433.032,226.668,206.364,20.304,0.04688798980213933,95672.568,95672.568,,5,BELOW_LR
2026-09-28 04:25:00,2026-09-28T09:25:00.000Z,82825.1,82835.3,82729.2,82796.3,418.673,230.988,187.685,43.30299999999998,0.10342916787086816,95666.712,95666.712,,5,BELOW_LR
2026-09-28 04:30:00,2026-09-28T09:30:00.000Z,82796.2,82828.5,82688.1,82692,317.64599999999996,151.81,165.836,-14.02600000000001,-0.04415607311283634,95708.78,95708.78,,5,BELOW_LR
2026-09-28 04:35:00,2026-09-28T09:35:00.000Z,82692,82704.5,82552.5,82594.9,792.198,356.471,435.72700000000003,-79.25599999999997,-0.10004569564679534,95723.618,95723.618,,5,BELOW_LR
2026-09-28 04:40:00,2026-09-28T09:40:00.000Z,82594.9,82643.3,82576.2,82603.5,405.077,206.313,198.764,7.549000000000007,0.01863596303912591,95801.836,95801.836,,5,BELOW_LR
2026-09-28 04:45:00,2026-09-28T09:45:00.000Z,82603.6,82735,82597.9,82724.9,366.131,246.54500000000002,119.58600000000001,126.959,0.34675840068172326,95845.594,95845.594,,5,BELOW_LR
2026-09-28 04:50:00,2026-09-28T09:50:00.000Z,82724.8,82752.1,82584.7,82587.8,341.444,120.61999999999999,220.824,-100.20400000000001,-0.29347125736577595,95895.229,95895.229,,5,BELOW_LR
2026-09-28 04:55:00,2026-09-28T09:55:00.000Z,82587.7,82640,82587.7,82640,241.458,168.547,72.911,95.636,0.39607716455863956,95910.564,95910.564,,5,BELOW_LR
2026-09-28 05:00:00,2026-09-28T10:00:00.000Z,82640,82847.7,82640,82808.6,507.89200000000005,306.399,201.49300000000002,104.90599999999995,0.20655178660030074,95961.038,95961.038,,5,BELOW_LR
2026-09-28 05:05:00,2026-09-28T10:05:00.000Z,82808.6,82808.7,82680,82726.4,232.14499999999998,93.47900000000001,138.666,-45.18699999999999,-0.19464989553942577,95995.166,95995.166,,5,BELOW_LR
2026-09-28 05:10:00,2026-09-28T10:10:00.000Z,82726.5,82739.2,82642,82739.1,246.109,154.989,91.12,63.86900000000001,0.25951509290598884,95994.968,95994.968,,5,BELOW_LR
2026-09-28 05:15:00,2026-09-28T10:15:00.000Z,82739.2,82805,82720,82720.1,174.84900000000002,105.00999999999999,69.839,35.17100000000001,0.2011507071816253,96048.577,96048.577,,5,BELOW_LR
2026-09-28 05:20:00,2026-09-28T10:20:00.000Z,82720,82788,82702.7,82788,131.256,86.032,45.224000000000004,40.80799999999999,0.3109038824891814,96046.934,96046.934,,5,BELOW_LR
2026-09-28 05:25:00,2026-09-28T10:25:00.000Z,82787.9,82827.7,82757.6,82787.7,193.951,106.662,87.289,19.37300000000001,0.09988605369397431,96043.602,96043.602,,5,BELOW_LR
2026-09-28 05:30:00,2026-09-28T10:30:00.000Z,82787.8,82847,82746.2,82841.5,145.38,92.19,53.18999999999999,39.00000000000001,0.26826248452331825,96013.15,96013.15,,5,BELOW_LR
2026-09-28 05:35:00,2026-09-28T10:35:00.000Z,82841.6,82910.8,82841.5,82908.6,380.759,254.17,126.589,127.581,0.33507021501789847,96011.419,96011.419,,5,BELOW_LR
2026-09-28 05:40:00,2026-09-28T10:40:00.000Z,82908.7,82933.8,82900,82921.1,338.64599999999996,216.962,121.68399999999998,95.278,0.281349846152029,95932.052,95932.052,,5,BELOW_LR
2026-09-28 05:45:00,2026-09-28T10:45:00.000Z,82921.1,82921.1,82825.1,82868.9,667.127,340.83799999999997,326.289,14.549000000000007,0.021808441271302176,95877.037,95877.037,,5,BELOW_LR
2026-09-28 05:50:00,2026-09-28T10:50:00.000Z,82868.8,83024.6,82858.4,82954.7,1449.4910000000002,963.011,486.48000000000013,476.53099999999984,0.3287574741754173,95919.027,95919.027,,5,TOUCH/CROSS_LR
2026-09-28 05:55:00,2026-09-28T10:55:00.000Z,82954.6,82983.8,82923,82928.5,378.089,175.429,202.66000000000003,-27.23100000000003,-0.07202272480818016,96316.311,96316.311,,5,BELOW_LR
2026-09-28 06:00:00,2026-09-28T11:00:00.000Z,82928.6,83036.7,82928.6,82987.5,558.072,366.205,191.86700000000005,174.33799999999997,0.3123933829326681,96341.633,96341.633,,5,TOUCH/CROSS_LR
2026-09-28 06:05:00,2026-09-28T11:05:00.000Z,82987.6,83018.7,82958.8,82987.7,392.462,251.18900000000002,141.273,109.91599999999997,0.28006787918320747,96364.922,96364.922,,5,TOUCH/CROSS_LR
2026-09-28 06:10:00,2026-09-28T11:10:00.000Z,82987.7,82987.7,82938.5,82958.6,181.329,100.018,81.31099999999999,18.707000000000008,0.10316606830677943,96411.64,96411.64,,5,BELOW_LR
2026-09-28 06:15:00,2026-09-28T11:15:00.000Z,82958.6,83050,82946.3,82985.7,531.447,301.827,229.62,72.20699999999998,0.1358686755217359,96402.419,96402.419,,5,TOUCH/CROSS_LR
2026-09-28 06:20:00,2026-09-28T11:20:00.000Z,82985.8,83038.2,82940.5,83011.8,279.442,139.667,139.775,-0.1080000000000112,-0.0003864844940989944,96383.803,96383.803,,5,TOUCH/CROSS_LR
2026-09-28 06:25:00,2026-09-28T11:25:00.000Z,83011.8,83011.8,82961.7,82992.1,118.858,54.694,64.16399999999999,-9.469999999999997,-0.07967490619058033,96359.109,96359.109,,5,TOUCH/CROSS_LR
2026-09-28 06:30:00,2026-09-28T11:30:00.000Z,82992,83020.2,82953.1,83020.2,209.35299999999998,98.815,110.53800000000001,-11.723000000000003,-0.05599633155483802,96343.272,96343.272,,5,TOUCH/CROSS_LR
2026-09-28 06:35:00,2026-09-28T11:35:00.000Z,83020.2,83045.7,82988.3,83038,204.77100000000002,114.05699999999999,90.714,23.343,0.11399563414741344,96370.666,96370.666,,5,TOUCH/CROSS_LR
2026-09-28 06:40:00,2026-09-28T11:40:00.000Z,83038,83081.6,83024.5,83045.8,392.9,206.03,186.86999999999998,19.160000000000004,0.04876558920845,96365.037,96365.037,,5,INSIDE_LR
2026-09-28 06:45:00,2026-09-28T11:45:00.000Z,83045.9,83045.9,82969.4,82969.4,171.58499999999998,49.769999999999996,121.815,-72.045,-0.41987936008392346,96354.289,96354.289,,5,TOUCH/CROSS_LR
2026-09-28 06:50:00,2026-09-28T11:50:00.000Z,82969.4,83000,82953,82953,232.823,75.745,157.078,-81.333,-0.34933404345790575,96314.834,96314.834,,5,BELOW_LR
2026-09-28 06:55:00,2026-09-28T11:55:00.000Z,82953.1,83060.2,82953,83054.5,218.913,118.99499999999999,99.91799999999999,19.077,0.08714420797303038,96270.131,96270.131,,5,TOUCH/CROSS_LR
2026-09-28 07:00:00,2026-09-28T12:00:00.000Z,83054.5,83268.4,82979.9,83223.8,1129.307,720.277,409.03,311.247,0.27560884684147,96244.199,96244.199,,5,TOUCH/CROSS_LR
2026-09-28 07:05:00,2026-09-28T12:05:00.000Z,83223.8,83460,83210.6,83441,2751.075,1354.9270000000001,1396.1480000000001,-41.22100000000003,-0.01498359732104724,96311.07,96311.07,,5,TOUCH/CROSS_LR
2026-09-28 07:10:00,2026-09-28T12:10:00.000Z,83441,83477.7,83256.6,83346.7,1634.3880000000001,667.5509999999999,966.837,-299.28599999999994,-0.18311808456743436,96072.012,96072.012,,5,ABOVE_LR
2026-09-28 07:15:00,2026-09-28T12:15:00.000Z,83346.6,83391.7,83244.1,83385.1,743.802,315.351,428.451,-113.10000000000001,-0.152056595706922,95557.76,95557.76,,5,TOUCH/CROSS_LR
2026-09-28 07:20:00,2026-09-28T12:20:00.000Z,83385.1,83437.5,83275.2,83353,552.32,252.852,299.468,-46.616000000000014,-0.08440034762456548,95499.679,95499.679,,5,ABOVE_LR
2026-09-28 07:25:00,2026-09-28T12:25:00.000Z,83353,83378.6,83241.7,83331.1,423.91100000000006,192.259,231.652,-39.393000000000015,-0.09292752488140202,95492.995,95492.995,,5,TOUCH/CROSS_LR
2026-09-28 07:30:00,2026-09-28T12:30:00.000Z,83331.1,83370.8,83254.6,83370.8,321.776,163.489,158.287,5.202000000000005,0.016166525781910412,95529.415,95529.415,,5,TOUCH/CROSS_LR
2026-09-28 07:35:00,2026-09-28T12:35:00.000Z,83370.8,83399.3,83276,83294.1,330.507,115.974,214.533,-98.559,-0.2982054843013915,95534.392,95534.392,,5,ABOVE_LR
2026-09-28 07:40:00,2026-09-28T12:40:00.000Z,83294,83313,83232.6,83312.1,342.55199999999996,153.989,188.563,-34.573999999999984,-0.10093066162217704,95588.977,95588.977,,5,TOUCH/CROSS_LR
2026-09-28 07:45:00,2026-09-28T12:45:00.000Z,83312.1,83433.2,83312,83371.2,362.501,175.103,187.39799999999997,-12.294999999999995,-0.03391714781476464,95448.288,95448.288,,5,ABOVE_LR
2026-09-28 07:50:00,2026-09-28T12:50:00.000Z,83371.2,83561.4,83362.8,83544,848.0840000000001,572.737,275.347,297.39,0.35066101942732086,95446.672,95446.672,,5,ABOVE_LR
2026-09-28 07:55:00,2026-09-28T12:55:00.000Z,83544,83609.4,83480.1,83546.5,820.6659999999999,449.991,370.67500000000007,79.31599999999995,0.09664833196452631,95288.8,95288.8,,5,ABOVE_LR
2026-09-28 08:00:00,2026-09-28T13:00:00.000Z,83546.4,83546.5,83356.2,83356.2,530.468,173.25900000000001,357.209,-183.95,-0.34676926789174845,95252.548,95252.548,,5,ABOVE_LR
2026-09-28 08:05:00,2026-09-28T13:05:00.000Z,83356.2,83377.2,83293,83303.7,318.208,107.70299999999999,210.50500000000002,-102.802,-0.32306541633145613,95246.925,95246.925,,5,ABOVE_LR
2026-09-28 08:10:00,2026-09-28T13:10:00.000Z,83303.7,83373.2,83270,83372.9,234.80200000000002,137.49599999999998,97.306,40.19,0.1711654926278311,95221.331,95221.331,,5,ABOVE_LR
2026-09-28 08:15:00,2026-09-28T13:15:00.000Z,83372.9,83410,83315,83357.7,238.748,102.213,136.53500000000003,-34.32200000000002,-0.1437582723206059,95230.002,95230.002,,5,ABOVE_LR
2026-09-28 08:20:00,2026-09-28T13:20:00.000Z,83357.8,83383.7,83345.7,83369.9,141.258,74.20700000000001,67.051,7.155999999999995,0.050659077715952336,95231.713,95231.713,,5,ABOVE_LR
2026-09-28 08:25:00,2026-09-28T13:25:00.000Z,83369.9,83525,83350.1,83524.9,571.173,405.293,165.88,239.413,0.4191602194081303,95212.641,95212.641,,5,ABOVE_LR
2026-09-28 08:30:00,2026-09-28T13:30:00.000Z,83525,83670,83389.2,83549.7,1466.53,798.6209999999999,667.9089999999999,130.71200000000005,0.08913012348877968,95150.48,95150.48,,5,ABOVE_LR
2026-09-28 08:35:00,2026-09-28T13:35:00.000Z,83549.7,83778.7,83349.4,83687.6,1493.955,779.7570000000001,714.1980000000001,65.55899999999994,0.04388284787694405,95212.345,95212.345,,5,ABOVE_LR
2026-09-28 08:40:00,2026-09-28T13:40:00.000Z,83687.7,83793.6,83624.9,83710.7,1206.647,683.872,522.7750000000001,161.09699999999998,0.13350797706371456,95102.999,95102.999,,5,ABOVE_LR
2026-09-28 08:45:00,2026-09-28T13:45:00.000Z,83710.7,83794.9,83556.5,83556.6,968.8039999999999,347.13000000000005,621.674,-274.544,-0.28338446166613684,95084.149,95084.149,,5,ABOVE_LR
2026-09-28 08:50:00,2026-09-28T13:50:00.000Z,83556.6,83739.6,83440.2,83734.5,806.338,398.068,408.2700000000001,-10.202000000000027,-0.012652262450734093,95123.587,95123.587,,5,ABOVE_LR
2026-09-28 08:55:00,2026-09-28T13:55:00.000Z,83734.4,83771.7,83579.8,83609.1,476.53999999999996,184.448,292.092,-107.644,-0.2258865992361607,95132.827,95132.827,,5,ABOVE_LR
2026-09-28 09:00:00,2026-09-28T14:00:00.000Z,83609.1,83609.1,83354,83366.2,714.2750000000001,235.583,478.69200000000006,-243.10899999999998,-0.3403577053655804,95190.571,95190.571,,5,ABOVE_LR
2026-09-28 09:05:00,2026-09-28T14:05:00.000Z,83366.2,83520,83283.6,83428.7,659.344,318.345,340.999,-22.65399999999999,-0.03435839258414422,95246.525,95246.525,,5,ABOVE_LR
2026-09-28 09:10:00,2026-09-28T14:10:00.000Z,83428.7,83500,83325.2,83357.3,410.893,186.22999999999996,224.663,-38.433,-0.09353529994426774,95236.641,95236.641,,5,ABOVE_LR
2026-09-28 09:15:00,2026-09-28T14:15:00.000Z,83357.3,83415.7,83223,83334.9,860.6510000000001,386.35,474.30099999999993,-87.95099999999998,-0.10219124825277606,95219.225,95219.225,,5,TOUCH/CROSS_LR
2026-09-28 09:20:00,2026-09-28T14:20:00.000Z,83334.9,83565.5,83291.4,83565.1,548.94,326.053,222.887,103.16599999999997,0.1879367508288701,95225.272,95225.272,,5,ABOVE_LR
2026-09-28 09:25:00,2026-09-28T14:25:00.000Z,83565.1,83571.4,83059.4,83194.7,865.2080000000001,277.575,587.633,-310.058,-0.3583623822248522,95171.584,95171.584,,5,TOUCH/CROSS_LR
2026-09-28 09:30:00,2026-09-28T14:30:00.000Z,83194.6,83287.7,83048.5,83257.2,988.8149999999999,500.832,487.983,12.849000000000004,0.012994341712049275,95093.47,95093.47,,5,TOUCH/CROSS_LR
2026-09-28 09:35:00,2026-09-28T14:35:00.000Z,83257.1,83443,83223,83375.3,732.064,368.43899999999996,363.625,4.8139999999999645,0.006575927787734357,95022.553,95022.553,,5,TOUCH/CROSS_LR
2026-09-28 09:40:00,2026-09-28T14:40:00.000Z,83375.2,83390.4,82800.2,82907.8,2403.424,784.492,1618.932,-834.44,-0.347188011769875,95036.348,95036.348,,5,TOUCH/CROSS_LR
2026-09-28 09:45:00,2026-09-28T14:45:00.000Z,82907.8,82972.5,82772.9,82917.2,1276.752,574.007,702.7450000000001,-128.73800000000006,-0.10083242477787391,94869.515,94869.515,,5,BELOW_LR
2026-09-28 09:50:00,2026-09-28T14:50:00.000Z,82917.1,83029.5,82500.1,82851.4,3148.254,1289.2730000000001,1858.9809999999998,-569.7080000000001,-0.1809599860748212,94926.309,94926.309,,5,TOUCH/CROSS_LR
2026-09-28 09:55:00,2026-09-28T14:55:00.000Z,82851.3,82990.6,82752.6,82990.5,881.4150000000001,406.747,474.668,-67.92099999999998,-0.07705904710040103,95090.368,95090.368,,5,BELOW_LR
2026-09-28 10:00:00,2026-09-28T15:00:00.000Z,82990.6,83045,82920.1,82960.9,874.673,309.026,565.647,-256.621,-0.29339078718561107,95100.669,95100.669,,5,TOUCH/CROSS_LR
2026-09-28 10:05:00,2026-09-28T15:05:00.000Z,82960.9,83188,82912,83186,670.3389999999999,344.14300000000003,326.196,17.947000000000003,0.026773020814841453,95001.885,95001.885,,5,TOUCH/CROSS_LR
2026-09-28 10:10:00,2026-09-28T15:10:00.000Z,83186,83233.1,82881.4,82915.1,1007.4560000000001,397.72700000000003,609.729,-212.00200000000007,-0.21043301146650578,94952.751,94952.751,,5,TOUCH/CROSS_LR
2026-09-28 10:15:00,2026-09-28T15:15:00.000Z,82915,82946.1,82781.4,82868.3,883.96,368.172,515.788,-147.61599999999999,-0.16699398162812795,94933.65,94933.65,,5,BELOW_LR
2026-09-28 10:20:00,2026-09-28T15:20:00.000Z,82868.2,83001.6,82755.1,82943.8,1016.9970000000001,415.14,601.857,-186.71700000000004,-0.18359641178882535,94950.26,94950.26,,5,BELOW_LR
2026-09-28 10:25:00,2026-09-28T15:25:00.000Z,82943.8,83099.1,82812.3,83035.2,753.678,348.31899999999996,405.359,-57.04000000000001,-0.07568218788395045,94947.427,94947.427,,5,TOUCH/CROSS_LR
2026-09-28 10:30:00,2026-09-28T15:30:00.000Z,83035.3,83095.7,82973.3,83049.9,403.01099999999997,156.431,246.58,-90.149,-0.22368868343543974,94975.336,94975.336,,5,TOUCH/CROSS_LR
2026-09-28 10:35:00,2026-09-28T15:35:00.000Z,83050,83337.3,83036.5,83267.9,976.859,554.419,422.44000000000005,131.97899999999993,0.1351054758158546,94961.091,94961.091,,5,TOUCH/CROSS_LR
2026-09-28 10:40:00,2026-09-28T15:40:00.000Z,83267.9,83276,83142.6,83170.6,352.38599999999997,123.38000000000002,229.006,-105.62599999999998,-0.29974516581248967,94897.519,94897.519,,5,TOUCH/CROSS_LR
2026-09-28 10:45:00,2026-09-28T15:45:00.000Z,83170.6,83302.9,83169.4,83248.9,297.662,139.332,158.32999999999998,-18.997999999999998,-0.06382406891037486,94922.78,94922.78,,5,TOUCH/CROSS_LR
2026-09-28 10:50:00,2026-09-28T15:50:00.000Z,83249,83314,83183.1,83314,284.979,130.002,154.977,-24.97500000000001,-0.08763803648689907,94932.296,94932.296,,5,TOUCH/CROSS_LR
2026-09-28 10:55:00,2026-09-28T15:55:00.000Z,83313.9,83369.4,83287.5,83328.4,336.713,149.812,186.901,-37.089,-0.11015018725145746,94945.935,94945.935,,5,ABOVE_LR
2026-09-28 11:00:00,2026-09-28T16:00:00.000Z,83328.4,83393.9,83205.3,83261.6,454.778,151.46499999999997,303.31300000000005,-151.848,-0.33389477943084317,94892.447,94892.447,,5,TOUCH/CROSS_LR
2026-09-28 11:05:00,2026-09-28T16:05:00.000Z,83261.7,83417.6,83226.9,83373.6,408.029,198.213,209.81599999999997,-11.603000000000002,-0.02843670425386431,94905.87,94905.87,,5,TOUCH/CROSS_LR
2026-09-28 11:10:00,2026-09-28T16:10:00.000Z,83373.7,83444.1,83360,83382.9,468.789,252.483,216.306,36.177000000000014,0.07717117935787746,94878.975,94878.975,,5,ABOVE_LR
2026-09-28 11:15:00,2026-09-28T16:15:00.000Z,83383,83697,83330.3,83622.7,1681.491,984.7740000000001,696.7170000000001,288.057,0.17131046196500607,94893.067,94893.067,,5,ABOVE_LR
2026-09-28 11:20:00,2026-09-28T16:20:00.000Z,83622.6,83950,83604.5,83881.2,2458.057,1681.709,776.348,905.3610000000001,0.3683238427750049,94694.207,94694.207,,5,ABOVE_LR
2026-09-28 11:25:00,2026-09-28T16:25:00.000Z,83881.2,84163.3,83830.2,83980.6,3202.5469999999996,1754.965,1447.5819999999999,307.38300000000004,0.09598079278774053,94802.905,94802.905,,5,ABOVE_LR
2026-09-28 11:30:00,2026-09-28T16:30:00.000Z,83980.6,84088.8,83880.4,83908.2,2022.182,1161.166,861.0160000000001,300.15,0.14842877644049843,94366.07,94366.07,,5,ABOVE_LR
2026-09-28 11:35:00,2026-09-28T16:35:00.000Z,83908.2,83973.1,83791.9,83799.9,771.8439999999999,226.71800000000002,545.126,-318.40799999999996,-0.4125289566285415,94302.355,94302.355,,5,ABOVE_LR
2026-09-28 11:40:00,2026-09-28T16:40:00.000Z,83799.9,83810.2,83645.9,83700,849.689,279.56399999999996,570.125,-290.5609999999999,-0.3419615882987775,94297.036,94297.036,,5,ABOVE_LR
2026-09-28 11:45:00,2026-09-28T16:45:00.000Z,83700,83744,83536.4,83566.2,703.5469999999999,374.80899999999997,328.738,46.070999999999955,0.06548389801960632,94350.83,94350.83,,5,ABOVE_LR
2026-09-28 11:50:00,2026-09-28T16:50:00.000Z,83566.1,83682.6,83538.9,83682.6,473.95300000000003,257.625,216.32799999999997,41.297,0.08713311235502254,94156.918,94156.918,,5,ABOVE_LR
2026-09-28 11:55:00,2026-09-28T16:55:00.000Z,83682.6,83690,83618.6,83686.4,262.70099999999996,130.466,132.235,-1.7689999999999984,-0.006733891382217801,94097.942,94097.942,,5,ABOVE_LR
2026-09-28 12:00:00,2026-09-28T17:00:00.000Z,83686.4,83731.3,83550,83603.7,1003.805,635.498,368.307,267.1909999999999,0.26617819197951786,94067.876,94067.876,,5,ABOVE_LR
2026-09-28 12:05:00,2026-09-28T17:05:00.000Z,83603.7,83635.4,83516.8,83533.7,350.837,129.78,221.05699999999996,-91.27699999999999,-0.260169252387861,93918.31,93918.31,,5,ABOVE_LR
2026-09-28 12:10:00,2026-09-28T17:10:00.000Z,83533.8,84243.1,83525.3,84221.9,2225.955,1512.897,713.058,799.839,0.35932397555206647,93872.616,93872.616,,5,ABOVE_LR
2026-09-28 12:15:00,2026-09-28T17:15:00.000Z,84221.9,84350,83961.2,84000,2068.0350000000003,1077.149,990.8860000000001,86.26299999999998,0.04171254354979484,93601.842,93601.842,,5,ABOVE_LR
2026-09-28 12:20:00,2026-09-28T17:20:00.000Z,84000,84040,83931.1,83980.6,554.7909999999999,268.794,285.99699999999996,-17.20299999999999,-0.03100807331048988,93362.115,93362.115,,5,ABOVE_LR
2026-09-28 12:25:00,2026-09-28T17:25:00.000Z,83980.5,83980.5,83843.3,83873.1,361.34000000000003,185.25899999999996,176.08100000000002,9.177999999999976,0.025399900370841798,93403.383,93403.383,,5,ABOVE_LR
2026-09-28 12:30:00,2026-09-28T17:30:00.000Z,83873.2,83969.9,83828.3,83843,337.577,159.66500000000002,177.912,-18.247000000000007,-0.054052853126842194,93331.612,93331.612,,5,ABOVE_LR
2026-09-28 12:35:00,2026-09-28T17:35:00.000Z,83843,83921.3,83808.3,83898.7,262.439,112.898,149.541,-36.643,-0.1396248271026791,93327.575,93327.575,,5,ABOVE_LR
2026-09-28 12:40:00,2026-09-28T17:40:00.000Z,83898.7,83992.9,83876,83976.9,230.168,139.357,90.81099999999999,48.54600000000001,0.21091550519620453,93325.687,93325.687,,5,ABOVE_LR
2026-09-28 12:45:00,2026-09-28T17:45:00.000Z,83977,84033.2,83875,83880.4,337.19300000000004,186.031,151.16199999999998,34.869,0.10340962000990529,93332.453,93332.453,,5,ABOVE_LR
2026-09-28 12:50:00,2026-09-28T17:50:00.000Z,83880.4,83928.3,83817.4,83834.1,282.194,119.46799999999999,162.726,-43.25800000000001,-0.1532917071234683,93290.605,93290.605,,5,ABOVE_LR
2026-09-28 12:55:00,2026-09-28T17:55:00.000Z,83834,83900,83800.6,83832.7,243.435,83.92900000000002,159.50600000000003,-75.577,-0.3104606979275782,93275.437,93275.437,,5,ABOVE_LR
2026-09-28 13:00:00,2026-09-28T18:00:00.000Z,83832.8,83948.3,83801.4,83928.9,308.062,167.783,140.279,27.50399999999999,0.08928072920386153,93253.927,93253.927,,5,ABOVE_LR
2026-09-28 13:05:00,2026-09-28T18:05:00.000Z,83928.9,83940,83857,83877.9,153.109,49.183,103.92599999999999,-54.742999999999995,-0.3575426656826182,93229.271,93229.271,,5,ABOVE_LR
2026-09-28 13:10:00,2026-09-28T18:10:00.000Z,83878,83943.1,83873.9,83939.9,238.844,84.42099999999999,154.423,-70.00200000000001,-0.29308670094287487,93237.144,93237.144,,5,ABOVE_LR
2026-09-28 13:15:00,2026-09-28T18:15:00.000Z,83940,83960,83859.7,83877.1,167.51100000000002,91.245,76.266,14.979000000000003,0.0894209932482046,93264.212,93264.212,,5,ABOVE_LR
2026-09-28 13:20:00,2026-09-28T18:20:00.000Z,83877,83958.4,83862.6,83928.5,152.37699999999998,71.64600000000002,80.73100000000001,-9.084999999999992,-0.05962185894196626,93239.643,93239.643,,5,ABOVE_LR
2026-09-28 13:25:00,2026-09-28T18:25:00.000Z,83928.5,83968,83892.7,83895.9,201.072,49.893,151.17900000000003,-101.286,-0.5037300071616138,93216.589,93216.589,,5,ABOVE_LR
2026-09-28 13:30:00,2026-09-28T18:30:00.000Z,83895.8,83914.7,83755,83839,274.466,108.969,165.497,-56.527999999999984,-0.2059562933113755,93167.682,93167.682,,5,ABOVE_LR
2026-09-28 13:35:00,2026-09-28T18:35:00.000Z,83838.9,83866.5,83756,83779.3,157.094,50.013000000000005,107.08100000000002,-57.068000000000005,-0.36327294486103867,93146.509,93146.509,,5,ABOVE_LR
2026-09-28 13:40:00,2026-09-28T18:40:00.000Z,83779.3,83839.1,83770,83832,140.465,71.593,68.87199999999999,2.721000000000002,0.019371373651799393,93162.676,93162.676,,5,ABOVE_LR
2026-09-28 13:45:00,2026-09-28T18:45:00.000Z,83831.9,83916.5,83767.7,83833.9,171.83599999999998,102.822,69.014,33.808,0.19674573430480227,93154.366,93154.366,,5,ABOVE_LR
2026-09-28 13:50:00,2026-09-28T18:50:00.000Z,83833.9,83993,83833.8,83984.2,207.614,140.409,67.205,73.20400000000001,0.352596645698267,93143.09,93143.09,,5,ABOVE_LR
2026-09-28 13:55:00,2026-09-28T18:55:00.000Z,83984.2,84009.4,83954.2,84000.1,175.65300000000002,112.09899999999999,63.553999999999995,48.545,0.27636874975092934,93127.526,93127.526,,5,ABOVE_LR
2026-09-28 14:00:00,2026-09-28T19:00:00.000Z,84000.1,84009.4,83771.7,83775,312.019,83.577,228.442,-144.865,-0.4642826238145754,93118.543,93118.543,,5,ABOVE_LR
2026-09-28 14:05:00,2026-09-28T19:05:00.000Z,83775,83785.1,83626.6,83634.9,515.663,153.33800000000002,362.32500000000005,-208.98700000000002,-0.40527825343295915,93080.811,93080.811,,5,ABOVE_LR
2026-09-28 14:10:00,2026-09-28T19:10:00.000Z,83635,83720.5,83609.4,83681,306.313,175.242,131.07100000000003,44.170999999999985,0.1442021722878232,92967.778,92967.778,,5,ABOVE_LR
2026-09-28 14:15:00,2026-09-28T19:15:00.000Z,83681,83700.8,83626.2,83698.9,232.99399999999997,104.856,128.138,-23.281999999999993,-0.09992531996532097,92989.018,92989.018,,5,ABOVE_LR
2026-09-28 14:20:00,2026-09-28T19:20:00.000Z,83699,83699,83621.5,83639.1,147.31099999999998,56.252,91.05899999999998,-34.80699999999999,-0.23628242290120896,92997.692,92997.692,,5,ABOVE_LR
2026-09-28 14:25:00,2026-09-28T19:25:00.000Z,83639.2,83652.2,83586.6,83602,157.926,60.969,96.957,-35.988,-0.22787887998176362,92979.919,92979.919,,5,ABOVE_LR
2026-09-28 14:30:00,2026-09-28T19:30:00.000Z,83602,83615.7,83456.4,83490.5,714.8389999999999,275.221,439.618,-164.397,-0.22997765930510228,92995.205,92995.205,,5,ABOVE_LR
2026-09-28 14:35:00,2026-09-28T19:35:00.000Z,83490.6,83490.6,83160.8,83191.6,1313.095,427.12699999999995,885.9680000000001,-458.84100000000007,-0.3494347324451011,92952.366,92952.366,,5,TOUCH/CROSS_LR
2026-09-28 14:40:00,2026-09-28T19:40:00.000Z,83191.7,83295.2,83066,83272.4,1029.763,572.857,456.90599999999995,115.95100000000005,0.11259969526968833,92946.392,92946.392,,5,TOUCH/CROSS_LR
2026-09-28 14:45:00,2026-09-28T19:45:00.000Z,83272.4,83345.2,83231.5,83245.7,535.647,297.884,237.763,60.120999999999995,0.11223996400614582,92884.696,92884.696,,5,TOUCH/CROSS_LR
2026-09-28 14:50:00,2026-09-28T19:50:00.000Z,83245.6,83367.2,83229.5,83322.9,350.429,208.99900000000002,141.43,67.56899999999997,0.1928179460033273,92894.071,92894.071,,5,TOUCH/CROSS_LR
2026-09-28 14:55:00,2026-09-28T19:55:00.000Z,83322.9,83383.3,83319.2,83343.9,348.98,155.319,193.661,-38.34200000000002,-0.1098687603874148,92946.497,92946.497,,5,ABOVE_LR
2026-09-28 15:00:00,2026-09-28T20:00:00.000Z,83344,83462.1,83221.3,83443,508.366,246.651,261.715,-15.063999999999993,-0.029632194127852753,92905.981,92905.981,,5,TOUCH/CROSS_LR
2026-09-28 15:05:00,2026-09-28T20:05:00.000Z,83443,83535.9,83443,83535.9,327.21900000000005,201.78400000000002,125.435,76.34900000000002,0.23332691561309093,92892.424,92892.424,,5,ABOVE_LR
2026-09-28 15:10:00,2026-09-28T20:10:00.000Z,83535.8,83580.7,83500.4,83537.3,281.56899999999996,121.80199999999999,159.767,-37.965,-0.13483373524784337,92895.9,92895.9,,5,ABOVE_LR
2026-09-28 15:15:00,2026-09-28T20:15:00.000Z,83537.3,83537.3,83426.6,83484.7,160.26700000000002,58.80499999999999,101.46199999999999,-42.65700000000001,-0.26616209200896007,92934.637,92934.637,,5,ABOVE_LR
2026-09-28 15:20:00,2026-09-28T20:20:00.000Z,83484.6,83517,83435,83517,149.377,73.42099999999999,75.956,-2.5349999999999966,-0.016970484077200615,92937.677,92937.677,,5,ABOVE_LR
2026-09-28 15:25:00,2026-09-28T20:25:00.000Z,83516.9,83521.3,83441.2,83459.8,186.824,46.4,140.424,-94.024,-0.5032758103883869,92974.195,92974.195,,5,ABOVE_LR
2026-09-28 15:30:00,2026-09-28T20:30:00.000Z,83459.8,83510.4,83426.1,83506.6,96.66000000000001,55.059,41.601,13.458000000000002,0.13923029174425822,93024.598,93024.598,,5,ABOVE_LR
2026-09-28 15:35:00,2026-09-28T20:35:00.000Z,83506.6,83521.2,83477.9,83519.4,71.65199999999999,51.55,20.102,31.448,0.4388991235415621,93041.245,93041.245,,5,ABOVE_LR
2026-09-28 15:40:00,2026-09-28T20:40:00.000Z,83519.3,83545.7,83444.3,83453,70.92099999999999,35.75599999999999,35.16499999999999,0.5910000000000029,0.008333215831700103,93043.002,93043.002,,5,ABOVE_LR
2026-09-28 15:45:00,2026-09-28T20:45:00.000Z,83453,83475.8,83425,83440.4,101.931,33.652,68.279,-34.626999999999995,-0.33971019611305686,93044.617,93044.617,,5,ABOVE_LR
2026-09-28 15:50:00,2026-09-28T20:50:00.000Z,83440.4,83450,83392.8,83446,88.679,42.672999999999995,46.006,-3.3329999999999984,-0.03758499757552519,93038.038,93038.038,,5,ABOVE_LR
2026-09-28 15:55:00,2026-09-28T20:55:00.000Z,83445.9,83513,83445.9,83500.2,78.377,49.386,28.991,20.395000000000003,0.2602166451892775,93022.635,93022.635,,5,ABOVE_LR
2026-09-28 16:00:00,2026-09-28T21:00:00.000Z,83500.1,83619.2,83500.1,83614.1,208.668,149.33700000000002,59.331,90.006,0.43133590200701594,93015.012,93015.012,,5,ABOVE_LR
2026-09-28 16:05:00,2026-09-28T21:05:00.000Z,83614.1,83625,83537.3,83577.5,91.443,45.025,46.418000000000006,-1.3929999999999971,-0.015233533458001129,92994.719,92994.719,,5,ABOVE_LR
2026-09-28 16:10:00,2026-09-28T21:10:00.000Z,83577.4,83583,83537.5,83538.5,80.90799999999999,42.580999999999996,38.327000000000005,4.253999999999995,0.05257823700993716,92977.294,92977.294,,5,ABOVE_LR
2026-09-28 16:15:00,2026-09-28T21:15:00.000Z,83538.6,83546.1,83462.6,83494.7,79.76299999999999,33.576,46.187000000000005,-12.611,-0.15810588869525974,92954.784,92954.784,,5,ABOVE_LR
2026-09-28 16:20:00,2026-09-28T21:20:00.000Z,83494.7,83494.8,83417.8,83430.3,59.565,20.966,38.599000000000004,-17.633000000000003,-0.2960295475530933,92937.261,92937.261,,5,ABOVE_LR
2026-09-28 16:25:00,2026-09-28T21:25:00.000Z,83430.2,83449.1,83411.6,83418,159.69299999999998,75.608,84.085,-8.476999999999983,-0.0530831032042731,92932.565,92932.565,,5,ABOVE_LR
2026-09-28 16:30:00,2026-09-28T21:30:00.000Z,83417.9,83440.6,83377,83428.7,116.313,48.137,68.176,-20.039000000000005,-0.17228512719988312,92971.905,92971.905,,5,ABOVE_LR
2026-09-28 16:35:00,2026-09-28T21:35:00.000Z,83428.6,83433,83380,83382.5,90.875,42.449000000000005,48.426,-5.977,-0.06577166437414031,92970.896,92970.896,,5,ABOVE_LR
2026-09-28 16:40:00,2026-09-28T21:40:00.000Z,83382.6,83389.9,83350.1,83385,100.851,29.458999999999996,71.39200000000001,-41.933,-0.4157916133702194,92967.736,92967.736,,5,ABOVE_LR
2026-09-28 16:45:00,2026-09-28T21:45:00.000Z,83384.9,83399.4,83352.8,83369.3,75.39099999999999,35.42,39.971000000000004,-4.551000000000002,-0.060365295592312115,92946.169,92946.169,,5,ABOVE_LR
2026-09-28 16:50:00,2026-09-28T21:50:00.000Z,83369.3,83369.4,83188,83203.4,1080.2060000000001,552.967,527.239,25.727999999999923,0.023817679220444914,92938.135,92938.135,,5,TOUCH/CROSS_LR
2026-09-28 16:55:00,2026-09-28T21:55:00.000Z,83203.4,83226.2,83175,83176,169.107,71.406,97.70100000000001,-26.295,-0.15549326757615003,92680.414,92680.414,,5,INSIDE_LR
2026-09-28 17:00:00,2026-09-28T22:00:00.000Z,83176.1,83192.1,83057,83146.3,471.303,162.053,309.25000000000006,-147.197,-0.3123192510974893,92718.998,92718.998,,5,INSIDE_LR
2026-09-28 17:05:00,2026-09-28T22:05:00.000Z,83146.3,83146.4,83060,83141.6,222.35399999999998,135.74200000000002,86.612,49.13,0.22095397429324412,92823.29,92823.29,,5,INSIDE_LR
2026-09-28 17:10:00,2026-09-28T22:10:00.000Z,83141.5,83183.2,83120,83140.7,182.68200000000002,119.14099999999999,63.541000000000004,55.60000000000001,0.30435401407911017,92824.762,92824.762,,5,INSIDE_LR
2026-09-28 17:15:00,2026-09-28T22:15:00.000Z,83140.7,83192.4,83112.6,83192.3,143.312,89.23700000000001,54.074999999999996,35.162000000000006,0.24535279669532212,92826.436,92826.436,,5,INSIDE_LR
2026-09-28 17:20:00,2026-09-28T22:20:00.000Z,83192.3,83199.2,83147.4,83166.3,98.202,62.053,36.149,25.904000000000003,0.2637828150139509,92831.902,92831.902,,5,INSIDE_LR
2026-09-28 17:25:00,2026-09-28T22:25:00.000Z,83166.4,83206.3,83154.2,83199.7,125.809,69.006,56.803000000000004,12.202999999999992,0.09699624033256757,92840.882,92840.882,,5,INSIDE_LR
2026-09-28 17:30:00,2026-09-28T22:30:00.000Z,83199.7,83302.5,83199.6,83277.2,168.27,122.559,45.711,76.84800000000001,0.4566945979675522,92836.117,92836.117,,5,TOUCH/CROSS_LR
2026-09-28 17:35:00,2026-09-28T22:35:00.000Z,83277.2,83440,83277.1,83411,245.714,175.213,70.50099999999999,104.71200000000002,0.4261539838999813,92771.399,92771.399,,5,ABOVE_LR
2026-09-28 17:40:00,2026-09-28T22:40:00.000Z,83411.1,83451.9,83411,83451.8,97.095,62.54500000000001,34.55,27.994999999999997,0.28832586641948604,92722.581,92722.581,,5,ABOVE_LR
2026-09-28 17:45:00,2026-09-28T22:45:00.000Z,83451.8,83496.5,83449.8,83476.5,150.30599999999998,76.826,73.47999999999999,3.3460000000000036,0.022261253709100128,92715.563,92715.563,,5,ABOVE_LR
2026-09-28 17:50:00,2026-09-28T22:50:00.000Z,83476.5,83507.2,83476.5,83491.4,144.529,79.26199999999999,65.267,13.994999999999994,0.09683177770551235,92737.3,92737.3,,5,ABOVE_LR
2026-09-28 17:55:00,2026-09-28T22:55:00.000Z,83491.5,83514.3,83491.4,83514.3,122.35699999999999,60.35099999999999,62.006,-1.6550000000000011,-0.013525993608865871,92716.225,92716.225,,5,ABOVE_LR
2026-09-28 18:00:00,2026-09-28T23:00:00.000Z,83514.2,83602.8,83514.2,83581.7,366.864,150.544,216.32,-65.776,-0.17929259889223254,92716.085,92716.085,,5,ABOVE_LR
2026-09-28 18:05:00,2026-09-28T23:05:00.000Z,83581.7,83581.7,83452.1,83470.6,224.42299999999997,88.81,135.613,-46.803000000000004,-0.20854814346123174,92647.601,92647.601,,5,ABOVE_LR
2026-09-28 18:10:00,2026-09-28T23:10:00.000Z,83470.6,83470.7,83407.9,83413.6,148.6,40.796,107.804,-67.008,-0.45092866756393,92635.73,92635.73,,5,ABOVE_LR
2026-09-28 18:15:00,2026-09-28T23:15:00.000Z,83413.6,83500,83413.6,83479.9,118.53699999999999,57.163000000000004,61.373999999999995,-4.210999999999993,-0.03552477285573275,92643.136,92643.136,,5,ABOVE_LR
2026-09-28 18:20:00,2026-09-28T23:20:00.000Z,83479.9,83519.8,83432,83511.1,153.201,74.726,78.475,-3.7489999999999917,-0.024471119640211172,92657.39,92657.39,,5,ABOVE_LR
2026-09-28 18:25:00,2026-09-28T23:25:00.000Z,83511,83553.9,83485.9,83553.8,101.608,62.559000000000005,39.049,23.509999999999998,0.23137941894339026,92653.094,92653.094,,5,ABOVE_LR
2026-09-28 18:30:00,2026-09-28T23:30:00.000Z,83553.8,83575,83543.7,83543.8,191.404,62.016000000000005,129.388,-67.372,-0.351988464190926,92653.983,92653.983,,5,ABOVE_LR
2026-09-28 18:35:00,2026-09-28T23:35:00.000Z,83543.8,83576.3,83543.4,83575.6,70.436,33.34,37.096000000000004,-3.7559999999999993,-0.05332500425918563,92719.986,92719.986,,5,ABOVE_LR
2026-09-28 18:40:00,2026-09-28T23:40:00.000Z,83575.5,83593.3,83554,83562.6,93.494,42.35399999999999,51.14,-8.786000000000001,-0.09397394485207608,92719.952,92719.952,,5,ABOVE_LR
2026-09-28 18:45:00,2026-09-28T23:45:00.000Z,83562.6,83562.6,83501.6,83518,123.26599999999999,19.226,104.04,-84.814,-0.688056722859507,92738.346,92738.346,,5,ABOVE_LR
2026-09-28 18:50:00,2026-09-28T23:50:00.000Z,83518.1,83534.8,83485,83533.9,198.357,93.72,104.637,-10.917000000000009,-0.05503713002314014,92760.672,92760.672,,5,ABOVE_LR
2026-09-28 18:55:00,2026-09-28T23:55:00.000Z,83533.9,83534,83461,83461,95.066,21.959000000000003,73.107,-51.147999999999996,-0.5380262133675551,92794.665,92794.665,,5,ABOVE_LR
2026-09-28 19:00:00,2026-09-29T00:00:00.000Z,83461.1,83500,83438.3,83500,175.464,92.10900000000001,83.35499999999999,8.754000000000012,0.04989057584461777,92799.765,92799.765,,5,ABOVE_LR
2026-09-28 19:05:00,2026-09-29T00:05:00.000Z,83499.9,83512.6,83451.7,83484.9,141.381,65.634,75.747,-10.113,-0.07153012073758143,92842.455,92842.455,,5,ABOVE_LR
2026-09-28 19:10:00,2026-09-29T00:10:00.000Z,83484.9,83504.2,83413.9,83488.4,177.95699999999997,65.036,112.92099999999999,-47.885,-0.2690818568530601,92873.34,92873.34,,5,ABOVE_LR
2026-09-28 19:15:00,2026-09-29T00:15:00.000Z,83488.4,83488.4,83350.5,83412.5,202.752,85.15599999999999,117.59599999999999,-32.44,-0.15999842171717168,92884.833,92884.833,,5,ABOVE_LR
2026-09-28 19:20:00,2026-09-29T00:20:00.000Z,83412.5,83412.5,83307.2,83345.8,291.553,168.454,123.09900000000002,45.35499999999999,0.155563482454305,92884.655,92884.655,,5,ABOVE_LR
2026-09-28 19:25:00,2026-09-29T00:25:00.000Z,83345.8,83519.9,83330,83511.1,272.561,210.328,62.233,148.09499999999997,0.5433462601032428,92857.736,92857.736,,5,ABOVE_LR
2026-09-28 19:30:00,2026-09-29T00:30:00.000Z,83511.1,83588.3,83426.7,83517.2,333.592,206.57299999999998,127.019,79.55399999999999,0.23847694189309093,92814.386,92814.386,,5,ABOVE_LR
2026-09-28 19:35:00,2026-09-29T00:35:00.000Z,83517.2,83588.9,83474,83493.9,189.136,68.519,120.61699999999999,-52.098000000000006,-0.27545258438372394,92790.008,92790.008,,5,ABOVE_LR
2026-09-28 19:40:00,2026-09-29T00:40:00.000Z,83493.9,83508.1,83458.6,83502.8,139.743,99.31,40.43299999999999,58.876999999999995,0.42132342943832607,92767.306,92767.306,,5,ABOVE_LR
2026-09-28 19:45:00,2026-09-29T00:45:00.000Z,83502.7,83502.7,83302,83302,278.671,114.611,164.06,-49.449000000000005,-0.1774458052685784,92754.449,92754.449,,5,ABOVE_LR
2026-09-28 19:50:00,2026-09-29T00:50:00.000Z,83302.1,83305.8,83213.4,83226,426.668,157.17000000000002,269.498,-112.328,-0.26326792728772724,92774.905,92774.905,,5,TOUCH/CROSS_LR
2026-09-28 19:55:00,2026-09-29T00:55:00.000Z,83226.1,83257.9,83137,83137,357.40999999999997,163.762,193.64799999999997,-29.885999999999996,-0.08361825354634733,92826.171,92826.171,,5,TOUCH/CROSS_LR
2026-09-28 20:00:00,2026-09-29T01:00:00.000Z,83137,83202.9,83044.4,83114,663.572,342.83,320.742,22.087999999999994,0.03328651600730591,92837.852,92837.852,,5,INSIDE_LR
2026-09-28 20:05:00,2026-09-29T01:05:00.000Z,83114,83144.8,82985.9,83001.7,594.33,216.03300000000002,378.29699999999997,-162.26399999999995,-0.2730200393720659,92846.546,92846.546,,5,TOUCH/CROSS_LR
2026-09-28 20:10:00,2026-09-29T01:10:00.000Z,83001.8,83064.5,82928,82994.1,888.123,391.578,496.54499999999996,-104.96699999999998,-0.11818971020905886,92869.245,92869.245,,5,TOUCH/CROSS_LR
2026-09-28 20:15:00,2026-09-29T01:15:00.000Z,82994.1,83002.4,82780.2,82788.6,832.8510000000001,375.091,457.76,-82.669,-0.09926025183376136,92998.258,92998.258,,5,BELOW_LR
2026-09-28 20:20:00,2026-09-29T01:20:00.000Z,82788.5,83012.9,82786.5,82972.9,628.575,454.818,173.757,281.061,0.4471399594320486,93032.039,93032.039,,5,TOUCH/CROSS_LR
2026-09-28 20:25:00,2026-09-29T01:25:00.000Z,82972.8,82977.2,82785.2,82785.3,420.01899999999995,162.247,257.772,-95.52499999999999,-0.22743018768198583,92953.876,92953.876,,5,BELOW_LR
2026-09-28 20:30:00,2026-09-29T01:30:00.000Z,82785.2,82905,82741.6,82862.1,684.257,350.589,333.668,16.921,0.02472901263706473,92943.016,92943.016,,5,BELOW_LR
2026-09-28 20:35:00,2026-09-29T01:35:00.000Z,82862.2,82873.7,82724.3,82810.1,458.166,236.625,221.541,15.084000000000003,0.03292256518379802,92987.294,92987.294,,5,BELOW_LR
2026-09-28 20:40:00,2026-09-29T01:40:00.000Z,82810.1,82969.2,82787.1,82920,429.44800000000004,231.353,198.095,33.25799999999999,0.07744360201933642,92951.134,92951.134,,5,BELOW_LR
2026-09-28 20:45:00,2026-09-29T01:45:00.000Z,82920,83058.3,82902.3,82936.8,391.717,229.027,162.69,66.337,0.1693493006430663,92994.652,92994.652,,5,TOUCH/CROSS_LR
2026-09-28 20:50:00,2026-09-29T01:50:00.000Z,82936.8,83040.3,82869.7,83006.6,252.359,138.53300000000002,113.826,24.70700000000001,0.09790417619343876,93029.274,93029.274,,5,TOUCH/CROSS_LR
2026-09-28 20:55:00,2026-09-29T01:55:00.000Z,83006.7,83073.4,82972.8,83021.6,359.90100000000007,255.728,104.17300000000002,151.55499999999998,0.4211019141374988,93025.946,93025.946,,5,TOUCH/CROSS_LR
2026-09-28 21:00:00,2026-09-29T02:00:00.000Z,83021.6,83065.4,82950.4,82988.7,206.84599999999998,79.583,127.263,-47.68000000000001,-0.23050965452558914,93041.492,93041.492,,5,TOUCH/CROSS_LR
2026-09-28 21:05:00,2026-09-29T02:05:00.000Z,82988.6,83025.2,82912.6,82933,230.19,135.096,95.094,40.002,0.17377818323993224,93045.09,93045.09,,5,TOUCH/CROSS_LR
2026-09-28 21:10:00,2026-09-29T02:10:00.000Z,82934,83035.1,82870.1,82979.7,321.51800000000003,108.148,213.37,-105.222,-0.3272662805814915,93090.781,93090.781,,5,TOUCH/CROSS_LR
2026-09-28 21:15:00,2026-09-29T02:15:00.000Z,82979.7,83082.9,82979.7,83081.7,234.252,122.69699999999999,111.55499999999998,11.14200000000001,0.04756416167204553,93020.762,93020.762,,5,TOUCH/CROSS_LR
2026-09-28 21:20:00,2026-09-29T02:20:00.000Z,83081.6,83121.7,82868.9,82960.8,405.422,203.87199999999999,201.54999999999995,2.3220000000000276,0.005727365559836485,93046.659,93046.659,,5,TOUCH/CROSS_LR
2026-09-28 21:25:00,2026-09-29T02:25:00.000Z,82960.8,82970,82891.6,82939,135.413,70.952,64.46100000000001,6.491,0.04793483638941608,92993.411,92993.411,,5,BELOW_LR
2026-09-28 21:30:00,2026-09-29T02:30:00.000Z,82938.9,82988,82850.9,82850.9,170.471,51.14,119.33099999999999,-68.191,-0.4000152518610204,92999.965,92999.965,,5,BELOW_LR
2026-09-28 21:35:00,2026-09-29T02:35:00.000Z,82850.9,82995,82850.9,82935.7,190.432,107.53799999999998,82.894,24.643999999999995,0.12941102335741891,93011.362,93011.362,,5,BELOW_LR
2026-09-28 21:40:00,2026-09-29T02:40:00.000Z,82935.7,83000,82919,82992.5,211.36,134.25900000000001,77.101,57.158,0.27042959878879635,93013.37,93013.37,,5,BELOW_LR
2026-09-28 21:45:00,2026-09-29T02:45:00.000Z,82992.6,83077.9,82981.5,82981.6,336.188,170.032,166.156,3.876000000000012,0.011529263388342273,93017.018,93017.018,,5,TOUCH/CROSS_LR
2026-09-28 21:50:00,2026-09-29T02:50:00.000Z,82981.5,82981.6,82865,82931.9,163.04500000000002,53.383,109.662,-56.278999999999996,-0.34517464503664624,93022.655,93022.655,,5,BELOW_LR
2026-09-28 21:55:00,2026-09-29T02:55:00.000Z,82931.9,82954.5,82914,82935.7,107.46999999999998,48.49,58.98,-10.490000000000006,-0.09760863496789808,93031.038,93031.038,,5,BELOW_LR
2026-09-28 22:00:00,2026-09-29T03:00:00.000Z,82935.8,83017.1,82863.4,82882.2,483.36,188.86299999999997,294.497,-105.634,-0.21854104601125454,93043.92,93043.92,,5,TOUCH/CROSS_LR
2026-09-28 22:05:00,2026-09-29T03:05:00.000Z,82882.3,82925.4,82872.3,82904.7,121.178,51.961,69.217,-17.255999999999993,-0.14240208618726166,93129.06,93129.06,,5,BELOW_LR
2026-09-28 22:10:00,2026-09-29T03:10:00.000Z,82904.7,82910.9,82865.6,82865.6,173.207,53.902,119.305,-65.40299999999999,-0.37760021246254477,93125.766,93125.766,,5,BELOW_LR
2026-09-28 22:15:00,2026-09-29T03:15:00.000Z,82865.7,82996.2,82830.9,82981,245.877,141.36,104.51700000000001,36.84300000000001,0.1498432142900719,93111.943,93111.943,,5,BELOW_LR
2026-09-28 22:20:00,2026-09-29T03:20:00.000Z,82981,83106.5,82980.9,83104.7,287.25800000000004,200.962,86.296,114.66599999999998,0.3991742614653029,93102.164,93102.164,,5,TOUCH/CROSS_LR
2026-09-28 22:25:00,2026-09-29T03:25:00.000Z,83104.8,83184.8,83091.1,83175.4,360.82099999999997,225.286,135.535,89.751,0.24874106551447953,93112.28,93112.28,,5,INSIDE_LR
2026-09-28 22:30:00,2026-09-29T03:30:00.000Z,83175.5,83177.6,83080,83161.8,398.054,145.18099999999998,252.873,-107.692,-0.27054620729850726,93069.545,93069.545,,5,INSIDE_LR
2026-09-28 22:35:00,2026-09-29T03:35:00.000Z,83161.9,83177.6,83088.4,83100,192.77100000000002,35.681000000000004,157.09,-121.409,-0.6298094630416401,93052.661,93052.661,,5,INSIDE_LR
2026-09-28 22:40:00,2026-09-29T03:40:00.000Z,83099.9,83131.6,83076,83087.2,170.635,63.584,107.05099999999999,-43.467,-0.25473671872710757,93031.817,93031.817,,5,INSIDE_LR
2026-09-28 22:45:00,2026-09-29T03:45:00.000Z,83087.1,83131.5,83087.1,83114.6,164.518,107.045,57.473000000000006,49.57199999999999,0.30131657326250005,93002.948,93002.948,,5,INSIDE_LR
2026-09-28 22:50:00,2026-09-29T03:50:00.000Z,83114.7,83140,83045.7,83046,240.97200000000004,90.435,150.537,-60.102,-0.24941486977740146,93047.099,93047.099,,5,INSIDE_LR
2026-09-28 22:55:00,2026-09-29T03:55:00.000Z,83046,83065.5,83009.4,83034.1,166.182,103.367,62.815,40.552,0.24402161485600127,93024.568,93024.568,,5,INSIDE_LR
2026-09-28 23:00:00,2026-09-29T04:00:00.000Z,83034.1,83068.4,82983.5,83037.9,171.018,74.842,96.176,-21.334000000000003,-0.12474710264416614,92977.008,92977.008,,5,TOUCH/CROSS_LR
2026-09-28 23:05:00,2026-09-29T04:05:00.000Z,83038,83064.4,82990,83030.8,115.914,39.001999999999995,76.912,-37.91,-0.3270528150180306,92952.139,92952.139,,5,TOUCH/CROSS_LR
2026-09-28 23:10:00,2026-09-29T04:10:00.000Z,83030.8,83130,83026.4,83097.5,120.346,54.248000000000005,66.098,-11.849999999999998,-0.09846608944210856,92941.546,92941.546,,5,INSIDE_LR
2026-09-28 23:15:00,2026-09-29T04:15:00.000Z,83097.5,83194.9,83097.5,83193.2,169.192,125.86900000000001,43.32299999999999,82.54600000000002,0.48788358787649544,92941.387,92941.387,,5,INSIDE_LR
2026-09-28 23:20:00,2026-09-29T04:20:00.000Z,83193.2,83276.1,83187.5,83223,378.47799999999995,258.174,120.304,137.86999999999998,0.36427480593323786,92948.42,92948.42,,5,TOUCH/CROSS_LR
2026-09-28 23:25:00,2026-09-29T04:25:00.000Z,83223.1,83237.7,83180.7,83182.3,114.809,46.372,68.437,-22.065,-0.19218876568910104,92895.227,92895.227,,5,INSIDE_LR
2026-09-28 23:30:00,2026-09-29T04:30:00.000Z,83182.3,83184.5,83109.1,83109.1,130.237,28.306999999999995,101.93,-73.623,-0.5653001835115982,92903.787,92903.787,,5,INSIDE_LR
2026-09-28 23:35:00,2026-09-29T04:35:00.000Z,83109,83146.2,83070.3,83127.5,167.698,101.45,66.24799999999999,35.202,0.20991305799711385,92899.39,92899.39,,5,INSIDE_LR
2026-09-28 23:40:00,2026-09-29T04:40:00.000Z,83127.4,83141.8,83111.1,83126.5,141.108,77.695,63.413,14.282000000000007,0.10121325509538798,92917.055,92917.055,,5,INSIDE_LR
2026-09-28 23:45:00,2026-09-29T04:45:00.000Z,83126.5,83131.3,83030.5,83050.5,107.34299999999999,32.635,74.708,-42.073,-0.39194917227951526,92941.292,92941.292,,5,INSIDE_LR
2026-09-28 23:50:00,2026-09-29T04:50:00.000Z,83050.5,83165.9,83037.8,83155.8,91.672,57.24,34.43200000000001,22.807999999999993,0.24880006981411984,92945.114,92945.114,,5,INSIDE_LR
2026-09-28 23:55:00,2026-09-29T04:55:00.000Z,83155.9,83178.9,83145,83165.7,66.41,34.867000000000004,31.542999999999996,3.324,0.05005270290618883,92955.237,92955.237,,5,INSIDE_LR
2026-09-29 00:00:00,2026-09-29T05:00:00.000Z,83165.8,83224.9,83154.7,83183,157.783,75.818,81.965,-6.147000000000006,-0.038958569681144396,92957.178,92957.178,,5,INSIDE_LR
2026-09-29 00:05:00,2026-09-29T05:05:00.000Z,83183,83215.4,83130.1,83168.2,92.90599999999999,35.022999999999996,57.88300000000001,-22.86,-0.24605515251975116,92994.767,92994.767,,5,INSIDE_LR
2026-09-29 00:10:00,2026-09-29T05:10:00.000Z,83168.3,83226.5,83152.5,83226,147.3,101.57600000000001,45.724,55.852000000000004,0.3791717583163612,92992.997,92992.997,,5,INSIDE_LR
2026-09-29 00:15:00,2026-09-29T05:15:00.000Z,83226,83307.9,83180.5,83271.4,322.444,166.449,155.995,10.453999999999997,0.03242113359218964,93022.887,93022.887,,5,TOUCH/CROSS_LR
2026-09-29 00:20:00,2026-09-29T05:20:00.000Z,83271.5,83305.1,83239.2,83305,135.029,84.582,50.447,34.135,0.25279754719356584,92986.263,92986.263,,5,TOUCH/CROSS_LR
2026-09-29 00:25:00,2026-09-29T05:25:00.000Z,83305.1,83310,83232.3,83277.6,127.11800000000001,58.28,68.83800000000001,-10.558000000000007,-0.08305668748721665,92988.357,92988.357,,5,TOUCH/CROSS_LR
2026-09-29 00:30:00,2026-09-29T05:30:00.000Z,83277.6,83277.7,82968.9,82973,310.25800000000004,76.377,233.881,-157.50400000000002,-0.5076549194541318,92970.133,92970.133,,5,TOUCH/CROSS_LR
2026-09-29 00:35:00,2026-09-29T05:35:00.000Z,82972.9,83074.3,82926.2,83074.3,466.63000000000005,287.21700000000004,179.41299999999995,107.80400000000003,0.23102672352827727,92990.183,92990.183,,5,TOUCH/CROSS_LR
2026-09-29 00:40:00,2026-09-29T05:40:00.000Z,83074.4,83287.9,83064,83251.4,377.351,267.144,110.207,156.937,0.41589130544241304,92955.055,92955.055,,5,TOUCH/CROSS_LR
2026-09-29 00:45:00,2026-09-29T05:45:00.000Z,83251.3,83325.6,83174.7,83318.4,228.751,132.639,96.112,36.527,0.15968017626152453,92995.73,92995.73,,5,TOUCH/CROSS_LR
2026-09-29 00:50:00,2026-09-29T05:50:00.000Z,83318.4,83391,83290.9,83383.4,353.19499999999994,248.71499999999997,104.48,144.23499999999999,0.40837214569855185,92998.233,92998.233,,5,ABOVE_LR
2026-09-29 00:55:00,2026-09-29T05:55:00.000Z,83383.5,83398.7,83350,83398.7,261.898,150.778,111.12,39.65799999999998,0.15142536407303597,92966.066,92966.066,,5,ABOVE_LR
2026-09-29 01:00:00,2026-09-29T06:00:00.000Z,83398.7,83493.5,83375,83478.3,632.507,438.23900000000003,194.26799999999997,243.97100000000003,0.38572063234082793,92939.44,92939.44,,5,ABOVE_LR
2026-09-29 01:05:00,2026-09-29T06:05:00.000Z,83478.3,83739.9,83457.6,83734.4,1255.516,897.991,357.525,540.4660000000001,0.43047320782849446,92871.154,92871.154,,5,ABOVE_LR
2026-09-29 01:10:00,2026-09-29T06:10:00.000Z,83734.4,83858.3,83690.5,83858.2,1329.691,691.4879999999999,638.203,53.28499999999994,0.04007322001878627,92738.632,92738.632,,5,ABOVE_LR
2026-09-29 01:15:00,2026-09-29T06:15:00.000Z,83858.3,83861.9,83702,83781.4,871.7959999999998,323.305,548.491,-225.18599999999995,-0.2583012539630831,92827.98,92827.98,,5,ABOVE_LR
2026-09-29 01:20:00,2026-09-29T06:20:00.000Z,83781.5,83855.2,83753.3,83794.9,437.943,240.917,197.02599999999998,43.891,0.1002208049906038,92886.84,92886.84,,5,ABOVE_LR
2026-09-29 01:25:00,2026-09-29T06:25:00.000Z,83795,83850,83782.5,83845.1,367.3639999999999,192.39399999999998,174.97,17.424000000000014,0.04742979714942133,92926.593,92926.593,,5,ABOVE_LR
2026-09-29 01:30:00,2026-09-29T06:30:00.000Z,83845.2,83928.6,83833.1,83918.4,655.9839999999999,425.356,230.62799999999996,194.728,0.2968487036269178,92981.114,92981.114,,5,ABOVE_LR
2026-09-29 01:35:00,2026-09-29T06:35:00.000Z,83918.4,83918.4,83802.6,83834.3,415.191,107.87400000000001,307.317,-199.443,-0.4803644587671699,93033.965,93033.965,,5,ABOVE_LR
2026-09-29 01:40:00,2026-09-29T06:40:00.000Z,83834.3,83868,83834.3,83868,147.97899999999998,81.283,66.696,14.587000000000007,0.09857479777536007,93047.666,93047.666,,5,ABOVE_LR
2026-09-29 01:45:00,2026-09-29T06:45:00.000Z,83868,83877.2,83819,83874,310.677,128.652,182.025,-53.373000000000005,-0.1717957879083421,93068.468,93068.468,,5,ABOVE_LR
2026-09-29 01:50:00,2026-09-29T06:50:00.000Z,83873.9,83971.6,83873.9,83950.6,686.9350000000001,484.16499999999996,202.77000000000004,281.3949999999999,0.4096384665215776,93103.402,93103.402,,5,ABOVE_LR
2026-09-29 01:55:00,2026-09-29T06:55:00.000Z,83950.6,83978.7,83926.4,83964.9,284.27,149.645,134.625,15.019999999999996,0.05283709149751995,92967.958,92967.958,,5,ABOVE_LR
2026-09-29 02:00:00,2026-09-29T07:00:00.000Z,83965,83965,83833.5,83903.5,583.577,230.72700000000003,352.85,-122.123,-0.20926630076236727,92955.195,92955.195,,5,ABOVE_LR
2026-09-29 02:05:00,2026-09-29T07:05:00.000Z,83903.5,83998.9,83903.5,83997.5,408.648,265.086,143.562,121.524,0.29738063076290594,92959.531,92959.531,,5,ABOVE_LR
2026-09-29 02:10:00,2026-09-29T07:10:00.000Z,83997.4,84007.2,83924,83947.4,733.912,366.26800000000003,367.644,-1.3759999999999906,-0.0018748841822997723,92994.229,92994.229,,5,ABOVE_LR
2026-09-29 02:15:00,2026-09-29T07:15:00.000Z,83947.4,84042.5,83919.5,83949.3,551.613,179.82,371.793,-191.97300000000004,-0.3480211670138304,93066.817,93066.817,,5,ABOVE_LR
2026-09-29 02:20:00,2026-09-29T07:20:00.000Z,83949.3,83991.7,83873.5,83955,337.833,123.542,214.29099999999997,-90.749,-0.2686208866510968,92994.21,92994.21,,5,ABOVE_LR
2026-09-29 02:25:00,2026-09-29T07:25:00.000Z,83955,83998,83941,83956.4,300.708,94.197,206.51100000000002,-112.31400000000001,-0.3734985434374875,92978.473,92978.473,,5,ABOVE_LR
2026-09-29 02:30:00,2026-09-29T07:30:00.000Z,83956.5,84038.7,83917.7,84024.9,345.778,188.645,157.13299999999998,31.512,0.09113361752338205,92966.018,92966.018,,5,ABOVE_LR
2026-09-29 02:35:00,2026-09-29T07:35:00.000Z,84024.8,84164,84011.8,84105.3,933.6200000000001,548.969,384.65100000000007,164.31799999999998,0.1760009425676399,93016.447,93016.447,,5,ABOVE_LR
2026-09-29 02:40:00,2026-09-29T07:40:00.000Z,84105.2,84105.3,83969,83985.5,446.579,157.181,289.39799999999997,-132.21699999999998,-0.2960663174936573,92794.252,92794.252,,5,ABOVE_LR
2026-09-29 02:45:00,2026-09-29T07:45:00.000Z,83985.6,84037.3,83969.6,83979.9,344.813,151.94,192.873,-40.93299999999999,-0.1187107214635179,92765.586,92765.586,,5,ABOVE_LR
2026-09-29 02:50:00,2026-09-29T07:50:00.000Z,83979.9,84027.6,83976.7,83993.8,344.128,165.207,178.921,-13.713999999999984,-0.03985145062302395,92739.092,92739.092,,5,ABOVE_LR
2026-09-29 02:55:00,2026-09-29T07:55:00.000Z,83993.8,83993.8,83910.7,83947,384.51300000000003,164.546,219.96699999999998,-55.42099999999999,-0.14413296819613378,92784.447,92784.447,,5,ABOVE_LR
2026-09-29 03:00:00,2026-09-29T08:00:00.000Z,83947,84050,83947,84013.6,544.263,293.175,251.088,42.08700000000002,0.07732842394210154,92770.696,92770.696,,5,ABOVE_LR
2026-09-29 03:05:00,2026-09-29T08:05:00.000Z,84013.6,84020,83940.9,83987.6,288.678,111.00399999999999,177.674,-66.66999999999999,-0.2309493622652228,92891.557,92891.557,,5,ABOVE_LR
2026-09-29 03:10:00,2026-09-29T08:10:00.000Z,83987.5,84036.9,83962.7,84003,260.194,127.03699999999999,133.157,-6.119999999999997,-0.023520911320015055,92909.05,92909.05,,5,ABOVE_LR
2026-09-29 03:15:00,2026-09-29T08:15:00.000Z,84003,84082,84003,84055,290.573,153.071,137.502,15.568999999999999,0.05358033953602021,92900.042,92900.042,,5,ABOVE_LR
2026-09-29 03:20:00,2026-09-29T08:20:00.000Z,84055,84333,84055,84180.6,1532.4070000000002,893.31,639.097,254.2130000000001,0.16589130694391246,92883.853,92883.853,,5,ABOVE_LR
2026-09-29 03:25:00,2026-09-29T08:25:00.000Z,84180.6,84220.2,84130.7,84130.7,284.452,145.775,138.677,7.09800000000001,0.024953243429471438,92827.679,92827.679,,5,ABOVE_LR
2026-09-29 03:30:00,2026-09-29T08:30:00.000Z,84130.7,84130.8,83950.3,83986.8,709.6690000000001,189.047,520.6220000000001,-331.57500000000005,-0.46722486116767115,92829.061,92829.061,,5,ABOVE_LR
2026-09-29 03:35:00,2026-09-29T08:35:00.000Z,83986.9,83999.3,83838.4,83900.3,764.368,263.527,500.841,-237.31400000000002,-0.31047087266866225,92812.349,92812.349,,5,ABOVE_LR
2026-09-29 03:40:00,2026-09-29T08:40:00.000Z,83900.4,83928.3,83807.6,83817.5,437.76099999999997,152.62100000000004,285.14,-132.51899999999995,-0.30271997733923295,92942.298,92942.298,,5,ABOVE_LR
2026-09-29 03:45:00,2026-09-29T08:45:00.000Z,83817.5,83840.2,83760.6,83821.7,535.1,164.964,370.136,-205.17200000000003,-0.38342739674827137,93037.191,93037.191,,5,ABOVE_LR
2026-09-29 03:50:00,2026-09-29T08:50:00.000Z,83821.7,83827.8,83760.5,83795.5,262.596,94.40899999999999,168.18699999999998,-73.77799999999999,-0.2809562978872488,92989.662,92989.662,,5,ABOVE_LR
2026-09-29 03:55:00,2026-09-29T08:55:00.000Z,83795.5,83849.1,83795.4,83842.9,180.937,103.29299999999999,77.644,25.649000000000004,0.1417565229886646,93026.261,93026.261,,5,ABOVE_LR
2026-09-29 04:00:00,2026-09-29T09:00:00.000Z,83842.9,83844.4,83729,83793.3,322.433,129.551,192.88199999999998,-63.331,-0.1964159996030183,93039.683,93039.683,,5,ABOVE_LR
2026-09-29 04:05:00,2026-09-29T09:05:00.000Z,83793.2,83793.2,83731,83746.4,273.934,146.837,127.09700000000001,19.739999999999988,0.07206115341651634,93014.723,93014.723,,5,ABOVE_LR
2026-09-29 04:10:00,2026-09-29T09:10:00.000Z,83746.4,83764.8,83729,83750.3,348.238,193.945,154.29299999999998,39.652,0.11386465578139089,93022.094,93022.094,,5,ABOVE_LR
2026-09-29 04:15:00,2026-09-29T09:15:00.000Z,83750.3,83777.6,83728,83760.1,255.61,114.745,140.865,-26.11999999999999,-0.10218692539415511,93064.263,93064.263,,5,ABOVE_LR
2026-09-29 04:20:00,2026-09-29T09:20:00.000Z,83760.1,83813.2,83741.9,83794.6,257.814,182.13299999999998,75.68100000000001,106.452,0.41290232493192763,93083.547,93083.547,,5,ABOVE_LR
2026-09-29 04:25:00,2026-09-29T09:25:00.000Z,83794.6,83903.5,83766.2,83810.4,812.2189999999999,543.513,268.706,274.807,0.338341013938359,93134.388,93134.388,,5,ABOVE_LR
2026-09-29 04:30:00,2026-09-29T09:30:00.000Z,83810.4,83936.7,83800,83931,358.437,252.437,106,146.43699999999998,0.4085432028501521,93394.537,93394.537,,5,ABOVE_LR
2026-09-29 04:35:00,2026-09-29T09:35:00.000Z,83931,83961.3,83896.3,83961.3,248.603,126.93299999999999,121.67,5.262999999999991,0.021170299634356748,93351.95,93351.95,,5,ABOVE_LR
2026-09-29 04:40:00,2026-09-29T09:40:00.000Z,83961.2,83971.6,83888.4,83971.6,180.347,60.29,120.05699999999999,-59.767,-0.33140002328843843,93308.127,93308.127,,5,ABOVE_LR
2026-09-29 04:45:00,2026-09-29T09:45:00.000Z,83971.6,84169,83950,84166.6,931.8439999999999,617.981,313.86300000000006,304.11799999999994,0.3263614939839715,93312.128,93312.128,,5,ABOVE_LR
2026-09-29 04:50:00,2026-09-29T09:50:00.000Z,84166.7,84270,84151.7,84206,874.5300000000001,495.298,379.23199999999997,116.06600000000005,0.13271814574685836,93340.548,93340.548,,5,ABOVE_LR
2026-09-29 04:55:00,2026-09-29T09:55:00.000Z,84206.1,84288,84201.2,84214.3,571.243,284.348,286.895,-2.547000000000004,-0.004458697962163219,93488.389,93488.389,,5,ABOVE_LR
2026-09-29 05:00:00,2026-09-29T10:00:00.000Z,84214.2,84214.3,84117.3,84148.7,424.6,127.302,297.29800000000006,-169.996,-0.40036740461610926,93533.893,93533.893,,5,ABOVE_LR
2026-09-29 05:05:00,2026-09-29T10:05:00.000Z,84148.7,84237,84125.2,84237,347.99,234.066,113.92399999999999,120.142,0.3452455530331331,93592.784,93592.784,,5,ABOVE_LR
2026-09-29 05:10:00,2026-09-29T10:10:00.000Z,84237,84299.9,84158.5,84167.9,521.794,252.18099999999998,269.613,-17.431999999999974,-0.03340781994426915,93604.42,93604.42,,5,ABOVE_LR
2026-09-29 05:15:00,2026-09-29T10:15:00.000Z,84167.9,84178.9,84068,84070,238.19499999999996,50.543,187.652,-137.109,-0.575616616637629,93572.857,93572.857,,5,ABOVE_LR
2026-09-29 05:20:00,2026-09-29T10:20:00.000Z,84070,84094,84026.7,84076,312.588,96.818,215.77,-118.95200000000001,-0.38053924014997376,93578.579,93578.579,,5,ABOVE_LR
2026-09-29 05:25:00,2026-09-29T10:25:00.000Z,84076.1,84122.7,84076,84118.1,149.781,80.837,68.944,11.893,0.07940259445457035,93630.989,93630.989,,5,ABOVE_LR
2026-09-29 05:30:00,2026-09-29T10:30:00.000Z,84118,84120,84002.9,84018.3,342.589,129.111,213.478,-84.36699999999999,-0.2462630148662099,93651.845,93651.845,,5,ABOVE_LR
2026-09-29 05:35:00,2026-09-29T10:35:00.000Z,84018.3,84026,83974.5,83989.4,184.21800000000002,79.391,104.827,-25.436,-0.13807554093519633,93599.445,93599.445,,5,ABOVE_LR
2026-09-29 05:40:00,2026-09-29T10:40:00.000Z,83989.4,84050,83949.3,83973.3,596.721,251.51399999999998,345.207,-93.69300000000001,-0.1570130764628696,93582.677,93582.677,,5,ABOVE_LR
2026-09-29 05:45:00,2026-09-29T10:45:00.000Z,83973.3,83999.1,83941.1,83970.2,265.64,109.77099999999999,155.869,-46.09800000000001,-0.1735356121066105,93437.942,93437.942,,5,ABOVE_LR
2026-09-29 05:50:00,2026-09-29T10:50:00.000Z,83970.3,84036,83970.3,84025.7,161.762,89.772,71.99,17.78199999999999,0.10992692968682378,93391.163,93391.163,,5,ABOVE_LR
2026-09-29 05:55:00,2026-09-29T10:55:00.000Z,84025.7,84040.2,83975.1,83986.4,168.47,51.376,117.09400000000001,-65.71799999999999,-0.39008725589125653,93352.48,93352.48,,5,ABOVE_LR
2026-09-29 06:00:00,2026-09-29T11:00:00.000Z,83986.4,84008.3,83894.5,83894.5,231.329,93.071,138.258,-45.187,-0.1953365120672289,93332.197,93332.197,,5,ABOVE_LR
2026-09-29 06:05:00,2026-09-29T11:05:00.000Z,83894.6,84057.4,83891.1,83997.1,309.012,141.80700000000002,167.20499999999998,-25.39799999999999,-0.08219098287445144,93304.339,93304.339,,5,ABOVE_LR
2026-09-29 06:10:00,2026-09-29T11:10:00.000Z,83997.1,84020.3,83950,83988.3,280.238,159.20899999999997,121.029,38.17999999999998,0.1362413377200807,93303.365,93303.365,,5,ABOVE_LR
2026-09-29 06:15:00,2026-09-29T11:15:00.000Z,83988.5,84033.8,83939.7,83986.5,123.99000000000001,56.132,67.858,-11.726000000000006,-0.09457214291475123,93256.126,93256.126,,5,ABOVE_LR
2026-09-29 06:20:00,2026-09-29T11:20:00.000Z,83986.6,84035.2,83965,84031.8,128.13700000000003,71.689,56.44800000000001,15.24099999999999,0.11894300631355492,93230.381,93230.381,,5,ABOVE_LR
2026-09-29 06:25:00,2026-09-29T11:25:00.000Z,84031.8,84041.8,84018.2,84023.5,150.858,61.215999999999994,89.64200000000001,-28.426000000000002,-0.18842885362393774,93229.619,93229.619,,5,ABOVE_LR
2026-09-29 06:30:00,2026-09-29T11:30:00.000Z,84023.4,84230,84018.7,84209.9,551.0690000000001,323.789,227.28,96.50899999999997,0.17513051904570925,93213.875,93213.875,,5,ABOVE_LR
2026-09-29 06:35:00,2026-09-29T11:35:00.000Z,84209.9,84239.6,84150,84204.1,459.551,278.451,181.1,97.351,0.2118393823536452,93188.3,93188.3,,5,ABOVE_LR
2026-09-29 06:40:00,2026-09-29T11:40:00.000Z,84204.2,84232.3,84154.2,84227.5,228.786,131.984,96.802,35.18199999999999,0.15377689194268876,93232.469,93232.469,,5,ABOVE_LR
2026-09-29 06:45:00,2026-09-29T11:45:00.000Z,84227.5,84450,84202.1,84400.3,1319.8670000000002,881.213,438.6540000000001,442.55899999999986,0.33530575429190956,93257.359,93257.359,,5,ABOVE_LR
2026-09-29 06:50:00,2026-09-29T11:50:00.000Z,84400.3,84465.3,84277.9,84416.5,1081.4679999999998,553.479,527.989,25.490000000000038,0.023569814363439363,93140.318,93140.318,,5,ABOVE_LR
2026-09-29 06:55:00,2026-09-29T11:55:00.000Z,84416.5,84420,84308.1,84310.8,392.31000000000006,187.02800000000002,205.282,-18.254000000000005,-0.0465295302184497,93180.151,93180.151,,5,ABOVE_LR
2026-09-29 07:00:00,2026-09-29T12:00:00.000Z,84310.9,84390.2,84265.6,84381.6,425.172,249.389,175.78300000000002,73.606,0.17312052534033284,93171.78,93171.78,,5,ABOVE_LR
2026-09-29 07:05:00,2026-09-29T12:05:00.000Z,84381.5,84381.6,84250,84291.1,419.73,133.459,286.271,-152.812,-0.36407214161484763,93216.934,93216.934,,5,ABOVE_LR
2026-09-29 07:10:00,2026-09-29T12:10:00.000Z,84291.1,84332,84261.4,84285.4,184.144,77.681,106.463,-28.781999999999996,-0.15630159005995306,93239.693,93239.693,,5,ABOVE_LR
2026-09-29 07:15:00,2026-09-29T12:15:00.000Z,84285.3,84450,84205,84231.9,746.2890000000001,413.736,332.553,81.18299999999999,0.1087822545957397,93258.959,93258.959,,5,ABOVE_LR
2026-09-29 07:20:00,2026-09-29T12:20:00.000Z,84231.8,84231.9,84120,84125.5,715.1110000000001,326.44500000000005,388.666,-62.22100000000003,-0.08700886995165788,93175.585,93175.585,,5,ABOVE_LR
2026-09-29 07:25:00,2026-09-29T12:25:00.000Z,84125.5,84175.9,84090,84170.2,295.22799999999995,151.243,143.98499999999999,7.258000000000003,0.024584389014592124,93177.863,93177.863,,5,ABOVE_LR
2026-09-29 07:30:00,2026-09-29T12:30:00.000Z,84170.3,84258.8,84160,84251.3,422.57599999999996,179.935,242.641,-62.70599999999998,-0.14838987543069174,93191.554,93191.554,,5,ABOVE_LR
2026-09-29 07:35:00,2026-09-29T12:35:00.000Z,84251.3,84432.1,84233,84353.8,634.29,333.69700000000006,300.59299999999996,33.10400000000003,0.052190638351542716,93153.289,93153.289,,5,ABOVE_LR
2026-09-29 07:40:00,2026-09-29T12:40:00.000Z,84353.8,84389,84292.1,84314.5,224.528,102.45599999999999,122.072,-19.616,-0.0873654956174731,93065.484,93065.484,,5,ABOVE_LR
2026-09-29 07:45:00,2026-09-29T12:45:00.000Z,84314.6,84320.7,84205,84249.2,354.217,155.673,198.544,-42.87099999999997,-0.1210303288662034,93072.915,93072.915,,5,ABOVE_LR
2026-09-29 07:50:00,2026-09-29T12:50:00.000Z,84249.1,84310.8,84211.5,84302.5,247.57799999999997,173.348,74.22999999999999,99.11800000000001,0.4003505965796639,93088.356,93088.356,,5,ABOVE_LR
2026-09-29 07:55:00,2026-09-29T12:55:00.000Z,84302.6,84350,84278,84280.5,277.371,187.1,90.27099999999999,96.829,0.3490956156195132,93107.968,93107.968,,5,ABOVE_LR
2026-09-29 08:00:00,2026-09-29T13:00:00.000Z,84280.6,84324,84204.6,84257.4,351.908,167.595,184.313,-16.717999999999993,-0.04750673471475497,93117.601,93117.601,,5,ABOVE_LR
2026-09-29 08:05:00,2026-09-29T13:05:00.000Z,84257.5,84398.1,84257.5,84398.1,239.73700000000002,132.669,107.06799999999998,25.601000000000003,0.1067878550244643,93071.619,93071.619,,5,ABOVE_LR
2026-09-29 08:10:00,2026-09-29T13:10:00.000Z,84398.1,84412.2,84331,84359.9,348.12500000000006,171.32599999999996,176.79900000000004,-5.473000000000027,-0.015721364452423774,93062.318,93062.318,,5,ABOVE_LR
2026-09-29 08:15:00,2026-09-29T13:15:00.000Z,84359.9,84403.2,84294.8,84402.7,335.103,137.637,197.466,-59.82900000000001,-0.17853913572841784,93079.459,93079.459,,5,ABOVE_LR
2026-09-29 08:20:00,2026-09-29T13:20:00.000Z,84402.6,84444,84381.7,84443.9,243.96699999999998,169.463,74.504,94.959,0.3892288711178152,93145.751,93145.751,,5,ABOVE_LR
2026-09-29 08:25:00,2026-09-29T13:25:00.000Z,84443.9,84554.9,84302.8,84310.9,1265.58,615.602,649.978,-34.37600000000002,-0.027162249719496215,93178.924,93178.924,,5,ABOVE_LR
2026-09-29 08:30:00,2026-09-29T13:30:00.000Z,84310.9,84316.9,84001.1,84079.6,1632.906,530.2710000000001,1102.6349999999998,-572.3639999999999,-0.35051864589878406,93015.177,93015.177,,5,ABOVE_LR
2026-09-29 08:35:00,2026-09-29T13:35:00.000Z,84079.6,84203.5,83971,84176.2,913.0429999999999,471.20500000000004,441.83799999999997,29.367000000000033,0.0321638739906007,93102.849,93102.849,,5,ABOVE_LR
2026-09-29 08:40:00,2026-09-29T13:40:00.000Z,84176.2,84293.6,84095.4,84147.6,560.137,264.361,295.776,-31.41500000000002,-0.056084493614954954,93078.325,93078.325,,5,ABOVE_LR
2026-09-29 08:45:00,2026-09-29T13:45:00.000Z,84147.6,84194.8,84033.6,84139,606.5690000000001,220.349,386.22,-165.871,-0.27345775995805915,93049.06,93049.06,,5,ABOVE_LR
2026-09-29 08:50:00,2026-09-29T13:50:00.000Z,84139,84358.5,84094,84358.4,560.0120000000001,311.473,248.53900000000002,62.93400000000002,0.11237973471997031,93153.756,93153.756,,5,ABOVE_LR
2026-09-29 08:55:00,2026-09-29T13:55:00.000Z,84358.4,84420.2,84150.7,84157.5,491.23199999999997,186.471,304.76099999999997,-118.28999999999998,-0.24080271643541135,93112.196,93112.196,,5,ABOVE_LR
2026-09-29 09:00:00,2026-09-29T14:00:00.000Z,84157.5,84249.7,83937.7,83972.5,972.046,485.6940000000001,486.352,-0.6579999999999586,-0.0006769226970739641,93142.83,93142.83,,5,ABOVE_LR
2026-09-29 09:05:00,2026-09-29T14:05:00.000Z,83972.5,83983.3,83841.9,83850.1,1082.297,551.487,530.8100000000001,20.676999999999964,0.019104737424200532,93109.603,93109.603,,5,ABOVE_LR
2026-09-29 09:10:00,2026-09-29T14:10:00.000Z,83850.1,83934,83831.2,83875.8,584.113,270.88100000000003,313.23199999999997,-42.351,-0.07250480643300182,93104.616,93104.616,,5,ABOVE_LR
2026-09-29 09:15:00,2026-09-29T14:15:00.000Z,83875.8,84023.2,83811,84017.7,570.912,302.76,268.15199999999993,34.60799999999999,0.06061879939465274,93089.451,93089.451,,5,ABOVE_LR
2026-09-29 09:20:00,2026-09-29T14:20:00.000Z,84017.8,84030,83816.9,83881.8,640.259,282.529,357.72999999999996,-75.201,-0.11745403032210401,93024.3,93024.3,,5,ABOVE_LR
2026-09-29 09:25:00,2026-09-29T14:25:00.000Z,83881.7,84040,83859.5,83896,390.36699999999996,249.36700000000002,140.99999999999997,108.36700000000003,0.2776028711443335,93033.648,93033.648,,5,ABOVE_LR
2026-09-29 09:30:00,2026-09-29T14:30:00.000Z,83896,83980,83858,83877.7,359.13,185.584,173.546,12.038000000000004,0.0335198953025367,93033.386,93033.386,,5,ABOVE_LR
2026-09-29 09:35:00,2026-09-29T14:35:00.000Z,83877.7,83877.7,83701.8,83863.6,924.762,411.46599999999995,513.2959999999999,-101.82999999999997,-0.11011481873173852,93072.13,93072.13,,5,ABOVE_LR
2026-09-29 09:40:00,2026-09-29T14:40:00.000Z,83863.6,83978.1,83801.7,83855,504.507,262.43,242.077,20.353000000000016,0.040342354020856036,93058.529,93058.529,,5,ABOVE_LR
2026-09-29 09:45:00,2026-09-29T14:45:00.000Z,83855,83974.1,83750,83754.6,435.557,269.79600000000005,165.761,104.03500000000001,0.23885507522551586,93084.302,93084.302,,5,ABOVE_LR
2026-09-29 09:50:00,2026-09-29T14:50:00.000Z,83754.6,83843.9,83639.4,83783.1,871.9410000000001,363.98699999999997,507.954,-143.96700000000004,-0.16511094213943375,93147.27,93147.27,,5,ABOVE_LR
2026-09-29 09:55:00,2026-09-29T14:55:00.000Z,83783.1,83848.9,83707.5,83709.7,374.892,184.30900000000003,190.583,-6.274000000000001,-0.01673548648677486,93002.517,93002.517,,5,ABOVE_LR
2026-09-29 10:00:00,2026-09-29T15:00:00.000Z,83709.7,83721.7,83555.5,83555.7,990.566,428.93899999999996,561.627,-132.68800000000005,-0.1339517003410172,93051.883,93051.883,,5,ABOVE_LR
2026-09-29 10:05:00,2026-09-29T15:05:00.000Z,83555.7,83600.4,83422.8,83584.6,2523.543,1396.3300000000002,1127.213,269.1170000000002,0.10664252600411413,92972.322,92972.322,,5,ABOVE_LR
2026-09-29 10:10:00,2026-09-29T15:10:00.000Z,83584.5,83639.9,83314.9,83392,1646.0159999999998,775.741,870.2749999999999,-94.53399999999996,-0.057432005521209986,93351.159,93351.159,,5,ABOVE_LR
2026-09-29 10:15:00,2026-09-29T15:15:00.000Z,83392,83459.2,83242.9,83252.6,1276.407,536.736,739.6709999999999,-202.93500000000003,-0.15898925656158266,93407.544,93407.544,,5,TOUCH/CROSS_LR
2026-09-29 10:20:00,2026-09-29T15:20:00.000Z,83252.6,83309.3,82985,83003,2878.5950000000003,1198.907,1679.688,-480.7810000000001,-0.16701932713702347,93272.188,93272.188,,5,TOUCH/CROSS_LR
2026-09-29 10:25:00,2026-09-29T15:25:00.000Z,83003.1,83052.8,82880.6,82958.4,2723.5609999999997,1407.667,1315.8939999999998,91.77300000000002,0.03369595907710532,93262.907,93262.907,,5,TOUCH/CROSS_LR
2026-09-29 10:30:00,2026-09-29T15:30:00.000Z,82958.4,83169.5,82940.5,83133.6,1964.802,1193.731,771.0709999999999,422.6600000000001,0.21511582337558702,93715.134,93715.134,,5,TOUCH/CROSS_LR
2026-09-29 10:35:00,2026-09-29T15:35:00.000Z,83133.7,83171.3,83101.2,83171.2,834.7469999999998,529.559,305.188,224.37100000000004,0.2687892259570865,93473.485,93473.485,,5,INSIDE_LR
2026-09-29 10:40:00,2026-09-29T15:40:00.000Z,83171.2,83206.4,83090.1,83146.4,656.794,382.90899999999993,273.885,109.02399999999999,0.1659942082296732,93379.192,93379.192,,5,INSIDE_LR
2026-09-29 10:45:00,2026-09-29T15:45:00.000Z,83146.4,83300,83043.8,83216.6,2119.5119999999997,1123.71,995.802,127.90799999999996,0.060347853656879495,93336.886,93336.886,,5,TOUCH/CROSS_LR
2026-09-29 10:50:00,2026-09-29T15:50:00.000Z,83216.6,83236.6,82890.6,82957,1288.046,386.083,901.9630000000001,-515.8800000000001,-0.4005136462517644,93135.253,93135.253,,5,TOUCH/CROSS_LR
2026-09-29 10:55:00,2026-09-29T15:55:00.000Z,82957,83049.9,82929,83039.2,797.6279999999999,472.657,324.971,147.68600000000004,0.18515648898985498,93066.218,93066.218,,5,TOUCH/CROSS_LR
2026-09-29 11:00:00,2026-09-29T16:00:00.000Z,83039.3,83114.3,83013.2,83013.2,1206.3000000000002,446.53299999999996,759.7669999999998,-313.234,-0.2596650916024206,93116.388,93116.388,,5,INSIDE_LR
2026-09-29 11:05:00,2026-09-29T16:05:00.000Z,83013.2,83064.7,82934.9,82979.3,719.938,294.049,425.889,-131.83999999999997,-0.18312688037025407,93489.091,93489.091,,5,TOUCH/CROSS_LR
2026-09-29 11:10:00,2026-09-29T16:10:00.000Z,82979.3,83053.9,82925,82999.9,655.866,313.138,342.728,-29.590000000000003,-0.045115923069651426,93404.582,93404.582,,5,TOUCH/CROSS_LR
2026-09-29 11:15:00,2026-09-29T16:15:00.000Z,82999.9,83120.7,82960,83064.6,652.726,355.026,297.70000000000005,57.32599999999998,0.08782551943694594,93442.962,93442.962,,5,TOUCH/CROSS_LR
2026-09-29 11:20:00,2026-09-29T16:20:00.000Z,83064.6,83175.5,83064.5,83151.7,397.44399999999996,250.40399999999997,147.04000000000002,103.364,0.2600718591801613,93496.041,93496.041,,5,INSIDE_LR
2026-09-29 11:25:00,2026-09-29T16:25:00.000Z,83151.7,83261.7,83138.6,83220.1,498.074,308.19899999999996,189.87500000000006,118.32399999999996,0.2375630930343683,93466.406,93466.406,,5,TOUCH/CROSS_LR
2026-09-29 11:30:00,2026-09-29T16:30:00.000Z,83220.1,83220.1,83100,83193.8,393.415,175.29,218.12499999999997,-42.834999999999994,-0.10887993594550281,93428.977,93428.977,,5,INSIDE_LR
2026-09-29 11:35:00,2026-09-29T16:35:00.000Z,83193.7,83243.2,83151.5,83151.5,282.933,147.80999999999997,135.12300000000002,12.686999999999973,0.04484100476084434,93453.821,93453.821,,5,INSIDE_LR
2026-09-29 11:40:00,2026-09-29T16:40:00.000Z,83151.5,83151.5,82993.5,82999.6,513.4929999999999,199.834,313.659,-113.82500000000002,-0.22166806558219884,93414.152,93414.152,,5,TOUCH/CROSS_LR
2026-09-29 11:45:00,2026-09-29T16:45:00.000Z,82999.6,83051.2,82915.3,82975.3,897.4020000000002,395.93399999999997,501.468,-105.53400000000003,-0.11759947047142753,93434.7,93434.7,,5,TOUCH/CROSS_LR
2026-09-29 11:50:00,2026-09-29T16:50:00.000Z,82975.3,83044.2,82902.6,82912.2,441.90999999999997,213.593,228.31700000000004,-14.724000000000004,-0.033319001606662,93456.441,93456.441,,5,TOUCH/CROSS_LR
2026-09-29 11:55:00,2026-09-29T16:55:00.000Z,82912.1,83046.3,82851.5,83023.1,801.485,429.182,372.30299999999994,56.87900000000003,0.07096701747381427,93402.219,93402.219,,5,TOUCH/CROSS_LR
2026-09-29 12:00:00,2026-09-29T17:00:00.000Z,83023.1,83078.7,82969.9,83059.3,329.572,215.27800000000002,114.29400000000001,100.98399999999998,0.3064095250810141,93392.624,93392.624,,5,TOUCH/CROSS_LR
2026-09-29 12:05:00,2026-09-29T17:05:00.000Z,83059.2,83160.2,83043.9,83126.3,373.34099999999995,225.80900000000003,147.53199999999998,78.27700000000003,0.20966623006848978,93472.966,93472.966,,5,INSIDE_LR
2026-09-29 12:10:00,2026-09-29T17:10:00.000Z,83126.4,83155.7,83046.1,83137.3,335.391,146.651,188.74,-42.08899999999999,-0.1254923358110384,93451.715,93451.715,,5,INSIDE_LR
2026-09-29 12:15:00,2026-09-29T17:15:00.000Z,83137.3,83142.7,83022.5,83108.8,552.528,421.83099999999996,130.697,291.134,0.5269126632496453,93440.009,93440.009,,5,INSIDE_LR
2026-09-29 12:20:00,2026-09-29T17:20:00.000Z,83108.7,83119.9,83006.9,83077.7,333.52600000000007,182.36,151.16599999999997,31.194000000000006,0.09352794085018859,93398.231,93398.231,,5,INSIDE_LR
2026-09-29 12:25:00,2026-09-29T17:25:00.000Z,83077.8,83144.8,83064.2,83144.8,145.647,90.671,54.976000000000006,35.69499999999999,0.24507885503992527,93340.64,93340.64,,5,INSIDE_LR
2026-09-29 12:30:00,2026-09-29T17:30:00.000Z,83144.8,83179.1,83125.3,83138.8,344.978,170.42000000000002,174.558,-4.138000000000012,-0.011994967795047835,93338.196,93338.196,,5,INSIDE_LR
2026-09-29 12:35:00,2026-09-29T17:35:00.000Z,83138.8,83143.4,83059.8,83098.8,350.13300000000004,119.501,230.632,-111.131,-0.31739653217491637,93316.577,93316.577,,5,INSIDE_LR
2026-09-29 12:40:00,2026-09-29T17:40:00.000Z,83098.7,83149.7,83088.8,83088.8,111.77199999999999,48.809,62.963,-14.154000000000007,-0.12663278817592966,93317.227,93317.227,,5,INSIDE_LR
2026-09-29 12:45:00,2026-09-29T17:45:00.000Z,83088.7,83137,83020,83020.8,278.83799999999997,145.34500000000003,133.493,11.851999999999997,0.04250496704179487,93302.171,93302.171,,5,INSIDE_LR
2026-09-29 12:50:00,2026-09-29T17:50:00.000Z,83020.8,83041.5,82942.2,83000.2,412.036,219.72099999999998,192.315,27.406000000000002,0.06651360560727704,93339.68,93339.68,,5,TOUCH/CROSS_LR
2026-09-29 12:55:00,2026-09-29T17:55:00.000Z,83000.2,83042.7,82933.9,83042.7,306.556,168.427,138.12900000000002,30.297999999999995,0.0988334920862746,93353.907,93353.907,,5,TOUCH/CROSS_LR
2026-09-29 13:00:00,2026-09-29T18:00:00.000Z,83042.7,83267.6,83042.7,83264.4,628.8090000000001,420.552,208.25699999999995,212.29500000000002,0.33761444254137585,93306.342,93306.342,,5,TOUCH/CROSS_LR
2026-09-29 13:05:00,2026-09-29T18:05:00.000Z,83264.4,83398,83235.7,83260,1076.183,763.7139999999999,312.469,451.245,0.4193013641731936,93243.515,93243.515,,5,TOUCH/CROSS_LR
2026-09-29 13:10:00,2026-09-29T18:10:00.000Z,83260,83394.2,83248.4,83394.2,335.361,170.43099999999998,164.93,5.500999999999998,0.016403219217499942,93383.104,93383.104,,5,TOUCH/CROSS_LR
2026-09-29 13:15:00,2026-09-29T18:15:00.000Z,83394.1,83490.2,83362.4,83391.3,573.9780000000001,388.0040000000001,185.97400000000002,202.03,0.3519821317193342,93329.815,93329.815,,5,ABOVE_LR
2026-09-29 13:20:00,2026-09-29T18:20:00.000Z,83391.2,83498.1,83374.2,83469,383.533,217.543,165.99000000000004,51.552999999999976,0.1344160737146477,93293.536,93293.536,,5,ABOVE_LR
2026-09-29 13:25:00,2026-09-29T18:25:00.000Z,83468.9,83480.7,83384.7,83394.1,287.565,113.908,173.65699999999998,-59.749,-0.20777563333507207,93278.715,93278.715,,5,ABOVE_LR
2026-09-29 13:30:00,2026-09-29T18:30:00.000Z,83394.2,83550,83375.2,83541.8,677.486,390.89599999999996,286.59,104.30600000000003,0.15396037704100163,93297.539,93297.539,,5,ABOVE_LR
2026-09-29 13:35:00,2026-09-29T18:35:00.000Z,83541.7,83596.7,83490.2,83526.6,506.70000000000005,282.721,223.97899999999998,58.742000000000004,0.11593053088612591,93255.916,93255.916,,5,ABOVE_LR
2026-09-29 13:40:00,2026-09-29T18:40:00.000Z,83526.5,83673,83526.5,83594.8,707.37,327.151,380.219,-53.06800000000001,-0.07502155873163975,93213.483,93213.483,,5,ABOVE_LR
2026-09-29 13:45:00,2026-09-29T18:45:00.000Z,83594.9,83643.7,83559.3,83608.1,241.26899999999998,105.61999999999999,135.649,-30.02899999999999,-0.12446273661348947,93160.84,93160.84,,5,ABOVE_LR
2026-09-29 13:50:00,2026-09-29T18:50:00.000Z,83608.2,83656.6,83570.8,83600,147.02100000000002,53.73500000000001,93.286,-39.551,-0.26901599091286277,93172.617,93172.617,,5,ABOVE_LR
2026-09-29 13:55:00,2026-09-29T18:55:00.000Z,83600.1,83618.4,83565.1,83614.1,206.476,76.392,130.084,-53.69199999999999,-0.26003990778589275,93168.97,93168.97,,5,ABOVE_LR
2026-09-29 14:00:00,2026-09-29T19:00:00.000Z,83614,83630,83566.6,83624,156.406,59.43900000000001,96.96699999999998,-37.528,-0.23993964425917164,93141.785,93141.785,,5,ABOVE_LR
2026-09-29 14:05:00,2026-09-29T19:05:00.000Z,83624,83674,83594.7,83627.2,188.68600000000004,101.332,87.354,13.977999999999998,0.07408074790922482,93155.174,93155.174,,5,ABOVE_LR
