timestamp,timestamp_epoch_ms,open,high,low,close,volume_BTC,taker_buy_volume_BTC,taker_sell_volume_BTC,delta_BTC,delta_volume_ratio,OI_BTC,dOI_BTC,dOI_pct,oi_source,oi_interval,lr_low,lr_high,location,distance_to_lr_low,distance_to_lr_high
2026-09-28 00:00:00,1790571600000,83446.0,83494.7,83445.9,83487.5,148.31,96.726,51.584,45.141999999999996,0.3043759692535904,95841.605,,,Binance Futures /futures/data/openInterestHist,5m,83002.9,83255.0,ABOVE_LR,484.6000000000058,232.5
2026-09-28 00:01:00,1790571660000,83487.5,83487.5,83467.9,83467.9,34.177,17.213,16.964,0.24900000000000233,0.00728560142786091,,,,Binance Futures /futures/data/openInterestHist,5m,83002.9,83255.0,ABOVE_LR,465.0,212.89999999999418
2026-09-28 00:02:00,1790571720000,83467.9,83467.9,83383.2,83383.3,74.826,14.851,59.974999999999994,-45.123999999999995,0.6030524149359848,,,,Binance Futures /futures/data/openInterestHist,5m,83002.9,83255.0,ABOVE_LR,380.40000000000873,128.3000000000029
2026-09-28 00:03:00,1790571780000,83383.3,83383.4,83340.6,83370.3,66.23,30.73,35.5,-4.77,0.07202174241280386,,,,Binance Futures /futures/data/openInterestHist,5m,83002.9,83255.0,ABOVE_LR,367.40000000000873,115.30000000000291
2026-09-28 00:04:00,1790571840000,83370.3,83370.3,83336.2,83346.3,50.07,20.487,29.583000000000002,-9.096000000000004,0.1816656680647095,,,,Binance Futures /futures/data/openInterestHist,5m,83002.9,83255.0,ABOVE_LR,343.40000000000873,91.30000000000291
2026-09-28 00:05:00,1790571900000,83346.3,83398.5,83342.2,83385.2,54.753,43.945,10.808,33.137,0.6052088470038172,95811.447,-30.15799999999581,-0.03146650142179465,Binance Futures /futures/data/openInterestHist,5m,83002.9,83255.0,ABOVE_LR,382.3000000000029,130.1999999999971
2026-09-28 00:06:00,1790571960000,83385.1,83385.1,83360.8,83362.3,17.993,10.066,7.926999999999998,2.139000000000003,0.118879564274996,,,,Binance Futures /futures/data/openInterestHist,5m,83002.9,83255.0,ABOVE_LR,359.40000000000873,107.30000000000291
2026-09-28 00:07:00,1790572020000,83362.3,83362.3,83336.4,83338.9,66.254,42.096,24.15800000000001,17.937999999999988,0.2707459172276389,,,,Binance Futures /futures/data/openInterestHist,5m,83002.9,83255.0,ABOVE_LR,336.0,83.89999999999418
2026-09-28 00:08:00,1790572080000,83338.9,83339.0,83322.6,83324.5,43.529,20.504,23.025000000000002,-2.521000000000001,0.05791541271336352,,,,Binance Futures /futures/data/openInterestHist,5m,83002.9,83255.0,ABOVE_LR,321.6000000000058,69.5
2026-09-28 00:09:00,1790572140000,83324.5,83324.6,83315.8,83320.0,39.617,25.865,13.751999999999999,12.113,0.305752580962718,,,,Binance Futures /futures/data/openInterestHist,5m,83002.9,83255.0,ABOVE_LR,317.1000000000058,65.0
2026-09-28 00:10:00,1790572200000,83320.1,83330.2,83316.2,83317.4,30.652,18.09,12.562000000000001,5.527999999999999,0.1803471225368654,95775.896,-35.55100000000675,-0.037105169698571354,Binance Futures /futures/data/openInterestHist,5m,83002.9,83255.0,ABOVE_LR,314.5,62.39999999999418
2026-09-28 00:11:00,1790572260000,83317.4,83317.4,83300.0,83300.0,41.488,20.936,20.552,0.38400000000000034,0.009255688391824151,,,,Binance Futures /futures/data/openInterestHist,5m,83002.9,83255.0,ABOVE_LR,297.1000000000058,45.0
2026-09-28 00:12:00,1790572320000,83300.0,83320.0,83300.0,83301.4,56.408,34.666,21.742000000000004,12.923999999999992,0.22911643738476797,,,,Binance Futures /futures/data/openInterestHist,5m,83002.9,83255.0,ABOVE_LR,298.5,46.39999999999418
2026-09-28 00:13:00,1790572380000,83301.3,83301.4,83260.3,83279.4,134.074,46.892,87.18200000000002,-40.29000000000001,0.3005056908871221,,,,Binance Futures /futures/data/openInterestHist,5m,83002.9,83255.0,ABOVE_LR,276.5,24.39999999999418
2026-09-28 00:14:00,1790572440000,83279.4,83299.3,83202.1,83292.7,286.8,114.901,171.899,-56.998000000000005,0.19873779637377964,,,,Binance Futures /futures/data/openInterestHist,5m,83002.9,83255.0,CROSSES_UPPER_BOUNDARY,289.8000000000029,37.69999999999709
2026-09-28 00:15:00,1790572500000,83292.7,83315.3,83292.6,83298.2,40.886,22.656,18.230000000000004,4.425999999999995,0.10825221347160384,95806.739,30.843000000008033,0.03220330092240331,Binance Futures /futures/data/openInterestHist,5m,83002.9,83255.0,ABOVE_LR,295.3000000000029,43.19999999999709
2026-09-28 00:16:00,1790572560000,83298.3,83308.1,83150.0,83222.0,385.329,115.514,269.815,-154.301,0.4004396243210347,,,,Binance Futures /futures/data/openInterestHist,5m,83002.9,83255.0,CROSSES_UPPER_BOUNDARY,219.10000000000582,-33.0
2026-09-28 00:17:00,1790572620000,83222.0,83228.5,83155.9,83219.4,212.646,56.199,156.447,-100.248,0.47143139301938436,,,,Binance Futures /futures/data/openInterestHist,5m,83002.9,83255.0,INSIDE_LR,216.5,-35.60000000000582
2026-09-28 00:18:00,1790572680000,83219.5,83219.6,83150.0,83190.3,246.648,95.398,151.25,-55.852000000000004,0.22644416334209078,,,,Binance Futures /futures/data/openInterestHist,5m,83002.9,83255.0,INSIDE_LR,187.40000000000873,-64.69999999999709
2026-09-28 00:19:00,1790572740000,83190.3,83225.5,83186.2,83205.1,97.852,76.257,21.595,54.662000000000006,0.5586191391080407,,,,Binance Futures /futures/data/openInterestHist,5m,83002.9,83255.0,INSIDE_LR,202.20000000001164,-49.89999999999418
2026-09-28 00:20:00,1790572800000,83205.0,83237.4,83191.2,83200.0,72.496,27.623,44.87299999999999,-17.24999999999999,0.2379441624365481,95860.89,54.15099999999802,0.05652107624704565,Binance Futures /futures/data/openInterestHist,5m,83002.9,83255.0,INSIDE_LR,197.10000000000582,-55.0
2026-09-28 00:21:00,1790572860000,83200.0,83206.5,83190.0,83197.2,44.911,21.615,23.296000000000003,-1.6810000000000045,0.03742958295295149,,,,Binance Futures /futures/data/openInterestHist,5m,83002.9,83255.0,INSIDE_LR,194.3000000000029,-57.80000000000291
2026-09-28 00:22:00,1790572920000,83197.2,83201.5,83141.1,83142.0,163.343,24.891,138.452,-113.561,0.6952302822894156,,,,Binance Futures /futures/data/openInterestHist,5m,83002.9,83255.0,INSIDE_LR,139.10000000000582,-113.0
2026-09-28 00:23:00,1790572980000,83142.0,83148.2,82936.1,83034.6,2170.893,678.47,1492.423,-813.953,0.37493925310920434,,,,Binance Futures /futures/data/openInterestHist,5m,83002.9,83255.0,CROSSES_LOWER_BOUNDARY,31.70000000001164,-220.39999999999418
2026-09-28 00:24:00,1790573040000,83034.5,83073.4,83016.8,83017.1,177.473,77.707,99.76600000000002,-22.059000000000026,0.12429496317749755,,,,Binance Futures /futures/data/openInterestHist,5m,83002.9,83255.0,INSIDE_LR,14.200000000011642,-237.89999999999418
2026-09-28 00:25:00,1790573100000,83017.1,83051.2,82964.2,82979.6,270.287,82.696,187.59099999999998,-104.89499999999998,0.3880874773851498,95500.944,-359.9459999999963,-0.37548785537041884,Binance Futures /futures/data/openInterestHist,5m,83002.9,83255.0,CROSSES_LOWER_BOUNDARY,-23.29999999998836,-275.3999999999942
2026-09-28 00:26:00,1790573160000,82979.7,83041.9,82968.8,83041.8,319.38,189.485,129.89499999999998,59.59000000000003,0.18658024923288882,,,,Binance Futures /futures/data/openInterestHist,5m,83002.9,83255.0,CROSSES_LOWER_BOUNDARY,38.90000000000873,-213.1999999999971
2026-09-28 00:27:00,1790573220000,83041.9,83082.3,83041.8,83069.7,172.238,118.399,53.839,64.56,0.37483017684831454,,,,Binance Futures /futures/data/openInterestHist,5m,83002.9,83255.0,INSIDE_LR,66.80000000000291,-185.3000000000029
2026-09-28 00:28:00,1790573280000,83069.7,83099.2,83065.7,83075.6,101.284,44.523,56.761,-12.238,0.12082856127325144,,,,Binance Futures /futures/data/openInterestHist,5m,83002.9,83255.0,INSIDE_LR,72.70000000001164,-179.39999999999418
2026-09-28 00:29:00,1790573340000,83075.6,83076.9,83030.0,83031.3,62.147,19.946,42.20099999999999,-22.254999999999992,0.3581025632773906,,,,Binance Futures /futures/data/openInterestHist,5m,83002.9,83255.0,INSIDE_LR,28.40000000000873,-223.6999999999971
2026-09-28 00:30:00,1790573400000,83031.3,83043.0,82988.0,83020.2,130.451,54.713,75.738,-21.025,0.16117162766096083,95529.026,28.081999999994878,0.02940494493959649,Binance Futures /futures/data/openInterestHist,5m,83002.9,83255.0,CROSSES_LOWER_BOUNDARY,17.30000000000291,-234.8000000000029
2026-09-28 00:31:00,1790573460000,83020.2,83047.0,82997.1,83003.8,103.991,54.536,49.455,5.081000000000003,0.04885999749978367,,,,Binance Futures /futures/data/openInterestHist,5m,83002.9,83255.0,CROSSES_LOWER_BOUNDARY,0.9000000000087311,-251.1999999999971
2026-09-28 00:32:00,1790573520000,83003.8,83003.8,82943.9,82961.1,330.807,80.558,250.24900000000002,-169.69100000000003,0.5129607293678792,,,,Binance Futures /futures/data/openInterestHist,5m,83002.9,83255.0,CROSSES_LOWER_BOUNDARY,-41.79999999998836,-293.8999999999942
2026-09-28 00:33:00,1790573580000,82961.1,82968.6,82906.0,82906.0,260.479,79.899,180.57999999999998,-100.68099999999998,0.38652252196914144,,,,Binance Futures /futures/data/openInterestHist,5m,83002.9,83255.0,BELOW_LR,-96.89999999999418,-349.0
2026-09-28 00:34:00,1790573640000,82906.0,82911.2,82877.5,82879.0,408.221,115.86,292.361,-176.50099999999998,0.43236629178802655,,,,Binance Futures /futures/data/openInterestHist,5m,83002.9,83255.0,BELOW_LR,-123.89999999999418,-376.0
2026-09-28 00:35:00,1790573700000,82879.1,82909.0,82879.0,82898.4,181.074,107.403,73.671,33.732,0.1862884787434971,95528.511,-0.5149999999994179,-0.000539103162215239,Binance Futures /futures/data/openInterestHist,5m,83002.9,83255.0,BELOW_LR,-104.5,-356.6000000000058
2026-09-28 00:36:00,1790573760000,82898.3,82898.4,82849.6,82878.2,403.228,193.061,210.167,-17.105999999999995,0.04242264922078823,,,,Binance Futures /futures/data/openInterestHist,5m,83002.9,83255.0,BELOW_LR,-124.69999999999709,-376.8000000000029
2026-09-28 00:37:00,1790573820000,82878.2,82888.7,82852.2,82877.3,215.784,112.552,103.23199999999999,9.320000000000022,0.043191339487635885,,,,Binance Futures /futures/data/openInterestHist,5m,83002.9,83255.0,BELOW_LR,-125.59999999999127,-377.6999999999971
2026-09-28 00:38:00,1790573880000,82877.3,82895.1,82617.8,82658.0,1439.462,282.556,1156.906,-874.3499999999999,0.6074144367826312,,,,Binance Futures /futures/data/openInterestHist,5m,83002.9,83255.0,BELOW_LR,-344.8999999999942,-597.0
2026-09-28 00:39:00,1790573940000,82658.0,82772.8,82658.0,82730.2,526.419,315.068,211.351,103.71699999999998,0.19702366365955634,,,,Binance Futures /futures/data/openInterestHist,5m,83002.9,83255.0,BELOW_LR,-272.6999999999971,-524.8000000000029
2026-09-28 00:40:00,1790574000000,82730.2,82847.1,82723.0,82847.1,256.91,205.441,51.46900000000002,153.97199999999998,0.5993227200186835,95458.527,-69.98399999999674,-0.07325980408089554,Binance Futures /futures/data/openInterestHist,5m,83002.9,83255.0,BELOW_LR,-155.79999999998836,-407.8999999999942
2026-09-28 00:41:00,1790574060000,82847.1,82936.3,82843.6,82936.3,312.839,261.383,51.45600000000002,209.92699999999996,0.6710384574813242,,,,Binance Futures /futures/data/openInterestHist,5m,83002.9,83255.0,BELOW_LR,-66.59999999999127,-318.6999999999971
2026-09-28 00:42:00,1790574120000,82936.3,83033.1,82926.4,83025.7,258.481,179.713,78.768,100.945,0.39053160580468194,,,,Binance Futures /futures/data/openInterestHist,5m,83002.9,83255.0,CROSSES_LOWER_BOUNDARY,22.80000000000291,-229.3000000000029
2026-09-28 00:43:00,1790574180000,83025.7,83062.5,82963.4,83062.4,296.715,191.307,105.40799999999999,85.899,0.28950002527678076,,,,Binance Futures /futures/data/openInterestHist,5m,83002.9,83255.0,CROSSES_LOWER_BOUNDARY,59.5,-192.60000000000582
2026-09-28 00:44:00,1790574240000,83062.5,83113.4,83062.4,83103.1,300.788,155.527,145.26100000000002,10.265999999999963,0.034130350944851395,,,,Binance Futures /futures/data/openInterestHist,5m,83002.9,83255.0,INSIDE_LR,100.20000000001164,-151.89999999999418
2026-09-28 00:45:00,1790574300000,83103.1,83145.3,83057.0,83076.4,279.543,184.802,94.74100000000001,90.06099999999998,0.32217225972390645,95400.882,-57.645000000004075,-0.06038748115189759,Binance Futures /futures/data/openInterestHist,5m,83002.9,83255.0,INSIDE_LR,73.5,-178.60000000000582
2026-09-28 00:46:00,1790574360000,83076.3,83124.4,83021.3,83111.3,163.51,83.359,80.151,3.2079999999999984,0.019619595131796213,,,,Binance Futures /futures/data/openInterestHist,5m,83002.9,83255.0,INSIDE_LR,108.40000000000873,-143.6999999999971
2026-09-28 00:47:00,1790574420000,83111.3,83159.0,83111.2,83134.8,186.877,90.177,96.7,-6.522999999999996,0.03490531205017201,,,,Binance Futures /futures/data/openInterestHist,5m,83002.9,83255.0,INSIDE_LR,131.90000000000873,-120.19999999999709
2026-09-28 00:48:00,1790574480000,83134.7,83138.0,83086.8,83086.8,118.776,67.337,51.43899999999999,15.89800000000001,0.13384858894052679,,,,Binance Futures /futures/data/openInterestHist,5m,83002.9,83255.0,INSIDE_LR,83.90000000000873,-168.1999999999971
2026-09-28 00:49:00,1790574540000,83086.8,83112.9,83086.8,83099.8,73.765,49.951,23.814,26.137,0.35432793330170137,,,,Binance Futures /futures/data/openInterestHist,5m,83002.9,83255.0,INSIDE_LR,96.90000000000873,-155.1999999999971
2026-09-28 00:50:00,1790574600000,83099.8,83099.8,83043.2,83043.2,63.844,25.572,38.272000000000006,-12.700000000000006,0.198922373284882,95475.489,74.60700000000361,0.07820367950057695,Binance Futures /futures/data/openInterestHist,5m,83002.9,83255.0,INSIDE_LR,40.30000000000291,-211.8000000000029
2026-09-28 00:51:00,1790574660000,83043.3,83048.0,83003.7,83044.6,93.465,53.717,39.748000000000005,13.968999999999994,0.1494570159952923,,,,Binance Futures /futures/data/openInterestHist,5m,83002.9,83255.0,INSIDE_LR,41.70000000001164,-210.39999999999418
2026-09-28 00:52:00,1790574720000,83044.6,83090.1,83036.3,83085.3,209.514,178.523,30.991000000000014,147.53199999999998,0.704162967629848,,,,Binance Futures /futures/data/openInterestHist,5m,83002.9,83255.0,INSIDE_LR,82.40000000000873,-169.6999999999971
2026-09-28 00:53:00,1790574780000,83085.3,83085.3,83017.3,83024.1,105.857,23.443,82.414,-58.971000000000004,0.5570817234571167,,,,Binance Futures /futures/data/openInterestHist,5m,83002.9,83255.0,INSIDE_LR,21.20000000001164,-230.89999999999418
2026-09-28 00:54:00,1790574840000,83024.1,83095.5,83024.1,83095.5,54.818,48.122,6.695999999999998,41.426,0.7557006822576526,,,,Binance Futures /futures/data/openInterestHist,5m,83002.9,83255.0,INSIDE_LR,92.60000000000582,-159.5
2026-09-28 00:55:00,1790574900000,83095.4,83095.4,83069.5,83086.3,48.75,33.505,15.244999999999997,18.260000000000005,0.37456410256410266,95585.694,110.20500000000175,0.11542753135310126,Binance Futures /futures/data/openInterestHist,5m,83002.9,83255.0,INSIDE_LR,83.40000000000873,-168.6999999999971
2026-09-28 00:56:00,1790574960000,83086.3,83139.0,83086.2,83139.0,98.691,85.853,12.838000000000008,73.01499999999999,0.7398344327243618,,,,Binance Futures /futures/data/openInterestHist,5m,83002.9,83255.0,INSIDE_LR,136.10000000000582,-116.0
2026-09-28 00:57:00,1790575020000,83139.0,83139.0,83130.0,83136.0,53.651,31.805,21.846000000000004,9.958999999999996,0.1856256174162643,,,,Binance Futures /futures/data/openInterestHist,5m,83002.9,83255.0,INSIDE_LR,133.10000000000582,-119.0
2026-09-28 00:58:00,1790575080000,83136.0,83152.2,83136.0,83151.9,48.347,38.246,10.100999999999999,28.145000000000003,0.5821457381016403,,,,Binance Futures /futures/data/openInterestHist,5m,83002.9,83255.0,INSIDE_LR,149.0,-103.10000000000582
2026-09-28 00:59:00,1790575140000,83151.9,83151.9,83140.0,83140.1,47.455,23.544,23.910999999999998,-0.36699999999999733,0.007733642398061265,,,,Binance Futures /futures/data/openInterestHist,5m,83002.9,83255.0,INSIDE_LR,137.20000000001164,-114.89999999999418
2026-09-28 01:00:00,1790575200000,83140.1,83140.1,83103.7,83107.2,75.224,18.341,56.883,-38.542,0.5123630756141657,95611.76,26.065999999991618,0.02726977114377766,Binance Futures /futures/data/openInterestHist,5m,83002.9,83255.0,INSIDE_LR,104.30000000000291,-147.8000000000029
2026-09-28 01:01:00,1790575260000,83107.2,83115.8,83096.0,83106.7,92.768,50.927,41.841,9.085999999999999,0.09794325629527421,,,,Binance Futures /futures/data/openInterestHist,5m,83002.9,83255.0,INSIDE_LR,103.80000000000291,-148.3000000000029
2026-09-28 01:02:00,1790575320000,83106.7,83106.8,83103.1,83103.1,26.784,10.661,16.122999999999998,-5.461999999999998,0.2039277180406212,,,,Binance Futures /futures/data/openInterestHist,5m,83002.9,83255.0,INSIDE_LR,100.20000000001164,-151.89999999999418
2026-09-28 01:03:00,1790575380000,83103.2,83159.8,83103.1,83119.1,142.42,117.501,24.918999999999983,92.58200000000002,0.6500631933717177,,,,Binance Futures /futures/data/openInterestHist,5m,83002.9,83255.0,INSIDE_LR,116.20000000001164,-135.89999999999418
2026-09-28 01:04:00,1790575440000,83119.2,83146.5,83101.1,83107.6,50.263,21.843,28.419999999999998,-6.576999999999998,0.13085171995304695,,,,Binance Futures /futures/data/openInterestHist,5m,83002.9,83255.0,INSIDE_LR,104.70000000001164,-147.39999999999418
2026-09-28 01:05:00,1790575500000,83107.6,83154.2,83107.6,83150.6,71.831,53.419,18.412000000000006,35.00699999999999,0.4873522573819102,95609.261,-2.4989999999961583,-0.002613695219077819,Binance Futures /futures/data/openInterestHist,5m,83002.9,83255.0,INSIDE_LR,147.70000000001164,-104.39999999999418
2026-09-28 01:06:00,1790575560000,83150.6,83199.4,83150.5,83195.3,114.318,68.072,46.245999999999995,21.826000000000008,0.19092356409314376,,,,Binance Futures /futures/data/openInterestHist,5m,83002.9,83255.0,INSIDE_LR,192.40000000000873,-59.69999999999709
2026-09-28 01:07:00,1790575620000,83195.4,83200.0,83143.1,83163.8,260.102,170.303,89.79899999999998,80.50400000000002,0.30950934633336163,,,,Binance Futures /futures/data/openInterestHist,5m,83002.9,83255.0,INSIDE_LR,160.90000000000873,-91.19999999999709
2026-09-28 01:08:00,1790575680000,83163.9,83181.7,83137.2,83172.1,55.639,38.05,17.589000000000006,20.46099999999999,0.36774564603964827,,,,Binance Futures /futures/data/openInterestHist,5m,83002.9,83255.0,INSIDE_LR,169.20000000001164,-82.89999999999418
2026-09-28 01:09:00,1790575740000,83172.1,83200.0,83172.0,83193.4,130.994,75.52,55.474000000000004,20.045999999999992,0.15302990976685948,,,,Binance Futures /futures/data/openInterestHist,5m,83002.9,83255.0,INSIDE_LR,190.5,-61.60000000000582
2026-09-28 01:10:00,1790575800000,83193.4,83198.0,83193.4,83198.0,48.845,31.521,17.323999999999998,14.197000000000003,0.29065410993960494,95656.247,46.986000000004424,0.04914377489017976,Binance Futures /futures/data/openInterestHist,5m,83002.9,83255.0,INSIDE_LR,195.10000000000582,-57.0
2026-09-28 01:11:00,1790575860000,83197.9,83247.3,83197.9,83243.2,655.98,602.048,53.932000000000016,548.116,0.8355681575657794,,,,Binance Futures /futures/data/openInterestHist,5m,83002.9,83255.0,INSIDE_LR,240.3000000000029,-11.80000000000291
2026-09-28 01:12:00,1790575920000,83243.1,83250.0,83230.8,83250.0,133.208,65.554,67.654,-2.0999999999999943,0.015764818929793964,,,,Binance Futures /futures/data/openInterestHist,5m,83002.9,83255.0,INSIDE_LR,247.10000000000582,-5.0
2026-09-28 01:13:00,1790575980000,83250.0,83255.0,83221.2,83221.2,59.086,28.173,30.913,-2.740000000000002,0.04637308330230515,,,,Binance Futures /futures/data/openInterestHist,5m,83002.9,83255.0,INSIDE_LR,218.3000000000029,-33.80000000000291
2026-09-28 01:14:00,1790576040000,83221.3,83230.7,83195.6,83207.2,104.07,39.084,64.98599999999999,-25.901999999999987,0.24889017007783212,,,,Binance Futures /futures/data/openInterestHist,5m,83002.9,83255.0,INSIDE_LR,204.3000000000029,-47.80000000000291
2026-09-28 01:15:00,1790576100000,83207.2,83207.2,83158.4,83188.9,141.636,81.169,60.467,20.701999999999998,0.14616340478409443,95450.318,-205.92900000000373,-0.21528024196893666,Binance Futures /futures/data/openInterestHist,5m,83002.9,83255.0,INSIDE_LR,186.0,-66.10000000000582
2026-09-28 01:16:00,1790576160000,83189.0,83216.5,83188.9,83211.4,38.978,22.207,16.771,5.436,0.13946328698240032,,,,Binance Futures /futures/data/openInterestHist,5m,83002.9,83255.0,INSIDE_LR,208.5,-43.60000000000582
2026-09-28 01:17:00,1790576220000,83211.3,83215.8,83150.9,83164.9,45.99,21.906,24.084000000000003,-2.1780000000000044,0.047358121330724166,,,,Binance Futures /futures/data/openInterestHist,5m,83002.9,83255.0,INSIDE_LR,162.0,-90.10000000000582
2026-09-28 01:18:00,1790576280000,83164.9,83166.9,83155.6,83156.0,20.507,8.435,12.072000000000001,-3.6370000000000005,0.17735407421855953,,,,Binance Futures /futures/data/openInterestHist,5m,83002.9,83255.0,INSIDE_LR,153.10000000000582,-99.0
2026-09-28 01:19:00,1790576340000,83156.0,83156.0,83140.0,83140.0,53.831,21.123,32.708,-11.584999999999997,0.21521056640225886,,,,Binance Futures /futures/data/openInterestHist,5m,83002.9,83255.0,INSIDE_LR,137.10000000000582,-115.0
2026-09-28 01:20:00,1790576400000,83140.0,83166.9,83087.0,83096.6,147.075,56.312,90.76299999999999,-34.45099999999999,0.23424103348631647,95475.462,25.144000000000233,0.026342499979937452,Binance Futures /futures/data/openInterestHist,5m,83002.9,83255.0,INSIDE_LR,93.70000000001164,-158.39999999999418
2026-09-28 01:21:00,1790576460000,83096.6,83138.0,83096.6,83138.0,59.987,24.91,35.077,-10.166999999999998,0.16948672212312663,,,,Binance Futures /futures/data/openInterestHist,5m,83002.9,83255.0,INSIDE_LR,135.10000000000582,-117.0
2026-09-28 01:22:00,1790576520000,83137.9,83138.0,83080.0,83087.9,51.678,13.494,38.184,-24.689999999999998,0.4777661674213398,,,,Binance Futures /futures/data/openInterestHist,5m,83002.9,83255.0,INSIDE_LR,85.0,-167.10000000000582
2026-09-28 01:23:00,1790576580000,83087.8,83092.3,83062.5,83092.3,44.704,16.219,28.485,-12.265999999999998,0.27438260558339295,,,,Binance Futures /futures/data/openInterestHist,5m,83002.9,83255.0,INSIDE_LR,89.40000000000873,-162.6999999999971
2026-09-28 01:24:00,1790576640000,83092.5,83095.3,83050.0,83050.0,44.845,10.914,33.931,-23.016999999999996,0.51325677333036,,,,Binance Futures /futures/data/openInterestHist,5m,83002.9,83255.0,INSIDE_LR,47.10000000000582,-205.0
2026-09-28 01:25:00,1790576700000,83050.0,83067.5,83041.0,83051.6,44.144,13.143,31.000999999999998,-17.857999999999997,0.4045396882928597,95456.173,-19.289000000004307,-0.0202030967915131,Binance Futures /futures/data/openInterestHist,5m,83002.9,83255.0,INSIDE_LR,48.70000000001164,-203.39999999999418
2026-09-28 01:26:00,1790576760000,83051.6,83089.7,83047.5,83081.2,50.909,19.863,31.046,-11.183,0.21966646369011372,,,,Binance Futures /futures/data/openInterestHist,5m,83002.9,83255.0,INSIDE_LR,78.30000000000291,-173.8000000000029
2026-09-28 01:27:00,1790576820000,83081.2,83081.2,83041.0,83041.4,79.412,26.746,52.66600000000001,-25.920000000000012,0.32639903289175454,,,,Binance Futures /futures/data/openInterestHist,5m,83002.9,83255.0,INSIDE_LR,38.5,-213.60000000000582
2026-09-28 01:28:00,1790576880000,83041.3,83057.2,83041.3,83057.1,29.205,13.705,15.499999999999998,-1.7949999999999982,0.06146207841123089,,,,Binance Futures /futures/data/openInterestHist,5m,83002.9,83255.0,INSIDE_LR,54.20000000001164,-197.89999999999418
2026-09-28 01:29:00,1790576940000,83057.1,83057.2,83013.8,83020.4,94.383,10.532,83.851,-73.319,0.7768242162253797,,,,Binance Futures /futures/data/openInterestHist,5m,83002.9,83255.0,INSIDE_LR,17.5,-234.60000000000582
2026-09-28 01:30:00,1790577000000,83020.5,83041.1,83002.9,83040.7,92.505,45.573,46.931999999999995,-1.3589999999999947,0.014691097778498403,95422.12,-34.052999999999884,-0.03567396317051165,Binance Futures /futures/data/openInterestHist,5m,83002.9,83255.0,INSIDE_LR,37.80000000000291,-214.3000000000029
2026-09-28 01:31:00,1790577060000,83040.7,83094.4,83033.6,83094.4,80.349,47.374,32.975,14.399000000000001,0.17920571506801578,,,,Binance Futures /futures/data/openInterestHist,5m,83002.9,83255.0,INSIDE_LR,91.5,-160.60000000000582
2026-09-28 01:32:00,1790577120000,83094.3,83129.2,83075.9,83116.5,79.95,37.697,42.253,-4.555999999999997,0.05698561601000622,,,,Binance Futures /futures/data/openInterestHist,5m,83002.9,83255.0,INSIDE_LR,113.60000000000582,-138.5
2026-09-28 01:33:00,1790577180000,83116.5,83116.5,83055.1,83083.5,84.252,38.926,45.32599999999999,-6.3999999999999915,0.0759625884252005,,,,Binance Futures /futures/data/openInterestHist,5m,83002.9,83255.0,INSIDE_LR,80.60000000000582,-171.5
2026-09-28 01:34:00,1790577240000,83083.5,83110.6,83060.5,83097.1,52.311,26.27,26.041,0.2289999999999992,0.004377664353577626,,,,Binance Futures /futures/data/openInterestHist,5m,83002.9,83255.0,INSIDE_LR,94.20000000001164,-157.89999999999418
2026-09-28 01:35:00,1790577300000,83097.2,83117.0,83080.1,83108.6,39.766,17.787,21.979,-4.192,0.10541668762259217,95490.128,68.00800000000163,0.07127068650329885,Binance Futures /futures/data/openInterestHist,5m,83002.9,83255.0,INSIDE_LR,105.70000000001164,-146.39999999999418
2026-09-28 01:36:00,1790577360000,83108.7,83119.4,83080.3,83080.4,32.388,13.433,18.955,-5.5219999999999985,0.1704952451525256,,,,Binance Futures /futures/data/openInterestHist,5m,83002.9,83255.0,INSIDE_LR,77.5,-174.60000000000582
2026-09-28 01:37:00,1790577420000,83080.3,83080.4,83060.1,83060.2,15.356,3.759,11.597,-7.837999999999999,0.5104193800468871,,,,Binance Futures /futures/data/openInterestHist,5m,83002.9,83255.0,INSIDE_LR,57.30000000000291,-194.8000000000029
2026-09-28 01:38:00,1790577480000,83060.2,83079.6,83059.2,83059.6,27.946,17.746,10.200000000000003,7.545999999999996,0.27002075431188705,,,,Binance Futures /futures/data/openInterestHist,5m,83002.9,83255.0,INSIDE_LR,56.70000000001164,-195.39999999999418
2026-09-28 01:39:00,1790577540000,83059.6,83070.6,83059.6,83070.2,17.874,8.327,9.546999999999999,-1.2199999999999989,0.06825556674499267,,,,Binance Futures /futures/data/openInterestHist,5m,83002.9,83255.0,INSIDE_LR,67.30000000000291,-184.8000000000029
2026-09-28 01:40:00,1790577600000,83070.3,83107.2,83055.0,83082.7,137.027,20.192,116.83499999999998,-96.64299999999997,0.705284360016639,95504.635,14.506999999997788,0.015192146354644942,Binance Futures /futures/data/openInterestHist,5m,83002.9,83255.0,INSIDE_LR,79.80000000000291,-172.3000000000029
2026-09-28 01:41:00,1790577660000,83082.7,83139.7,83082.7,83129.9,48.216,33.312,14.904000000000003,18.407999999999994,0.38178198108511685,,,,Binance Futures /futures/data/openInterestHist,5m,83002.9,83255.0,INSIDE_LR,127.0,-125.10000000000582
2026-09-28 01:42:00,1790577720000,83129.8,83183.3,83129.8,83170.0,58.534,53.021,5.512999999999998,47.508,0.8116308470290772,,,,Binance Futures /futures/data/openInterestHist,5m,83002.9,83255.0,INSIDE_LR,167.10000000000582,-85.0
2026-09-28 01:43:00,1790577780000,83170.0,83183.1,83169.9,83172.8,69.358,54.847,14.511000000000003,40.336,0.5815623287868739,,,,Binance Futures /futures/data/openInterestHist,5m,83002.9,83255.0,INSIDE_LR,169.90000000000873,-82.19999999999709
2026-09-28 01:44:00,1790577840000,83172.8,83184.2,83145.1,83145.1,40.417,19.69,20.727,-1.036999999999999,0.0256575203503476,,,,Binance Futures /futures/data/openInterestHist,5m,83002.9,83255.0,INSIDE_LR,142.20000000001164,-109.89999999999418
2026-09-28 01:45:00,1790577900000,83145.1,83183.5,83132.0,83183.5,51.744,37.724,14.020000000000003,23.703999999999994,0.4581014223871365,95527.238,22.603000000002794,0.023666914176471952,Binance Futures /futures/data/openInterestHist,5m,83002.9,83255.0,INSIDE_LR,180.60000000000582,-71.5
2026-09-28 01:46:00,1790577960000,83183.5,83192.7,83158.3,83158.4,47.186,22.042,25.144,-3.1019999999999968,0.06573983808756828,,,,Binance Futures /futures/data/openInterestHist,5m,83002.9,83255.0,INSIDE_LR,155.5,-96.60000000000582
2026-09-28 01:47:00,1790578020000,83158.3,83161.3,83121.0,83140.4,70.539,43.929,26.61,17.319000000000003,0.2455237528175903,,,,Binance Futures /futures/data/openInterestHist,5m,83002.9,83255.0,INSIDE_LR,137.5,-114.60000000000582
2026-09-28 01:48:00,1790578080000,83140.4,83143.7,83121.2,83142.3,60.731,27.514,33.217,-5.702999999999999,0.09390591296043206,,,,Binance Futures /futures/data/openInterestHist,5m,83002.9,83255.0,INSIDE_LR,139.40000000000873,-112.69999999999709
2026-09-28 01:49:00,1790578140000,83142.4,83143.7,83132.3,83143.7,39.067,12.612,26.455,-13.842999999999998,0.3543399800343,,,,Binance Futures /futures/data/openInterestHist,5m,83002.9,83255.0,INSIDE_LR,140.8000000000029,-111.30000000000291
2026-09-28 01:50:00,1790578200000,83143.7,83143.7,83112.3,83112.3,66.507,9.761,56.74600000000001,-46.985000000000014,0.7064669884373075,95558.842,31.604000000006636,0.03308375774457819,Binance Futures /futures/data/openInterestHist,5m,83002.9,83255.0,INSIDE_LR,109.40000000000873,-142.6999999999971
2026-09-28 01:51:00,1790578260000,83112.3,83112.4,83085.3,83094.6,45.647,10.241,35.406,-25.165,0.5512958135255329,,,,Binance Futures /futures/data/openInterestHist,5m,83002.9,83255.0,INSIDE_LR,91.70000000001164,-160.39999999999418
2026-09-28 01:52:00,1790578320000,83094.6,83123.5,83092.9,83111.6,28.828,17.89,10.937999999999999,6.952000000000002,0.24115443318995428,,,,Binance Futures /futures/data/openInterestHist,5m,83002.9,83255.0,INSIDE_LR,108.70000000001164,-143.39999999999418
2026-09-28 01:53:00,1790578380000,83111.6,83159.1,83103.4,83156.2,40.098,26.035,14.062999999999999,11.972000000000001,0.29856850715746425,,,,Binance Futures /futures/data/openInterestHist,5m,83002.9,83255.0,INSIDE_LR,153.3000000000029,-98.80000000000291
2026-09-28 01:54:00,1790578440000,83156.2,83156.2,83093.0,83093.0,32.089,8.032,24.057,-16.025,0.4993923151235626,,,,Binance Futures /futures/data/openInterestHist,5m,83002.9,83255.0,INSIDE_LR,90.10000000000582,-162.0
2026-09-28 01:55:00,1790578500000,83093.1,83105.4,83087.0,83087.0,23.957,6.571,17.386000000000003,-10.815000000000003,0.4514338189255751,95585.588,26.745999999999185,0.02798903737238589,Binance Futures /futures/data/openInterestHist,5m,83002.9,83255.0,INSIDE_LR,84.10000000000582,-168.0
2026-09-28 01:56:00,1790578560000,83087.1,83097.0,83087.0,83087.3,19.489,12.139,7.350000000000001,4.788999999999998,0.24572835958745948,,,,Binance Futures /futures/data/openInterestHist,5m,83002.9,83255.0,INSIDE_LR,84.40000000000873,-167.6999999999971
2026-09-28 01:57:00,1790578620000,83087.3,83098.0,83082.7,83097.9,20.116,15.464,4.651999999999999,10.812000000000001,0.5374826009146948,,,,Binance Futures /futures/data/openInterestHist,5m,83002.9,83255.0,INSIDE_LR,95.0,-157.10000000000582
2026-09-28 01:58:00,1790578680000,83098.0,83111.0,83090.8,83111.0,18.997,12.791,6.2059999999999995,6.585000000000001,0.34663367900194775,,,,Binance Futures /futures/data/openInterestHist,5m,83002.9,83255.0,INSIDE_LR,108.10000000000582,-144.0
2026-09-28 01:59:00,1790578740000,83111.0,83124.9,83110.9,83124.9,17.682,14.998,2.6839999999999993,12.314,0.6964144327564755,,,,Binance Futures /futures/data/openInterestHist,5m,83002.9,83255.0,INSIDE_LR,122.0,-130.10000000000582
2026-09-28 02:00:00,1790578800000,83124.9,83173.2,83124.8,83163.0,50.192,36.413,13.779000000000003,22.633999999999993,0.45094835830411206,95582.478,-3.110000000000582,-0.00325362857003148,Binance Futures /futures/data/openInterestHist,5m,83002.9,83255.0,INSIDE_LR,160.10000000000582,-92.0
2026-09-28 02:01:00,1790578860000,83163.0,83202.8,83153.4,83202.8,83.461,65.894,17.566999999999993,48.32700000000001,0.5790369154455376,,,,Binance Futures /futures/data/openInterestHist,5m,83002.9,83255.0,INSIDE_LR,199.90000000000873,-52.19999999999709
2026-09-28 02:02:00,1790578920000,83203.2,83225.0,83200.0,83225.0,84.113,54.902,29.211,25.691000000000003,0.30543435616373216,,,,Binance Futures /futures/data/openInterestHist,5m,83002.9,83255.0,INSIDE_LR,222.10000000000582,-30.0
2026-09-28 02:03:00,1790578980000,83225.0,83250.0,83190.4,83199.7,114.931,62.402,52.528999999999996,9.873000000000005,0.08590371614272915,,,,Binance Futures /futures/data/openInterestHist,5m,83002.9,83255.0,INSIDE_LR,196.8000000000029,-55.30000000000291
2026-09-28 02:04:00,1790579040000,83199.8,83223.0,83169.7,83222.9,48.598,25.616,22.982,2.6340000000000003,0.05419976130704968,,,,Binance Futures /futures/data/openInterestHist,5m,83002.9,83255.0,INSIDE_LR,220.0,-32.10000000000582
2026-09-28 02:05:00,1790579100000,83222.9,83222.9,83126.4,83126.4,58.037,15.735,42.302,-26.567,0.4577597050157658,95572.968,-9.510000000009313,-0.009949522338193946,Binance Futures /futures/data/openInterestHist,5m,83002.9,83255.0,INSIDE_LR,123.5,-128.60000000000582
2026-09-28 02:06:00,1790579160000,83126.4,83137.8,83117.0,83117.0,43.059,18.702,24.356999999999996,-5.654999999999994,0.13133142896955327,,,,Binance Futures /futures/data/openInterestHist,5m,83002.9,83255.0,INSIDE_LR,114.10000000000582,-138.0
2026-09-28 02:07:00,1790579220000,83117.0,83128.0,83082.7,83082.7,58.124,17.723,40.401,-22.678000000000004,0.3901658523157388,,,,Binance Futures /futures/data/openInterestHist,5m,83002.9,83255.0,INSIDE_LR,79.80000000000291,-172.3000000000029
2026-09-28 02:08:00,1790579280000,83082.7,83082.8,83077.0,83082.6,35.463,20.842,14.621000000000002,6.2209999999999965,0.17542227109945566,,,,Binance Futures /futures/data/openInterestHist,5m,83002.9,83255.0,INSIDE_LR,79.70000000001164,-172.39999999999418
2026-09-28 02:09:00,1790579340000,83082.7,83104.8,83082.6,83096.5,50.225,35.216,15.009,20.207,0.40232951717272275,,,,Binance Futures /futures/data/openInterestHist,5m,83002.9,83255.0,INSIDE_LR,93.60000000000582,-158.5
2026-09-28 02:10:00,1790579400000,83096.4,83128.0,83080.1,83080.1,26.349,12.198,14.151,-1.9529999999999994,0.07412045997950584,95576.906,3.938000000009197,0.004120411955825414,Binance Futures /futures/data/openInterestHist,5m,83002.9,83255.0,INSIDE_LR,77.20000000001164,-174.89999999999418
2026-09-28 02:11:00,1790579460000,83080.2,83088.0,83080.1,83084.0,18.134,8.576,9.558,-0.9819999999999993,0.05415242086687985,,,,Binance Futures /futures/data/openInterestHist,5m,83002.9,83255.0,INSIDE_LR,81.10000000000582,-171.0
2026-09-28 02:12:00,1790579520000,83084.0,83084.0,83056.7,83065.2,45.838,12.784,33.054,-20.270000000000003,0.442209520485187,,,,Binance Futures /futures/data/openInterestHist,5m,83002.9,83255.0,INSIDE_LR,62.30000000000291,-189.8000000000029
2026-09-28 02:13:00,1790579580000,83065.3,83076.1,83055.2,83055.3,37.496,18.464,19.032000000000004,-0.568000000000005,0.015148282483465034,,,,Binance Futures /futures/data/openInterestHist,5m,83002.9,83255.0,INSIDE_LR,52.40000000000873,-199.6999999999971
2026-09-28 02:14:00,1790579640000,83055.2,83055.3,83020.0,83051.1,94.753,31.734,63.019,-31.284999999999997,0.3301742425041951,,,,Binance Futures /futures/data/openInterestHist,5m,83002.9,83255.0,INSIDE_LR,48.20000000001164,-203.89999999999418
2026-09-28 02:15:00,1790579700000,83051.1,83071.4,83035.2,83071.4,35.004,25.244,9.759999999999998,15.484000000000002,0.44234944577762547,95549.804,-27.101999999998952,-0.028356222370285716,Binance Futures /futures/data/openInterestHist,5m,83002.9,83255.0,INSIDE_LR,68.5,-183.60000000000582
2026-09-28 02:16:00,1790579760000,83071.3,83104.5,83071.0,83089.4,42.297,16.371,25.926,-9.555,0.22590254627987802,,,,Binance Futures /futures/data/openInterestHist,5m,83002.9,83255.0,INSIDE_LR,86.5,-165.60000000000582
2026-09-28 02:17:00,1790579820000,83089.4,83116.8,83085.0,83085.0,28.308,16.483,11.825,4.658000000000001,0.16454712448777736,,,,Binance Futures /futures/data/openInterestHist,5m,83002.9,83255.0,INSIDE_LR,82.10000000000582,-170.0
2026-09-28 02:18:00,1790579880000,83084.9,83100.0,83079.5,83091.3,20.63,11.798,8.831999999999999,2.966000000000001,0.14377120698012608,,,,Binance Futures /futures/data/openInterestHist,5m,83002.9,83255.0,INSIDE_LR,88.40000000000873,-163.6999999999971
2026-09-28 02:19:00,1790579940000,83091.2,83120.8,83091.2,83110.6,21.431,12.787,8.644,4.143000000000001,0.19331809061639682,,,,Binance Futures /futures/data/openInterestHist,5m,83002.9,83255.0,INSIDE_LR,107.70000000001164,-144.39999999999418
2026-09-28 02:20:00,1790580000000,83110.6,83120.8,83093.7,83120.8,34.626,16.09,18.535999999999998,-2.445999999999998,0.07064055911742616,95565.711,15.906999999991967,0.016647862511567232,Binance Futures /futures/data/openInterestHist,5m,83002.9,83255.0,INSIDE_LR,117.90000000000873,-134.1999999999971
2026-09-28 02:21:00,1790580060000,83120.9,83120.9,83080.0,83097.9,36.318,12.73,23.587999999999997,-10.857999999999997,0.29897020761055115,,,,Binance Futures /futures/data/openInterestHist,5m,83002.9,83255.0,INSIDE_LR,95.0,-157.10000000000582
2026-09-28 02:22:00,1790580120000,83097.8,83097.9,83036.9,83036.9,35.027,14.127,20.9,-6.772999999999998,0.1933651183372826,,,,Binance Futures /futures/data/openInterestHist,5m,83002.9,83255.0,INSIDE_LR,34.0,-218.10000000000582
2026-09-28 02:23:00,1790580180000,83036.9,83037.0,82975.6,82975.6,276.119,86.777,189.34200000000004,-102.56500000000004,0.3714521637409958,,,,Binance Futures /futures/data/openInterestHist,5m,83002.9,83255.0,CROSSES_LOWER_BOUNDARY,-27.29999999998836,-279.3999999999942
2026-09-28 02:24:00,1790580240000,82975.6,82977.7,82926.3,82929.9,174.165,55.896,118.26899999999999,-62.37299999999999,0.35812591508052705,,,,Binance Futures /futures/data/openInterestHist,5m,83002.9,83255.0,BELOW_LR,-73.0,-325.1000000000058
2026-09-28 02:25:00,1790580300000,82929.9,83010.3,82929.9,82976.2,78.784,58.667,20.117000000000004,38.55,0.48931255077173025,95515.544,-50.16700000000128,-0.05249476980294876,Binance Futures /futures/data/openInterestHist,5m,83002.9,83255.0,CROSSES_LOWER_BOUNDARY,-26.69999999999709,-278.8000000000029
2026-09-28 02:26:00,1790580360000,82976.3,82976.3,82938.5,82942.3,40.779,15.225,25.554000000000002,-10.329000000000002,0.25329213565805936,,,,Binance Futures /futures/data/openInterestHist,5m,83002.9,83255.0,BELOW_LR,-60.59999999999127,-312.6999999999971
2026-09-28 02:27:00,1790580420000,82942.2,82960.7,82902.0,82902.0,82.42,18.083,64.337,-46.254000000000005,0.561198738170347,,,,Binance Futures /futures/data/openInterestHist,5m,83002.9,83255.0,BELOW_LR,-100.89999999999418,-353.0
2026-09-28 02:28:00,1790580480000,82902.0,82920.3,82901.4,82907.0,81.296,42.801,38.495000000000005,4.305999999999997,0.05296693564259,,,,Binance Futures /futures/data/openInterestHist,5m,83002.9,83255.0,BELOW_LR,-95.89999999999418,-348.0
2026-09-28 02:29:00,1790580540000,82907.0,82924.4,82902.8,82911.1,56.806,18.188,38.617999999999995,-20.429999999999996,0.3596451079111361,,,,Binance Futures /futures/data/openInterestHist,5m,83002.9,83255.0,BELOW_LR,-91.79999999998836,-343.8999999999942
2026-09-28 02:30:00,1790580600000,82911.1,82950.0,82902.9,82950.0,98.356,67.688,30.667999999999992,37.02000000000001,0.3763878156899428,95469.638,-45.905999999988126,-0.04806128728114466,Binance Futures /futures/data/openInterestHist,5m,83002.9,83255.0,BELOW_LR,-52.89999999999418,-305.0
2026-09-28 02:31:00,1790580660000,82950.0,82964.1,82930.0,82935.8,93.642,61.812,31.83,29.982,0.32017684372397004,,,,Binance Futures /futures/data/openInterestHist,5m,83002.9,83255.0,BELOW_LR,-67.09999999999127,-319.1999999999971
2026-09-28 02:32:00,1790580720000,82935.8,82969.0,82913.3,82913.3,83.413,51.473,31.939999999999998,19.533,0.23417213144234114,,,,Binance Futures /futures/data/openInterestHist,5m,83002.9,83255.0,BELOW_LR,-89.59999999999127,-341.6999999999971
2026-09-28 02:33:00,1790580780000,82913.4,82930.0,82908.3,82929.9,75.704,53.192,22.511999999999993,30.680000000000007,0.4052626017119308,,,,Binance Futures /futures/data/openInterestHist,5m,83002.9,83255.0,BELOW_LR,-73.0,-325.1000000000058
2026-09-28 02:34:00,1790580840000,82930.0,82960.0,82888.0,82959.9,139.864,69.082,70.78200000000001,-1.700000000000017,0.012154664531259058,,,,Binance Futures /futures/data/openInterestHist,5m,83002.9,83255.0,BELOW_LR,-43.0,-295.1000000000058
2026-09-28 02:35:00,1790580900000,82960.0,83010.2,82959.9,82988.0,105.239,70.741,34.498000000000005,36.242999999999995,0.3443875369397276,95572.108,102.46999999998661,0.107332553203969,Binance Futures /futures/data/openInterestHist,5m,83002.9,83255.0,CROSSES_LOWER_BOUNDARY,-14.89999999999418,-267.0
2026-09-28 02:36:00,1790580960000,82988.0,83018.4,82980.8,82993.2,95.436,64.25,31.186000000000007,33.06399999999999,0.3464520725931513,,,,Binance Futures /futures/data/openInterestHist,5m,83002.9,83255.0,CROSSES_LOWER_BOUNDARY,-9.69999999999709,-261.8000000000029
2026-09-28 02:37:00,1790581020000,82993.2,83008.0,82966.7,82995.7,80.471,52.163,28.308000000000007,23.85499999999999,0.2964421965677075,,,,Binance Futures /futures/data/openInterestHist,5m,83002.9,83255.0,CROSSES_LOWER_BOUNDARY,-7.19999999999709,-259.3000000000029
2026-09-28 02:38:00,1790581080000,82995.8,82995.8,82911.5,82913.6,84.067,40.526,43.54099999999999,-3.0149999999999864,0.03586425113302469,,,,Binance Futures /futures/data/openInterestHist,5m,83002.9,83255.0,BELOW_LR,-89.29999999998836,-341.3999999999942
2026-09-28 02:39:00,1790581140000,82913.6,82930.0,82878.7,82887.0,126.973,63.918,63.055,0.8629999999999995,0.006796720562639298,,,,Binance Futures /futures/data/openInterestHist,5m,83002.9,83255.0,BELOW_LR,-115.89999999999418,-368.0
2026-09-28 02:40:00,1790581200000,82887.0,82952.9,82880.2,82939.5,140.616,97.032,43.58400000000002,53.44799999999998,0.3800989930022186,95646.962,74.85400000000664,0.07832201420105397,Binance Futures /futures/data/openInterestHist,5m,83002.9,83255.0,BELOW_LR,-63.39999999999418,-315.5
2026-09-28 02:41:00,1790581260000,82939.5,82964.6,82930.0,82940.0,74.051,43.787,30.264000000000003,13.522999999999996,0.18261738531552574,,,,Binance Futures /futures/data/openInterestHist,5m,83002.9,83255.0,BELOW_LR,-62.89999999999418,-315.0
2026-09-28 02:42:00,1790581320000,82940.0,82940.0,82910.6,82910.7,71.337,38.463,32.874,5.588999999999999,0.07834644013625465,,,,Binance Futures /futures/data/openInterestHist,5m,83002.9,83255.0,BELOW_LR,-92.19999999999709,-344.3000000000029
2026-09-28 02:43:00,1790581380000,82910.7,82918.5,82892.8,82899.6,74.775,41.408,33.367000000000004,8.040999999999997,0.10753594115680369,,,,Binance Futures /futures/data/openInterestHist,5m,83002.9,83255.0,BELOW_LR,-103.29999999998836,-355.3999999999942
2026-09-28 02:44:00,1790581440000,82899.5,82905.8,82870.0,82905.7,125.474,50.692,74.78200000000001,-24.09000000000001,0.19199196646317174,,,,Binance Futures /futures/data/openInterestHist,5m,83002.9,83255.0,BELOW_LR,-97.19999999999709,-349.3000000000029
2026-09-28 02:45:00,1790581500000,82905.8,82926.6,82889.2,82908.5,62.979,42.76,20.219,22.540999999999997,0.3579129551120214,95715.981,69.01900000000023,0.07216015914859923,Binance Futures /futures/data/openInterestHist,5m,83002.9,83255.0,BELOW_LR,-94.39999999999418,-346.5
2026-09-28 02:46:00,1790581560000,82908.6,82935.5,82902.0,82916.4,71.35,44.671,26.678999999999995,17.992000000000004,0.25216538192011223,,,,Binance Futures /futures/data/openInterestHist,5m,83002.9,83255.0,BELOW_LR,-86.5,-338.6000000000058
2026-09-28 02:47:00,1790581620000,82916.4,82929.0,82910.5,82928.8,53.282,36.582,16.699999999999996,19.882000000000005,0.37314665365414224,,,,Binance Futures /futures/data/openInterestHist,5m,83002.9,83255.0,BELOW_LR,-74.09999999999127,-326.1999999999971
2026-09-28 02:48:00,1790581680000,82928.8,82996.7,82928.7,82975.8,134.274,97.907,36.367000000000004,61.53999999999999,0.4583165765524226,,,,Binance Futures /futures/data/openInterestHist,5m,83002.9,83255.0,BELOW_LR,-27.09999999999127,-279.1999999999971
2026-09-28 02:49:00,1790581740000,82975.8,82977.1,82922.8,82940.4,68.909,38.824,30.085000000000008,8.73899999999999,0.12681942852167336,,,,Binance Futures /futures/data/openInterestHist,5m,83002.9,83255.0,BELOW_LR,-62.5,-314.6000000000058
2026-09-28 02:50:00,1790581800000,82940.3,82980.0,82920.1,82980.0,86.238,50.504,35.734,14.769999999999996,0.17127020570977985,95755.919,39.937999999994645,0.04172552961662133,Binance Futures /futures/data/openInterestHist,5m,83002.9,83255.0,BELOW_LR,-22.89999999999418,-275.0
2026-09-28 02:51:00,1790581860000,82979.9,83000.0,82979.9,82999.9,76.92,59.085,17.835,41.25,0.5362714508580343,,,,Binance Futures /futures/data/openInterestHist,5m,83002.9,83255.0,BELOW_LR,-3.0,-255.10000000000582
2026-09-28 02:52:00,1790581920000,82999.9,83000.0,82972.5,82975.4,65.022,41.543,23.479000000000006,18.063999999999993,0.2778136630678846,,,,Binance Futures /futures/data/openInterestHist,5m,83002.9,83255.0,BELOW_LR,-27.5,-279.6000000000058
2026-09-28 02:53:00,1790581980000,82975.4,82984.7,82940.3,82972.2,153.753,107.055,46.69799999999998,60.35700000000003,0.392558193986459,,,,Binance Futures /futures/data/openInterestHist,5m,83002.9,83255.0,BELOW_LR,-30.69999999999709,-282.8000000000029
2026-09-28 02:54:00,1790582040000,82972.3,83011.8,82971.7,83011.8,89.755,62.714,27.040999999999997,35.673,0.39744861010528665,,,,Binance Futures /futures/data/openInterestHist,5m,83002.9,83255.0,CROSSES_LOWER_BOUNDARY,8.900000000008731,-243.1999999999971
2026-09-28 02:55:00,1790582100000,83011.7,83088.1,83011.7,83088.1,120.746,98.048,22.697999999999993,75.35000000000001,0.6240372351879152,95882.971,127.0520000000106,0.13268318170494567,Binance Futures /futures/data/openInterestHist,5m,83002.9,83255.0,INSIDE_LR,85.20000000001164,-166.89999999999418
2026-09-28 02:56:00,1790582160000,83088.1,83088.1,83033.2,83033.2,104.7,27.339,77.361,-50.022000000000006,0.4777650429799427,,,,Binance Futures /futures/data/openInterestHist,5m,83002.9,83255.0,INSIDE_LR,30.30000000000291,-221.8000000000029
2026-09-28 02:57:00,1790582220000,83033.2,83033.3,82932.5,82932.6,101.927,23.703,78.224,-54.521,0.5349024301706122,,,,Binance Futures /futures/data/openInterestHist,5m,83002.9,83255.0,CROSSES_LOWER_BOUNDARY,-70.29999999998836,-322.3999999999942
2026-09-28 02:58:00,1790582280000,82932.6,82952.0,82899.0,82950.3,130.434,83.265,47.169,36.096000000000004,0.2767376604259626,,,,Binance Futures /futures/data/openInterestHist,5m,83002.9,83255.0,BELOW_LR,-52.59999999999127,-304.6999999999971
2026-09-28 02:59:00,1790582340000,82950.4,82967.4,82914.3,82914.4,132.315,57.64,74.675,-17.034999999999997,0.12874579601708042,,,,Binance Futures /futures/data/openInterestHist,5m,83002.9,83255.0,BELOW_LR,-88.5,-340.6000000000058
2026-09-28 03:00:00,1790582400000,82914.4,82990.9,82875.9,82990.9,163.55,97.285,66.26500000000001,31.019999999999982,0.1896667685723019,95957.058,74.08699999999953,0.0772681522352906,Binance Futures /futures/data/openInterestHist,5m,83002.9,83255.0,BELOW_LR,-12.0,-264.1000000000058
2026-09-28 03:01:00,1790582460000,82990.9,83054.9,82990.8,83051.7,158.394,113.566,44.828,68.738,0.4339684584012021,,,,Binance Futures /futures/data/openInterestHist,5m,83002.9,83255.0,CROSSES_LOWER_BOUNDARY,48.80000000000291,-203.3000000000029
2026-09-28 03:02:00,1790582520000,83051.6,83113.1,83040.8,83104.0,248.597,115.364,133.233,-17.869,0.07187938712052036,,,,Binance Futures /futures/data/openInterestHist,5m,83002.9,83255.0,INSIDE_LR,101.10000000000582,-151.0
2026-09-28 03:03:00,1790582580000,83104.0,83120.0,83033.1,83033.1,95.722,40.925,54.797,-13.872,0.14491966319132488,,,,Binance Futures /futures/data/openInterestHist,5m,83002.9,83255.0,INSIDE_LR,30.20000000001164,-221.89999999999418
2026-09-28 03:04:00,1790582640000,83033.1,83082.0,83017.1,83062.9,79.327,36.793,42.534,-5.741,0.0723713237611406,,,,Binance Futures /futures/data/openInterestHist,5m,83002.9,83255.0,INSIDE_LR,60.0,-192.10000000000582
2026-09-28 03:05:00,1790582700000,83062.8,83062.8,83000.0,83000.1,92.381,24.499,67.882,-43.38300000000001,0.46960955174765384,96004.677,47.6189999999915,0.049625323027297795,Binance Futures /futures/data/openInterestHist,5m,83002.9,83255.0,CROSSES_LOWER_BOUNDARY,-2.7999999999883585,-254.89999999999418
2026-09-28 03:06:00,1790582760000,83000.0,83002.8,82950.7,82951.5,112.316,43.856,68.46000000000001,-24.604000000000006,0.2190605078528438,,,,Binance Futures /futures/data/openInterestHist,5m,83002.9,83255.0,BELOW_LR,-51.39999999999418,-303.5
2026-09-28 03:07:00,1790582820000,82951.5,82975.0,82901.2,82910.9,108.297,42.126,66.17099999999999,-24.044999999999995,0.2220283110335466,,,,Binance Futures /futures/data/openInterestHist,5m,83002.9,83255.0,BELOW_LR,-92.0,-344.1000000000058
2026-09-28 03:08:00,1790582880000,82911.0,82992.7,82910.9,82965.0,97.356,43.708,53.647999999999996,-9.939999999999998,0.10209951107276385,,,,Binance Futures /futures/data/openInterestHist,5m,83002.9,83255.0,BELOW_LR,-37.89999999999418,-290.0
2026-09-28 03:09:00,1790582940000,82965.0,82983.8,82945.1,82955.5,92.437,30.937,61.5,-30.563,0.33063600073563615,,,,Binance Futures /futures/data/openInterestHist,5m,83002.9,83255.0,BELOW_LR,-47.39999999999418,-299.5
2026-09-28 03:10:00,1790583000000,82955.4,82955.5,82906.0,82944.7,90.969,33.283,57.68599999999999,-24.40299999999999,0.26825621915157905,95896.072,-108.60499999999593,-0.1131246970394952,Binance Futures /futures/data/openInterestHist,5m,83002.9,83255.0,BELOW_LR,-58.19999999999709,-310.3000000000029
2026-09-28 03:11:00,1790583060000,82944.7,82969.0,82937.4,82949.5,85.788,33.756,52.032,-18.275999999999996,0.21303678836200865,,,,Binance Futures /futures/data/openInterestHist,5m,83002.9,83255.0,BELOW_LR,-53.39999999999418,-305.5
2026-09-28 03:12:00,1790583120000,82949.5,82949.5,82913.3,82937.7,106.564,42.848,63.715999999999994,-20.867999999999995,0.19582598250816408,,,,Binance Futures /futures/data/openInterestHist,5m,83002.9,83255.0,BELOW_LR,-65.19999999999709,-317.3000000000029
2026-09-28 03:13:00,1790583180000,82937.6,82963.3,82916.1,82958.6,115.102,52.403,62.699000000000005,-10.296000000000006,0.08945109555003393,,,,Binance Futures /futures/data/openInterestHist,5m,83002.9,83255.0,BELOW_LR,-44.29999999998836,-296.3999999999942
2026-09-28 03:14:00,1790583240000,82958.6,83000.0,82951.1,82990.2,94.303,47.694,46.608999999999995,1.085000000000008,0.01150546642206513,,,,Binance Futures /futures/data/openInterestHist,5m,83002.9,83255.0,BELOW_LR,-12.69999999999709,-264.8000000000029
2026-09-28 03:15:00,1790583300000,82990.2,83001.9,82964.8,82980.8,114.357,45.012,69.345,-24.333,0.2127810278338886,95751.093,-144.97900000000664,-0.1511834603611362,Binance Futures /futures/data/openInterestHist,5m,83002.9,83255.0,BELOW_LR,-22.09999999999127,-274.1999999999971
2026-09-28 03:16:00,1790583360000,82980.7,83015.6,82955.3,83015.6,77.546,38.33,39.21600000000001,-0.8860000000000099,0.01142547649137299,,,,Binance Futures /futures/data/openInterestHist,5m,83002.9,83255.0,CROSSES_LOWER_BOUNDARY,12.700000000011642,-239.39999999999418
2026-09-28 03:17:00,1790583420000,83015.6,83015.6,82955.2,82958.7,93.861,29.7,64.161,-34.461,0.3671492952344424,,,,Binance Futures /futures/data/openInterestHist,5m,83002.9,83255.0,CROSSES_LOWER_BOUNDARY,-44.19999999999709,-296.3000000000029
2026-09-28 03:18:00,1790583480000,82958.7,82979.4,82905.1,82905.2,84.402,28.19,56.212,-28.022000000000002,0.3320063505604133,,,,Binance Futures /futures/data/openInterestHist,5m,83002.9,83255.0,BELOW_LR,-97.69999999999709,-349.8000000000029
2026-09-28 03:19:00,1790583540000,82905.1,82919.8,82890.0,82909.5,103.608,41.479,62.129000000000005,-20.650000000000006,0.19930893367307548,,,,Binance Futures /futures/data/openInterestHist,5m,83002.9,83255.0,BELOW_LR,-93.39999999999418,-345.5
2026-09-28 03:20:00,1790583600000,82909.5,82909.5,82868.8,82875.0,187.803,86.96,100.843,-13.88300000000001,0.07392320676453523,95610.384,-140.708999999988,-0.14695289170222633,Binance Futures /futures/data/openInterestHist,5m,83002.9,83255.0,BELOW_LR,-127.89999999999418,-380.0
2026-09-28 03:21:00,1790583660000,82874.9,82881.8,82855.0,82871.1,90.66,39.333,51.327,-11.994,0.13229649238914626,,,,Binance Futures /futures/data/openInterestHist,5m,83002.9,83255.0,BELOW_LR,-131.79999999998836,-383.8999999999942
2026-09-28 03:22:00,1790583720000,82871.2,82877.2,82855.0,82858.1,86.329,31.636,54.693,-23.057,0.267082903775093,,,,Binance Futures /futures/data/openInterestHist,5m,83002.9,83255.0,BELOW_LR,-144.79999999998836,-396.8999999999942
2026-09-28 03:23:00,1790583780000,82858.1,82860.0,82824.0,82859.6,198.07,57.156,140.914,-83.75799999999998,0.4228707022769727,,,,Binance Futures /futures/data/openInterestHist,5m,83002.9,83255.0,BELOW_LR,-143.29999999998836,-395.3999999999942
2026-09-28 03:24:00,1790583840000,82859.6,82859.6,82775.0,82787.9,360.324,117.925,242.399,-124.474,0.3454502059257779,,,,Binance Futures /futures/data/openInterestHist,5m,83002.9,83255.0,BELOW_LR,-215.0,-467.1000000000058
2026-09-28 03:25:00,1790583900000,82787.9,82828.9,82781.3,82789.9,91.406,51.228,40.178000000000004,11.049999999999997,0.12088921952607046,95490.476,-119.90800000001036,-0.1254131559601417,Binance Futures /futures/data/openInterestHist,5m,83002.9,83255.0,BELOW_LR,-213.0,-465.1000000000058
2026-09-28 03:26:00,1790583960000,82789.9,82892.8,82789.9,82892.8,122.533,85.469,37.06400000000001,48.40499999999999,0.3950364391633273,,,,Binance Futures /futures/data/openInterestHist,5m,83002.9,83255.0,BELOW_LR,-110.09999999999127,-362.1999999999971
2026-09-28 03:27:00,1790584020000,82892.8,82907.4,82811.6,82820.0,124.824,24.892,99.932,-75.04,0.60116644235083,,,,Binance Futures /futures/data/openInterestHist,5m,83002.9,83255.0,BELOW_LR,-182.89999999999418,-435.0
2026-09-28 03:28:00,1790584080000,82819.9,82846.9,82815.1,82816.8,64.453,27.635,36.818,-9.182999999999996,0.14247591268055787,,,,Binance Futures /futures/data/openInterestHist,5m,83002.9,83255.0,BELOW_LR,-186.09999999999127,-438.1999999999971
2026-09-28 03:29:00,1790584140000,82816.9,82816.9,82789.9,82809.7,133.763,61.664,72.099,-10.435000000000002,0.07801110920060107,,,,Binance Futures /futures/data/openInterestHist,5m,83002.9,83255.0,BELOW_LR,-193.1999999999971,-445.3000000000029
2026-09-28 03:30:00,1790584200000,82809.8,82854.1,82809.8,82820.3,80.524,47.386,33.138,14.248000000000005,0.17694103621280619,95540.827,50.35100000000966,0.05272881873581787,Binance Futures /futures/data/openInterestHist,5m,83002.9,83255.0,BELOW_LR,-182.59999999999127,-434.6999999999971
2026-09-28 03:31:00,1790584260000,82820.3,82852.1,82820.2,82851.1,54.672,38.799,15.872999999999998,22.926000000000002,0.41933713784021076,,,,Binance Futures /futures/data/openInterestHist,5m,83002.9,83255.0,BELOW_LR,-151.79999999998836,-403.8999999999942
2026-09-28 03:32:00,1790584320000,82851.2,82885.2,82851.1,82884.0,43.277,32.32,10.957,21.363,0.49363403193382166,,,,Binance Futures /futures/data/openInterestHist,5m,83002.9,83255.0,BELOW_LR,-118.89999999999418,-371.0
2026-09-28 03:33:00,1790584380000,82884.0,82916.3,82874.4,82909.9,77.315,66.596,10.718999999999994,55.87700000000001,0.7227187479790469,,,,Binance Futures /futures/data/openInterestHist,5m,83002.9,83255.0,BELOW_LR,-93.0,-345.1000000000058
2026-09-28 03:34:00,1790584440000,82909.9,82931.7,82889.9,82918.8,110.607,83.369,27.238,56.131,0.5074814433082897,,,,Binance Futures /futures/data/openInterestHist,5m,83002.9,83255.0,BELOW_LR,-84.09999999999127,-336.1999999999971
2026-09-28 03:35:00,1790584500000,82918.8,82934.5,82906.6,82906.7,33.182,14.559,18.623000000000005,-4.064000000000005,0.12247604122717151,95598.9,58.072999999989406,0.06078343868636327,Binance Futures /futures/data/openInterestHist,5m,83002.9,83255.0,BELOW_LR,-96.19999999999709,-348.3000000000029
2026-09-28 03:36:00,1790584560000,82906.6,82906.7,82859.0,82885.7,89.056,23.929,65.127,-41.19799999999999,0.4626077973409989,,,,Binance Futures /futures/data/openInterestHist,5m,83002.9,83255.0,BELOW_LR,-117.19999999999709,-369.3000000000029
2026-09-28 03:37:00,1790584620000,82885.7,82895.6,82812.1,82812.1,63.829,9.172,54.657,-45.485,0.7126071221545066,,,,Binance Futures /futures/data/openInterestHist,5m,83002.9,83255.0,BELOW_LR,-190.79999999998836,-442.8999999999942
2026-09-28 03:38:00,1790584680000,82812.1,82848.8,82725.5,82848.7,276.695,120.909,155.786,-34.876999999999995,0.12604853719799777,,,,Binance Futures /futures/data/openInterestHist,5m,83002.9,83255.0,BELOW_LR,-154.1999999999971,-406.3000000000029
2026-09-28 03:39:00,1790584740000,82848.8,82848.8,82796.3,82845.1,62.922,28.228,34.693999999999996,-6.465999999999994,0.10276214996344672,,,,Binance Futures /futures/data/openInterestHist,5m,83002.9,83255.0,BELOW_LR,-157.79999999998836,-409.8999999999942
2026-09-28 03:40:00,1790584800000,82845.1,82879.8,82821.4,82839.1,83.072,45.49,37.582,7.908000000000001,0.09519453004622497,95630.886,31.986000000004424,0.03345854397906715,Binance Futures /futures/data/openInterestHist,5m,83002.9,83255.0,BELOW_LR,-163.79999999998836,-415.8999999999942
2026-09-28 03:41:00,1790584860000,82839.0,82846.5,82811.2,82846.5,31.257,19.868,11.389000000000003,8.478999999999996,0.2712672361391047,,,,Binance Futures /futures/data/openInterestHist,5m,83002.9,83255.0,BELOW_LR,-156.39999999999418,-408.5
2026-09-28 03:42:00,1790584920000,82846.4,82858.7,82820.1,82855.4,105.76,23.251,82.509,-59.257999999999996,0.5603063540090771,,,,Binance Futures /futures/data/openInterestHist,5m,83002.9,83255.0,BELOW_LR,-147.5,-399.6000000000058
2026-09-28 03:43:00,1790584980000,82855.4,82871.9,82842.1,82850.1,47.357,15.758,31.599,-15.841000000000001,0.33450176320290564,,,,Binance Futures /futures/data/openInterestHist,5m,83002.9,83255.0,BELOW_LR,-152.79999999998836,-404.8999999999942
2026-09-28 03:44:00,1790585040000,82850.1,82888.9,82850.0,82888.8,50.596,42.842,7.753999999999998,35.088,0.6934935568029094,,,,Binance Futures /futures/data/openInterestHist,5m,83002.9,83255.0,BELOW_LR,-114.09999999999127,-366.1999999999971
2026-09-28 03:45:00,1790585100000,82888.9,82893.5,82865.3,82875.7,18.874,9.202,9.671999999999999,-0.46999999999999886,0.024901981561936997,95591.849,-39.036999999996624,-0.04082049391448347,Binance Futures /futures/data/openInterestHist,5m,83002.9,83255.0,BELOW_LR,-127.19999999999709,-379.3000000000029
2026-09-28 03:46:00,1790585160000,82875.6,82931.4,82870.0,82928.2,107.25,91.692,15.558000000000007,76.13399999999999,0.7098741258741258,,,,Binance Futures /futures/data/openInterestHist,5m,83002.9,83255.0,BELOW_LR,-74.69999999999709,-326.8000000000029
2026-09-28 03:47:00,1790585220000,82928.1,82952.8,82928.1,82942.6,41.468,27.142,14.326000000000004,12.815999999999995,0.3090575865727789,,,,Binance Futures /futures/data/openInterestHist,5m,83002.9,83255.0,BELOW_LR,-60.29999999998836,-312.3999999999942
2026-09-28 03:48:00,1790585280000,82942.5,82942.6,82920.0,82921.4,63.72,23.404,40.316,-16.912000000000003,0.2654111738857502,,,,Binance Futures /futures/data/openInterestHist,5m,83002.9,83255.0,BELOW_LR,-81.5,-333.6000000000058
2026-09-28 03:49:00,1790585340000,82921.3,82921.4,82877.8,82884.1,124.899,17.679,107.22,-89.541,0.716907261066942,,,,Binance Futures /futures/data/openInterestHist,5m,83002.9,83255.0,BELOW_LR,-118.79999999998836,-370.8999999999942
2026-09-28 03:50:00,1790585400000,82884.1,82894.8,82884.0,82892.4,69.441,25.12,44.321,-19.200999999999997,0.27650811480249415,95577.807,-14.04200000000128,-0.014689536970878428,Binance Futures /futures/data/openInterestHist,5m,83002.9,83255.0,BELOW_LR,-110.5,-362.6000000000058
2026-09-28 03:51:00,1790585460000,82892.4,82930.1,82892.4,82930.1,102.559,42.524,60.035,-17.510999999999996,0.1707407443520315,,,,Binance Futures /futures/data/openInterestHist,5m,83002.9,83255.0,BELOW_LR,-72.79999999998836,-324.8999999999942
2026-09-28 03:52:00,1790585520000,82930.1,82939.8,82887.4,82939.8,61.712,33.579,28.133000000000003,5.445999999999998,0.08824863883847546,,,,Binance Futures /futures/data/openInterestHist,5m,83002.9,83255.0,BELOW_LR,-63.09999999999127,-315.1999999999971
2026-09-28 03:53:00,1790585580000,82939.7,82975.8,82939.7,82975.8,61.13,54.779,6.350999999999999,48.428000000000004,0.7922133158841813,,,,Binance Futures /futures/data/openInterestHist,5m,83002.9,83255.0,BELOW_LR,-27.09999999999127,-279.1999999999971
2026-09-28 03:54:00,1790585640000,82975.7,82994.7,82955.1,82955.2,76.887,42.631,34.256,8.375,0.10892608633449087,,,,Binance Futures /futures/data/openInterestHist,5m,83002.9,83255.0,BELOW_LR,-47.69999999999709,-299.8000000000029
2026-09-28 03:55:00,1790585700000,82955.2,82971.5,82932.5,82950.0,125.584,61.967,63.617000000000004,-1.6500000000000057,0.013138616384252816,95548.451,-29.355999999999767,-0.030714243108758258,Binance Futures /futures/data/openInterestHist,5m,83002.9,83255.0,BELOW_LR,-52.89999999999418,-305.0
2026-09-28 03:56:00,1790585760000,82950.1,82960.2,82940.6,82948.9,38.908,25.214,13.694000000000003,11.519999999999996,0.29608306774956294,,,,Binance Futures /futures/data/openInterestHist,5m,83002.9,83255.0,BELOW_LR,-54.0,-306.1000000000058
2026-09-28 03:57:00,1790585820000,82948.9,82967.1,82948.9,82967.1,16.523,12.427,4.096,8.331,0.5042062579434727,,,,Binance Futures /futures/data/openInterestHist,5m,83002.9,83255.0,BELOW_LR,-35.79999999998836,-287.8999999999942
2026-09-28 03:58:00,1790585880000,82967.0,82975.3,82920.8,82929.3,37.583,22.903,14.68,8.222999999999999,0.21879573211292339,,,,Binance Futures /futures/data/openInterestHist,5m,83002.9,83255.0,BELOW_LR,-73.59999999999127,-325.6999999999971
2026-09-28 03:59:00,1790585940000,82929.2,82933.4,82929.2,82931.1,14.383,7.651,6.731999999999999,0.9190000000000005,0.06389487589515404,,,,Binance Futures /futures/data/openInterestHist,5m,83002.9,83255.0,BELOW_LR,-71.79999999998836,-323.8999999999942
2026-09-28 04:00:00,1790586000000,82931.0,82979.4,82920.6,82974.5,117.804,92.982,24.822000000000003,68.16,0.5785881633900376,95568.874,20.422999999995227,0.02137449617052947,Binance Futures /futures/data/openInterestHist,5m,83002.9,83255.0,BELOW_LR,-28.39999999999418,-280.5
2026-09-28 04:01:00,1790586060000,82974.5,82974.6,82900.0,82905.7,112.062,66.139,45.923,20.215999999999994,0.18040013563919968,,,,Binance Futures /futures/data/openInterestHist,5m,83002.9,83255.0,BELOW_LR,-97.19999999999709,-349.3000000000029
2026-09-28 04:02:00,1790586120000,82905.7,82905.7,82773.1,82773.1,159.302,40.549,118.75299999999999,-78.20399999999998,0.49091662377120177,,,,Binance Futures /futures/data/openInterestHist,5m,83002.9,83255.0,BELOW_LR,-229.79999999998836,-481.8999999999942
2026-09-28 04:03:00,1790586180000,82773.2,82778.4,82710.0,82726.6,295.543,170.643,124.9,45.742999999999995,0.1547761239481226,,,,Binance Futures /futures/data/openInterestHist,5m,83002.9,83255.0,BELOW_LR,-276.29999999998836,-528.3999999999942
2026-09-28 04:04:00,1790586240000,82726.6,82746.3,82705.7,82741.8,156.499,79.405,77.094,2.311000000000007,0.0147668675199203,,,,Binance Futures /futures/data/openInterestHist,5m,83002.9,83255.0,BELOW_LR,-261.09999999999127,-513.1999999999971
2026-09-28 04:05:00,1790586300000,82741.9,82750.0,82688.0,82735.9,256.376,118.684,137.69199999999998,-19.00799999999998,0.07414110525166155,95653.905,85.03100000000268,0.08897352918482923,Binance Futures /futures/data/openInterestHist,5m,83002.9,83255.0,BELOW_LR,-267.0,-519.1000000000058
2026-09-28 04:06:00,1790586360000,82735.8,82741.1,82685.4,82699.2,215.84,117.617,98.223,19.394000000000005,0.08985359525574502,,,,Binance Futures /futures/data/openInterestHist,5m,83002.9,83255.0,BELOW_LR,-303.6999999999971,-555.8000000000029
2026-09-28 04:07:00,1790586420000,82699.2,82762.5,82672.4,82711.1,174.17,117.366,56.80399999999999,60.56200000000001,0.34771774702876507,,,,Binance Futures /futures/data/openInterestHist,5m,83002.9,83255.0,BELOW_LR,-291.79999999998836,-543.8999999999942
2026-09-28 04:08:00,1790586480000,82711.3,82712.0,82551.6,82619.9,783.169,168.076,615.093,-447.01699999999994,0.5707797423033852,,,,Binance Futures /futures/data/openInterestHist,5m,83002.9,83255.0,BELOW_LR,-383.0,-635.1000000000058
2026-09-28 04:09:00,1790586540000,82620.0,82649.5,82575.9,82603.0,362.099,223.662,138.43699999999998,85.22500000000002,0.2353638093449582,,,,Binance Futures /futures/data/openInterestHist,5m,83002.9,83255.0,BELOW_LR,-399.8999999999942,-652.0
2026-09-28 04:10:00,1790586600000,82603.0,82641.4,82580.1,82641.4,220.473,109.934,110.53900000000002,-0.6050000000000182,0.002744100184603186,95621.404,-32.50100000000384,-0.0339777032626152,Binance Futures /futures/data/openInterestHist,5m,83002.9,83255.0,BELOW_LR,-361.5,-613.6000000000058
2026-09-28 04:11:00,1790586660000,82641.3,82701.7,82636.0,82701.7,122.26,90.227,32.033,58.194,0.4759856044495338,,,,Binance Futures /futures/data/openInterestHist,5m,83002.9,83255.0,BELOW_LR,-301.1999999999971,-553.3000000000029
2026-09-28 04:12:00,1790586720000,82701.7,82730.9,82701.7,82728.0,132.517,101.228,31.289,69.939,0.5277737950602563,,,,Binance Futures /futures/data/openInterestHist,5m,83002.9,83255.0,BELOW_LR,-274.8999999999942,-527.0
2026-09-28 04:13:00,1790586780000,82728.0,82812.3,82727.9,82812.3,87.769,76.744,11.025000000000006,65.719,0.7487723455889892,,,,Binance Futures /futures/data/openInterestHist,5m,83002.9,83255.0,BELOW_LR,-190.59999999999127,-442.6999999999971
2026-09-28 04:14:00,1790586840000,82812.2,82853.1,82812.2,82853.1,83.412,55.716,27.696000000000005,28.019999999999996,0.3359228887929794,,,,Binance Futures /futures/data/openInterestHist,5m,83002.9,83255.0,BELOW_LR,-149.79999999998836,-401.8999999999942
2026-09-28 04:15:00,1790586900000,82853.0,82941.3,82852.9,82921.1,198.967,120.86,78.10700000000001,42.752999999999986,0.21487482848914635,95629.805,8.400999999998021,0.008785689864999285,Binance Futures /futures/data/openInterestHist,5m,83002.9,83255.0,BELOW_LR,-81.79999999998836,-333.8999999999942
2026-09-28 04:16:00,1790586960000,82921.1,82942.6,82812.3,82823.4,141.628,40.456,101.17199999999998,-60.71599999999998,0.4287005394413533,,,,Binance Futures /futures/data/openInterestHist,5m,83002.9,83255.0,BELOW_LR,-179.5,-431.6000000000058
2026-09-28 04:17:00,1790587020000,82823.5,82847.8,82790.4,82820.3,74.117,39.041,35.07600000000001,3.964999999999989,0.053496498778957444,,,,Binance Futures /futures/data/openInterestHist,5m,83002.9,83255.0,BELOW_LR,-182.59999999999127,-434.6999999999971
2026-09-28 04:18:00,1790587080000,82820.3,82857.5,82820.2,82843.5,52.935,34.868,18.067,16.801000000000002,0.31738925096816856,,,,Binance Futures /futures/data/openInterestHist,5m,83002.9,83255.0,BELOW_LR,-159.39999999999418,-411.5
2026-09-28 04:19:00,1790587140000,82843.5,82896.3,82843.4,82896.3,66.234,42.563,23.670999999999992,18.89200000000001,0.28523115016456824,,,,Binance Futures /futures/data/openInterestHist,5m,83002.9,83255.0,BELOW_LR,-106.59999999999127,-358.6999999999971
2026-09-28 04:20:00,1790587200000,82896.3,82918.6,82863.6,82883.3,239.0,126.468,112.532,13.936000000000007,0.058309623430962375,95672.568,42.763000000006286,0.04471723015644159,Binance Futures /futures/data/openInterestHist,5m,83002.9,83255.0,BELOW_LR,-119.59999999999127,-371.6999999999971
2026-09-28 04:21:00,1790587260000,82883.2,82942.6,82883.1,82912.8,68.125,37.991,30.134,7.856999999999999,0.11533211009174311,,,,Binance Futures /futures/data/openInterestHist,5m,83002.9,83255.0,BELOW_LR,-90.09999999999127,-342.1999999999971
2026-09-28 04:22:00,1790587320000,82912.7,82912.8,82883.1,82883.1,49.03,23.662,25.368000000000002,-1.706000000000003,0.03479502345502759,,,,Binance Futures /futures/data/openInterestHist,5m,83002.9,83255.0,BELOW_LR,-119.79999999998836,-371.8999999999942
2026-09-28 04:23:00,1790587380000,82883.1,82900.0,82856.1,82856.2,50.618,29.403,21.215000000000003,8.187999999999995,0.1617606385080405,,,,Binance Futures /futures/data/openInterestHist,5m,83002.9,83255.0,BELOW_LR,-146.6999999999971,-398.8000000000029
2026-09-28 04:24:00,1790587440000,82856.2,82861.7,82822.7,82825.1,26.259,9.144,17.115000000000002,-7.971000000000002,0.3035530675197076,,,,Binance Futures /futures/data/openInterestHist,5m,83002.9,83255.0,BELOW_LR,-177.79999999998836,-429.8999999999942
2026-09-28 04:25:00,1790587500000,82825.1,82835.3,82809.1,82811.9,29.884,9.369,20.515,-11.146,0.37297550528711015,95666.712,-5.855999999999767,-0.006120876780478775,Binance Futures /futures/data/openInterestHist,5m,83002.9,83255.0,BELOW_LR,-191.0,-443.1000000000058
2026-09-28 04:26:00,1790587560000,82812.0,82816.0,82755.7,82756.7,88.964,14.18,74.78399999999999,-60.60399999999999,0.6812193696326603,,,,Binance Futures /futures/data/openInterestHist,5m,83002.9,83255.0,BELOW_LR,-246.1999999999971,-498.3000000000029
2026-09-28 04:27:00,1790587620000,82756.7,82760.6,82730.0,82731.0,73.952,29.416,44.536,-15.120000000000001,0.2044569450454349,,,,Binance Futures /futures/data/openInterestHist,5m,83002.9,83255.0,BELOW_LR,-271.8999999999942,-524.0
2026-09-28 04:28:00,1790587680000,82730.9,82768.4,82729.2,82767.5,105.656,65.5,40.156000000000006,25.343999999999994,0.2398727947300673,,,,Binance Futures /futures/data/openInterestHist,5m,83002.9,83255.0,BELOW_LR,-235.39999999999418,-487.5
2026-09-28 04:29:00,1790587740000,82767.5,82796.6,82750.8,82796.3,120.217,112.523,7.694000000000003,104.829,0.8719981367027957,,,,Binance Futures /futures/data/openInterestHist,5m,83002.9,83255.0,BELOW_LR,-206.59999999999127,-458.6999999999971
2026-09-28 04:30:00,1790587800000,82796.2,82828.5,82775.0,82818.8,57.666,46.568,11.097999999999999,35.47,0.6150938161134811,95708.78,42.0679999999993,0.0439734983261464,Binance Futures /futures/data/openInterestHist,5m,83002.9,83255.0,BELOW_LR,-184.09999999999127,-436.1999999999971
2026-09-28 04:31:00,1790587860000,82818.8,82818.8,82782.7,82792.3,82.013,51.485,30.528000000000006,20.956999999999994,0.25553265945642756,,,,Binance Futures /futures/data/openInterestHist,5m,83002.9,83255.0,BELOW_LR,-210.59999999999127,-462.6999999999971
2026-09-28 04:32:00,1790587920000,82792.3,82818.5,82792.2,82797.0,40.735,21.595,19.14,2.4549999999999983,0.06026758315944515,,,,Binance Futures /futures/data/openInterestHist,5m,83002.9,83255.0,BELOW_LR,-205.89999999999418,-458.0
2026-09-28 04:33:00,1790587980000,82797.0,82797.1,82751.0,82751.1,67.858,9.074,58.784000000000006,-49.71000000000001,0.7325591676736716,,,,Binance Futures /futures/data/openInterestHist,5m,83002.9,83255.0,BELOW_LR,-251.79999999998836,-503.8999999999942
2026-09-28 04:34:00,1790588040000,82751.1,82751.1,82688.1,82692.0,69.374,23.088,46.285999999999994,-23.197999999999993,0.3343904056274684,,,,Binance Futures /futures/data/openInterestHist,5m,83002.9,83255.0,BELOW_LR,-310.8999999999942,-563.0
2026-09-28 04:35:00,1790588100000,82692.0,82704.5,82680.0,82680.1,56.087,27.803,28.284000000000002,-0.48100000000000165,0.008575962344215265,95723.618,14.838000000003376,0.015503279845384485,Binance Futures /futures/data/openInterestHist,5m,83002.9,83255.0,BELOW_LR,-322.79999999998836,-574.8999999999942
2026-09-28 04:36:00,1790588160000,82680.1,82680.1,82619.9,82638.4,128.915,51.535,77.38,-25.845,0.2004809370515456,,,,Binance Futures /futures/data/openInterestHist,5m,83002.9,83255.0,BELOW_LR,-364.5,-616.6000000000058
2026-09-28 04:37:00,1790588220000,82638.3,82647.3,82600.0,82600.0,204.306,61.536,142.77,-81.23400000000001,0.39760946815071513,,,,Binance Futures /futures/data/openInterestHist,5m,83002.9,83255.0,BELOW_LR,-402.8999999999942,-655.0
2026-09-28 04:38:00,1790588280000,82600.1,82613.9,82552.5,82570.0,207.636,63.75,143.886,-80.136,0.3859446338785182,,,,Binance Futures /futures/data/openInterestHist,5m,83002.9,83255.0,BELOW_LR,-432.8999999999942,-685.0
2026-09-28 04:39:00,1790588340000,82569.9,82624.0,82569.9,82594.9,195.254,151.847,43.40699999999998,108.44000000000003,0.5553791471621582,,,,Binance Futures /futures/data/openInterestHist,5m,83002.9,83255.0,BELOW_LR,-408.0,-660.1000000000058
2026-09-28 04:40:00,1790588400000,82594.9,82620.0,82594.9,82620.0,95.744,53.828,41.916,11.912000000000006,0.12441510695187172,95801.836,78.21799999999348,0.08171233143318243,Binance Futures /futures/data/openInterestHist,5m,83002.9,83255.0,BELOW_LR,-382.8999999999942,-635.0
2026-09-28 04:41:00,1790588460000,82620.0,82633.7,82602.8,82633.6,45.812,22.155,23.656999999999996,-1.5019999999999953,0.032786169562559926,,,,Binance Futures /futures/data/openInterestHist,5m,83002.9,83255.0,BELOW_LR,-369.29999999998836,-621.3999999999942
2026-09-28 04:42:00,1790588520000,82633.7,82633.7,82600.0,82632.5,81.534,41.207,40.327000000000005,0.8799999999999955,0.010793043392940313,,,,Binance Futures /futures/data/openInterestHist,5m,83002.9,83255.0,BELOW_LR,-370.3999999999942,-622.5
2026-09-28 04:43:00,1790588580000,82632.5,82643.3,82616.2,82616.2,51.012,33.406,17.606,15.799999999999997,0.30973104367599774,,,,Binance Futures /futures/data/openInterestHist,5m,83002.9,83255.0,BELOW_LR,-386.6999999999971,-638.8000000000029
2026-09-28 04:44:00,1790588640000,82616.2,82621.2,82576.2,82603.5,130.975,55.717,75.258,-19.540999999999997,0.14919641152891772,,,,Binance Futures /futures/data/openInterestHist,5m,83002.9,83255.0,BELOW_LR,-399.3999999999942,-651.5
2026-09-28 04:45:00,1790588700000,82603.6,82639.5,82597.9,82628.5,104.126,56.674,47.452000000000005,9.221999999999994,0.08856577607898117,95845.594,43.75800000000163,0.045675533817537306,Binance Futures /futures/data/openInterestHist,5m,83002.9,83255.0,BELOW_LR,-374.3999999999942,-626.5
2026-09-28 04:46:00,1790588760000,82628.6,82643.9,82613.6,82635.4,60.401,35.387,25.014000000000003,10.372999999999998,0.1717355672919322,,,,Binance Futures /futures/data/openInterestHist,5m,83002.9,83255.0,BELOW_LR,-367.5,-619.6000000000058
2026-09-28 04:47:00,1790588820000,82635.3,82669.0,82635.3,82660.0,42.108,27.393,14.714999999999996,12.678000000000004,0.3010829296095755,,,,Binance Futures /futures/data/openInterestHist,5m,83002.9,83255.0,BELOW_LR,-342.8999999999942,-595.0
2026-09-28 04:48:00,1790588880000,82659.9,82707.3,82659.9,82702.4,86.759,75.449,11.310000000000002,64.139,0.7392777694533131,,,,Binance Futures /futures/data/openInterestHist,5m,83002.9,83255.0,BELOW_LR,-300.5,-552.6000000000058
2026-09-28 04:49:00,1790588940000,82702.5,82735.0,82702.4,82724.9,72.737,51.642,21.09499999999999,30.54700000000001,0.41996507967059427,,,,Binance Futures /futures/data/openInterestHist,5m,83002.9,83255.0,BELOW_LR,-278.0,-530.1000000000058
2026-09-28 04:50:00,1790589000000,82724.8,82752.1,82724.8,82743.8,65.406,44.265,21.141000000000005,23.123999999999995,0.35354554628015766,95895.229,49.63500000000931,0.05178641805903912,Binance Futures /futures/data/openInterestHist,5m,83002.9,83255.0,BELOW_LR,-259.09999999999127,-511.1999999999971
2026-09-28 04:51:00,1790589060000,82743.7,82743.9,82713.5,82713.6,61.123,31.792,29.330999999999996,2.4610000000000056,0.040263076092469374,,,,Binance Futures /futures/data/openInterestHist,5m,83002.9,83255.0,BELOW_LR,-289.29999999998836,-541.3999999999942
2026-09-28 04:52:00,1790589120000,82713.5,82726.4,82679.3,82679.3,30.136,13.918,16.218,-2.3000000000000007,0.07632067958587738,,,,Binance Futures /futures/data/openInterestHist,5m,83002.9,83255.0,BELOW_LR,-323.59999999999127,-575.6999999999971
2026-09-28 04:53:00,1790589180000,82679.4,82679.4,82612.5,82612.5,106.251,5.46,100.79100000000001,-95.33100000000002,0.8972244967106193,,,,Binance Futures /futures/data/openInterestHist,5m,83002.9,83255.0,BELOW_LR,-390.3999999999942,-642.5
2026-09-28 04:54:00,1790589240000,82612.5,82637.1,82584.7,82587.8,78.528,25.185,53.343,-28.158000000000005,0.3585727383863081,,,,Binance Futures /futures/data/openInterestHist,5m,83002.9,83255.0,BELOW_LR,-415.09999999999127,-667.1999999999971
2026-09-28 04:55:00,1790589300000,82587.7,82617.2,82587.7,82609.7,105.626,82.447,23.179000000000002,59.268,0.5611118474617992,95910.564,15.334999999991851,0.015991410792701534,Binance Futures /futures/data/openInterestHist,5m,83002.9,83255.0,BELOW_LR,-393.1999999999971,-645.3000000000029
2026-09-28 04:56:00,1790589360000,82609.7,82609.7,82589.0,82603.1,29.227,17.329,11.898,5.431000000000001,0.1858213295925001,,,,Binance Futures /futures/data/openInterestHist,5m,83002.9,83255.0,BELOW_LR,-399.79999999998836,-651.8999999999942
2026-09-28 04:57:00,1790589420000,82603.2,82637.1,82596.0,82622.9,38.938,23.038,15.900000000000002,7.137999999999998,0.18331706815963833,,,,Binance Futures /futures/data/openInterestHist,5m,83002.9,83255.0,BELOW_LR,-380.0,-632.1000000000058
2026-09-28 04:58:00,1790589480000,82623.0,82623.0,82619.6,82622.6,32.341,18.638,13.703,4.935000000000002,0.152592684208899,,,,Binance Futures /futures/data/openInterestHist,5m,83002.9,83255.0,BELOW_LR,-380.29999999998836,-632.3999999999942
2026-09-28 04:59:00,1790589540000,82622.7,82640.0,82601.2,82640.0,35.326,27.095,8.231000000000002,18.863999999999997,0.5339976221479928,,,,Binance Futures /futures/data/openInterestHist,5m,83002.9,83255.0,BELOW_LR,-362.8999999999942,-615.0
2026-09-28 05:00:00,1790589600000,82640.0,82729.7,82640.0,82716.4,107.686,66.678,41.00800000000001,25.669999999999987,0.2383782478688036,95961.038,50.47400000000198,0.05262611113412072,Binance Futures /futures/data/openInterestHist,5m,83002.9,83255.0,BELOW_LR,-286.5,-538.6000000000058
2026-09-28 05:01:00,1790589660000,82716.3,82721.9,82710.1,82711.6,31.251,15.12,16.131,-1.011000000000001,0.03235096476912742,,,,Binance Futures /futures/data/openInterestHist,5m,83002.9,83255.0,BELOW_LR,-291.29999999998836,-543.3999999999942
2026-09-28 05:02:00,1790589720000,82711.6,82736.0,82711.6,82732.1,45.767,21.615,24.152000000000005,-2.537000000000006,0.055432953875062946,,,,Binance Futures /futures/data/openInterestHist,5m,83002.9,83255.0,BELOW_LR,-270.79999999998836,-522.8999999999942
2026-09-28 05:03:00,1790589780000,82732.1,82784.8,82732.0,82784.8,69.888,58.48,11.408000000000008,47.07199999999999,0.6735347985347984,,,,Binance Futures /futures/data/openInterestHist,5m,83002.9,83255.0,BELOW_LR,-218.09999999999127,-470.1999999999971
2026-09-28 05:04:00,1790589840000,82784.8,82847.7,82780.1,82808.6,253.3,144.506,108.79400000000001,35.71199999999999,0.140986971969996,,,,Binance Futures /futures/data/openInterestHist,5m,83002.9,83255.0,BELOW_LR,-194.29999999998836,-446.3999999999942
2026-09-28 05:05:00,1790589900000,82808.6,82808.7,82765.2,82766.1,63.64,29.184,34.456,-5.272000000000002,0.08284098051539915,95995.166,34.12799999999697,0.035564433973710216,Binance Futures /futures/data/openInterestHist,5m,83002.9,83255.0,BELOW_LR,-236.79999999998836,-488.8999999999942
2026-09-28 05:06:00,1790589960000,82766.0,82780.8,82750.0,82778.0,39.973,15.638,24.335,-8.697000000000001,0.2175718610061792,,,,Binance Futures /futures/data/openInterestHist,5m,83002.9,83255.0,BELOW_LR,-224.89999999999418,-477.0
2026-09-28 05:07:00,1790590020000,82778.0,82778.1,82725.4,82725.4,37.891,7.371,30.519999999999996,-23.148999999999994,0.6109366340291889,,,,Binance Futures /futures/data/openInterestHist,5m,83002.9,83255.0,BELOW_LR,-277.5,-529.6000000000058
2026-09-28 05:08:00,1790590080000,82725.4,82725.5,82680.0,82693.8,57.725,18.219,39.506,-21.287,0.36876569943698567,,,,Binance Futures /futures/data/openInterestHist,5m,83002.9,83255.0,BELOW_LR,-309.09999999999127,-561.1999999999971
2026-09-28 05:09:00,1790590140000,82693.8,82731.9,82693.8,82726.4,32.916,23.067,9.848999999999997,13.218000000000004,0.40156762668611024,,,,Binance Futures /futures/data/openInterestHist,5m,83002.9,83255.0,BELOW_LR,-276.5,-528.6000000000058
2026-09-28 05:10:00,1790590200000,82726.5,82726.5,82676.4,82676.4,30.99,7.913,23.076999999999998,-15.163999999999998,0.4893191352049048,95994.968,-0.19800000000395812,-0.00020626038607398015,Binance Futures /futures/data/openInterestHist,5m,83002.9,83255.0,BELOW_LR,-326.5,-578.6000000000058
2026-09-28 05:11:00,1790590260000,82676.4,82679.3,82642.0,82679.1,48.142,24.793,23.349000000000004,1.4439999999999955,0.029994599310373384,,,,Binance Futures /futures/data/openInterestHist,5m,83002.9,83255.0,BELOW_LR,-323.79999999998836,-575.8999999999942
2026-09-28 05:12:00,1790590320000,82679.1,82727.8,82660.2,82677.9,40.771,29.503,11.268,18.235,0.4472541757621839,,,,Binance Futures /futures/data/openInterestHist,5m,83002.9,83255.0,BELOW_LR,-325.0,-577.1000000000058
2026-09-28 05:13:00,1790590380000,82677.9,82687.3,82656.9,82665.5,33.17,13.35,19.82,-6.470000000000001,0.1950557732891167,,,,Binance Futures /futures/data/openInterestHist,5m,83002.9,83255.0,BELOW_LR,-337.3999999999942,-589.5
2026-09-28 05:14:00,1790590440000,82665.4,82739.2,82650.1,82739.1,93.036,79.43,13.605999999999995,65.82400000000001,0.7075110709832754,,,,Binance Futures /futures/data/openInterestHist,5m,83002.9,83255.0,BELOW_LR,-263.79999999998836,-515.8999999999942
2026-09-28 05:15:00,1790590500000,82739.2,82786.4,82739.1,82786.4,51.849,41.409,10.439999999999998,30.969,0.5972921367818088,96048.577,53.60900000001129,0.05584563557540984,Binance Futures /futures/data/openInterestHist,5m,83002.9,83255.0,BELOW_LR,-216.5,-468.6000000000058
2026-09-28 05:16:00,1790590560000,82786.4,82790.3,82774.1,82783.7,33.735,18.261,15.474,2.786999999999999,0.08261449533125831,,,,Binance Futures /futures/data/openInterestHist,5m,83002.9,83255.0,BELOW_LR,-219.1999999999971,-471.3000000000029
2026-09-28 05:17:00,1790590620000,82783.7,82805.0,82766.5,82766.5,36.677,14.835,21.842,-7.006999999999998,0.1910461597186247,,,,Binance Futures /futures/data/openInterestHist,5m,83002.9,83255.0,BELOW_LR,-236.39999999999418,-488.5
2026-09-28 05:18:00,1790590680000,82766.5,82776.6,82740.8,82746.1,25.425,12.548,12.877,-0.3290000000000006,0.012940019665683406,,,,Binance Futures /futures/data/openInterestHist,5m,83002.9,83255.0,BELOW_LR,-256.79999999998836,-508.8999999999942
2026-09-28 05:19:00,1790590740000,82746.1,82758.7,82720.0,82720.1,27.163,17.957,9.206,8.751000000000001,0.3221661819386666,,,,Binance Futures /futures/data/openInterestHist,5m,83002.9,83255.0,BELOW_LR,-282.79999999998836,-534.8999999999942
2026-09-28 05:20:00,1790590800000,82720.0,82729.8,82702.7,82720.2,28.462,13.84,14.622,-0.782,0.027475230131403277,96046.934,-1.643000000010943,-0.0017105927555917282,Binance Futures /futures/data/openInterestHist,5m,83002.9,83255.0,BELOW_LR,-282.6999999999971,-534.8000000000029
2026-09-28 05:21:00,1790590860000,82720.2,82725.0,82712.5,82720.0,24.43,14.857,9.573,5.283999999999999,0.21629144494474004,,,,Binance Futures /futures/data/openInterestHist,5m,83002.9,83255.0,BELOW_LR,-282.8999999999942,-535.0
2026-09-28 05:22:00,1790590920000,82720.1,82750.0,82720.1,82732.6,21.989,16.05,5.939,10.111,0.45982081950065945,,,,Binance Futures /futures/data/openInterestHist,5m,83002.9,83255.0,BELOW_LR,-270.29999999998836,-522.3999999999942
2026-09-28 05:23:00,1790590980000,82732.6,82738.1,82715.7,82738.1,21.995,16.173,5.822000000000003,10.350999999999996,0.47060695612639214,,,,Binance Futures /futures/data/openInterestHist,5m,83002.9,83255.0,BELOW_LR,-264.79999999998836,-516.8999999999942
2026-09-28 05:24:00,1790591040000,82738.1,82788.0,82738.0,82788.0,34.38,25.112,9.268000000000004,15.843999999999994,0.46084933100639885,,,,Binance Futures /futures/data/openInterestHist,5m,83002.9,83255.0,BELOW_LR,-214.89999999999418,-467.0
2026-09-28 05:25:00,1790591100000,82787.9,82814.2,82787.9,82805.5,52.244,37.223,15.021,22.201999999999998,0.4249674603782252,96043.602,-3.3319999999948777,-0.0034691372865633357,Binance Futures /futures/data/openInterestHist,5m,83002.9,83255.0,BELOW_LR,-197.39999999999418,-449.5
2026-09-28 05:26:00,1790591160000,82805.5,82827.7,82805.4,82818.5,24.443,19.015,5.428000000000001,13.587,0.5558646647301886,,,,Binance Futures /futures/data/openInterestHist,5m,83002.9,83255.0,BELOW_LR,-184.39999999999418,-436.5
2026-09-28 05:27:00,1790591220000,82818.5,82818.5,82757.6,82781.1,45.314,17.027,28.287,-11.259999999999998,0.24848832590369418,,,,Binance Futures /futures/data/openInterestHist,5m,83002.9,83255.0,BELOW_LR,-221.79999999998836,-473.8999999999942
2026-09-28 05:28:00,1790591280000,82781.1,82798.3,82763.9,82780.2,56.004,21.827,34.17699999999999,-12.34999999999999,0.22051996285979558,,,,Binance Futures /futures/data/openInterestHist,5m,83002.9,83255.0,BELOW_LR,-222.6999999999971,-474.8000000000029
2026-09-28 05:29:00,1790591340000,82780.1,82787.7,82770.4,82787.7,15.946,11.57,4.3759999999999994,7.194000000000001,0.4511476232283959,,,,Binance Futures /futures/data/openInterestHist,5m,83002.9,83255.0,BELOW_LR,-215.1999999999971,-467.3000000000029
2026-09-28 05:30:00,1790591400000,82787.8,82796.2,82746.2,82746.2,16.782,4.215,12.567,-8.352,0.4976760815159099,96013.15,-30.452000000004773,-0.03170643266795093,Binance Futures /futures/data/openInterestHist,5m,83002.9,83255.0,BELOW_LR,-256.6999999999971,-508.8000000000029
2026-09-28 05:31:00,1790591460000,82746.2,82800.0,82746.2,82799.9,24.243,22.881,1.3619999999999983,21.519000000000002,0.8876376686053707,,,,Binance Futures /futures/data/openInterestHist,5m,83002.9,83255.0,BELOW_LR,-203.0,-455.1000000000058
2026-09-28 05:32:00,1790591520000,82800.0,82800.0,82751.3,82775.1,24.681,12.627,12.054,0.5730000000000004,0.023216239212349596,,,,Binance Futures /futures/data/openInterestHist,5m,83002.9,83255.0,BELOW_LR,-227.79999999998836,-479.8999999999942
2026-09-28 05:33:00,1790591580000,82775.0,82816.9,82771.6,82816.8,35.182,25.449,9.733,15.716000000000001,0.44670570177931895,,,,Binance Futures /futures/data/openInterestHist,5m,83002.9,83255.0,BELOW_LR,-186.09999999999127,-438.1999999999971
2026-09-28 05:34:00,1790591640000,82816.8,82847.0,82816.7,82841.5,44.492,27.018,17.473999999999997,9.544000000000004,0.21451047379304156,,,,Binance Futures /futures/data/openInterestHist,5m,83002.9,83255.0,BELOW_LR,-161.39999999999418,-413.5
2026-09-28 05:35:00,1790591700000,82841.6,82885.6,82841.5,82885.5,105.832,90.59,15.24199999999999,75.34800000000001,0.7119585758560739,96011.419,-1.7309999999997672,-0.001802878043267789,Binance Futures /futures/data/openInterestHist,5m,83002.9,83255.0,BELOW_LR,-117.39999999999418,-369.5
2026-09-28 05:36:00,1790591760000,82885.5,82889.0,82876.0,82877.7,79.345,53.785,25.560000000000002,28.224999999999994,0.35572499842460137,,,,Binance Futures /futures/data/openInterestHist,5m,83002.9,83255.0,BELOW_LR,-125.19999999999709,-377.3000000000029
2026-09-28 05:37:00,1790591820000,82877.8,82910.8,82870.5,82883.0,81.62,53.452,28.168000000000006,25.283999999999992,0.30977701543739267,,,,Binance Futures /futures/data/openInterestHist,5m,83002.9,83255.0,BELOW_LR,-119.89999999999418,-372.0
2026-09-28 05:38:00,1790591880000,82882.9,82887.4,82872.0,82884.9,35.267,15.541,19.726000000000003,-4.185000000000002,0.11866617517792843,,,,Binance Futures /futures/data/openInterestHist,5m,83002.9,83255.0,BELOW_LR,-118.0,-370.1000000000058
2026-09-28 05:39:00,1790591940000,82885.0,82908.7,82884.9,82908.6,78.695,40.802,37.892999999999994,2.909000000000006,0.03696549971408611,,,,Binance Futures /futures/data/openInterestHist,5m,83002.9,83255.0,BELOW_LR,-94.29999999998836,-346.3999999999942
2026-09-28 05:40:00,1790592000000,82908.7,82930.4,82900.0,82900.0,137.921,83.479,54.44199999999999,29.037000000000006,0.2105335663169496,95932.052,-79.36699999999837,-0.08266412560780752,Binance Futures /futures/data/openInterestHist,5m,83002.9,83255.0,BELOW_LR,-102.89999999999418,-355.0
2026-09-28 05:41:00,1790592060000,82900.1,82933.8,82900.0,82919.1,85.148,60.641,24.506999999999998,36.134,0.42436698454455773,,,,Binance Futures /futures/data/openInterestHist,5m,83002.9,83255.0,BELOW_LR,-83.79999999998836,-335.8999999999942
2026-09-28 05:42:00,1790592120000,82919.1,82926.8,82903.8,82910.7,35.319,18.953,16.366000000000003,2.586999999999996,0.0732466944137715,,,,Binance Futures /futures/data/openInterestHist,5m,83002.9,83255.0,BELOW_LR,-92.19999999999709,-344.3000000000029
2026-09-28 05:43:00,1790592180000,82910.7,82910.7,82904.1,82909.4,46.764,31.535,15.229000000000003,16.305999999999997,0.3486870242066546,,,,Binance Futures /futures/data/openInterestHist,5m,83002.9,83255.0,BELOW_LR,-93.5,-345.6000000000058
2026-09-28 05:44:00,1790592240000,82909.5,82921.1,82909.4,82921.1,33.494,22.354,11.14,11.213999999999999,0.33480623395234965,,,,Binance Futures /futures/data/openInterestHist,5m,83002.9,83255.0,BELOW_LR,-81.79999999998836,-333.8999999999942
2026-09-28 05:45:00,1790592300000,82921.1,82921.1,82878.5,82898.5,128.712,72.063,56.64899999999999,15.414000000000016,0.11975573373112078,95877.037,-55.01499999999942,-0.05734788201966056,Binance Futures /futures/data/openInterestHist,5m,83002.9,83255.0,BELOW_LR,-104.39999999999418,-356.5
2026-09-28 05:46:00,1790592360000,82898.5,82921.1,82870.0,82880.5,97.176,25.32,71.856,-46.535999999999994,0.4788836749814768,,,,Binance Futures /futures/data/openInterestHist,5m,83002.9,83255.0,BELOW_LR,-122.39999999999418,-374.5
2026-09-28 05:47:00,1790592420000,82880.5,82893.4,82863.5,82866.1,34.414,20.287,14.127000000000002,6.159999999999997,0.17899691985819713,,,,Binance Futures /futures/data/openInterestHist,5m,83002.9,83255.0,BELOW_LR,-136.79999999998836,-388.8999999999942
2026-09-28 05:48:00,1790592480000,82866.1,82871.8,82833.4,82842.6,136.613,16.664,119.949,-103.285,0.7560407867479668,,,,Binance Futures /futures/data/openInterestHist,5m,83002.9,83255.0,BELOW_LR,-160.29999999998836,-412.3999999999942
2026-09-28 05:49:00,1790592540000,82842.7,82904.8,82825.1,82868.9,270.212,206.504,63.708,142.796,0.5284591357896763,,,,Binance Futures /futures/data/openInterestHist,5m,83002.9,83255.0,BELOW_LR,-134.0,-386.1000000000058
2026-09-28 05:50:00,1790592600000,82868.8,82899.8,82858.4,82887.6,28.444,18.414,10.029999999999998,8.384000000000004,0.2947546055407117,95919.027,41.99000000000524,0.043795679668328966,Binance Futures /futures/data/openInterestHist,5m,83002.9,83255.0,BELOW_LR,-115.29999999998836,-367.3999999999942
2026-09-28 05:51:00,1790592660000,82887.6,82907.2,82870.8,82873.3,49.256,21.479,27.777,-6.298000000000002,0.12786259541984737,,,,Binance Futures /futures/data/openInterestHist,5m,83002.9,83255.0,BELOW_LR,-129.59999999999127,-381.6999999999971
2026-09-28 05:52:00,1790592720000,82873.2,83024.6,82873.2,83011.9,1185.053,829.905,355.14800000000014,474.75699999999983,0.4006209004998087,,,,Binance Futures /futures/data/openInterestHist,5m,83002.9,83255.0,CROSSES_LOWER_BOUNDARY,9.0,-243.10000000000582
2026-09-28 05:53:00,1790592780000,83012.0,83012.0,82966.5,82966.6,85.751,39.427,46.324000000000005,-6.897000000000006,0.08043054891488152,,,,Binance Futures /futures/data/openInterestHist,5m,83002.9,83255.0,CROSSES_LOWER_BOUNDARY,-36.29999999998836,-288.3999999999942
2026-09-28 05:54:00,1790592840000,82966.6,82977.3,82944.5,82954.7,100.987,53.786,47.20099999999999,6.585000000000008,0.06520641270658607,,,,Binance Futures /futures/data/openInterestHist,5m,83002.9,83255.0,BELOW_LR,-48.19999999999709,-300.3000000000029
2026-09-28 05:55:00,1790592900000,82954.6,82959.7,82938.8,82959.7,47.383,22.947,24.436000000000003,-1.4890000000000043,0.03142477259776722,96316.311,397.28399999999965,0.41418685366772917,Binance Futures /futures/data/openInterestHist,5m,83002.9,83255.0,BELOW_LR,-43.19999999999709,-295.3000000000029
2026-09-28 05:56:00,1790592960000,82959.7,82983.8,82940.1,82955.7,75.093,44.285,30.808000000000007,13.47699999999999,0.17947078955428586,,,,Binance Futures /futures/data/openInterestHist,5m,83002.9,83255.0,BELOW_LR,-47.19999999999709,-299.3000000000029
2026-09-28 05:57:00,1790593020000,82955.7,82982.8,82934.6,82953.6,147.911,58.614,89.297,-30.683,0.20744231328298773,,,,Binance Futures /futures/data/openInterestHist,5m,83002.9,83255.0,BELOW_LR,-49.29999999998836,-301.3999999999942
2026-09-28 05:58:00,1790593080000,82953.5,82953.6,82929.7,82947.1,57.008,19.391,37.617000000000004,-18.226000000000006,0.3197095144541118,,,,Binance Futures /futures/data/openInterestHist,5m,83002.9,83255.0,BELOW_LR,-55.79999999998836,-307.8999999999942
2026-09-28 05:59:00,1790593140000,82947.2,82947.2,82923.0,82928.5,50.694,30.192,20.502000000000002,9.689999999999998,0.1911468812877263,,,,Binance Futures /futures/data/openInterestHist,5m,83002.9,83255.0,BELOW_LR,-74.39999999999418,-326.5
2026-09-28 06:00:00,1790593200000,82928.6,83036.7,82928.6,82988.8,179.657,120.7,58.95700000000001,61.742999999999995,0.34367155190167925,96341.633,25.322000000000116,0.026290458736527102,Binance Futures /futures/data/openInterestHist,5m,83002.9,83255.0,CROSSES_LOWER_BOUNDARY,-14.099999999991269,-266.1999999999971
2026-09-28 06:01:00,1790593260000,82988.8,83024.8,82963.0,82968.2,130.404,70.88,59.524,11.355999999999995,0.08708321830618689,,,,Binance Futures /futures/data/openInterestHist,5m,83002.9,83255.0,CROSSES_LOWER_BOUNDARY,-34.69999999999709,-286.8000000000029
2026-09-28 06:02:00,1790593320000,82968.2,82994.7,82950.0,82994.7,39.993,24.703,15.290000000000003,9.412999999999997,0.23536618908308946,,,,Binance Futures /futures/data/openInterestHist,5m,83002.9,83255.0,BELOW_LR,-8.19999999999709,-260.3000000000029
2026-09-28 06:03:00,1790593380000,82994.7,83020.8,82961.4,82985.6,151.8,119.426,32.37400000000001,87.05199999999999,0.5734650856389986,,,,Binance Futures /futures/data/openInterestHist,5m,83002.9,83255.0,CROSSES_LOWER_BOUNDARY,-17.29999999998836,-269.3999999999942
2026-09-28 06:04:00,1790593440000,82985.5,82989.0,82953.0,82987.5,56.218,30.496,25.722000000000005,4.773999999999994,0.08491942082606983,,,,Binance Futures /futures/data/openInterestHist,5m,83002.9,83255.0,BELOW_LR,-15.39999999999418,-267.5
2026-09-28 06:05:00,1790593500000,82987.6,83007.7,82958.8,82989.1,76.739,35.582,41.157000000000004,-5.575000000000003,0.07264884869492699,96364.922,23.289000000004307,0.024173349853852184,Binance Futures /futures/data/openInterestHist,5m,83002.9,83255.0,CROSSES_LOWER_BOUNDARY,-13.799999999988358,-265.8999999999942
2026-09-28 06:06:00,1790593560000,82988.7,83018.7,82988.6,82996.8,76.348,37.476,38.872,-1.3960000000000008,0.018284696390213243,,,,Binance Futures /futures/data/openInterestHist,5m,83002.9,83255.0,CROSSES_LOWER_BOUNDARY,-6.099999999991269,-258.1999999999971
2026-09-28 06:07:00,1790593620000,82996.7,83011.0,82970.5,82989.8,56.853,32.331,24.522,7.809000000000005,0.1373542293282677,,,,Binance Futures /futures/data/openInterestHist,5m,83002.9,83255.0,CROSSES_LOWER_BOUNDARY,-13.099999999991269,-265.1999999999971
2026-09-28 06:08:00,1790593680000,82989.7,83016.1,82972.4,82993.5,132.979,109.981,22.99800000000002,86.98299999999998,0.6541107994495369,,,,Binance Futures /futures/data/openInterestHist,5m,83002.9,83255.0,CROSSES_LOWER_BOUNDARY,-9.39999999999418,-261.5
2026-09-28 06:09:00,1790593740000,82993.5,83001.7,82985.1,82987.7,49.543,35.819,13.723999999999997,22.095000000000006,0.44597622267525194,,,,Binance Futures /futures/data/openInterestHist,5m,83002.9,83255.0,BELOW_LR,-15.19999999999709,-267.3000000000029
2026-09-28 06:10:00,1790593800000,82987.7,82987.7,82965.3,82976.3,33.607,18.412,15.195,3.2169999999999987,0.09572410509715235,96411.64,46.71799999999348,0.04848029659588525,Binance Futures /futures/data/openInterestHist,5m,83002.9,83255.0,BELOW_LR,-26.59999999999127,-278.6999999999971
2026-09-28 06:11:00,1790593860000,82976.4,82976.4,82955.2,82955.3,31.294,12.492,18.802,-6.309999999999999,0.20163609637630212,,,,Binance Futures /futures/data/openInterestHist,5m,83002.9,83255.0,BELOW_LR,-47.59999999999127,-299.6999999999971
2026-09-28 06:12:00,1790593920000,82955.3,82957.4,82950.3,82950.3,34.6,20.204,14.396,5.808,0.16786127167630058,,,,Binance Futures /futures/data/openInterestHist,5m,83002.9,83255.0,BELOW_LR,-52.59999999999127,-304.6999999999971
2026-09-28 06:13:00,1790593980000,82950.3,82969.3,82938.5,82954.2,62.216,37.148,25.067999999999998,12.080000000000005,0.19416227337019423,,,,Binance Futures /futures/data/openInterestHist,5m,83002.9,83255.0,BELOW_LR,-48.69999999999709,-300.8000000000029
2026-09-28 06:14:00,1790594040000,82954.2,82962.0,82946.2,82958.6,19.612,11.762,7.849999999999998,3.9120000000000026,0.1994697124209669,,,,Binance Futures /futures/data/openInterestHist,5m,83002.9,83255.0,BELOW_LR,-44.29999999998836,-296.3999999999942
2026-09-28 06:15:00,1790594100000,82958.6,82999.0,82948.3,82979.8,82.154,40.529,41.62499999999999,-1.0959999999999894,0.013340798987267685,96402.419,-9.221000000005006,-0.009564197849974346,Binance Futures /futures/data/openInterestHist,5m,83002.9,83255.0,BELOW_LR,-23.09999999999127,-275.1999999999971
2026-09-28 06:16:00,1790594160000,82979.7,83039.7,82946.3,83004.7,228.804,151.218,77.58600000000001,73.63199999999998,0.32181255572455014,,,,Binance Futures /futures/data/openInterestHist,5m,83002.9,83255.0,CROSSES_LOWER_BOUNDARY,1.8000000000029104,-250.3000000000029
2026-09-28 06:17:00,1790594220000,83004.8,83050.0,83000.0,83049.9,92.421,55.144,37.27700000000001,17.86699999999999,0.19332186407851018,,,,Binance Futures /futures/data/openInterestHist,5m,83002.9,83255.0,CROSSES_LOWER_BOUNDARY,47.0,-205.10000000000582
2026-09-28 06:18:00,1790594280000,83049.9,83049.9,82981.7,82981.7,81.44,27.049,54.391,-27.342,0.3357318271119843,,,,Binance Futures /futures/data/openInterestHist,5m,83002.9,83255.0,CROSSES_LOWER_BOUNDARY,-21.19999999999709,-273.3000000000029
2026-09-28 06:19:00,1790594340000,82981.8,82986.5,82951.5,82985.7,46.628,27.887,18.741,9.146,0.1961482371107489,,,,Binance Futures /futures/data/openInterestHist,5m,83002.9,83255.0,BELOW_LR,-17.19999999999709,-269.3000000000029
2026-09-28 06:20:00,1790594400000,82985.8,82993.2,82940.5,82963.1,88.159,44.018,44.141000000000005,-0.12300000000000466,0.0013952063884572722,96383.803,-18.61599999999453,-0.01931071874865975,Binance Futures /futures/data/openInterestHist,5m,83002.9,83255.0,BELOW_LR,-39.79999999998836,-291.8999999999942
2026-09-28 06:21:00,1790594460000,82963.2,82963.2,82948.0,82948.1,21.751,3.143,18.608,-15.465,0.7110017930210105,,,,Binance Futures /futures/data/openInterestHist,5m,83002.9,83255.0,BELOW_LR,-54.79999999998836,-306.8999999999942
2026-09-28 06:22:00,1790594520000,82948.0,82996.9,82948.0,82977.2,40.197,29.983,10.214000000000002,19.769,0.49180287086100943,,,,Binance Futures /futures/data/openInterestHist,5m,83002.9,83255.0,BELOW_LR,-25.69999999999709,-277.8000000000029
2026-09-28 06:23:00,1790594580000,82977.2,83038.2,82977.1,83027.9,44.026,38.607,5.419000000000004,33.187999999999995,0.7538272838777085,,,,Binance Futures /futures/data/openInterestHist,5m,83002.9,83255.0,CROSSES_LOWER_BOUNDARY,25.0,-227.10000000000582
2026-09-28 06:24:00,1790594640000,83027.8,83035.3,82985.2,83011.8,85.309,23.916,61.393,-37.477000000000004,0.4393088654186546,,,,Binance Futures /futures/data/openInterestHist,5m,83002.9,83255.0,CROSSES_LOWER_BOUNDARY,8.900000000008731,-243.1999999999971
2026-09-28 06:25:00,1790594700000,83011.8,83011.8,82961.7,82961.8,19.849,6.53,13.318999999999999,-6.788999999999999,0.3420323441987001,96359.109,-24.694000000003143,-0.025620487292873414,Binance Futures /futures/data/openInterestHist,5m,83002.9,83255.0,CROSSES_LOWER_BOUNDARY,-41.09999999999127,-293.1999999999971
2026-09-28 06:26:00,1790594760000,82961.8,82990.4,82961.7,82990.3,26.922,17.29,9.632000000000001,7.657999999999998,0.2844513780551221,,,,Binance Futures /futures/data/openInterestHist,5m,83002.9,83255.0,BELOW_LR,-12.599999999991269,-264.6999999999971
2026-09-28 06:27:00,1790594820000,82990.4,82994.1,82971.5,82979.5,24.988,17.984,7.003999999999998,10.980000000000004,0.4394109172402755,,,,Binance Futures /futures/data/openInterestHist,5m,83002.9,83255.0,BELOW_LR,-23.39999999999418,-275.5
2026-09-28 06:28:00,1790594880000,82979.4,82994.1,82979.4,82985.1,19.929,8.601,11.327999999999998,-2.7269999999999968,0.13683576697275313,,,,Binance Futures /futures/data/openInterestHist,5m,83002.9,83255.0,BELOW_LR,-17.79999999998836,-269.8999999999942
2026-09-28 06:29:00,1790594940000,82985.1,82994.0,82985.0,82992.1,27.17,4.289,22.881,-18.592,0.6842841369157158,,,,Binance Futures /futures/data/openInterestHist,5m,83002.9,83255.0,BELOW_LR,-10.799999999988358,-262.8999999999942
2026-09-28 06:30:00,1790595000000,82992.0,83005.6,82961.7,82965.0,59.941,31.162,28.779000000000003,2.3829999999999956,0.039755759830499914,96343.272,-15.836999999999534,-0.016435394810468344,Binance Futures /futures/data/openInterestHist,5m,83002.9,83255.0,CROSSES_LOWER_BOUNDARY,-37.89999999999418,-290.0
2026-09-28 06:31:00,1790595060000,82965.0,82995.6,82964.9,82978.1,31.689,17.382,14.306999999999999,3.075000000000003,0.09703682665909315,,,,Binance Futures /futures/data/openInterestHist,5m,83002.9,83255.0,BELOW_LR,-24.79999999998836,-276.8999999999942
2026-09-28 06:32:00,1790595120000,82978.2,82981.8,82957.4,82957.4,32.862,11.737,21.125,-9.388,0.285679508246607,,,,Binance Futures /futures/data/openInterestHist,5m,83002.9,83255.0,BELOW_LR,-45.5,-297.6000000000058
2026-09-28 06:33:00,1790595180000,82957.4,82968.3,82953.1,82968.2,39.533,11.082,28.451,-17.369,0.4393544633597248,,,,Binance Futures /futures/data/openInterestHist,5m,83002.9,83255.0,BELOW_LR,-34.69999999999709,-286.8000000000029
2026-09-28 06:34:00,1790595240000,82968.2,83020.2,82968.2,83020.2,45.328,27.452,17.876,9.576,0.21126014825273562,,,,Binance Futures /futures/data/openInterestHist,5m,83002.9,83255.0,CROSSES_LOWER_BOUNDARY,17.30000000000291,-234.8000000000029
2026-09-28 06:35:00,1790595300000,83020.2,83030.1,83005.0,83005.0,45.352,22.583,22.769,-0.18599999999999994,0.004101252425471863,96370.666,27.394000000000233,0.028433744704041433,Binance Futures /futures/data/openInterestHist,5m,83002.9,83255.0,INSIDE_LR,2.1000000000058208,-250.0
2026-09-28 06:36:00,1790595360000,83005.0,83005.1,82988.3,83000.1,29.641,10.594,19.046999999999997,-8.452999999999998,0.28517931243885153,,,,Binance Futures /futures/data/openInterestHist,5m,83002.9,83255.0,CROSSES_LOWER_BOUNDARY,-2.7999999999883585,-254.89999999999418
2026-09-28 06:37:00,1790595420000,83000.0,83044.4,83000.0,83022.0,37.318,24.951,12.366999999999997,12.584000000000003,0.3372099255051183,,,,Binance Futures /futures/data/openInterestHist,5m,83002.9,83255.0,CROSSES_LOWER_BOUNDARY,19.10000000000582,-233.0
2026-09-28 06:38:00,1790595480000,83022.0,83036.6,83022.0,83032.6,51.434,30.993,20.441,10.552,0.20515612240930126,,,,Binance Futures /futures/data/openInterestHist,5m,83002.9,83255.0,INSIDE_LR,29.70000000001164,-222.39999999999418
2026-09-28 06:39:00,1790595540000,83032.5,83045.7,83024.2,83038.0,41.026,24.936,16.090000000000003,8.845999999999997,0.21561936333057075,,,,Binance Futures /futures/data/openInterestHist,5m,83002.9,83255.0,INSIDE_LR,35.10000000000582,-217.0
2026-09-28 06:40:00,1790595600000,83038.0,83060.0,83024.5,83036.6,102.428,35.769,66.65899999999999,-30.889999999999993,0.30157769359940634,96365.037,-5.629000000000815,-0.005840988999703307,Binance Futures /futures/data/openInterestHist,5m,83002.9,83255.0,INSIDE_LR,33.70000000001164,-218.39999999999418
2026-09-28 06:41:00,1790595660000,83036.6,83050.4,83036.6,83050.4,36.101,24.441,11.66,12.780999999999999,0.3540345142793828,,,,Binance Futures /futures/data/openInterestHist,5m,83002.9,83255.0,INSIDE_LR,47.5,-204.60000000000582
2026-09-28 06:42:00,1790595720000,83050.4,83071.9,83042.9,83046.2,79.449,36.803,42.646,-5.8430000000000035,0.0735440345378797,,,,Binance Futures /futures/data/openInterestHist,5m,83002.9,83255.0,INSIDE_LR,43.30000000000291,-208.8000000000029
2026-09-28 06:43:00,1790595780000,83046.2,83081.6,83030.8,83060.4,109.59,87.801,21.789,66.012,0.6023542294004928,,,,Binance Futures /futures/data/openInterestHist,5m,83002.9,83255.0,INSIDE_LR,57.5,-194.60000000000582
2026-09-28 06:44:00,1790595840000,83060.3,83060.4,83042.7,83045.8,65.332,21.216,44.11599999999999,-22.89999999999999,0.3505173574970917,,,,Binance Futures /futures/data/openInterestHist,5m,83002.9,83255.0,INSIDE_LR,42.90000000000873,-209.1999999999971
2026-09-28 06:45:00,1790595900000,83045.9,83045.9,83023.4,83023.5,23.156,4.353,18.802999999999997,-14.449999999999998,0.6240283295906028,96354.289,-10.747999999992317,-0.011153422791704337,Binance Futures /futures/data/openInterestHist,5m,83002.9,83255.0,INSIDE_LR,20.60000000000582,-231.5
2026-09-28 06:46:00,1790595960000,83023.4,83023.5,83010.3,83013.0,32.41,15.09,17.319999999999997,-2.229999999999997,0.06880592409750068,,,,Binance Futures /futures/data/openInterestHist,5m,83002.9,83255.0,INSIDE_LR,10.10000000000582,-242.0
2026-09-28 06:47:00,1790596020000,83013.1,83017.6,82989.4,82989.4,43.612,14.181,29.431000000000004,-15.250000000000005,0.34967440154086044,,,,Binance Futures /futures/data/openInterestHist,5m,83002.9,83255.0,CROSSES_LOWER_BOUNDARY,-13.5,-265.6000000000058
2026-09-28 06:48:00,1790596080000,82989.5,82989.5,82973.4,82975.7,31.081,6.086,24.994999999999997,-18.909,0.6083781088124578,,,,Binance Futures /futures/data/openInterestHist,5m,83002.9,83255.0,BELOW_LR,-27.19999999999709,-279.3000000000029
2026-09-28 06:49:00,1790596140000,82975.7,82980.6,82969.4,82969.4,41.326,10.06,31.266,-21.205999999999996,0.5131394279630256,,,,Binance Futures /futures/data/openInterestHist,5m,83002.9,83255.0,BELOW_LR,-33.5,-285.6000000000058
2026-09-28 06:50:00,1790596200000,82969.4,82969.5,82955.1,82955.2,53.197,14.957,38.24,-23.283,0.4376750568641089,96314.834,-39.455000000001746,-0.0409478399036308,Binance Futures /futures/data/openInterestHist,5m,83002.9,83255.0,BELOW_LR,-47.69999999999709,-299.8000000000029
2026-09-28 06:51:00,1790596260000,82955.2,82984.4,82955.1,82984.4,41.584,29.381,12.203000000000003,17.177999999999997,0.41309157368218535,,,,Binance Futures /futures/data/openInterestHist,5m,83002.9,83255.0,BELOW_LR,-18.5,-270.6000000000058
2026-09-28 06:52:00,1790596320000,82984.4,83000.0,82962.5,82964.9,61.571,21.565,40.006,-18.441,0.2995078852056975,,,,Binance Futures /futures/data/openInterestHist,5m,83002.9,83255.0,BELOW_LR,-38.0,-290.1000000000058
2026-09-28 06:53:00,1790596380000,82965.0,82974.7,82953.0,82953.1,63.601,8.452,55.149,-46.697,0.7342180154400089,,,,Binance Futures /futures/data/openInterestHist,5m,83002.9,83255.0,BELOW_LR,-49.79999999998836,-301.8999999999942
2026-09-28 06:54:00,1790596440000,82953.0,82953.1,82953.0,82953.0,12.87,1.39,11.479999999999999,-10.089999999999998,0.7839937839937839,,,,Binance Futures /futures/data/openInterestHist,5m,83002.9,83255.0,BELOW_LR,-49.89999999999418,-302.0
2026-09-28 06:55:00,1790596500000,82953.1,82978.3,82953.0,82978.2,26.088,18.643,7.445,11.198,0.4292394970867832,96270.131,-44.703000000008615,-0.04641341125086569,Binance Futures /futures/data/openInterestHist,5m,83002.9,83255.0,BELOW_LR,-24.69999999999709,-276.8000000000029
2026-09-28 06:56:00,1790596560000,82978.2,83036.4,82978.2,83018.9,57.669,20.643,37.025999999999996,-16.382999999999996,0.28408677105550634,,,,Binance Futures /futures/data/openInterestHist,5m,83002.9,83255.0,CROSSES_LOWER_BOUNDARY,16.0,-236.10000000000582
2026-09-28 06:57:00,1790596620000,83018.9,83060.2,83018.8,83054.6,81.747,46.958,34.789,12.168999999999997,0.1488617319290004,,,,Binance Futures /futures/data/openInterestHist,5m,83002.9,83255.0,INSIDE_LR,51.70000000001164,-200.39999999999418
2026-09-28 06:58:00,1790596680000,83054.5,83057.5,83047.2,83047.2,29.784,18.502,11.282,7.219999999999999,0.24241203330647323,,,,Binance Futures /futures/data/openInterestHist,5m,83002.9,83255.0,INSIDE_LR,44.30000000000291,-207.8000000000029
2026-09-28 06:59:00,1790596740000,83047.3,83054.5,83046.2,83054.5,23.625,14.249,9.376,4.873000000000001,0.20626455026455032,,,,Binance Futures /futures/data/openInterestHist,5m,83002.9,83255.0,INSIDE_LR,51.60000000000582,-200.5
2026-09-28 07:00:00,1790596800000,83054.5,83054.5,83000.9,83033.7,94.752,51.65,43.102,8.548000000000002,0.09021445457615673,96244.199,-25.9320000000007,-0.026936703763289466,Binance Futures /futures/data/openInterestHist,5m,83002.9,83255.0,CROSSES_LOWER_BOUNDARY,30.80000000000291,-221.3000000000029
2026-09-28 07:01:00,1790596860000,83033.6,83033.7,82995.2,83020.7,66.273,11.458,54.815,-43.357,0.6542181582243146,,,,Binance Futures /futures/data/openInterestHist,5m,83002.9,83255.0,CROSSES_LOWER_BOUNDARY,17.80000000000291,-234.3000000000029
2026-09-28 07:02:00,1790596920000,83020.7,83023.8,82979.9,83018.1,70.591,14.14,56.45099999999999,-42.31099999999999,0.5993823575243302,,,,Binance Futures /futures/data/openInterestHist,5m,83002.9,83255.0,CROSSES_LOWER_BOUNDARY,15.200000000011642,-236.89999999999418
2026-09-28 07:03:00,1790596980000,83018.1,83027.4,83004.4,83027.3,21.561,11.135,10.426,0.7089999999999996,0.032883446964426494,,,,Binance Futures /futures/data/openInterestHist,5m,83002.9,83255.0,INSIDE_LR,24.40000000000873,-227.6999999999971
2026-09-28 07:04:00,1790597040000,83027.2,83268.4,83027.2,83223.8,876.13,631.894,244.236,387.658,0.44246630066314363,,,,Binance Futures /futures/data/openInterestHist,5m,83002.9,83255.0,CROSSES_UPPER_BOUNDARY,220.90000000000873,-31.19999999999709
2026-09-28 07:05:00,1790597100000,83223.8,83361.4,83210.6,83332.7,726.803,437.248,289.555,147.69299999999998,0.20320912269211874,96311.07,66.87100000001374,0.06948055123822448,Binance Futures /futures/data/openInterestHist,5m,83002.9,83255.0,CROSSES_UPPER_BOUNDARY,329.8000000000029,77.69999999999709
2026-09-28 07:06:00,1790597160000,83332.7,83416.7,83325.7,83361.5,736.335,356.942,379.39300000000003,-22.451000000000022,0.030490198075604203,,,,Binance Futures /futures/data/openInterestHist,5m,83002.9,83255.0,ABOVE_LR,358.6000000000058,106.5
2026-09-28 07:07:00,1790597220000,83361.5,83435.0,83340.7,83423.5,607.571,261.052,346.519,-85.46699999999998,0.1406699793110599,,,,Binance Futures /futures/data/openInterestHist,5m,83002.9,83255.0,ABOVE_LR,420.6000000000058,168.5
2026-09-28 07:08:00,1790597280000,83423.6,83431.6,83325.0,83373.2,354.093,110.135,243.95800000000003,-133.82300000000004,0.37793178628213503,,,,Binance Futures /futures/data/openInterestHist,5m,83002.9,83255.0,ABOVE_LR,370.3000000000029,118.19999999999709
2026-09-28 07:09:00,1790597340000,83373.1,83460.0,83373.1,83441.0,326.273,189.55,136.723,52.827,0.16191042470569122,,,,Binance Futures /futures/data/openInterestHist,5m,83002.9,83255.0,ABOVE_LR,438.1000000000058,186.0
2026-09-28 07:10:00,1790597400000,83441.0,83477.7,83399.6,83404.2,310.241,195.904,114.33699999999999,81.56700000000001,0.2629149596603931,96072.012,-239.05800000000454,-0.24821445759039384,Binance Futures /futures/data/openInterestHist,5m,83002.9,83255.0,ABOVE_LR,401.3000000000029,149.1999999999971
2026-09-28 07:11:00,1790597460000,83404.0,83440.0,83389.2,83389.3,392.029,137.28,254.749,-117.469,0.29964364881169503,,,,Binance Futures /futures/data/openInterestHist,5m,83002.9,83255.0,ABOVE_LR,386.40000000000873,134.3000000000029
2026-09-28 07:12:00,1790597520000,83389.2,83390.8,83317.0,83317.1,422.049,186.703,235.34599999999998,-48.64299999999997,0.11525438989311662,,,,Binance Futures /futures/data/openInterestHist,5m,83002.9,83255.0,ABOVE_LR,314.20000000001164,62.10000000000582
2026-09-28 07:13:00,1790597580000,83317.0,83329.7,83256.6,83297.3,331.025,83.676,247.349,-163.673,0.4944430178989503,,,,Binance Futures /futures/data/openInterestHist,5m,83002.9,83255.0,ABOVE_LR,294.40000000000873,42.30000000000291
2026-09-28 07:14:00,1790597640000,83297.3,83350.0,83277.6,83346.7,179.044,63.988,115.05600000000001,-51.06800000000001,0.28522597797189525,,,,Binance Futures /futures/data/openInterestHist,5m,83002.9,83255.0,ABOVE_LR,343.8000000000029,91.69999999999709
2026-09-28 07:15:00,1790597700000,83346.6,83346.6,83258.5,83258.6,213.0,51.66,161.34,-109.68,0.5149295774647887,95557.76,-514.2520000000077,-0.5352776415258251,Binance Futures /futures/data/openInterestHist,5m,83002.9,83255.0,ABOVE_LR,255.70000000001164,3.6000000000058208
2026-09-28 07:16:00,1790597760000,83258.6,83299.0,83244.1,83290.3,188.53,60.995,127.535,-66.53999999999999,0.3529411764705882,,,,Binance Futures /futures/data/openInterestHist,5m,83002.9,83255.0,CROSSES_UPPER_BOUNDARY,287.40000000000873,35.30000000000291
2026-09-28 07:17:00,1790597820000,83290.3,83322.3,83274.7,83311.4,126.836,53.052,73.78399999999999,-20.731999999999992,0.16345517045633726,,,,Binance Futures /futures/data/openInterestHist,5m,83002.9,83255.0,ABOVE_LR,308.5,56.39999999999418
2026-09-28 07:18:00,1790597880000,83311.3,83391.7,83311.3,83311.3,140.404,100.486,39.91799999999999,60.56800000000001,0.4313837212615026,,,,Binance Futures /futures/data/openInterestHist,5m,83002.9,83255.0,ABOVE_LR,308.40000000000873,56.30000000000291
2026-09-28 07:19:00,1790597940000,83311.4,83391.0,83311.3,83385.1,75.032,49.158,25.873999999999995,23.284000000000006,0.31032092973664577,,,,Binance Futures /futures/data/openInterestHist,5m,83002.9,83255.0,ABOVE_LR,382.20000000001164,130.10000000000582
2026-09-28 07:20:00,1790598000000,83385.1,83437.5,83371.6,83433.2,135.461,81.607,53.85400000000001,27.752999999999986,0.20487815681266183,95499.679,-58.080999999991036,-0.060781039656006,Binance Futures /futures/data/openInterestHist,5m,83002.9,83255.0,ABOVE_LR,430.3000000000029,178.1999999999971
2026-09-28 07:21:00,1790598060000,83433.2,83433.2,83336.7,83340.8,145.239,34.124,111.11500000000001,-76.99100000000001,0.5300986649591364,,,,Binance Futures /futures/data/openInterestHist,5m,83002.9,83255.0,ABOVE_LR,337.90000000000873,85.80000000000291
2026-09-28 07:22:00,1790598120000,83340.7,83340.8,83286.7,83286.8,129.506,46.988,82.518,-35.53,0.2743502231556839,,,,Binance Futures /futures/data/openInterestHist,5m,83002.9,83255.0,ABOVE_LR,283.90000000000873,31.80000000000291
2026-09-28 07:23:00,1790598180000,83286.7,83332.3,83275.2,83332.2,74.129,55.823,18.306000000000004,37.516999999999996,0.5061042237181129,,,,Binance Futures /futures/data/openInterestHist,5m,83002.9,83255.0,ABOVE_LR,329.3000000000029,77.19999999999709
2026-09-28 07:24:00,1790598240000,83332.3,83360.0,83332.3,83353.0,67.985,34.31,33.675,0.6350000000000051,0.009340295653453044,,,,Binance Futures /futures/data/openInterestHist,5m,83002.9,83255.0,ABOVE_LR,350.1000000000058,98.0
2026-09-28 07:25:00,1790598300000,83353.0,83355.5,83241.7,83244.0,111.595,9.576,102.019,-92.44300000000001,0.8283794076795556,95492.995,-6.684000000008382,-0.006998976404945174,Binance Futures /futures/data/openInterestHist,5m,83002.9,83255.0,CROSSES_UPPER_BOUNDARY,241.10000000000582,-11.0
2026-09-28 07:26:00,1790598360000,83244.0,83378.6,83244.0,83334.3,163.763,119.095,44.668000000000006,74.42699999999999,0.45447994968338384,,,,Binance Futures /futures/data/openInterestHist,5m,83002.9,83255.0,CROSSES_UPPER_BOUNDARY,331.40000000000873,79.30000000000291
2026-09-28 07:27:00,1790598420000,83334.5,83354.5,83320.2,83346.9,38.819,21.642,17.177000000000003,4.464999999999996,0.11502099487364424,,,,Binance Futures /futures/data/openInterestHist,5m,83002.9,83255.0,ABOVE_LR,344.0,91.89999999999418
2026-09-28 07:28:00,1790598480000,83346.9,83364.8,83327.1,83327.1,77.129,23.339,53.790000000000006,-30.451000000000008,0.39480610405943295,,,,Binance Futures /futures/data/openInterestHist,5m,83002.9,83255.0,ABOVE_LR,324.20000000001164,72.10000000000582
2026-09-28 07:29:00,1790598540000,83327.0,83340.9,83317.7,83331.1,32.605,18.607,13.997999999999998,4.609000000000002,0.1413586873178961,,,,Binance Futures /futures/data/openInterestHist,5m,83002.9,83255.0,ABOVE_LR,328.20000000001164,76.10000000000582
2026-09-28 07:30:00,1790598600000,83331.1,83346.9,83292.4,83300.1,50.209,18.758,31.451000000000004,-12.693000000000005,0.2528032822800694,95529.415,36.419999999998254,0.038138923174415314,Binance Futures /futures/data/openInterestHist,5m,83002.9,83255.0,ABOVE_LR,297.20000000001164,45.10000000000582
2026-09-28 07:31:00,1790598660000,83300.0,83300.1,83270.8,83270.9,59.519,9.489,50.03,-40.541,0.6811438364219828,,,,Binance Futures /futures/data/openInterestHist,5m,83002.9,83255.0,ABOVE_LR,268.0,15.89999999999418
2026-09-28 07:32:00,1790598720000,83270.8,83290.8,83254.6,83290.7,97.95,54.557,43.393,11.164000000000001,0.11397651863195508,,,,Binance Futures /futures/data/openInterestHist,5m,83002.9,83255.0,CROSSES_UPPER_BOUNDARY,287.8000000000029,35.69999999999709
2026-09-28 07:33:00,1790598780000,83290.7,83326.8,83281.6,83326.6,63.466,44.414,19.052,25.362000000000002,0.39961554218006495,,,,Binance Futures /futures/data/openInterestHist,5m,83002.9,83255.0,ABOVE_LR,323.70000000001164,71.60000000000582
2026-09-28 07:34:00,1790598840000,83326.7,83370.8,83326.6,83370.8,50.632,36.271,14.360999999999997,21.910000000000004,0.4327302891452047,,,,Binance Futures /futures/data/openInterestHist,5m,83002.9,83255.0,ABOVE_LR,367.90000000000873,115.80000000000291
2026-09-28 07:35:00,1790598900000,83370.8,83399.3,83367.7,83395.5,93.434,41.837,51.596999999999994,-9.759999999999991,0.10445876233491011,95534.392,4.977000000013504,0.005209913616673466,Binance Futures /futures/data/openInterestHist,5m,83002.9,83255.0,ABOVE_LR,392.6000000000058,140.5
2026-09-28 07:36:00,1790598960000,83395.5,83395.5,83350.0,83371.5,73.708,28.35,45.358,-17.007999999999996,0.23074835838714924,,,,Binance Futures /futures/data/openInterestHist,5m,83002.9,83255.0,ABOVE_LR,368.6000000000058,116.5
2026-09-28 07:37:00,1790599020000,83371.6,83371.6,83316.6,83316.7,41.225,5.673,35.552,-29.878999999999998,0.724778653729533,,,,Binance Futures /futures/data/openInterestHist,5m,83002.9,83255.0,ABOVE_LR,313.8000000000029,61.69999999999709
2026-09-28 07:38:00,1790599080000,83316.6,83316.7,83276.0,83278.2,81.762,29.231,52.531,-23.299999999999997,0.2849734595533377,,,,Binance Futures /futures/data/openInterestHist,5m,83002.9,83255.0,ABOVE_LR,275.3000000000029,23.19999999999709
2026-09-28 07:39:00,1790599140000,83278.2,83300.5,83278.1,83294.1,40.378,10.883,29.495,-18.612000000000002,0.4609440784585666,,,,Binance Futures /futures/data/openInterestHist,5m,83002.9,83255.0,ABOVE_LR,291.20000000001164,39.10000000000582
2026-09-28 07:40:00,1790599200000,83294.0,83298.0,83232.7,83239.6,151.04,66.909,84.13099999999999,-17.22199999999998,0.11402277542372868,95588.977,54.58499999999185,0.057136491746335547,Binance Futures /futures/data/openInterestHist,5m,83002.9,83255.0,CROSSES_UPPER_BOUNDARY,236.70000000001164,-15.39999999999418
2026-09-28 07:41:00,1790599260000,83239.5,83267.6,83239.5,83251.0,48.002,15.331,32.67100000000001,-17.340000000000007,0.3612349485438108,,,,Binance Futures /futures/data/openInterestHist,5m,83002.9,83255.0,CROSSES_UPPER_BOUNDARY,248.10000000000582,-4.0
2026-09-28 07:42:00,1790599320000,83251.1,83251.1,83232.6,83233.2,55.685,21.354,34.331,-12.977000000000004,0.2330430097871959,,,,Binance Futures /futures/data/openInterestHist,5m,83002.9,83255.0,INSIDE_LR,230.3000000000029,-21.80000000000291
2026-09-28 07:43:00,1790599380000,83233.1,83256.0,83233.1,83253.5,48.976,23.148,25.828,-2.6799999999999997,0.054720679516497873,,,,Binance Futures /futures/data/openInterestHist,5m,83002.9,83255.0,CROSSES_UPPER_BOUNDARY,250.60000000000582,-1.5
2026-09-28 07:44:00,1790599440000,83253.6,83313.0,83253.5,83312.1,38.849,27.247,11.601999999999997,15.645000000000003,0.4027130685474531,,,,Binance Futures /futures/data/openInterestHist,5m,83002.9,83255.0,CROSSES_UPPER_BOUNDARY,309.20000000001164,57.10000000000582
2026-09-28 07:45:00,1790599500000,83312.1,83375.7,83312.0,83375.6,43.903,29.715,14.187999999999999,15.527000000000001,0.35366603648953376,95448.288,-140.6889999999985,-0.14718119642602565,Binance Futures /futures/data/openInterestHist,5m,83002.9,83255.0,ABOVE_LR,372.70000000001164,120.60000000000582
2026-09-28 07:46:00,1790599560000,83375.6,83433.2,83375.6,83414.0,103.106,56.995,46.111,10.884,0.10556126704556476,,,,Binance Futures /futures/data/openInterestHist,5m,83002.9,83255.0,ABOVE_LR,411.1000000000058,159.0
2026-09-28 07:47:00,1790599620000,83414.0,83416.9,83361.9,83363.9,105.437,32.738,72.699,-39.961,0.379003575594905,,,,Binance Futures /futures/data/openInterestHist,5m,83002.9,83255.0,ABOVE_LR,361.0,108.89999999999418
2026-09-28 07:48:00,1790599680000,83363.9,83407.0,83342.4,83395.1,73.381,41.902,31.479,10.423000000000002,0.1420394925116856,,,,Binance Futures /futures/data/openInterestHist,5m,83002.9,83255.0,ABOVE_LR,392.20000000001164,140.10000000000582
2026-09-28 07:49:00,1790599740000,83395.1,83395.1,83371.0,83371.2,36.674,13.753,22.921,-9.168,0.249986366363091,,,,Binance Futures /futures/data/openInterestHist,5m,83002.9,83255.0,ABOVE_LR,368.3000000000029,116.19999999999709
2026-09-28 07:50:00,1790599800000,83371.2,83398.9,83362.8,83383.3,54.597,32.369,22.228,10.140999999999998,0.18574280638130297,95446.672,-1.6159999999945285,-0.0016930633685064403,Binance Futures /futures/data/openInterestHist,5m,83002.9,83255.0,ABOVE_LR,380.40000000000873,128.3000000000029
2026-09-28 07:51:00,1790599860000,83383.3,83400.0,83366.9,83385.8,93.102,44.939,48.163000000000004,-3.2240000000000038,0.03462868681660978,,,,Binance Futures /futures/data/openInterestHist,5m,83002.9,83255.0,ABOVE_LR,382.90000000000873,130.8000000000029
2026-09-28 07:52:00,1790599920000,83385.8,83470.7,83378.5,83454.2,170.444,138.917,31.526999999999987,107.39000000000001,0.6300603130647018,,,,Binance Futures /futures/data/openInterestHist,5m,83002.9,83255.0,ABOVE_LR,451.3000000000029,199.1999999999971
2026-09-28 07:53:00,1790599980000,83454.1,83519.2,83415.6,83506.7,209.132,157.727,51.405,106.322,0.5083966107530172,,,,Binance Futures /futures/data/openInterestHist,5m,83002.9,83255.0,ABOVE_LR,503.8000000000029,251.6999999999971
2026-09-28 07:54:00,1790600040000,83506.8,83561.4,83488.4,83544.0,320.809,198.785,122.02400000000003,76.76099999999997,0.23927321240987617,,,,Binance Futures /futures/data/openInterestHist,5m,83002.9,83255.0,ABOVE_LR,541.1000000000058,289.0
2026-09-28 07:55:00,1790600100000,83544.0,83609.4,83490.0,83508.0,385.141,258.397,126.74400000000003,131.65299999999996,0.341830654227932,95288.8,-157.87200000000303,-0.16540335738474257,Binance Futures /futures/data/openInterestHist,5m,83002.9,83255.0,ABOVE_LR,505.1000000000058,253.0
2026-09-28 07:56:00,1790600160000,83507.9,83511.5,83480.1,83509.0,167.168,55.519,111.649,-56.13,0.33577000382848393,,,,Binance Futures /futures/data/openInterestHist,5m,83002.9,83255.0,ABOVE_LR,506.1000000000058,254.0
2026-09-28 07:57:00,1790600220000,83508.9,83583.7,83484.7,83564.4,118.3,62.697,55.602999999999994,7.094000000000008,0.05996618765849542,,,,Binance Futures /futures/data/openInterestHist,5m,83002.9,83255.0,ABOVE_LR,561.5,309.3999999999942
2026-09-28 07:58:00,1790600280000,83564.5,83572.9,83546.2,83553.6,85.949,45.757,40.192,5.564999999999998,0.06474769921697748,,,,Binance Futures /futures/data/openInterestHist,5m,83002.9,83255.0,ABOVE_LR,550.7000000000116,298.6000000000058
2026-09-28 07:59:00,1790600340000,83553.6,83553.7,83508.7,83546.5,64.108,27.621,36.48700000000001,-8.86600000000001,0.13829787234042568,,,,Binance Futures /futures/data/openInterestHist,5m,83002.9,83255.0,ABOVE_LR,543.6000000000058,291.5
2026-09-28 08:00:00,1790600400000,83546.4,83546.5,83436.9,83441.8,191.129,34.916,156.213,-121.297,0.6346341999382616,95252.548,-36.25200000000768,-0.038044345190628576,Binance Futures /futures/data/openInterestHist,5m,83002.9,83255.0,ABOVE_LR,438.90000000000873,186.8000000000029
2026-09-28 08:01:00,1790600460000,83441.8,83441.8,83405.9,83406.4,78.155,29.682,48.473,-18.791,0.24043247393001088,,,,Binance Futures /futures/data/openInterestHist,5m,83002.9,83255.0,ABOVE_LR,403.5,151.39999999999418
2026-09-28 08:02:00,1790600520000,83406.4,83406.5,83385.0,83385.0,88.151,49.746,38.404999999999994,11.341000000000008,0.12865424101825287,,,,Binance Futures /futures/data/openInterestHist,5m,83002.9,83255.0,ABOVE_LR,382.1000000000058,130.0
2026-09-28 08:03:00,1790600580000,83384.9,83393.9,83364.6,83377.7,100.22,43.436,56.784,-13.347999999999999,0.13318698862502493,,,,Binance Futures /futures/data/openInterestHist,5m,83002.9,83255.0,ABOVE_LR,374.8000000000029,122.69999999999709
2026-09-28 08:04:00,1790600640000,83377.7,83377.8,83356.2,83356.2,72.813,15.479,57.334,-41.855000000000004,0.5748286707044072,,,,Binance Futures /futures/data/openInterestHist,5m,83002.9,83255.0,ABOVE_LR,353.3000000000029,101.19999999999709
2026-09-28 08:05:00,1790600700000,83356.2,83362.6,83347.4,83351.5,49.558,17.419,32.138999999999996,-14.719999999999995,0.29702570725210853,95246.925,-5.622999999992317,-0.0059032541575605064,Binance Futures /futures/data/openInterestHist,5m,83002.9,83255.0,ABOVE_LR,348.6000000000058,96.5
2026-09-28 08:06:00,1790600760000,83351.5,83358.0,83332.2,83342.5,81.459,16.97,64.489,-47.519000000000005,0.5833486784762887,,,,Binance Futures /futures/data/openInterestHist,5m,83002.9,83255.0,ABOVE_LR,339.6000000000058,87.5
2026-09-28 08:07:00,1790600820000,83342.4,83370.1,83342.4,83368.3,46.968,27.859,19.109,8.75,0.18629705331289387,,,,Binance Futures /futures/data/openInterestHist,5m,83002.9,83255.0,ABOVE_LR,365.40000000000873,113.30000000000291
2026-09-28 08:08:00,1790600880000,83368.3,83377.2,83293.0,83303.7,105.561,27.587,77.974,-50.387,0.4773259063479883,,,,Binance Futures /futures/data/openInterestHist,5m,83002.9,83255.0,ABOVE_LR,300.8000000000029,48.69999999999709
2026-09-28 08:09:00,1790600940000,83303.6,83303.7,83294.0,83303.7,34.662,17.868,16.794,1.073999999999998,0.03098494028042231,,,,Binance Futures /futures/data/openInterestHist,5m,83002.9,83255.0,ABOVE_LR,300.8000000000029,48.69999999999709
2026-09-28 08:10:00,1790601000000,83303.7,83303.7,83270.0,83288.4,71.697,39.758,31.939,7.819000000000003,0.10905616692469702,95221.331,-25.593999999997322,-0.026871208703060305,Binance Futures /futures/data/openInterestHist,5m,83002.9,83255.0,ABOVE_LR,285.5,33.39999999999418
2026-09-28 08:11:00,1790601060000,83288.4,83328.4,83288.3,83323.8,63.016,44.134,18.881999999999998,25.252000000000002,0.40072362574584236,,,,Binance Futures /futures/data/openInterestHist,5m,83002.9,83255.0,ABOVE_LR,320.90000000000873,68.80000000000291
2026-09-28 08:12:00,1790601120000,83323.9,83347.0,83320.8,83320.9,22.846,13.108,9.738,3.370000000000001,0.14750941083778346,,,,Binance Futures /futures/data/openInterestHist,5m,83002.9,83255.0,ABOVE_LR,318.0,65.89999999999418
2026-09-28 08:13:00,1790601180000,83320.9,83340.0,83320.8,83335.6,22.43,11.139,11.291,-0.15200000000000102,0.006776638430673251,,,,Binance Futures /futures/data/openInterestHist,5m,83002.9,83255.0,ABOVE_LR,332.70000000001164,80.60000000000582
2026-09-28 08:14:00,1790601240000,83335.7,83373.2,83335.6,83372.9,54.813,29.357,25.456000000000003,3.9009999999999962,0.07116924817105424,,,,Binance Futures /futures/data/openInterestHist,5m,83002.9,83255.0,ABOVE_LR,370.0,117.89999999999418
2026-09-28 08:15:00,1790601300000,83372.9,83373.0,83367.0,83373.0,19.531,9.831,9.7,0.13100000000000023,0.0067072858532589335,95230.002,8.670999999987544,0.009106152905999122,Binance Futures /futures/data/openInterestHist,5m,83002.9,83255.0,ABOVE_LR,370.1000000000058,118.0
2026-09-28 08:16:00,1790601360000,83373.0,83410.0,83368.0,83368.1,75.78,35.431,40.349000000000004,-4.918000000000006,0.06489839007653743,,,,Binance Futures /futures/data/openInterestHist,5m,83002.9,83255.0,ABOVE_LR,365.20000000001164,113.10000000000582
2026-09-28 08:17:00,1790601420000,83368.0,83410.0,83360.2,83365.6,47.694,20.032,27.662000000000003,-7.630000000000003,0.159978194322137,,,,Binance Futures /futures/data/openInterestHist,5m,83002.9,83255.0,ABOVE_LR,362.70000000001164,110.60000000000582
2026-09-28 08:18:00,1790601480000,83365.5,83369.0,83315.0,83334.7,64.537,21.48,43.057,-21.577,0.33433534251669583,,,,Binance Futures /futures/data/openInterestHist,5m,83002.9,83255.0,ABOVE_LR,331.8000000000029,79.69999999999709
2026-09-28 08:19:00,1790601540000,83334.7,83357.8,83323.9,83357.7,31.206,15.439,15.767,-0.3279999999999994,0.010510799205281017,,,,Binance Futures /futures/data/openInterestHist,5m,83002.9,83255.0,ABOVE_LR,354.8000000000029,102.69999999999709
2026-09-28 08:20:00,1790601600000,83357.8,83369.0,83345.7,83364.2,34.357,14.559,19.798000000000002,-5.2390000000000025,0.15248712052856778,95231.713,1.7110000000102445,0.0017967026820079712,Binance Futures /futures/data/openInterestHist,5m,83002.9,83255.0,ABOVE_LR,361.3000000000029,109.19999999999709
2026-09-28 08:21:00,1790601660000,83364.2,83383.6,83351.3,83367.7,36.462,23.438,13.024000000000004,10.413999999999994,0.2856124184082056,,,,Binance Futures /futures/data/openInterestHist,5m,83002.9,83255.0,ABOVE_LR,364.8000000000029,112.69999999999709
2026-09-28 08:22:00,1790601720000,83367.6,83383.7,83351.4,83372.1,36.899,21.498,15.401,6.097000000000001,0.1652348302122009,,,,Binance Futures /futures/data/openInterestHist,5m,83002.9,83255.0,ABOVE_LR,369.20000000001164,117.10000000000582
2026-09-28 08:23:00,1790601780000,83372.0,83382.3,83362.6,83376.2,14.315,7.041,7.273999999999999,-0.23299999999999876,0.016276632902549687,,,,Binance Futures /futures/data/openInterestHist,5m,83002.9,83255.0,ABOVE_LR,373.3000000000029,121.19999999999709
2026-09-28 08:24:00,1790601840000,83376.3,83381.8,83365.1,83369.9,19.225,7.671,11.554000000000002,-3.883000000000002,0.20197659297789344,,,,Binance Futures /futures/data/openInterestHist,5m,83002.9,83255.0,ABOVE_LR,367.0,114.89999999999418
2026-09-28 08:25:00,1790601900000,83369.9,83418.8,83350.1,83418.8,60.209,35.538,24.671000000000006,10.86699999999999,0.18048796691524505,95212.641,-19.072000000000116,-0.020026942075482897,Binance Futures /futures/data/openInterestHist,5m,83002.9,83255.0,ABOVE_LR,415.90000000000873,163.8000000000029
2026-09-28 08:26:00,1790601960000,83418.9,83481.5,83418.9,83454.7,269.365,214.233,55.132000000000005,159.101,0.5906520891726839,,,,Binance Futures /futures/data/openInterestHist,5m,83002.9,83255.0,ABOVE_LR,451.8000000000029,199.6999999999971
2026-09-28 08:27:00,1790602020000,83454.7,83491.2,83452.6,83471.0,58.742,25.676,33.066,-7.390000000000004,0.12580436484968174,,,,Binance Futures /futures/data/openInterestHist,5m,83002.9,83255.0,ABOVE_LR,468.1000000000058,216.0
2026-09-28 08:28:00,1790602080000,83471.1,83496.0,83462.3,83496.0,59.837,37.845,21.992000000000004,15.852999999999994,0.2649364105820812,,,,Binance Futures /futures/data/openInterestHist,5m,83002.9,83255.0,ABOVE_LR,493.1000000000058,241.0
2026-09-28 08:29:00,1790602140000,83496.0,83525.0,83495.9,83524.9,123.02,92.001,31.01899999999999,60.98200000000001,0.4957080149569177,,,,Binance Futures /futures/data/openInterestHist,5m,83002.9,83255.0,ABOVE_LR,522.0,269.8999999999942
2026-09-28 08:30:00,1790602200000,83525.0,83670.0,83472.2,83472.2,676.482,389.702,286.78,102.92200000000003,0.15214299863115358,95150.48,-62.161000000007334,-0.06528649908997623,Binance Futures /futures/data/openInterestHist,5m,83002.9,83255.0,ABOVE_LR,469.3000000000029,217.1999999999971
2026-09-28 08:31:00,1790602260000,83472.2,83544.4,83435.9,83443.6,281.452,147.207,134.245,12.961999999999989,0.04605403408041154,,,,Binance Futures /futures/data/openInterestHist,5m,83002.9,83255.0,ABOVE_LR,440.70000000001164,188.60000000000582
2026-09-28 08:32:00,1790602320000,83443.7,83483.5,83393.7,83419.4,198.617,77.334,121.28299999999999,-43.948999999999984,0.2212751174370773,,,,Binance Futures /futures/data/openInterestHist,5m,83002.9,83255.0,ABOVE_LR,416.5,164.39999999999418
2026-09-28 08:33:00,1790602380000,83419.5,83500.0,83389.2,83475.1,143.226,70.868,72.358,-1.490000000000009,0.010403139094857142,,,,Binance Futures /futures/data/openInterestHist,5m,83002.9,83255.0,ABOVE_LR,472.20000000001164,220.10000000000582
2026-09-28 08:34:00,1790602440000,83475.0,83594.4,83458.8,83549.7,166.753,113.51,53.24299999999998,60.267000000000024,0.36141478714026154,,,,Binance Futures /futures/data/openInterestHist,5m,83002.9,83255.0,ABOVE_LR,546.8000000000029,294.6999999999971
2026-09-28 08:35:00,1790602500000,83549.7,83636.3,83420.3,83420.3,231.014,95.335,135.67900000000003,-40.34400000000004,0.17463876648168525,95212.345,61.86500000000524,0.06501806401817967,Binance Futures /futures/data/openInterestHist,5m,83002.9,83255.0,ABOVE_LR,417.40000000000873,165.3000000000029
2026-09-28 08:36:00,1790602560000,83420.4,83461.9,83349.4,83413.9,200.872,106.381,94.49100000000001,11.889999999999986,0.05919192321478347,,,,Binance Futures /futures/data/openInterestHist,5m,83002.9,83255.0,ABOVE_LR,411.0,158.89999999999418
2026-09-28 08:37:00,1790602620000,83413.8,83588.7,83413.8,83500.0,194.27,96.541,97.72900000000001,-1.1880000000000166,0.006115200494157701,,,,Binance Futures /futures/data/openInterestHist,5m,83002.9,83255.0,ABOVE_LR,497.1000000000058,245.0
2026-09-28 08:38:00,1790602680000,83500.1,83659.6,83500.0,83659.5,156.841,116.105,40.736000000000004,75.369,0.48054399041067064,,,,Binance Futures /futures/data/openInterestHist,5m,83002.9,83255.0,ABOVE_LR,656.6000000000058,404.5
2026-09-28 08:39:00,1790602740000,83659.5,83778.7,83656.9,83687.6,710.958,365.395,345.563,19.831999999999994,0.02789475608967055,,,,Binance Futures /futures/data/openInterestHist,5m,83002.9,83255.0,ABOVE_LR,684.7000000000116,432.6000000000058
2026-09-28 08:40:00,1790602800000,83687.7,83720.6,83624.9,83699.9,220.328,109.869,110.459,-0.5900000000000034,0.0026778257870084757,95102.999,-109.346000000005,-0.11484435132860661,Binance Futures /futures/data/openInterestHist,5m,83002.9,83255.0,ABOVE_LR,697.0,444.8999999999942
2026-09-28 08:41:00,1790602860000,83699.9,83760.0,83648.5,83680.4,226.727,116.576,110.15100000000001,6.424999999999983,0.028338045314408884,,,,Binance Futures /futures/data/openInterestHist,5m,83002.9,83255.0,ABOVE_LR,677.5,425.3999999999942
2026-09-28 08:42:00,1790602920000,83680.3,83793.6,83680.3,83777.1,256.267,195.12,61.14699999999999,133.973,0.5227867809745306,,,,Binance Futures /futures/data/openInterestHist,5m,83002.9,83255.0,ABOVE_LR,774.2000000000116,522.1000000000058
2026-09-28 08:43:00,1790602980000,83777.1,83783.1,83706.8,83741.6,211.206,95.336,115.86999999999999,-20.533999999999992,0.09722261678172019,,,,Binance Futures /futures/data/openInterestHist,5m,83002.9,83255.0,ABOVE_LR,738.7000000000116,486.6000000000058
2026-09-28 08:44:00,1790603040000,83741.6,83741.7,83650.2,83710.7,292.119,166.971,125.14800000000002,41.82299999999998,0.14317110492641688,,,,Binance Futures /futures/data/openInterestHist,5m,83002.9,83255.0,ABOVE_LR,707.8000000000029,455.6999999999971
2026-09-28 08:45:00,1790603100000,83710.7,83749.5,83684.4,83714.6,138.248,49.3,88.948,-39.647999999999996,0.2867889589722817,95084.149,-18.84999999999127,-0.019820615751550873,Binance Futures /futures/data/openInterestHist,5m,83002.9,83255.0,ABOVE_LR,711.7000000000116,459.6000000000058
2026-09-28 08:46:00,1790603160000,83714.6,83750.0,83645.0,83740.8,163.46,69.911,93.549,-23.638000000000005,0.1446103022146091,,,,Binance Futures /futures/data/openInterestHist,5m,83002.9,83255.0,ABOVE_LR,737.9000000000087,485.8000000000029
2026-09-28 08:47:00,1790603220000,83740.8,83794.9,83690.5,83740.6,206.961,107.18,99.781,7.399000000000001,0.03575069699122057,,,,Binance Futures /futures/data/openInterestHist,5m,83002.9,83255.0,ABOVE_LR,737.7000000000116,485.6000000000058
2026-09-28 08:48:00,1790603280000,83740.6,83777.4,83710.2,83710.3,145.944,72.163,73.78099999999999,-1.617999999999995,0.011086444115551137,,,,Binance Futures /futures/data/openInterestHist,5m,83002.9,83255.0,ABOVE_LR,707.4000000000087,455.3000000000029
2026-09-28 08:49:00,1790603340000,83710.3,83710.3,83556.5,83556.6,314.191,48.576,265.61499999999995,-217.03899999999996,0.6907868143899729,,,,Binance Futures /futures/data/openInterestHist,5m,83002.9,83255.0,ABOVE_LR,553.7000000000116,301.6000000000058
2026-09-28 08:50:00,1790603400000,83556.6,83570.4,83442.1,83502.0,249.746,72.078,177.668,-105.59,0.42278955418705405,95123.587,39.437999999994645,0.04147694480601035,Binance Futures /futures/data/openInterestHist,5m,83002.9,83255.0,ABOVE_LR,499.1000000000058,247.0
2026-09-28 08:51:00,1790603460000,83502.1,83512.6,83440.4,83458.7,173.524,80.084,93.44,-13.355999999999995,0.07696918005578476,,,,Binance Futures /futures/data/openInterestHist,5m,83002.9,83255.0,ABOVE_LR,455.8000000000029,203.6999999999971
2026-09-28 08:52:00,1790603520000,83458.7,83555.3,83440.2,83532.4,134.287,89.642,44.64500000000001,44.996999999999986,0.3350808343324371,,,,Binance Futures /futures/data/openInterestHist,5m,83002.9,83255.0,ABOVE_LR,529.5,277.3999999999942
2026-09-28 08:53:00,1790603580000,83532.4,83661.6,83532.3,83635.0,96.887,69.249,27.638000000000005,41.61099999999999,0.42947970315935047,,,,Binance Futures /futures/data/openInterestHist,5m,83002.9,83255.0,ABOVE_LR,632.1000000000058,380.0
2026-09-28 08:54:00,1790603640000,83635.0,83739.6,83635.0,83734.5,151.894,87.015,64.879,22.135999999999996,0.14573320868500397,,,,Binance Futures /futures/data/openInterestHist,5m,83002.9,83255.0,ABOVE_LR,731.6000000000058,479.5
2026-09-28 08:55:00,1790603700000,83734.4,83771.7,83666.0,83666.1,201.82,95.969,105.851,-9.882000000000005,0.048964423743930265,95132.827,9.240000000005239,0.009713679110949884,Binance Futures /futures/data/openInterestHist,5m,83002.9,83255.0,ABOVE_LR,663.2000000000116,411.1000000000058
2026-09-28 08:56:00,1790603760000,83666.0,83666.0,83591.7,83623.7,118.539,29.562,88.977,-59.415000000000006,0.5012274441323109,,,,Binance Futures /futures/data/openInterestHist,5m,83002.9,83255.0,ABOVE_LR,620.8000000000029,368.6999999999971
2026-09-28 08:57:00,1790603820000,83623.7,83646.1,83616.0,83623.0,54.228,24.661,29.567,-4.905999999999999,0.09046986796488896,,,,Binance Futures /futures/data/openInterestHist,5m,83002.9,83255.0,ABOVE_LR,620.1000000000058,368.0
2026-09-28 08:58:00,1790603880000,83623.0,83638.4,83590.1,83596.6,41.082,14.876,26.206000000000003,-11.330000000000004,0.27578988364733953,,,,Binance Futures /futures/data/openInterestHist,5m,83002.9,83255.0,ABOVE_LR,593.7000000000116,341.6000000000058
2026-09-28 08:59:00,1790603940000,83596.6,83637.9,83579.8,83609.1,60.871,19.38,41.491,-22.111,0.36324358068702667,,,,Binance Futures /futures/data/openInterestHist,5m,83002.9,83255.0,ABOVE_LR,606.2000000000116,354.1000000000058
2026-09-28 09:00:00,1790604000000,83609.1,83609.1,83465.0,83476.2,191.916,46.789,145.127,-98.33800000000001,0.5124012588840952,95190.571,57.7439999999915,0.06069829082235883,Binance Futures /futures/data/openInterestHist,5m,83002.9,83255.0,ABOVE_LR,473.3000000000029,221.1999999999971
2026-09-28 09:01:00,1790604060000,83476.2,83486.5,83396.4,83402.4,161.272,31.736,129.536,-97.8,0.6064288903219406,,,,Binance Futures /futures/data/openInterestHist,5m,83002.9,83255.0,ABOVE_LR,399.5,147.39999999999418
2026-09-28 09:02:00,1790604120000,83402.5,83505.4,83402.5,83475.6,141.407,92.271,49.13600000000001,43.13499999999999,0.3050414760231105,,,,Binance Futures /futures/data/openInterestHist,5m,83002.9,83255.0,ABOVE_LR,472.70000000001164,220.60000000000582
2026-09-28 09:03:00,1790604180000,83475.7,83483.6,83402.0,83422.3,93.807,33.776,60.031,-26.254999999999995,0.2798831643693967,,,,Binance Futures /futures/data/openInterestHist,5m,83002.9,83255.0,ABOVE_LR,419.40000000000873,167.3000000000029
2026-09-28 09:04:00,1790604240000,83422.3,83422.3,83354.0,83366.2,125.873,31.011,94.86200000000001,-63.85100000000001,0.5072652594281538,,,,Binance Futures /futures/data/openInterestHist,5m,83002.9,83255.0,ABOVE_LR,363.3000000000029,111.19999999999709
2026-09-28 09:05:00,1790604300000,83366.2,83412.5,83330.0,83336.9,223.619,113.712,109.907,3.805000000000007,0.0170155487682174,95246.525,55.953999999997905,0.058781031999480184,Binance Futures /futures/data/openInterestHist,5m,83002.9,83255.0,ABOVE_LR,334.0,81.89999999999418
2026-09-28 09:06:00,1790604360000,83336.9,83449.9,83283.6,83449.9,192.35,76.419,115.931,-39.512,0.20541720821419288,,,,Binance Futures /futures/data/openInterestHist,5m,83002.9,83255.0,ABOVE_LR,447.0,194.89999999999418
2026-09-28 09:07:00,1790604420000,83450.0,83487.8,83411.8,83487.8,113.77,59.562,54.208,5.353999999999999,0.04705985760745363,,,,Binance Futures /futures/data/openInterestHist,5m,83002.9,83255.0,ABOVE_LR,484.90000000000873,232.8000000000029
2026-09-28 09:08:00,1790604480000,83487.7,83520.0,83457.0,83457.0,87.749,52.384,35.364999999999995,17.019000000000005,0.19395092821570623,,,,Binance Futures /futures/data/openInterestHist,5m,83002.9,83255.0,ABOVE_LR,454.1000000000058,202.0
2026-09-28 09:09:00,1790604540000,83457.0,83479.8,83415.6,83428.7,41.856,16.268,25.588,-9.32,0.22266819571865443,,,,Binance Futures /futures/data/openInterestHist,5m,83002.9,83255.0,ABOVE_LR,425.8000000000029,173.6999999999971
2026-09-28 09:10:00,1790604600000,83428.7,83436.8,83400.1,83400.1,101.659,33.819,67.84,-34.021,0.3346580233919279,95236.641,-9.88399999999092,-0.010377281480863391,Binance Futures /futures/data/openInterestHist,5m,83002.9,83255.0,ABOVE_LR,397.20000000001164,145.10000000000582
2026-09-28 09:11:00,1790604660000,83400.1,83481.6,83363.7,83474.2,89.072,60.841,28.231,32.61,0.3661083168672534,,,,Binance Futures /futures/data/openInterestHist,5m,83002.9,83255.0,ABOVE_LR,471.3000000000029,219.1999999999971
2026-09-28 09:12:00,1790604720000,83474.2,83500.0,83448.8,83491.6,71.999,37.016,34.983,2.0330000000000013,0.02823650328476786,,,,Binance Futures /futures/data/openInterestHist,5m,83002.9,83255.0,ABOVE_LR,488.70000000001164,236.60000000000582
2026-09-28 09:13:00,1790604780000,83491.6,83491.6,83414.6,83434.3,70.703,27.349,43.354,-16.005,0.22636946098468239,,,,Binance Futures /futures/data/openInterestHist,5m,83002.9,83255.0,ABOVE_LR,431.40000000000873,179.3000000000029
2026-09-28 09:14:00,1790604840000,83434.4,83434.4,83325.2,83357.3,77.46,27.205,50.254999999999995,-23.049999999999997,0.29757294087270847,,,,Binance Futures /futures/data/openInterestHist,5m,83002.9,83255.0,ABOVE_LR,354.40000000000873,102.30000000000291
2026-09-28 09:15:00,1790604900000,83357.3,83381.9,83280.8,83280.8,99.97,31.162,68.80799999999999,-37.645999999999994,0.3765729718915674,95219.225,-17.41599999999744,-0.018287079234553683,Binance Futures /futures/data/openInterestHist,5m,83002.9,83255.0,ABOVE_LR,277.90000000000873,25.80000000000291
2026-09-28 09:16:00,1790604960000,83280.8,83315.6,83223.0,83315.6,327.443,136.613,190.82999999999998,-54.216999999999985,0.16557690956899365,,,,Binance Futures /futures/data/openInterestHist,5m,83002.9,83255.0,CROSSES_UPPER_BOUNDARY,312.70000000001164,60.60000000000582
2026-09-28 09:17:00,1790605020000,83315.6,83415.7,83304.4,83335.4,144.423,85.992,58.431,27.561000000000007,0.19083525477243934,,,,Binance Futures /futures/data/openInterestHist,5m,83002.9,83255.0,ABOVE_LR,332.5,80.39999999999418
2026-09-28 09:18:00,1790605080000,83335.3,83335.8,83223.0,83223.1,126.716,49.483,77.233,-27.750000000000007,0.2189936551027495,,,,Binance Futures /futures/data/openInterestHist,5m,83002.9,83255.0,CROSSES_UPPER_BOUNDARY,220.20000000001164,-31.89999999999418
2026-09-28 09:19:00,1790605140000,83223.0,83352.4,83223.0,83334.9,162.099,83.1,78.999,4.100999999999999,0.02529935409842133,,,,Binance Futures /futures/data/openInterestHist,5m,83002.9,83255.0,CROSSES_UPPER_BOUNDARY,332.0,79.89999999999418
2026-09-28 09:20:00,1790605200000,83334.9,83383.4,83291.4,83383.0,71.158,39.846,31.312000000000005,8.533999999999992,0.11993029596110054,95225.272,6.046999999991385,0.006350608293641736,Binance Futures /futures/data/openInterestHist,5m,83002.9,83255.0,ABOVE_LR,380.1000000000058,128.0
2026-09-28 09:21:00,1790605260000,83383.0,83446.6,83370.5,83437.7,103.877,61.43,42.446999999999996,18.983000000000004,0.1827449772326887,,,,Binance Futures /futures/data/openInterestHist,5m,83002.9,83255.0,ABOVE_LR,434.8000000000029,182.6999999999971
2026-09-28 09:22:00,1790605320000,83437.8,83538.4,83437.8,83537.6,127.12,81.939,45.18100000000001,36.75799999999998,0.2891598489616109,,,,Binance Futures /futures/data/openInterestHist,5m,83002.9,83255.0,ABOVE_LR,534.7000000000116,282.6000000000058
2026-09-28 09:23:00,1790605380000,83537.6,83537.6,83474.9,83490.5,124.768,43.672,81.096,-37.42400000000001,0.29994870479610164,,,,Binance Futures /futures/data/openInterestHist,5m,83002.9,83255.0,ABOVE_LR,487.6000000000058,235.5
2026-09-28 09:24:00,1790605440000,83490.4,83565.5,83460.5,83565.1,122.017,99.166,22.851,76.315,0.6254456346246835,,,,Binance Futures /futures/data/openInterestHist,5m,83002.9,83255.0,ABOVE_LR,562.2000000000116,310.1000000000058
2026-09-28 09:25:00,1790605500000,83565.1,83571.4,83508.8,83521.4,56.655,19.975,36.68,-16.705,0.29485482305180477,95171.584,-53.687999999994645,-0.05637999122753322,Binance Futures /futures/data/openInterestHist,5m,83002.9,83255.0,ABOVE_LR,518.5,266.3999999999942
2026-09-28 09:26:00,1790605560000,83521.5,83521.5,83410.3,83426.0,62.355,15.747,46.608,-30.860999999999997,0.4949242242001443,,,,Binance Futures /futures/data/openInterestHist,5m,83002.9,83255.0,ABOVE_LR,423.1000000000058,171.0
2026-09-28 09:27:00,1790605620000,83426.0,83451.0,83333.0,83335.2,61.849,15.128,46.721,-31.592999999999996,0.510808582192113,,,,Binance Futures /futures/data/openInterestHist,5m,83002.9,83255.0,ABOVE_LR,332.3000000000029,80.19999999999709
2026-09-28 09:28:00,1790605680000,83335.2,83342.1,83230.0,83232.1,117.509,31.647,85.862,-54.214999999999996,0.46136891642342287,,,,Binance Futures /futures/data/openInterestHist,5m,83002.9,83255.0,CROSSES_UPPER_BOUNDARY,229.20000000001164,-22.89999999999418
2026-09-28 09:29:00,1790605740000,83232.0,83232.1,83059.4,83194.7,566.84,195.078,371.76200000000006,-176.68400000000005,0.31169995060334493,,,,Binance Futures /futures/data/openInterestHist,5m,83002.9,83255.0,INSIDE_LR,191.8000000000029,-60.30000000000291
2026-09-28 09:30:00,1790605800000,83194.6,83287.7,83178.3,83269.8,192.319,131.15,61.16899999999998,69.98100000000002,0.3638798038675327,95093.47,-78.1140000000014,-0.08207701996427988,Binance Futures /futures/data/openInterestHist,5m,83002.9,83255.0,CROSSES_UPPER_BOUNDARY,266.90000000000873,14.80000000000291
2026-09-28 09:31:00,1790605860000,83269.8,83274.2,83071.5,83071.5,261.12,90.794,170.32600000000002,-79.53200000000002,0.30458026960784323,,,,Binance Futures /futures/data/openInterestHist,5m,83002.9,83255.0,CROSSES_UPPER_BOUNDARY,68.60000000000582,-183.5
2026-09-28 09:32:00,1790605920000,83071.5,83206.9,83048.5,83163.2,249.139,125.697,123.44200000000001,2.2549999999999955,0.009051172237184846,,,,Binance Futures /futures/data/openInterestHist,5m,83002.9,83255.0,INSIDE_LR,160.3000000000029,-91.80000000000291
2026-09-28 09:33:00,1790605980000,83163.1,83278.0,83154.3,83220.8,184.549,91.51,93.039,-1.5289999999999964,0.008285062503725278,,,,Binance Futures /futures/data/openInterestHist,5m,83002.9,83255.0,CROSSES_UPPER_BOUNDARY,217.90000000000873,-34.19999999999709
2026-09-28 09:34:00,1790606040000,83220.8,83272.0,83198.8,83257.2,101.688,61.681,40.007000000000005,21.673999999999992,0.21314216033356928,,,,Binance Futures /futures/data/openInterestHist,5m,83002.9,83255.0,CROSSES_UPPER_BOUNDARY,254.3000000000029,2.1999999999970896
2026-09-28 09:35:00,1790606100000,83257.1,83335.3,83223.0,83334.1,175.328,125.621,49.70700000000001,75.91399999999999,0.4329827523270669,95022.553,-70.91700000000128,-0.07457609865325272,Binance Futures /futures/data/openInterestHist,5m,83002.9,83255.0,CROSSES_UPPER_BOUNDARY,331.20000000001164,79.10000000000582
2026-09-28 09:36:00,1790606160000,83335.3,83424.8,83335.3,83360.9,216.72,97.901,118.819,-20.918000000000006,0.09652085640457736,,,,Binance Futures /futures/data/openInterestHist,5m,83002.9,83255.0,ABOVE_LR,358.0,105.89999999999418
2026-09-28 09:37:00,1790606220000,83360.9,83443.0,83347.2,83347.3,104.471,44.622,59.849000000000004,-15.227000000000004,0.1457533669630807,,,,Binance Futures /futures/data/openInterestHist,5m,83002.9,83255.0,ABOVE_LR,344.40000000000873,92.30000000000291
2026-09-28 09:38:00,1790606280000,83347.2,83347.2,83261.5,83301.3,117.697,54.352,63.345000000000006,-8.99300000000001,0.07640806477650246,,,,Binance Futures /futures/data/openInterestHist,5m,83002.9,83255.0,ABOVE_LR,298.40000000000873,46.30000000000291
2026-09-28 09:39:00,1790606340000,83301.4,83437.0,83288.0,83375.3,117.848,45.943,71.905,-25.962000000000003,0.22030072635937822,,,,Binance Futures /futures/data/openInterestHist,5m,83002.9,83255.0,ABOVE_LR,372.40000000000873,120.30000000000291
2026-09-28 09:40:00,1790606400000,83375.2,83390.4,83317.3,83323.7,72.955,21.195,51.76,-30.564999999999998,0.4189568912343225,95036.348,13.794999999998254,0.014517606151876654,Binance Futures /futures/data/openInterestHist,5m,83002.9,83255.0,ABOVE_LR,320.8000000000029,68.69999999999709
2026-09-28 09:41:00,1790606460000,83323.8,83323.8,83188.0,83200.0,192.972,30.37,162.602,-132.232,0.6852393093298509,,,,Binance Futures /futures/data/openInterestHist,5m,83002.9,83255.0,CROSSES_UPPER_BOUNDARY,197.10000000000582,-55.0
2026-09-28 09:42:00,1790606520000,83200.0,83200.0,82957.5,83019.7,518.87,156.839,362.031,-205.192,0.395459363617091,,,,Binance Futures /futures/data/openInterestHist,5m,83002.9,83255.0,CROSSES_LOWER_BOUNDARY,16.80000000000291,-235.3000000000029
2026-09-28 09:43:00,1790606580000,83019.8,83036.9,82837.0,82844.3,1186.08,380.905,805.175,-424.27,0.3577077431539188,,,,Binance Futures /futures/data/openInterestHist,5m,83002.9,83255.0,CROSSES_LOWER_BOUNDARY,-158.59999999999127,-410.6999999999971
2026-09-28 09:44:00,1790606640000,82844.3,82907.8,82800.2,82907.8,432.547,195.183,237.36400000000003,-42.18100000000004,0.09751772639736268,,,,Binance Futures /futures/data/openInterestHist,5m,83002.9,83255.0,BELOW_LR,-95.09999999999127,-347.1999999999971
2026-09-28 09:45:00,1790606700000,82907.8,82945.3,82852.0,82923.6,259.165,135.333,123.83200000000002,11.500999999999976,0.04437713425809803,94869.515,-166.83299999999872,-0.17554651826477877,Binance Futures /futures/data/openInterestHist,5m,83002.9,83255.0,BELOW_LR,-79.29999999998836,-331.3999999999942
2026-09-28 09:46:00,1790606760000,82923.7,82972.5,82892.5,82940.7,256.786,102.937,153.849,-50.91199999999999,0.19826626062168495,,,,Binance Futures /futures/data/openInterestHist,5m,83002.9,83255.0,BELOW_LR,-62.19999999999709,-314.3000000000029
2026-09-28 09:47:00,1790606820000,82940.7,82940.7,82822.6,82835.2,317.701,129.456,188.24500000000003,-58.789000000000044,0.1850450580892098,,,,Binance Futures /futures/data/openInterestHist,5m,83002.9,83255.0,BELOW_LR,-167.6999999999971,-419.8000000000029
2026-09-28 09:48:00,1790606880000,82835.2,82958.4,82772.9,82931.8,310.385,161.169,149.21599999999998,11.953000000000031,0.03851023728595142,,,,Binance Futures /futures/data/openInterestHist,5m,83002.9,83255.0,BELOW_LR,-71.09999999999127,-323.1999999999971
2026-09-28 09:49:00,1790606940000,82931.7,82945.0,82892.8,82917.2,132.715,45.112,87.60300000000001,-42.49100000000001,0.3201672757412501,,,,Binance Futures /futures/data/openInterestHist,5m,83002.9,83255.0,BELOW_LR,-85.69999999999709,-337.8000000000029
2026-09-28 09:50:00,1790607000000,82917.1,83029.5,82917.1,82997.0,466.769,225.933,240.836,-14.90300000000002,0.03192799864601124,94926.309,56.79399999999441,0.05986538457585075,Binance Futures /futures/data/openInterestHist,5m,83002.9,83255.0,CROSSES_LOWER_BOUNDARY,-5.899999999994179,-258.0
2026-09-28 09:51:00,1790607060000,82996.9,83002.6,82712.3,82712.4,489.345,127.411,361.934,-234.52300000000002,0.4792590094922805,,,,Binance Futures /futures/data/openInterestHist,5m,83002.9,83255.0,BELOW_LR,-290.5,-542.6000000000058
2026-09-28 09:52:00,1790607120000,82712.3,82749.9,82655.6,82732.9,575.022,209.643,365.379,-155.73600000000002,0.2708348550142429,,,,Binance Futures /futures/data/openInterestHist,5m,83002.9,83255.0,BELOW_LR,-270.0,-522.1000000000058
2026-09-28 09:53:00,1790607180000,82732.9,82841.3,82500.1,82824.0,1280.567,572.913,707.654,-134.74099999999999,0.10521979716797324,,,,Binance Futures /futures/data/openInterestHist,5m,83002.9,83255.0,BELOW_LR,-178.89999999999418,-431.0
2026-09-28 09:54:00,1790607240000,82824.1,82902.9,82824.1,82851.4,336.551,153.373,183.178,-29.805000000000007,0.08856012907404824,,,,Binance Futures /futures/data/openInterestHist,5m,83002.9,83255.0,BELOW_LR,-151.5,-403.6000000000058
2026-09-28 09:55:00,1790607300000,82851.3,82870.1,82752.6,82800.1,214.759,76.519,138.23999999999998,-61.720999999999975,0.2873965701088196,95090.368,164.05900000000838,0.17282774578331955,Binance Futures /futures/data/openInterestHist,5m,83002.9,83255.0,BELOW_LR,-202.79999999998836,-454.8999999999942
2026-09-28 09:56:00,1790607360000,82800.0,82910.0,82777.1,82910.0,221.69,111.53,110.16,1.3700000000000045,0.006179800622490886,,,,Binance Futures /futures/data/openInterestHist,5m,83002.9,83255.0,BELOW_LR,-92.89999999999418,-345.0
2026-09-28 09:57:00,1790607420000,82910.0,82967.2,82885.5,82937.9,185.599,107.789,77.80999999999999,29.979000000000013,0.1615256547718469,,,,Binance Futures /futures/data/openInterestHist,5m,83002.9,83255.0,BELOW_LR,-65.0,-317.1000000000058
2026-09-28 09:58:00,1790607480000,82937.9,82964.0,82875.7,82907.6,147.34,43.943,103.397,-59.45400000000001,0.4035156780236189,,,,Binance Futures /futures/data/openInterestHist,5m,83002.9,83255.0,BELOW_LR,-95.29999999998836,-347.3999999999942
2026-09-28 09:59:00,1790607540000,82907.7,82990.6,82893.7,82990.5,112.027,66.966,45.06100000000001,21.904999999999987,0.19553321967025794,,,,Binance Futures /futures/data/openInterestHist,5m,83002.9,83255.0,BELOW_LR,-12.39999999999418,-264.5
2026-09-28 10:00:00,1790607600000,82990.6,83045.0,82938.7,82992.0,293.621,121.015,172.606,-51.590999999999994,0.17570609731592768,95100.669,10.3009999999922,0.010832853228617434,Binance Futures /futures/data/openInterestHist,5m,83002.9,83255.0,CROSSES_LOWER_BOUNDARY,-10.89999999999418,-263.0
2026-09-28 10:01:00,1790607660000,82992.0,83029.0,82960.0,82980.1,146.517,47.714,98.803,-51.089,0.34868991311588415,,,,Binance Futures /futures/data/openInterestHist,5m,83002.9,83255.0,CROSSES_LOWER_BOUNDARY,-22.79999999998836,-274.8999999999942
2026-09-28 10:02:00,1790607720000,82980.0,83020.0,82950.4,83010.4,167.13,67.736,99.39399999999999,-31.657999999999987,0.18942140848441325,,,,Binance Futures /futures/data/openInterestHist,5m,83002.9,83255.0,CROSSES_LOWER_BOUNDARY,7.5,-244.60000000000582
2026-09-28 10:03:00,1790607780000,83010.3,83038.5,82992.1,83017.2,127.107,43.826,83.281,-39.455000000000005,0.3104077666847617,,,,Binance Futures /futures/data/openInterestHist,5m,83002.9,83255.0,CROSSES_LOWER_BOUNDARY,14.30000000000291,-237.8000000000029
2026-09-28 10:04:00,1790607840000,83016.5,83016.5,82920.1,82960.9,140.298,28.735,111.563,-82.828,0.5903719226218478,,,,Binance Futures /futures/data/openInterestHist,5m,83002.9,83255.0,CROSSES_LOWER_BOUNDARY,-42.0,-294.1000000000058
2026-09-28 10:05:00,1790607900000,82960.9,83009.8,82926.7,83009.8,74.008,43.752,30.255999999999993,13.49600000000001,0.1823586639282241,95001.885,-98.78399999999965,-0.10387308631866686,Binance Futures /futures/data/openInterestHist,5m,83002.9,83255.0,CROSSES_LOWER_BOUNDARY,6.900000000008731,-245.1999999999971
2026-09-28 10:06:00,1790607960000,83009.7,83014.1,82957.8,83014.0,84.374,19.775,64.59899999999999,-44.82399999999999,0.5312537037476,,,,Binance Futures /futures/data/openInterestHist,5m,83002.9,83255.0,CROSSES_LOWER_BOUNDARY,11.10000000000582,-241.0
2026-09-28 10:07:00,1790608020000,83014.1,83021.1,82912.0,82949.9,166.637,29.631,137.006,-107.375,0.644364696916051,,,,Binance Futures /futures/data/openInterestHist,5m,83002.9,83255.0,CROSSES_LOWER_BOUNDARY,-53.0,-305.1000000000058
2026-09-28 10:08:00,1790608080000,82949.9,83000.0,82937.3,82972.0,62.258,23.831,38.42700000000001,-14.596000000000007,0.23444376626297034,,,,Binance Futures /futures/data/openInterestHist,5m,83002.9,83255.0,BELOW_LR,-30.89999999999418,-283.0
2026-09-28 10:09:00,1790608140000,82972.0,83188.0,82972.0,83186.0,283.062,227.154,55.908000000000015,171.24599999999998,0.6049770015049706,,,,Binance Futures /futures/data/openInterestHist,5m,83002.9,83255.0,CROSSES_LOWER_BOUNDARY,183.10000000000582,-69.0
2026-09-28 10:10:00,1790608200000,83186.0,83233.1,83132.2,83149.2,288.141,158.929,129.21200000000002,29.716999999999985,0.10313353531777839,94952.751,-49.13399999999092,-0.05171897378666847,Binance Futures /futures/data/openInterestHist,5m,83002.9,83255.0,INSIDE_LR,146.3000000000029,-105.80000000000291
2026-09-28 10:11:00,1790608260000,83149.2,83149.2,82912.4,82920.3,236.02,43.657,192.363,-148.70600000000002,0.6300567748495891,,,,Binance Futures /futures/data/openInterestHist,5m,83002.9,83255.0,CROSSES_LOWER_BOUNDARY,-82.59999999999127,-334.6999999999971
2026-09-28 10:12:00,1790608320000,82920.3,83020.7,82881.4,83009.9,256.97,119.283,137.687,-18.40400000000001,0.07161925516597271,,,,Binance Futures /futures/data/openInterestHist,5m,83002.9,83255.0,CROSSES_LOWER_BOUNDARY,7.0,-245.10000000000582
2026-09-28 10:13:00,1790608380000,83010.0,83025.7,82916.3,82944.0,93.418,30.056,63.36200000000001,-33.30600000000001,0.35652657946006133,,,,Binance Futures /futures/data/openInterestHist,5m,83002.9,83255.0,CROSSES_LOWER_BOUNDARY,-58.89999999999418,-311.0
2026-09-28 10:14:00,1790608440000,82944.0,82988.0,82896.1,82915.1,132.907,45.802,87.10500000000002,-41.30300000000002,0.310766174844064,,,,Binance Futures /futures/data/openInterestHist,5m,83002.9,83255.0,BELOW_LR,-87.79999999998836,-339.8999999999942
2026-09-28 10:15:00,1790608500000,82915.0,82946.1,82833.6,82913.7,182.398,79.012,103.386,-24.373999999999995,0.13363085121547383,94933.65,-19.101000000009662,-0.020116320800447014,Binance Futures /futures/data/openInterestHist,5m,83002.9,83255.0,BELOW_LR,-89.19999999999709,-341.3000000000029
2026-09-28 10:16:00,1790608560000,82913.8,82915.1,82860.3,82887.7,52.338,24.821,27.517,-2.695999999999998,0.05151133019985475,,,,Binance Futures /futures/data/openInterestHist,5m,83002.9,83255.0,BELOW_LR,-115.19999999999709,-367.3000000000029
2026-09-28 10:17:00,1790608620000,82887.8,82914.3,82781.4,82809.1,278.464,108.285,170.179,-61.894000000000005,0.22226930590668814,,,,Binance Futures /futures/data/openInterestHist,5m,83002.9,83255.0,BELOW_LR,-193.79999999998836,-445.8999999999942
2026-09-28 10:18:00,1790608680000,82809.0,82866.4,82789.2,82863.1,181.011,112.091,68.92,43.17099999999999,0.23849931772102245,,,,Binance Futures /futures/data/openInterestHist,5m,83002.9,83255.0,BELOW_LR,-139.79999999998836,-391.8999999999942
2026-09-28 10:19:00,1790608740000,82863.1,82931.9,82842.8,82868.3,189.749,43.963,145.786,-101.82300000000001,0.5366194288243944,,,,Binance Futures /futures/data/openInterestHist,5m,83002.9,83255.0,BELOW_LR,-134.59999999999127,-386.6999999999971
2026-09-28 10:20:00,1790608800000,82868.2,82896.2,82840.6,82849.8,122.369,26.547,95.822,-69.275,0.5661156011734999,94950.26,16.610000000000582,0.01749643040165482,Binance Futures /futures/data/openInterestHist,5m,83002.9,83255.0,BELOW_LR,-153.09999999999127,-405.1999999999971
2026-09-28 10:21:00,1790608860000,82849.9,82872.9,82777.0,82864.2,268.295,98.931,169.36400000000003,-70.43300000000004,0.26252073277548976,,,,Binance Futures /futures/data/openInterestHist,5m,83002.9,83255.0,BELOW_LR,-138.6999999999971,-390.8000000000029
2026-09-28 10:22:00,1790608920000,82864.2,82908.9,82822.0,82828.0,135.907,51.685,84.22200000000001,-32.537000000000006,0.23940635876003447,,,,Binance Futures /futures/data/openInterestHist,5m,83002.9,83255.0,BELOW_LR,-174.89999999999418,-427.0
2026-09-28 10:23:00,1790608980000,82828.0,82890.5,82755.1,82872.1,197.431,62.421,135.01000000000002,-72.58900000000003,0.36766769149728273,,,,Binance Futures /futures/data/openInterestHist,5m,83002.9,83255.0,BELOW_LR,-130.79999999998836,-382.8999999999942
2026-09-28 10:24:00,1790609040000,82872.1,83001.6,82854.9,82943.8,292.995,175.556,117.439,58.11700000000002,0.19835492073243577,,,,Binance Futures /futures/data/openInterestHist,5m,83002.9,83255.0,BELOW_LR,-59.09999999999127,-311.1999999999971
2026-09-28 10:25:00,1790609100000,82943.8,82962.6,82812.3,82934.6,226.342,93.395,132.947,-39.55200000000001,0.17474441332143395,94947.427,-2.8329999999987194,-0.002983667448618592,Binance Futures /futures/data/openInterestHist,5m,83002.9,83255.0,BELOW_LR,-68.29999999998836,-320.3999999999942
2026-09-28 10:26:00,1790609160000,82934.6,82991.0,82869.6,82991.0,87.983,36.352,51.63100000000001,-15.27900000000001,0.1736585476739826,,,,Binance Futures /futures/data/openInterestHist,5m,83002.9,83255.0,BELOW_LR,-11.89999999999418,-264.0
2026-09-28 10:27:00,1790609220000,82991.0,83025.4,82950.9,83015.6,219.753,105.895,113.85799999999999,-7.962999999999994,0.03623613784567216,,,,Binance Futures /futures/data/openInterestHist,5m,83002.9,83255.0,CROSSES_LOWER_BOUNDARY,12.700000000011642,-239.39999999999418
2026-09-28 10:28:00,1790609280000,83015.7,83099.1,83003.6,83092.5,140.005,85.712,54.29299999999999,31.41900000000001,0.22441341380664984,,,,Binance Futures /futures/data/openInterestHist,5m,83002.9,83255.0,INSIDE_LR,89.60000000000582,-162.5
2026-09-28 10:29:00,1790609340000,83092.5,83098.9,83000.0,83035.2,79.595,26.965,52.629999999999995,-25.664999999999996,0.32244487719077825,,,,Binance Futures /futures/data/openInterestHist,5m,83002.9,83255.0,CROSSES_LOWER_BOUNDARY,32.30000000000291,-219.8000000000029
2026-09-28 10:30:00,1790609400000,83035.3,83055.7,82980.0,83011.5,112.166,32.737,79.429,-46.692,0.4162758768254195,94975.336,27.90899999999965,0.02939416146579691,Binance Futures /futures/data/openInterestHist,5m,83002.9,83255.0,CROSSES_LOWER_BOUNDARY,8.60000000000582,-243.5
2026-09-28 10:31:00,1790609460000,83011.5,83021.4,82973.3,82979.6,65.993,30.025,35.967999999999996,-5.942999999999998,0.09005500583395205,,,,Binance Futures /futures/data/openInterestHist,5m,83002.9,83255.0,CROSSES_LOWER_BOUNDARY,-23.29999999998836,-275.3999999999942
2026-09-28 10:32:00,1790609520000,82979.6,83095.7,82976.3,83075.8,98.813,43.818,54.995000000000005,-11.177000000000007,0.11311264712133025,,,,Binance Futures /futures/data/openInterestHist,5m,83002.9,83255.0,CROSSES_LOWER_BOUNDARY,72.90000000000873,-179.1999999999971
2026-09-28 10:33:00,1790609580000,83075.7,83090.2,83004.8,83004.9,81.751,27.379,54.372,-26.993,0.3301855634793458,,,,Binance Futures /futures/data/openInterestHist,5m,83002.9,83255.0,INSIDE_LR,2.0,-250.10000000000582
2026-09-28 10:34:00,1790609640000,83004.9,83050.0,82996.3,83049.9,44.288,22.472,21.815999999999995,0.6560000000000059,0.014812138728323834,,,,Binance Futures /futures/data/openInterestHist,5m,83002.9,83255.0,CROSSES_LOWER_BOUNDARY,47.0,-205.10000000000582
2026-09-28 10:35:00,1790609700000,83050.0,83099.7,83036.5,83099.7,38.785,24.006,14.778999999999996,9.227000000000004,0.23790125048343444,94961.091,-14.244999999995343,-0.014998630802417319,Binance Futures /futures/data/openInterestHist,5m,83002.9,83255.0,INSIDE_LR,96.80000000000291,-155.3000000000029
2026-09-28 10:36:00,1790609760000,83099.6,83237.7,83099.6,83221.4,282.79,162.396,120.39400000000003,42.00199999999995,0.14852717564270287,,,,Binance Futures /futures/data/openInterestHist,5m,83002.9,83255.0,INSIDE_LR,218.5,-33.60000000000582
2026-09-28 10:37:00,1790609820000,83221.4,83245.8,83156.7,83244.9,204.499,124.407,80.092,44.315,0.2167003261629641,,,,Binance Futures /futures/data/openInterestHist,5m,83002.9,83255.0,INSIDE_LR,242.0,-10.10000000000582
2026-09-28 10:38:00,1790609880000,83244.9,83337.3,83220.8,83277.7,303.74,200.753,102.98700000000002,97.76599999999996,0.3218739711595442,,,,Binance Futures /futures/data/openInterestHist,5m,83002.9,83255.0,CROSSES_UPPER_BOUNDARY,274.8000000000029,22.69999999999709
2026-09-28 10:39:00,1790609940000,83277.7,83277.7,83181.5,83267.9,147.045,42.857,104.18799999999999,-61.33099999999999,0.41709000646060723,,,,Binance Futures /futures/data/openInterestHist,5m,83002.9,83255.0,CROSSES_UPPER_BOUNDARY,265.0,12.89999999999418
2026-09-28 10:40:00,1790610000000,83267.9,83276.0,83186.0,83200.0,101.222,30.617,70.60499999999999,-39.987999999999985,0.3950524589516112,94897.519,-63.572000000000116,-0.06694531342315782,Binance Futures /futures/data/openInterestHist,5m,83002.9,83255.0,CROSSES_UPPER_BOUNDARY,197.10000000000582,-55.0
2026-09-28 10:41:00,1790610060000,83200.1,83257.9,83186.0,83249.9,55.822,20.982,34.84,-13.858000000000004,0.24825337680484402,,,,Binance Futures /futures/data/openInterestHist,5m,83002.9,83255.0,CROSSES_UPPER_BOUNDARY,247.0,-5.100000000005821
2026-09-28 10:42:00,1790610120000,83249.9,83275.3,83200.0,83207.7,44.574,15.412,29.162,-13.749999999999998,0.3084757930632207,,,,Binance Futures /futures/data/openInterestHist,5m,83002.9,83255.0,CROSSES_UPPER_BOUNDARY,204.8000000000029,-47.30000000000291
2026-09-28 10:43:00,1790610180000,83207.7,83214.0,83156.6,83156.6,59.979,21.37,38.608999999999995,-17.238999999999994,0.28741726270861456,,,,Binance Futures /futures/data/openInterestHist,5m,83002.9,83255.0,INSIDE_LR,153.70000000001164,-98.39999999999418
2026-09-28 10:44:00,1790610240000,83156.6,83181.5,83142.6,83170.6,90.789,34.999,55.79,-20.790999999999997,0.2290035136415204,,,,Binance Futures /futures/data/openInterestHist,5m,83002.9,83255.0,INSIDE_LR,167.70000000001164,-84.39999999999418
2026-09-28 10:45:00,1790610300000,83170.6,83229.0,83169.4,83218.6,34.318,17.416,16.901999999999997,0.5140000000000029,0.014977562795034762,94922.78,25.260999999998603,0.026619241752778175,Binance Futures /futures/data/openInterestHist,5m,83002.9,83255.0,INSIDE_LR,215.70000000001164,-36.39999999999418
2026-09-28 10:46:00,1790610360000,83218.6,83302.9,83170.6,83219.8,114.394,66.742,47.652,19.090000000000003,0.166879381785758,,,,Binance Futures /futures/data/openInterestHist,5m,83002.9,83255.0,CROSSES_UPPER_BOUNDARY,216.90000000000873,-35.19999999999709
2026-09-28 10:47:00,1790610420000,83219.8,83258.9,83201.0,83258.9,42.429,20.158,22.271,-2.1129999999999995,0.049800843762520905,,,,Binance Futures /futures/data/openInterestHist,5m,83002.9,83255.0,CROSSES_UPPER_BOUNDARY,256.0,3.8999999999941792
2026-09-28 10:48:00,1790610480000,83258.8,83258.8,83200.2,83200.2,53.107,17.218,35.888999999999996,-18.670999999999996,0.35157323893272063,,,,Binance Futures /futures/data/openInterestHist,5m,83002.9,83255.0,CROSSES_UPPER_BOUNDARY,197.3000000000029,-54.80000000000291
2026-09-28 10:49:00,1790610540000,83200.2,83249.0,83190.2,83248.9,53.414,17.798,35.616,-17.818,0.3335829557793837,,,,Binance Futures /futures/data/openInterestHist,5m,83002.9,83255.0,INSIDE_LR,246.0,-6.100000000005821
2026-09-28 10:50:00,1790610600000,83249.0,83299.5,83244.8,83269.8,61.534,22.976,38.558,-15.582,0.25322585887476845,94932.296,9.51600000000326,0.010024990839926159,Binance Futures /futures/data/openInterestHist,5m,83002.9,83255.0,CROSSES_UPPER_BOUNDARY,266.90000000000873,14.80000000000291
2026-09-28 10:51:00,1790610660000,83269.8,83271.9,83210.7,83211.3,44.481,13.06,31.421,-18.360999999999997,0.41278298599401986,,,,Binance Futures /futures/data/openInterestHist,5m,83002.9,83255.0,CROSSES_UPPER_BOUNDARY,208.40000000000873,-43.69999999999709
2026-09-28 10:52:00,1790610720000,83211.4,83249.0,83183.1,83206.7,34.846,13.371,21.474999999999994,-8.103999999999994,0.2325661481949146,,,,Binance Futures /futures/data/openInterestHist,5m,83002.9,83255.0,INSIDE_LR,203.8000000000029,-48.30000000000291
2026-09-28 10:53:00,1790610780000,83206.7,83246.6,83194.8,83230.2,23.736,11.453,12.283000000000001,-0.8300000000000018,0.03496798112571629,,,,Binance Futures /futures/data/openInterestHist,5m,83002.9,83255.0,INSIDE_LR,227.3000000000029,-24.80000000000291
