MARKET_MIGRATION_FALLBACK bars=1000 source=BINANCE_HISTORICAL_ONLY
COLLECTOR_OI_RESTORED path=C:\Users\miscp\OneDrive\Desktop\BTC-LRA-SCRIPTS\runtime\collector\BTC_LRA_OI_RAW.jsonl samples=5692 oldest=13:49:28 / 01.10.26 -5 newest=02:18:05 / 02.10.26 -5 span_hours=12.48 reference_ready=YES
RAW_BASELINE_RESTORED samples=5692 oldest=13:49:28 / 01.10.26 -5 newest=02:18:05 / 02.10.26 -5 span_hours=12.48 source=COLLECTOR reference_ready=YES
LIVE_ANCHOR_CHANGED from=02:18:13 / 02.10.26 -5 to=00:38:00 / 02.10.26 -5 rebuilt_until=02:18:25 / 02.10.26 -5 events=13 oi_flow=49.140000 buy_dom=74.537000 sell_dom=419.869371 provisional_current_minute=RESET
RAW_ACCUM {"time": "2026-10-02 02:27:26.409000-05:00", "dOI": -10.626999999993131, "pctl": 97.77218828602227, "control": "CONTROL LIMIT BUY", "strength": 1.0, "flow_delta": -10.626999999993131, "buy_dom_delta": 0.0, "sell_dom_delta": 0.0, "display_flow": 38.51300000001162, "display_buy_dom": 74.5370000000085, "display_sell_dom": 419.86937128060384}
RAW_ACCUM {"time": "2026-10-02 02:30:35.983000-05:00", "dOI": -12.310000000012224, "pctl": 98.35420393559929, "control": "CONTROL LIMIT SELL", "strength": 1.0, "flow_delta": -12.310000000012224, "buy_dom_delta": 0.0, "sell_dom_delta": 0.0, "display_flow": 26.2029999999994, "display_buy_dom": 74.5370000000085, "display_sell_dom": 419.86937128060384}
RAW_ACCUM {"time": "2026-10-02 02:30:49.856000-05:00", "dOI": 52.45600000000559, "pctl": 98.21173104434907, "control": "CONTROL LIMIT SELL", "strength": 1.0, "flow_delta": 52.45600000000559, "buy_dom_delta": 0.0, "sell_dom_delta": 52.45600000000559, "display_flow": 78.659000000005, "display_buy_dom": 74.5370000000085, "display_sell_dom": 472.32537128060943}
RAW_MINUTE_FINALIZE {"minute": "2026-10-02T02:30:00-05:00", "raw_samples_counted": 2, "flow_already_counted": 40.145999999993364, "canonical_flow": 37.1310000000085, "strong_residual": -3.014999999984866, "double_count": 0}
ACCUM_FINAL {"time": "2026-10-02T02:30:00-05:00", "source": "STRONG", "net": 37.1310000000085, "oi_add": 60.72500000002037, "control": "CONTROL UNCLEAR", "strength": 0.0, "flow_final": 37.1310000000085, "buy_dom_final": 0.0, "sell_dom_final": 0.0, "double_count": 0}
LIVE_ANCHOR_CHANGED from=00:38:00 / 02.10.26 -5 to=20:20:00 / 01.10.26 -5 rebuilt_until=02:44:07 / 02.10.26 -5 events=115 oi_flow=1604.458000 buy_dom=1189.691051 sell_dom=1849.388358 provisional_current_minute=RESET
RAW_ACCUM {"time": "2026-10-02 02:44:27.574000-05:00", "dOI": 30.289000000004307, "pctl": 98.47217169879956, "control": "CONTROL MARKET SELL", "strength": 1.0, "flow_delta": 30.289000000004307, "buy_dom_delta": 0.0, "sell_dom_delta": 30.289000000004307, "display_flow": 1634.747000000017, "display_buy_dom": 1189.6910506806205, "display_sell_dom": 1879.67735847545}
RAW_MINUTE_FINALIZE {"minute": "2026-10-02T02:44:00-05:00", "raw_samples_counted": 1, "flow_already_counted": 30.289000000004307, "canonical_flow": 63.941, "strong_residual": 0.0, "double_count": 0}
ACCUM_FINAL {"time": "2026-10-02T02:44:00-05:00", "source": "RAW_ONLY", "net": 63.941, "oi_add": 67.19499999999243, "control": "CONTROL MARKET SELL", "strength": 1.0, "flow_final": 63.941, "buy_dom_final": 0.0, "sell_dom_final": 67.195, "double_count": 0}
RAW_ACCUM {"time": "2026-10-02 02:46:03.655000-05:00", "dOI": -34.25100000000384, "pctl": 98.35466179159049, "control": "CONTROL LIMIT SELL", "strength": 0.8755848453865227, "flow_delta": -34.25100000000384, "buy_dom_delta": 0.0, "sell_dom_delta": 0.0, "display_flow": 1634.1480000000088, "display_buy_dom": 1189.6910506806205, "display_sell_dom": 1916.5833584754457}
RAW_MINUTE_FINALIZE {"minute": "2026-10-02T02:58:00-05:00", "raw_samples_counted": 0, "flow_already_counted": 0.0, "canonical_flow": -6.352, "strong_residual": 0.0, "double_count": 0}
ACCUM_FINAL {"time": "2026-10-02T02:58:00-05:00", "source": "RAW_ONLY", "net": -6.352, "oi_add": 32.06500000000233, "control": "CONTROL MARKET SELL", "strength": 1.0, "flow_final": -6.352, "buy_dom_final": 0.0, "sell_dom_final": 32.065, "double_count": 0}
RAW_ACCUM {"time": "2026-10-02 03:00:27.782000-05:00", "dOI": -77.60000000000582, "pctl": 99.3175287356322, "control": "CONTROL MARKET BUY", "strength": 1.0, "flow_delta": -77.60000000000582, "buy_dom_delta": 0.0, "sell_dom_delta": 0.0, "display_flow": 1550.1960000000029, "display_buy_dom": 1189.6910506806205, "display_sell_dom": 1948.6483584754458}
RAW_ACCUM {"time": "2026-10-02 03:00:31.758000-05:00", "dOI": -8.251000000003842, "pctl": 97.84584315045439, "control": "CONTROL MARKET BUY", "strength": 1.0, "flow_delta": -8.251000000003842, "buy_dom_delta": 0.0, "sell_dom_delta": 0.0, "display_flow": 1541.944999999999, "display_buy_dom": 1189.6910506806205, "display_sell_dom": 1948.6483584754458}
RAW_ACCUM {"time": "2026-10-02 03:00:38.026000-05:00", "dOI": -5.64100000000326, "pctl": 98.0820995962315, "control": "CONTROL MARKET BUY", "strength": 1.0, "flow_delta": -5.64100000000326, "buy_dom_delta": 0.0, "sell_dom_delta": 0.0, "display_flow": 1536.3039999999958, "display_buy_dom": 1189.6910506806205, "display_sell_dom": 1948.6483584754458}
RAW_ACCUM {"time": "2026-10-02 03:00:43.355000-05:00", "dOI": -1.120999999999185, "pctl": 97.88021534320322, "control": "CONTROL MARKET BUY", "strength": 0.6050156261161012, "flow_delta": -1.120999999999185, "buy_dom_delta": 0.0, "sell_dom_delta": 0.0, "display_flow": 1535.1829999999966, "display_buy_dom": 1189.6910506806205, "display_sell_dom": 1948.6483584754458}
RAW_ACCUM {"time": "2026-10-02 03:00:47.564000-05:00", "dOI": 0.88200000001234, "pctl": 97.87950185122854, "control": "CONTROL LIMIT SELL", "strength": 1.0, "flow_delta": 0.88200000001234, "buy_dom_delta": 0.0, "sell_dom_delta": 0.88200000001234, "display_flow": 1536.065000000009, "display_buy_dom": 1189.6910506806205, "display_sell_dom": 1949.5303584754581}
RAW_ACCUM {"time": "2026-10-02 03:00:53.753000-05:00", "dOI": 2.2559999999939464, "pctl": 97.87950185122854, "control": "CONTROL LIMIT SELL", "strength": 1.0, "flow_delta": 2.2559999999939464, "buy_dom_delta": 0.0, "sell_dom_delta": 2.2559999999939464, "display_flow": 1538.3210000000029, "display_buy_dom": 1189.6910506806205, "display_sell_dom": 1951.786358475452}
RAW_MINUTE_FINALIZE {"minute": "2026-10-02T03:00:00-05:00", "raw_samples_counted": 6, "flow_already_counted": -89.47500000000582, "canonical_flow": -108.334, "strong_residual": 0.0, "double_count": 0}
ACCUM_FINAL {"time": "2026-10-02T03:00:00-05:00", "source": "RAW_ONLY", "net": -108.334, "oi_add": 8.184999999997672, "control": "CONTROL LIMIT SELL", "strength": 1.0, "flow_final": -108.334, "buy_dom_final": 0.0, "sell_dom_final": 8.185, "double_count": 0}
RAW_MINUTE_FINALIZE {"minute": "2026-10-02T03:01:00-05:00", "raw_samples_counted": 0, "flow_already_counted": 0.0, "canonical_flow": 46.019, "strong_residual": 0.0, "double_count": 0}
ACCUM_FINAL {"time": "2026-10-02T03:01:00-05:00", "source": "RAW_ONLY", "net": 46.019, "oi_add": 68.71799999999348, "control": "CONTROL MARKET BUY", "strength": 1.0, "flow_final": 46.019, "buy_dom_final": 68.718, "sell_dom_final": 0.0, "double_count": 0}
RAW_ACCUM {"time": "2026-10-02 03:02:40.379000-05:00", "dOI": -10.531000000002678, "pctl": 98.7809250627465, "control": "CONTROL MARKET BUY", "strength": 1.0, "flow_delta": -10.531000000002678, "buy_dom_delta": 0.0, "sell_dom_delta": 0.0, "display_flow": 1554.950000000006, "display_buy_dom": 1258.4090506806206, "display_sell_dom": 1956.8333584754457}
RAW_ACCUM {"time": "2026-10-02 03:02:45.204000-05:00", "dOI": -66.00100000000384, "pctl": 99.46217282179994, "control": "CONTROL MARKET BUY", "strength": 1.0, "flow_delta": -66.00100000000384, "buy_dom_delta": 0.0, "sell_dom_delta": 0.0, "display_flow": 1488.9490000000021, "display_buy_dom": 1258.4090506806206, "display_sell_dom": 1956.8333584754457}
RAW_MINUTE_FINALIZE {"minute": "2026-10-02T03:02:00-05:00", "raw_samples_counted": 2, "flow_already_counted": -76.53200000000652, "canonical_flow": -58.453, "strong_residual": 0.0, "double_count": 0}
ACCUM_FINAL {"time": "2026-10-02T03:02:00-05:00", "source": "RAW_ONLY", "net": -58.453, "oi_add": 28.96600000000035, "control": "CONTROL MARKET BUY", "strength": 1.0, "flow_final": -58.453, "buy_dom_final": 28.966, "sell_dom_final": 0.0, "double_count": 0}
RAW_ACCUM {"time": "2026-10-02 03:03:01.314000-05:00", "dOI": 0.0659999999916181, "pctl": 98.08403361344537, "control": "CONTROL LIMIT SELL", "strength": 1.0, "flow_delta": 0.0659999999916181, "buy_dom_delta": 0.0, "sell_dom_delta": 0.0659999999916181, "display_flow": 1507.0940000000003, "display_buy_dom": 1287.3750506806205, "display_sell_dom": 1956.8993584754373}
RAW_ACCUM {"time": "2026-10-02 03:03:06.771000-05:00", "dOI": -4.914999999993597, "pctl": 97.81586021505376, "control": "CONTROL MARKET BUY", "strength": 1.0, "flow_delta": -4.914999999993597, "buy_dom_delta": 0.0, "sell_dom_delta": 0.0, "display_flow": 1502.1790000000067, "display_buy_dom": 1287.3750506806205, "display_sell_dom": 1956.8993584754373}
RAW_MINUTE_FINALIZE {"minute": "2026-10-02T03:03:00-05:00", "raw_samples_counted": 2, "flow_already_counted": -4.849000000001979, "canonical_flow": -18.608, "strong_residual": 0.0, "double_count": 0}
ACCUM_FINAL {"time": "2026-10-02T03:03:00-05:00", "source": "RAW_ONLY", "net": -18.608, "oi_add": 27.75800000000163, "control": "CONTROL MARKET BUY", "strength": 1.0, "flow_final": -18.608, "buy_dom_final": 27.758, "sell_dom_final": 0.0, "double_count": 0}
LIVE_ANCHOR_CHANGED from=20:20:00 / 01.10.26 -5 to=00:50:00 / 02.10.26 -5 rebuilt_until=03:07:07 / 02.10.26 -5 events=14 oi_flow=-2.343000 buy_dom=202.712000 sell_dom=377.516336 provisional_current_minute=RESET
RAW_ACCUM {"time": "2026-10-02 03:10:39.157000-05:00", "dOI": 28.6820000000007, "pctl": 97.90408525754884, "control": "CONTROL MARKET BUY", "strength": 0.699227185772311, "flow_delta": 28.6820000000007, "buy_dom_delta": 20.055234142321915, "sell_dom_delta": 0.0, "display_flow": 26.339000000013957, "display_buy_dom": 222.76723414233047, "display_sell_dom": 377.51633574496384}
RAW_MINUTE_FINALIZE {"minute": "2026-10-02T03:10:00-05:00", "raw_samples_counted": 1, "flow_already_counted": 28.6820000000007, "canonical_flow": 14.209, "strong_residual": 0.0, "double_count": 0}
ACCUM_FINAL {"time": "2026-10-02T03:10:00-05:00", "source": "RAW_ONLY", "net": 14.209, "oi_add": 34.16799999999057, "control": "CONTROL MARKET BUY", "strength": 0.52467381, "flow_final": 14.209, "buy_dom_final": 17.92705474008, "sell_dom_final": 0.0, "double_count": 0}
RAW_ACCUM {"time": "2026-10-02 03:12:39.202000-05:00", "dOI": 35.41400000000431, "pctl": 98.65295994328253, "control": "CONTROL LIMIT SELL", "strength": 1.0, "flow_delta": 35.41400000000431, "buy_dom_delta": 0.0, "sell_dom_delta": 35.41400000000431, "display_flow": 47.280000000017566, "display_buy_dom": 220.63905474008854, "display_sell_dom": 412.93033574496815}
RAW_ACCUM {"time": "2026-10-02 03:14:05.236000-05:00", "dOI": -0.23099999999976717, "pctl": 99.00884955752213, "control": "CONTROL MARKET BUY", "strength": 1.0, "flow_delta": -0.23099999999976717, "buy_dom_delta": 0.0, "sell_dom_delta": 0.0, "display_flow": 47.0490000000178, "display_buy_dom": 220.63905474008854, "display_sell_dom": 412.93033574496815}
RAW_MINUTE_FINALIZE {"minute": "2026-10-02T03:14:00-05:00", "raw_samples_counted": 1, "flow_already_counted": -0.23099999999976717, "canonical_flow": 1.413, "strong_residual": 0.0, "double_count": 0}
ACCUM_FINAL {"time": "2026-10-02T03:14:00-05:00", "source": "RAW_ONLY", "net": 1.413, "oi_add": 11.729000000006636, "control": "CONTROL LIMIT SELL", "strength": 1.0, "flow_final": 1.413, "buy_dom_final": 0.0, "sell_dom_final": 11.729, "double_count": 0}
RAW_ACCUM {"time": "2026-10-02 03:17:18.334000-05:00", "dOI": 52.33299999999872, "pctl": 99.01373723141951, "control": "CONTROL MARKET BUY", "strength": 1.0, "flow_delta": 52.33299999999872, "buy_dom_delta": 52.33299999999872, "sell_dom_delta": 0.0, "display_flow": 101.02600000001628, "display_buy_dom": 272.9720547400873, "display_sell_dom": 424.65933574496813}
RAW_ACCUM {"time": "2026-10-02 03:17:21.673000-05:00", "dOI": -28.177999999999884, "pctl": 98.94366197183099, "control": "CONTROL MARKET BUY", "strength": 1.0, "flow_delta": -28.177999999999884, "buy_dom_delta": 0.0, "sell_dom_delta": 0.0, "display_flow": 72.8480000000164, "display_buy_dom": 272.9720547400873, "display_sell_dom": 424.65933574496813}
RAW_ACCUM {"time": "2026-10-02 03:17:27.365000-05:00", "dOI": 66.80599999999686, "pctl": 99.36619718309859, "control": "CONTROL MARKET BUY", "strength": 1.0, "flow_delta": 66.80599999999686, "buy_dom_delta": 66.80599999999686, "sell_dom_delta": 0.0, "display_flow": 139.65400000001327, "display_buy_dom": 339.77805474008414, "display_sell_dom": 424.65933574496813}
RAW_ACCUM {"time": "2026-10-02 03:17:29.638000-05:00", "dOI": 1.070000000006985, "pctl": 99.17053749170537, "control": "CONTROL MARKET BUY", "strength": 1.0, "flow_delta": 1.070000000006985, "buy_dom_delta": 1.070000000006985, "sell_dom_delta": 0.0, "display_flow": 140.72400000002025, "display_buy_dom": 340.84805474009113, "display_sell_dom": 424.65933574496813}
RAW_ACCUM {"time": "2026-10-02 03:17:38.059000-05:00", "dOI": 31.403999999994994, "pctl": 99.30325149303252, "control": "CONTROL MARKET BUY", "strength": 1.0, "flow_delta": 31.403999999994994, "buy_dom_delta": 31.403999999994994, "sell_dom_delta": 0.0, "display_flow": 172.12800000001525, "display_buy_dom": 372.2520547400861, "display_sell_dom": 424.65933574496813}
RAW_ACCUM {"time": "2026-10-02 03:17:43.443000-05:00", "dOI": -8.171000000002095, "pctl": 99.17053749170537, "control": "CONTROL MARKET BUY", "strength": 1.0, "flow_delta": -8.171000000002095, "buy_dom_delta": 0.0, "sell_dom_delta": 0.0, "display_flow": 163.95700000001315, "display_buy_dom": 372.2520547400861, "display_sell_dom": 424.65933574496813}
RAW_ACCUM {"time": "2026-10-02 03:17:45.945000-05:00", "dOI": 1.9550000000017462, "pctl": 99.17053749170537, "control": "CONTROL MARKET BUY", "strength": 1.0, "flow_delta": 1.9550000000017462, "buy_dom_delta": 1.9550000000017462, "sell_dom_delta": 0.0, "display_flow": 165.9120000000149, "display_buy_dom": 374.20705474008787, "display_sell_dom": 424.65933574496813}
RAW_MINUTE_FINALIZE {"minute": "2026-10-02T03:17:00-05:00", "raw_samples_counted": 7, "flow_already_counted": 117.21899999999732, "canonical_flow": 144.798, "strong_residual": 0.0, "double_count": 0}
ACCUM_FINAL {"time": "2026-10-02T03:17:00-05:00", "source": "RAW_ONLY", "net": 144.798, "oi_add": 192.6590000000142, "control": "CONTROL MARKET BUY", "strength": 1.0, "flow_final": 144.798, "buy_dom_final": 192.659, "sell_dom_final": 0.0, "double_count": 0}
RAW_ACCUM {"time": "2026-10-02 03:18:01.914000-05:00", "dOI": 1.3070000000006985, "pctl": 98.73879853966146, "control": "CONTROL MARKET BUY", "strength": 1.0, "flow_delta": 1.3070000000006985, "buy_dom_delta": 1.3070000000006985, "sell_dom_delta": 0.0, "display_flow": 194.79800000001828, "display_buy_dom": 414.60505474008926, "display_sell_dom": 424.65933574496813}
RAW_ACCUM {"time": "2026-10-02 03:18:06.156000-05:00", "dOI": 0.47400000000197906, "pctl": 98.73879853966146, "control": "CONTROL MARKET BUY", "strength": 1.0, "flow_delta": 0.47400000000197906, "buy_dom_delta": 0.47400000000197906, "sell_dom_delta": 0.0, "display_flow": 195.27200000002026, "display_buy_dom": 415.07905474009124, "display_sell_dom": 424.65933574496813}
RAW_ACCUM {"time": "2026-10-02 03:18:12.736000-05:00", "dOI": 10.485000000000582, "pctl": 98.63923000331896, "control": "CONTROL LIMIT SELL", "strength": 1.0, "flow_delta": 10.485000000000582, "buy_dom_delta": 0.0, "sell_dom_delta": 10.485000000000582, "display_flow": 205.75700000002084, "display_buy_dom": 415.07905474009124, "display_sell_dom": 435.1443357449687}
RAW_ACCUM {"time": "2026-10-02 03:18:16.987000-05:00", "dOI": -1.2119999999995343, "pctl": 98.6728599867286, "control": "CONTROL LIMIT SELL", "strength": 1.0, "flow_delta": -1.2119999999995343, "buy_dom_delta": 0.0, "sell_dom_delta": 0.0, "display_flow": 204.5450000000213, "display_buy_dom": 415.07905474009124, "display_sell_dom": 435.1443357449687}
RAW_ACCUM {"time": "2026-10-02 03:18:20.908000-05:00", "dOI": -1.2890000000043074, "pctl": 97.71068347710683, "control": "CONTROL MARKET BUY", "strength": 0.7737281950782157, "flow_delta": -1.2890000000043074, "buy_dom_delta": 0.0, "sell_dom_delta": 0.0, "display_flow": 203.256000000017, "display_buy_dom": 415.07905474009124, "display_sell_dom": 435.1443357449687}
RAW_ACCUM {"time": "2026-10-02 03:21:25.902000-05:00", "dOI": 38.88999999999942, "pctl": 99.0546218487395, "control": "CONTROL MARKET BUY", "strength": 1.0, "flow_delta": 38.88999999999942, "buy_dom_delta": 38.88999999999942, "sell_dom_delta": 0.0, "display_flow": 242.14600000001641, "display_buy_dom": 453.96905474009066, "display_sell_dom": 435.1443357449687}
RAW_MINUTE_FINALIZE {"minute": "2026-10-02T03:21:00-05:00", "raw_samples_counted": 1, "flow_already_counted": 38.88999999999942, "canonical_flow": 38.777, "strong_residual": 0.0, "double_count": 0}
ACCUM_FINAL {"time": "2026-10-02T03:21:00-05:00", "source": "RAW_ONLY", "net": 38.777, "oi_add": 63.59999999999127, "control": "CONTROL MARKET SELL", "strength": 0.55993902, "flow_final": 38.777, "buy_dom_final": 0.0, "sell_dom_final": 35.612121672, "double_count": 0}
RAW_ACCUM {"time": "2026-10-02 03:23:48.251000-05:00", "dOI": -25.66799999999057, "pctl": 98.8815099615519, "control": "CONTROL MARKET SELL", "strength": 0.6611266673655227, "flow_delta": -25.66799999999057, "buy_dom_delta": 0.0, "sell_dom_delta": 0.0, "display_flow": 216.36500000002644, "display_buy_dom": 415.07905474009124, "display_sell_dom": 470.7564574169687}
RAW_MINUTE_FINALIZE {"minute": "2026-10-02T03:23:00-05:00", "raw_samples_counted": 1, "flow_already_counted": -25.66799999999057, "canonical_flow": -61.302, "strong_residual": 0.0, "double_count": 0}
ACCUM_FINAL {"time": "2026-10-02T03:23:00-05:00", "source": "RAW_ONLY", "net": -61.302, "oi_add": 16.63300000001618, "control": "CONTROL MARKET SELL", "strength": 0.65158263, "flow_final": -61.302, "buy_dom_final": 0.0, "sell_dom_final": 10.83777388479, "double_count": 0}
RAW_ACCUM {"time": "2026-10-02 03:25:11.130000-05:00", "dOI": -13.822000000000116, "pctl": 99.26675977653632, "control": "CONTROL MARKET BUY", "strength": 0.8839918156702211, "flow_delta": -13.822000000000116, "buy_dom_delta": 0.0, "sell_dom_delta": 0.0, "display_flow": 166.9090000000169, "display_buy_dom": 415.07905474009124, "display_sell_dom": 481.5942313017587}
RAW_MINUTE_FINALIZE {"minute": "2026-10-02T03:25:00-05:00", "raw_samples_counted": 1, "flow_already_counted": -13.822000000000116, "canonical_flow": -20.684, "strong_residual": 0.0, "double_count": 0}
ACCUM_FINAL {"time": "2026-10-02T03:25:00-05:00", "source": "RAW_ONLY", "net": -20.684, "oi_add": 4.4280000000144355, "control": "CONTROL LIMIT SELL", "strength": 0.77818874, "flow_final": -20.684, "buy_dom_final": 0.0, "sell_dom_final": 3.44581974072, "double_count": 0}
RAW_MINUTE_FINALIZE {"minute": "2026-10-02T03:38:00-05:00", "raw_samples_counted": 0, "flow_already_counted": 0.0, "canonical_flow": 50.753, "strong_residual": 0.0, "double_count": 0}
ACCUM_FINAL {"time": "2026-10-02T03:38:00-05:00", "source": "RAW_ONLY", "net": 50.753, "oi_add": 57.663000000000466, "control": "CONTROL MARKET SELL", "strength": 1.0, "flow_final": 50.753, "buy_dom_final": 0.0, "sell_dom_final": 57.663, "double_count": 0}
RAW_ACCUM {"time": "2026-10-02 03:48:25.124000-05:00", "dOI": -20.55000000000291, "pctl": 98.47302341364099, "control": "CONTROL MARKET SELL", "strength": 0.6660427966971206, "flow_delta": -20.55000000000291, "buy_dom_delta": 0.0, "sell_dom_delta": 0.0, "display_flow": 190.2500000000141, "display_buy_dom": 415.07905474009124, "display_sell_dom": 542.7030510424788}
RAW_MINUTE_FINALIZE {"minute": "2026-10-02T03:48:00-05:00", "raw_samples_counted": 1, "flow_already_counted": -20.55000000000291, "canonical_flow": -3.494, "strong_residual": 0.0, "double_count": 0}
ACCUM_FINAL {"time": "2026-10-02T03:48:00-05:00", "source": "RAW_ONLY", "net": -3.494, "oi_add": 17.937999999994645, "control": "CONTROL MARKET SELL", "strength": 0.720278, "flow_final": -3.494, "buy_dom_final": 0.0, "sell_dom_final": 12.920346763999998, "double_count": 0}
RAW_ACCUM {"time": "2026-10-02 03:53:12.641000-05:00", "dOI": -11.612000000008265, "pctl": 97.63912310286678, "control": "CONTROL LIMIT BUY", "strength": 0.6962428791798481, "flow_delta": -11.612000000008265, "buy_dom_delta": 0.0, "sell_dom_delta": 0.0, "display_flow": 195.69400000000874, "display_buy_dom": 415.07905474009124, "display_sell_dom": 555.6233978064788}
RAW_MINUTE_FINALIZE {"minute": "2026-10-02T03:53:00-05:00", "raw_samples_counted": 1, "flow_already_counted": -11.612000000008265, "canonical_flow": -22.176, "strong_residual": 0.0, "double_count": 0}
ACCUM_FINAL {"time": "2026-10-02T03:53:00-05:00", "source": "RAW_ONLY", "net": -22.176, "oi_add": 5.971000000005006, "control": "CONTROL LIMIT BUY", "strength": 0.71942456, "flow_final": -22.176, "buy_dom_final": 4.29568404776, "sell_dom_final": 0.0, "double_count": 0}
COLLECTOR_OI_RESTORED path=C:\Users\miscp\OneDrive\Desktop\BTC-LRA-SCRIPTS\runtime\collector\BTC_LRA_OI_RAW.jsonl samples=6793 oldest=13:49:28 / 01.10.26 -5 newest=03:54:56 / 02.10.26 -5 span_hours=14.09 reference_ready=YES
RAW_BASELINE_RESTORED samples=6793 oldest=13:49:28 / 01.10.26 -5 newest=03:54:56 / 02.10.26 -5 span_hours=14.09 source=COLLECTOR reference_ready=YES
LIVE_ANCHOR_CHANGED from=03:55:05 / 02.10.26 -5 to=03:00:00 / 02.10.26 -5 rebuilt_until=03:55:56 / 02.10.26 -5 events=13 oi_flow=88.208000 buy_dom=424.271863 sell_dom=130.205658 provisional_current_minute=RESET
RAW_MINUTE_FINALIZE {"minute": "2026-10-02T04:00:00-05:00", "raw_samples_counted": 0, "flow_already_counted": 0.0, "canonical_flow": -2.301, "strong_residual": 0.0, "double_count": 0}
ACCUM_FINAL {"time": "2026-10-02T04:00:00-05:00", "source": "RAW_ONLY", "net": -2.301, "oi_add": 0.9290000000037253, "control": "CONTROL LIMIT BUY", "strength": 0.5578523, "flow_final": -2.301, "buy_dom_final": 0.5182447867, "sell_dom_final": 0.0, "double_count": 0}
RAW_ACCUM {"time": "2026-10-02 04:01:03.650000-05:00", "dOI": 0.0, "pctl": 98.02986971719098, "control": "CONTROL LIMIT SELL", "strength": 1.0, "flow_delta": 0.0, "buy_dom_delta": 0.0, "sell_dom_delta": 0.0, "display_flow": 85.90700000000001, "display_buy_dom": 424.79010754478, "display_sell_dom": 130.20565818149998}
RAW_ACCUM {"time": "2026-10-02 04:01:09.095000-05:00", "dOI": 0.0, "pctl": 98.02924348378895, "control": "CONTROL MARKET SELL", "strength": 1.0, "flow_delta": 0.0, "buy_dom_delta": 0.0, "sell_dom_delta": 0.0, "display_flow": 85.90700000000001, "display_buy_dom": 424.79010754478, "display_sell_dom": 130.20565818149998}
RAW_ACCUM {"time": "2026-10-02 04:08:07.100000-05:00", "dOI": 1.5679999999993015, "pctl": 99.5580808080808, "control": "CONTROL MARKET SELL", "strength": 1.0, "flow_delta": 1.5679999999993015, "buy_dom_delta": 0.0, "sell_dom_delta": 1.5679999999993015, "display_flow": 87.47499999999931, "display_buy_dom": 424.79010754478, "display_sell_dom": 131.7736581814993}
COLLECTOR_OI_RESTORED path=C:\Users\miscp\OneDrive\Desktop\BTC-LRA-SCRIPTS\runtime\collector\BTC_LRA_OI_RAW.jsonl samples=6862 oldest=13:49:28 / 01.10.26 -5 newest=04:23:44 / 02.10.26 -5 span_hours=14.57 reference_ready=YES
RAW_BASELINE_RESTORED samples=6862 oldest=13:49:28 / 01.10.26 -5 newest=04:23:44 / 02.10.26 -5 span_hours=14.57 source=COLLECTOR reference_ready=YES
LIVE_ANCHOR_CHANGED from=04:24:49 / 02.10.26 -5 to=04:04:00 / 02.10.26 -5 rebuilt_until=04:25:12 / 02.10.26 -5 events=0 oi_flow=0.000000 buy_dom=0.000000 sell_dom=0.000000 provisional_current_minute=RESET
LIVE_ANCHOR_CHANGED from=04:04:00 / 02.10.26 -5 to=03:00:00 / 02.10.26 -5 rebuilt_until=04:28:47 / 02.10.26 -5 events=13 oi_flow=85.392000 buy_dom=426.214997 sell_dom=130.205658 provisional_current_minute=RESET
RAW_MINUTE_FINALIZE {"minute": "2026-10-02T04:31:00-05:00", "raw_samples_counted": 0, "flow_already_counted": 0.0, "canonical_flow": 13.399, "strong_residual": 0.0, "double_count": 0}
ACCUM_FINAL {"time": "2026-10-02T04:31:00-05:00", "source": "RAW_ONLY", "net": 13.399, "oi_add": 24.45899999998801, "control": "CONTROL MARKET BUY", "strength": 0.65974959, "flow_final": 13.399, "buy_dom_final": 16.13681522181, "sell_dom_final": 0.0, "double_count": 0}
COLLECTOR_OI_RESTORED path=C:\Users\miscp\OneDrive\Desktop\BTC-LRA-SCRIPTS\runtime\collector\BTC_LRA_OI_RAW.jsonl samples=6915 oldest=13:49:28 / 01.10.26 -5 newest=04:41:34 / 02.10.26 -5 span_hours=14.87 reference_ready=YES
RAW_BASELINE_RESTORED samples=6915 oldest=13:49:28 / 01.10.26 -5 newest=04:41:34 / 02.10.26 -5 span_hours=14.87 source=COLLECTOR reference_ready=YES
COLLECTOR_OI_RESTORED path=C:\Users\miscp\OneDrive\Desktop\BTC-LRA-SCRIPTS\runtime\collector\BTC_LRA_OI_RAW.jsonl samples=6915 oldest=13:49:28 / 01.10.26 -5 newest=04:41:34 / 02.10.26 -5 span_hours=14.87 reference_ready=YES
RAW_BASELINE_RESTORED samples=6915 oldest=13:49:28 / 01.10.26 -5 newest=04:41:34 / 02.10.26 -5 span_hours=14.87 source=COLLECTOR reference_ready=YES
LIVE_ANCHOR_CHANGED from=04:59:01 / 02.10.26 -5 to=03:00:00 / 02.10.26 -5 rebuilt_until=04:59:46 / 02.10.26 -5 events=13 oi_flow=86.026000 buy_dom=424.684734 sell_dom=130.205658 provisional_current_minute=RESET
COLLECTOR_OI_RESTORED path=C:\Users\miscp\OneDrive\Desktop\BTC-LRA-SCRIPTS\runtime\collector\BTC_LRA_OI_RAW.jsonl samples=6915 oldest=13:49:28 / 01.10.26 -5 newest=04:41:34 / 02.10.26 -5 span_hours=14.87 reference_ready=YES
RAW_BASELINE_RESTORED samples=6915 oldest=13:49:28 / 01.10.26 -5 newest=04:41:34 / 02.10.26 -5 span_hours=14.87 source=COLLECTOR reference_ready=YES
COLLECTOR_OI_RESTORED path=C:\Users\miscp\OneDrive\Desktop\BTC-LRA-SCRIPTS\runtime\collector\BTC_LRA_OI_RAW.jsonl samples=6915 oldest=13:49:28 / 01.10.26 -5 newest=04:41:34 / 02.10.26 -5 span_hours=14.87 reference_ready=YES
RAW_BASELINE_RESTORED samples=6915 oldest=13:49:28 / 01.10.26 -5 newest=04:41:34 / 02.10.26 -5 span_hours=14.87 source=COLLECTOR reference_ready=YES
LIVE_ANCHOR_CHANGED from=05:02:44 / 02.10.26 -5 to=04:00:00 / 02.10.26 -5 rebuilt_until=05:03:53 / 02.10.26 -5 events=0 oi_flow=0.000000 buy_dom=0.000000 sell_dom=0.000000 provisional_current_minute=RESET
COLLECTOR_OI_RESTORED path=C:\Users\miscp\OneDrive\Desktop\BTC-LRA-SCRIPTS\runtime\collector\BTC_LRA_OI_RAW.jsonl samples=6915 oldest=13:49:28 / 01.10.26 -5 newest=04:41:34 / 02.10.26 -5 span_hours=14.87 reference_ready=YES
RAW_BASELINE_RESTORED samples=6915 oldest=13:49:28 / 01.10.26 -5 newest=04:41:34 / 02.10.26 -5 span_hours=14.87 source=COLLECTOR reference_ready=YES
LIVE_ANCHOR_CHANGED from=05:08:01 / 02.10.26 -5 to=03:00:00 / 02.10.26 -5 rebuilt_until=05:08:12 / 02.10.26 -5 events=13 oi_flow=86.026000 buy_dom=424.684734 sell_dom=130.205658 provisional_current_minute=RESET
COLLECTOR_OI_RESTORED path=C:\Users\miscp\OneDrive\Desktop\BTC-LRA-SCRIPTS\runtime\collector\BTC_LRA_OI_RAW.jsonl samples=6915 oldest=13:49:28 / 01.10.26 -5 newest=04:41:34 / 02.10.26 -5 span_hours=14.87 reference_ready=YES
RAW_BASELINE_RESTORED samples=6915 oldest=13:49:28 / 01.10.26 -5 newest=04:41:34 / 02.10.26 -5 span_hours=14.87 source=COLLECTOR reference_ready=YES
LIVE_ANCHOR_CHANGED from=05:16:57 / 02.10.26 -5 to=03:00:00 / 02.10.26 -5 rebuilt_until=05:24:48 / 02.10.26 -5 events=13 oi_flow=86.026000 buy_dom=424.684734 sell_dom=130.205658 provisional_current_minute=RESET
COLLECTOR_OI_RESTORED path=C:\Users\miscp\OneDrive\Desktop\BTC-LRA-SCRIPTS\runtime\collector\BTC_LRA_OI_RAW.jsonl samples=6915 oldest=13:49:28 / 01.10.26 -5 newest=04:41:34 / 02.10.26 -5 span_hours=14.87 reference_ready=YES
RAW_BASELINE_RESTORED samples=6915 oldest=13:49:28 / 01.10.26 -5 newest=04:41:34 / 02.10.26 -5 span_hours=14.87 source=COLLECTOR reference_ready=YES
COLLECTOR_OI_RESTORED path=C:\Users\miscp\OneDrive\Desktop\BTC-LRA-SCRIPTS\runtime\collector\BTC_LRA_OI_RAW.jsonl samples=6915 oldest=13:49:28 / 01.10.26 -5 newest=04:41:34 / 02.10.26 -5 span_hours=14.87 reference_ready=YES
RAW_BASELINE_RESTORED samples=6915 oldest=13:49:28 / 01.10.26 -5 newest=04:41:34 / 02.10.26 -5 span_hours=14.87 source=COLLECTOR reference_ready=YES
LIVE_ANCHOR_CHANGED from=12:09:45 / 02.10.26 -5 to=10:00:00 / 02.10.26 -5 rebuilt_until=12:10:03 / 02.10.26 -5 events=0 oi_flow=0.000000 buy_dom=0.000000 sell_dom=0.000000 provisional_current_minute=RESET
LIVE_ANCHOR_REJECTED requested='08:88' reason=unconverted data remains: 8
COLLECTOR_OI_RESTORED path=C:\Users\miscp\OneDrive\Desktop\BTC-LRA-SCRIPTS\runtime\collector\BTC_LRA_OI_RAW.jsonl samples=6915 oldest=13:49:28 / 01.10.26 -5 newest=04:41:34 / 02.10.26 -5 span_hours=14.87 reference_ready=YES
RAW_BASELINE_RESTORED samples=6915 oldest=13:49:28 / 01.10.26 -5 newest=04:41:34 / 02.10.26 -5 span_hours=14.87 source=COLLECTOR reference_ready=YES
COLLECTOR_OI_RESTORED path=C:\Users\miscp\OneDrive\Desktop\BTC-LRA-SCRIPTS\runtime\collector\BTC_LRA_OI_RAW.jsonl samples=6931 oldest=13:49:28 / 01.10.26 -5 newest=12:19:36 / 02.10.26 -5 span_hours=22.50 reference_ready=YES
RAW_BASELINE_RESTORED samples=6931 oldest=13:49:28 / 01.10.26 -5 newest=12:19:36 / 02.10.26 -5 span_hours=22.50 source=COLLECTOR reference_ready=YES
PRE_RELEASE_DEPTH {"side": "SELL", "status": "HELD", "price": 84861.4, "initial_qty": 21.696, "current_qty": 21.696, "remaining_pct": 100.0, "min_distance": 0.04999999998835847, "age_sec": 0.0, "time": "2026-10-02 12:20:20.947000-05:00"}
PRE_RELEASE_DEPTH {"side": "SELL", "status": "BROKEN", "price": 84861.4, "initial_qty": 21.696, "current_qty": 21.696, "remaining_pct": 100.0, "min_distance": 0.04999999998835847, "age_sec": 0.0, "time": "2026-10-02 12:20:26.700000-05:00"}
PRE_RELEASE_DEPTH {"side": "SELL", "status": "HELD", "price": 84838.4, "initial_qty": 20.393, "current_qty": 20.393, "remaining_pct": 100.0, "min_distance": 0.04999999998835847, "age_sec": 0.0, "time": "2026-10-02 12:23:49.396000-05:00"}
PRE_RELEASE_DEPTH {"side": "SELL", "status": "PULLED", "price": 84838.4, "initial_qty": 20.393, "current_qty": 20.393, "remaining_pct": 100.0, "min_distance": 0.04999999998835847, "age_sec": 0.0, "time": "2026-10-02 12:23:52.784000-05:00"}
PRE_RELEASE_DEPTH {"side": "SELL", "status": "NEAR", "price": 84679.8, "initial_qty": 22.008, "current_qty": 22.008, "remaining_pct": 100.0, "min_distance": 17.60000000000582, "age_sec": 0.0, "time": "2026-10-02 12:24:51.642000-05:00"}
RAW_MINUTE_FINALIZE {"minute": "2026-10-02T12:24:00-05:00", "raw_samples_counted": 0, "flow_already_counted": 0.0, "canonical_flow": 62.03199999999197, "strong_residual": 62.03199999999197, "double_count": 0}
ACCUM_FINAL {"time": "2026-10-02T12:24:00-05:00", "source": "STRONG", "net": 62.03199999999197, "oi_add": 89.81500000000233, "control": "CONTROL UNCLEAR", "strength": 0.0, "flow_final": 62.03199999999197, "buy_dom_final": 0.0, "sell_dom_final": 0.0, "double_count": 0}
PRE_RELEASE_DEPTH {"side": "SELL", "status": "PULLED", "price": 84679.8, "initial_qty": 22.008, "current_qty": 22.008, "remaining_pct": 100.0, "min_distance": 17.60000000000582, "age_sec": 0.0, "time": "2026-10-02 12:25:02.761000-05:00"}
PRE_RELEASE_DEPTH {"side": "SELL", "status": "HELD", "price": 84661.5, "initial_qty": 46.51, "current_qty": 46.51, "remaining_pct": 100.0, "min_distance": 0.05000000000291038, "age_sec": 0.0, "time": "2026-10-02 12:28:36.372000-05:00"}
PRE_RELEASE_DEPTH {"side": "SELL", "status": "PULLED", "price": 84661.5, "initial_qty": 46.51, "current_qty": 47.596, "remaining_pct": 102.33498172436035, "min_distance": 0.05000000000291038, "age_sec": 6.18, "time": "2026-10-02 12:28:47.911000-05:00"}
PRE_RELEASE_DEPTH {"side": "BUY", "status": "NEAR", "price": 84550.0, "initial_qty": 25.378, "current_qty": 25.378, "remaining_pct": 100.0, "min_distance": 13.55000000000291, "age_sec": 0.0, "time": "2026-10-02 12:30:25.958000-05:00"}
PRE_RELEASE_DEPTH {"side": "BUY", "status": "PULLED", "price": 84550.0, "initial_qty": 25.378, "current_qty": 25.378, "remaining_pct": 100.0, "min_distance": 13.55000000000291, "age_sec": 0.0, "time": "2026-10-02 12:30:29.515000-05:00"}
COLLECTOR_OI_RESTORED path=C:\Users\miscp\OneDrive\Desktop\BTC-LRA-SCRIPTS\runtime\collector\BTC_LRA_OI_RAW.jsonl samples=7059 oldest=13:49:28 / 01.10.26 -5 newest=12:30:47 / 02.10.26 -5 span_hours=22.69 reference_ready=YES
RAW_BASELINE_RESTORED samples=7059 oldest=13:49:28 / 01.10.26 -5 newest=12:30:47 / 02.10.26 -5 span_hours=22.69 source=COLLECTOR reference_ready=YES
RAW_ACCUM {"time": "2026-10-02 12:48:07.231000-05:00", "dOI": -8.569000000003143, "pctl": 100.0, "control": "CONTROL MARKET SELL", "strength": 1.0, "flow_delta": -8.569000000003143, "buy_dom_delta": 0.0, "sell_dom_delta": 0.0, "display_flow": -8.569000000003143, "display_buy_dom": 0.0, "display_sell_dom": 0.0}
RAW_ACCUM {"time": "2026-10-02 12:48:18.871000-05:00", "dOI": 0.40899999999965075, "pctl": 100.0, "control": "CONTROL MARKET SELL", "strength": 1.0, "flow_delta": 0.40899999999965075, "buy_dom_delta": 0.0, "sell_dom_delta": 0.40899999999965075, "display_flow": -8.160000000003492, "display_buy_dom": 0.0, "display_sell_dom": 0.40899999999965075}
RAW_ACCUM {"time": "2026-10-02 12:48:24.420000-05:00", "dOI": 0.3919999999925494, "pctl": 100.0, "control": "CONTROL LIMIT BUY", "strength": 1.0, "flow_delta": 0.3919999999925494, "buy_dom_delta": 0.3919999999925494, "sell_dom_delta": 0.0, "display_flow": -7.768000000010943, "display_buy_dom": 0.3919999999925494, "display_sell_dom": 0.40899999999965075}
RAW_ACCUM {"time": "2026-10-02 12:48:29.921000-05:00", "dOI": -0.39999999999417923, "pctl": 100.0, "control": "CONTROL LIMIT BUY", "strength": 1.0, "flow_delta": -0.39999999999417923, "buy_dom_delta": 0.0, "sell_dom_delta": 0.0, "display_flow": -8.168000000005122, "display_buy_dom": 0.3919999999925494, "display_sell_dom": 0.40899999999965075}
RAW_ACCUM {"time": "2026-10-02 12:48:37.880000-05:00", "dOI": -1.879000000000815, "pctl": 100.0, "control": "CONTROL LIMIT BUY", "strength": 1.0, "flow_delta": -1.879000000000815, "buy_dom_delta": 0.0, "sell_dom_delta": 0.0, "display_flow": -10.047000000005937, "display_buy_dom": 0.3919999999925494, "display_sell_dom": 0.40899999999965075}
PRE_RELEASE_DEPTH {"side": "BUY", "status": "HELD", "price": 84642.8, "initial_qty": 54.759, "current_qty": 54.759, "remaining_pct": 100.0, "min_distance": 9.94999999999709, "age_sec": 0.0, "time": "2026-10-02 12:48:48.509000-05:00"}
PRE_RELEASE_DEPTH {"side": "BUY", "status": "PULLED", "price": 84642.8, "initial_qty": 54.759, "current_qty": 54.759, "remaining_pct": 100.0, "min_distance": 9.94999999999709, "age_sec": 0.0, "time": "2026-10-02 12:48:54.242000-05:00"}
PRE_RELEASE_DEPTH {"side": "BUY", "status": "HELD", "price": 84650.0, "initial_qty": 21.09, "current_qty": 21.09, "remaining_pct": 100.0, "min_distance": 7.05000000000291, "age_sec": 0.0, "time": "2026-10-02 12:49:26.565000-05:00"}
PRE_RELEASE_DEPTH {"side": "BUY", "status": "PULLED", "price": 84650.0, "initial_qty": 21.09, "current_qty": 21.032, "remaining_pct": 99.72498814604079, "min_distance": 7.05000000000291, "age_sec": 4.941, "time": "2026-10-02 12:49:35.845000-05:00"}
RAW_ACCUM {"time": "2026-10-02 12:49:43.007000-05:00", "dOI": 57.229999999995925, "pctl": 100.0, "control": "CONTROL LIMIT SELL", "strength": 0.6457225356705056, "flow_delta": 57.229999999995925, "buy_dom_delta": 0.0, "sell_dom_delta": 36.954700716420405, "display_flow": 47.18299999998999, "display_buy_dom": 0.3919999999925494, "display_sell_dom": 37.363700716420055}
RAW_MINUTE_FINALIZE {"minute": "2026-10-02T12:49:00-05:00", "raw_samples_counted": 1, "flow_already_counted": 57.229999999995925, "canonical_flow": 43.757, "strong_residual": 0.0, "double_count": 0}
ACCUM_FINAL {"time": "2026-10-02T12:49:00-05:00", "source": "RAW_ONLY", "net": 43.757, "oi_add": 60.970000000001164, "control": "CONTROL MARKET BUY", "strength": 0.55979176, "flow_final": 43.757, "buy_dom_final": 34.1305036072, "sell_dom_final": 0.0, "double_count": 0}
RAW_ACCUM {"time": "2026-10-02 12:50:14.374000-05:00", "dOI": 216.0619999999908, "pctl": 100.0, "control": "CONTROL MARKET SELL", "strength": 1.0, "flow_delta": 216.0619999999908, "buy_dom_delta": 0.0, "sell_dom_delta": 216.0619999999908, "display_flow": 249.77199999998487, "display_buy_dom": 34.52250360719255, "display_sell_dom": 216.47099999999045}
RAW_ACCUM {"time": "2026-10-02 12:50:19.703000-05:00", "dOI": -14.635999999998603, "pctl": 100.0, "control": "CONTROL LIMIT SELL", "strength": 0.6058405827878863, "flow_delta": -14.635999999998603, "buy_dom_delta": 0.0, "sell_dom_delta": 0.0, "display_flow": 235.13599999998627, "display_buy_dom": 34.52250360719255, "display_sell_dom": 216.47099999999045}
RAW_ACCUM {"time": "2026-10-02 12:50:25.596000-05:00", "dOI": -5.063999999998487, "pctl": 100.0, "control": "CONTROL LIMIT SELL", "strength": 0.6058405827878863, "flow_delta": -5.063999999998487, "buy_dom_delta": 0.0, "sell_dom_delta": 0.0, "display_flow": 230.07199999998778, "display_buy_dom": 34.52250360719255, "display_sell_dom": 216.47099999999045}
PRE_RELEASE_DEPTH {"side": "BUY", "status": "HELD", "price": 84752.3, "initial_qty": 23.038, "current_qty": 23.038, "remaining_pct": 100.0, "min_distance": 0.05000000000291038, "age_sec": 0.0, "time": "2026-10-02 12:50:25.596000-05:00"}
PRE_RELEASE_STATE {"state": "BUY_WATCH", "previous_state": "NEUTRAL", "time": "2026-10-02 12:50:25.596000-05:00", "price": 84752.3, "side": "BUY", "pctl": 100.0, "peak_type": null, "doi": -5.063999999998487, "oi_flow": "CONTRACTION", "aggr_mag": 198.30200000000002, "aggr_share": 63.753703683153375, "control": "CONTROL LIMIT SELL", "eff_ratio": 0.3941594172121137, "absorption_ratio": 0.6058405827878863, "depth_ratio": 5.819044393446428, "depth_level": {"first_seen": "2026-10-02 12:50:25.596000-05:00", "price": 84752.3, "initial_size": 23.038, "min_size": 23.038, "last_size": 23.038, "distance": 0.05000000000291038, "min_distance": 0.05000000000291038, "age_sec": 0.0, "tested": true, "held": true, "status": "HELD"}}
RAW_ACCUM {"time": "2026-10-02 12:50:31.091000-05:00", "dOI": -6.457999999998719, "pctl": 100.0, "control": "CONTROL LIMIT SELL", "strength": 0.5691998394042161, "flow_delta": -6.457999999998719, "buy_dom_delta": 0.0, "sell_dom_delta": 0.0, "display_flow": 223.61399999998906, "display_buy_dom": 34.52250360719255, "display_sell_dom": 216.47099999999045}
PRE_RELEASE_DEPTH {"side": "BUY", "status": "PULLED", "price": 84752.3, "initial_qty": 23.038, "current_qty": 23.038, "remaining_pct": 100.0, "min_distance": 0.05000000000291038, "age_sec": 0.0, "time": "2026-10-02 12:50:31.091000-05:00"}
RAW_ACCUM {"time": "2026-10-02 12:50:35.640000-05:00", "dOI": 3.735000000000582, "pctl": 100.0, "control": "CONTROL LIMIT SELL", "strength": 0.615429054101605, "flow_delta": 3.735000000000582, "buy_dom_delta": 0.0, "sell_dom_delta": 2.298627517069853, "display_flow": 227.34899999998964, "display_buy_dom": 34.52250360719255, "display_sell_dom": 218.76962751706031}
RAW_ACCUM {"time": "2026-10-02 12:50:41.072000-05:00", "dOI": -4.504000000000815, "pctl": 100.0, "control": "CONTROL LIMIT SELL", "strength": 1.0, "flow_delta": -4.504000000000815, "buy_dom_delta": 0.0, "sell_dom_delta": 0.0, "display_flow": 222.84499999998883, "display_buy_dom": 34.52250360719255, "display_sell_dom": 218.76962751706031}
PRE_RELEASE_STATE {"state": "CANCEL", "previous_state": "BUY_WATCH", "time": "2026-10-02 12:50:41.072000-05:00", "side": "BUY", "price": 84673.3, "pctl": 100.0, "oi_flow": "CONTRACTION", "control": "CONTROL LIMIT SELL"}
RAW_ACCUM {"time": "2026-10-02 12:50:48.335000-05:00", "dOI": -5.823000000003958, "pctl": 100.0, "control": "CONTROL LIMIT SELL", "strength": 1.0, "flow_delta": -5.823000000003958, "buy_dom_delta": 0.0, "sell_dom_delta": 0.0, "display_flow": 217.02199999998487, "display_buy_dom": 34.52250360719255, "display_sell_dom": 218.76962751706031}
RAW_ACCUM {"time": "2026-10-02 12:50:53.594000-05:00", "dOI": 1.3740000000107102, "pctl": 100.0, "control": "CONTROL LIMIT SELL", "strength": 1.0, "flow_delta": 1.3740000000107102, "buy_dom_delta": 0.0, "sell_dom_delta": 1.3740000000107102, "display_flow": 218.39599999999558, "display_buy_dom": 34.52250360719255, "display_sell_dom": 220.14362751707102}
RAW_MINUTE_FINALIZE {"minute": "2026-10-02T12:50:00-05:00", "raw_samples_counted": 8, "flow_already_counted": 184.6860000000015, "canonical_flow": 184.6860000000015, "strong_residual": 0.0, "double_count": 0}
ACCUM_FINAL {"time": "2026-10-02T12:50:00-05:00", "source": "STRONG+RAW", "net": 184.6860000000015, "oi_add": 221.1710000000021, "control": "CONTROL LIMIT SELL", "strength": 1.0, "flow_final": 184.6860000000015, "buy_dom_final": 0.0, "sell_dom_final": 221.1710000000021, "double_count": 0}
RAW_ACCUM {"time": "2026-10-02 12:51:00.099000-05:00", "dOI": -2.099000000001979, "pctl": 100.0, "control": "CONTROL MARKET SELL", "strength": 1.0, "flow_delta": -2.099000000001979, "buy_dom_delta": 0.0, "sell_dom_delta": 0.0, "display_flow": 216.2969999999936, "display_buy_dom": 34.52250360719255, "display_sell_dom": 221.58000000000175}
RAW_ACCUM {"time": "2026-10-02 12:51:05.773000-05:00", "dOI": 2.30899999999383, "pctl": 100.0, "control": "CONTROL LIMIT SELL", "strength": 1.0, "flow_delta": 2.30899999999383, "buy_dom_delta": 0.0, "sell_dom_delta": 2.30899999999383, "display_flow": 218.60599999998743, "display_buy_dom": 34.52250360719255, "display_sell_dom": 223.88899999999558}
RAW_ACCUM {"time": "2026-10-02 12:51:09.566000-05:00", "dOI": -1.6860000000015134, "pctl": 100.0, "control": "CONTROL LIMIT SELL", "strength": 1.0, "flow_delta": -1.6860000000015134, "buy_dom_delta": 0.0, "sell_dom_delta": 0.0, "display_flow": 216.91999999998592, "display_buy_dom": 34.52250360719255, "display_sell_dom": 223.88899999999558}
PRE_RELEASE_DEPTH {"side": "BUY", "status": "HELD", "price": 84714.8, "initial_qty": 23.884, "current_qty": 23.884, "remaining_pct": 100.0, "min_distance": 0.05000000000291038, "age_sec": 0.0, "time": "2026-10-02 12:51:28.367000-05:00"}
PRE_RELEASE_DEPTH {"side": "BUY", "status": "PULLED", "price": 84714.8, "initial_qty": 23.884, "current_qty": 23.884, "remaining_pct": 100.0, "min_distance": 0.05000000000291038, "age_sec": 0.0, "time": "2026-10-02 12:51:34.174000-05:00"}
RAW_MINUTE_FINALIZE {"minute": "2026-10-02T12:51:00-05:00", "raw_samples_counted": 3, "flow_already_counted": -1.4760000000096625, "canonical_flow": 3.767, "strong_residual": 0.0, "double_count": 0}
ACCUM_FINAL {"time": "2026-10-02T12:51:00-05:00", "source": "RAW_ONLY", "net": 3.767, "oi_add": 14.709000000002561, "control": "CONTROL MARKET BUY", "strength": 1.0, "flow_final": 3.767, "buy_dom_final": 14.709, "sell_dom_final": 0.0, "double_count": 0}
RAW_MINUTE_FINALIZE {"minute": "2026-10-02T12:52:00-05:00", "raw_samples_counted": 0, "flow_already_counted": 0.0, "canonical_flow": 11.841, "strong_residual": 0.0, "double_count": 0}
ACCUM_FINAL {"time": "2026-10-02T12:52:00-05:00", "source": "RAW_ONLY", "net": 11.841, "oi_add": 25.530000000013388, "control": "CONTROL LIMIT SELL", "strength": 1.0, "flow_final": 11.841, "buy_dom_final": 0.0, "sell_dom_final": 25.53, "double_count": 0}
PRE_RELEASE_DEPTH {"side": "SELL", "status": "HELD", "price": 84732.5, "initial_qty": 26.675, "current_qty": 26.675, "remaining_pct": 100.0, "min_distance": 0.05000000000291038, "age_sec": 0.0, "time": "2026-10-02 12:54:04.322000-05:00"}
PRE_RELEASE_DEPTH {"side": "SELL", "status": "PULLED", "price": 84732.5, "initial_qty": 26.675, "current_qty": 26.675, "remaining_pct": 100.0, "min_distance": 0.05000000000291038, "age_sec": 0.0, "time": "2026-10-02 12:54:10.120000-05:00"}
PRE_RELEASE_DEPTH {"side": "BUY", "status": "HELD", "price": 84736.8, "initial_qty": 20.313, "current_qty": 20.313, "remaining_pct": 100.0, "min_distance": 0.05000000000291038, "age_sec": 0.0, "time": "2026-10-02 12:57:07.465000-05:00"}
PRE_RELEASE_DEPTH {"side": "BUY", "status": "PULLED", "price": 84736.8, "initial_qty": 20.313, "current_qty": 20.313, "remaining_pct": 100.0, "min_distance": 0.05000000000291038, "age_sec": 0.0, "time": "2026-10-02 12:59:05.216000-05:00"}
PRE_RELEASE_DEPTH {"side": "BUY", "status": "HELD", "price": 84785.6, "initial_qty": 23.311, "current_qty": 23.311, "remaining_pct": 100.0, "min_distance": 0.04999999998835847, "age_sec": 0.0, "time": "2026-10-02 13:00:26.266000-05:00"}
PRE_RELEASE_DEPTH {"side": "BUY", "status": "PULLED", "price": 84785.6, "initial_qty": 23.311, "current_qty": 23.311, "remaining_pct": 100.0, "min_distance": 0.04999999998835847, "age_sec": 0.0, "time": "2026-10-02 13:00:31.501000-05:00"}
PRE_RELEASE_DEPTH {"side": "BUY", "status": "HELD", "price": 84811.0, "initial_qty": 20.687, "current_qty": 20.687, "remaining_pct": 100.0, "min_distance": 0.05000000000291038, "age_sec": 0.0, "time": "2026-10-02 13:04:21.877000-05:00"}
PRE_RELEASE_DEPTH {"side": "BUY", "status": "PULLED", "price": 84811.0, "initial_qty": 20.687, "current_qty": 20.687, "remaining_pct": 100.0, "min_distance": 0.05000000000291038, "age_sec": 0.0, "time": "2026-10-02 13:04:26.263000-05:00"}
PRE_RELEASE_DEPTH {"side": "SELL", "status": "HELD", "price": 84801.2, "initial_qty": 128.324, "current_qty": 128.324, "remaining_pct": 100.0, "min_distance": 1.75, "age_sec": 0.0, "time": "2026-10-02 13:06:35.931000-05:00"}
PRE_RELEASE_DEPTH {"side": "SELL", "status": "PULLED", "price": 84801.2, "initial_qty": 128.324, "current_qty": 128.324, "remaining_pct": 100.0, "min_distance": 1.75, "age_sec": 0.0, "time": "2026-10-02 13:06:39.790000-05:00"}
RAW_ACCUM {"time": "2026-10-02 13:06:55.851000-05:00", "dOI": 135.04800000000978, "pctl": 100.0, "control": "CONTROL LIMIT SELL", "strength": 0.88238997443508, "flow_delta": 135.04800000000978, "buy_dom_delta": 0.0, "sell_dom_delta": 119.16500126751733, "display_flow": 369.05200000000536, "display_buy_dom": 49.23150360719255, "display_sell_dom": 366.2750012675191}
PRE_RELEASE_DEPTH {"side": "BUY", "status": "HELD", "price": 84820.7, "initial_qty": 20.986, "current_qty": 20.986, "remaining_pct": 100.0, "min_distance": 0.05000000000291038, "age_sec": 0.0, "time": "2026-10-02 13:06:55.851000-05:00"}
PRE_RELEASE_STATE {"state": "BUY_WATCH", "previous_state": "NEUTRAL", "time": "2026-10-02 13:06:55.851000-05:00", "price": 84820.7, "side": "BUY", "pctl": 100.0, "peak_type": null, "doi": 135.04800000000978, "oi_flow": "EXPANSION", "aggr_mag": 314.59499999999997, "aggr_share": 80.72726917554671, "control": "CONTROL LIMIT SELL", "eff_ratio": 0.1176100255649199, "absorption_ratio": 0.88238997443508, "depth_ratio": 4.202927960673612, "depth_level": {"first_seen": "2026-10-02 13:06:55.851000-05:00", "price": 84820.7, "initial_size": 20.986, "min_size": 20.986, "last_size": 20.986, "distance": 0.05000000000291038, "min_distance": 0.05000000000291038, "age_sec": 0.0, "tested": true, "held": true, "status": "HELD"}}
RAW_MINUTE_FINALIZE {"minute": "2026-10-02T13:06:00-05:00", "raw_samples_counted": 1, "flow_already_counted": 135.04800000000978, "canonical_flow": 151.5639999999985, "strong_residual": 16.515999999988708, "double_count": 0}
ACCUM_FINAL {"time": "2026-10-02T13:06:00-05:00", "source": "STRONG+RAW", "net": 151.5639999999985, "oi_add": 152.7109999999957, "control": "CONTROL LIMIT SELL", "strength": 0.88238997, "flow_final": 151.5639999999985, "buy_dom_final": 0.0, "sell_dom_final": 134.7506547086662, "double_count": 0}
RAW_ACCUM {"time": "2026-10-02 13:07:02.207000-05:00", "dOI": 0.1279999999969732, "pctl": 100.0, "control": "CONTROL MARKET BUY", "strength": 1.0, "flow_delta": 0.1279999999969732, "buy_dom_delta": 0.1279999999969732, "sell_dom_delta": 0.0, "display_flow": 385.69599999999105, "display_buy_dom": 49.359503607189524, "display_sell_dom": 381.86065470866794}
PRE_RELEASE_DEPTH {"side": "BUY", "status": "PULLED", "price": 84820.7, "initial_qty": 20.986, "current_qty": 20.986, "remaining_pct": 100.0, "min_distance": 0.05000000000291038, "age_sec": 0.0, "time": "2026-10-02 13:07:02.207000-05:00"}
PRE_RELEASE_DEPTH {"side": "BUY", "status": "HELD", "price": 84829.0, "initial_qty": 22.136, "current_qty": 22.136, "remaining_pct": 100.0, "min_distance": 0.05000000000291038, "age_sec": 0.0, "time": "2026-10-02 13:07:02.207000-05:00"}
PRE_RELEASE_STATE {"state": "BUY_RELEASE", "previous_state": "BUY_WATCH", "time": "2026-10-02 13:07:02.207000-05:00", "price": 84833.2, "side": "BUY", "pctl": 100.0, "peak_type": null, "doi": 0.1279999999969732, "oi_flow": "EXPANSION", "aggr_mag": 7.136, "aggr_share": 99.26815796741232, "control": "CONTROL MARKET BUY", "eff_ratio": 3.757909767007793, "absorption_ratio": 0.0, "depth_ratio": 3.555731718702354, "depth_level": {"first_seen": "2026-10-02 13:07:02.207000-05:00", "price": 84829.0, "initial_size": 22.136, "min_size": 22.136, "last_size": 22.136, "distance": 0.05000000000291038, "min_distance": 0.05000000000291038, "age_sec": 0.0, "tested": true, "held": true, "status": "HELD"}}
RAW_ACCUM {"time": "2026-10-02 13:07:06.452000-05:00", "dOI": 3.577000000004773, "pctl": 100.0, "control": "CONTROL MARKET BUY", "strength": 1.0, "flow_delta": 3.577000000004773, "buy_dom_delta": 3.577000000004773, "sell_dom_delta": 0.0, "display_flow": 389.2729999999958, "display_buy_dom": 52.9365036071943, "display_sell_dom": 381.86065470866794}
PRE_RELEASE_DEPTH {"side": "BUY", "status": "PULLED", "price": 84829.0, "initial_qty": 22.136, "current_qty": 22.136, "remaining_pct": 100.0, "min_distance": 0.05000000000291038, "age_sec": 0.0, "time": "2026-10-02 13:07:06.452000-05:00"}
RAW_ACCUM {"time": "2026-10-02 13:07:12.905000-05:00", "dOI": 0.9639999999926658, "pctl": 100.0, "control": "CONTROL MARKET BUY", "strength": 1.0, "flow_delta": 0.9639999999926658, "buy_dom_delta": 0.9639999999926658, "sell_dom_delta": 0.0, "display_flow": 390.2369999999885, "display_buy_dom": 53.90050360718696, "display_sell_dom": 381.86065470866794}
PRE_RELEASE_STATE {"state": "CANCEL", "previous_state": "BUY_RELEASE", "time": "2026-10-02 13:07:17.550000-05:00", "side": "BUY", "price": 84821.0, "pctl": 100.0, "oi_flow": "CONTRACTION", "control": "CONTROL UNCLEAR"}
RAW_ACCUM {"time": "2026-10-02 13:07:22.534000-05:00", "dOI": 1.2620000000024447, "pctl": 100.0, "control": "CONTROL LIMIT SELL", "strength": 0.9418260535458056, "flow_delta": 1.2620000000024447, "buy_dom_delta": 0.0, "sell_dom_delta": 1.1885844795771092, "display_flow": 391.49899999999093, "display_buy_dom": 53.90050360718696, "display_sell_dom": 383.04923918824505}
RAW_ACCUM {"time": "2026-10-02 13:07:24.351000-05:00", "dOI": -0.05499999999301508, "pctl": 100.0, "control": "CONTROL LIMIT SELL", "strength": 0.9418495170896835, "flow_delta": -0.05499999999301508, "buy_dom_delta": 0.0, "sell_dom_delta": 0.0, "display_flow": 391.4439999999979, "display_buy_dom": 53.90050360718696, "display_sell_dom": 383.04923918824505}
RAW_ACCUM {"time": "2026-10-02 13:07:33.173000-05:00", "dOI": 6.461999999999534, "pctl": 100.0, "control": "CONTROL LIMIT SELL", "strength": 1.0, "flow_delta": 6.461999999999534, "buy_dom_delta": 0.0, "sell_dom_delta": 6.461999999999534, "display_flow": 397.90599999999745, "display_buy_dom": 53.90050360718696, "display_sell_dom": 389.5112391882446}
RAW_ACCUM {"time": "2026-10-02 13:07:50.442000-05:00", "dOI": 0.2989999999990687, "pctl": 100.0, "control": "CONTROL LIMIT SELL", "strength": 1.0, "flow_delta": 0.2989999999990687, "buy_dom_delta": 0.0, "sell_dom_delta": 0.2989999999990687, "display_flow": 398.2049999999965, "display_buy_dom": 53.90050360718696, "display_sell_dom": 389.81023918824366}
RAW_MINUTE_FINALIZE {"minute": "2026-10-02T13:07:00-05:00", "raw_samples_counted": 7, "flow_already_counted": 12.637000000002445, "canonical_flow": 8.983, "strong_residual": 0.0, "double_count": 0}
ACCUM_FINAL {"time": "2026-10-02T13:07:00-05:00", "source": "RAW_ONLY", "net": 8.983, "oi_add": 13.739999999990687, "control": "CONTROL LIMIT SELL", "strength": 1.0, "flow_final": 8.983, "buy_dom_final": 0.0, "sell_dom_final": 13.74, "double_count": 0}
PRE_RELEASE_DEPTH {"side": "BUY", "status": "HELD", "price": 84781.3, "initial_qty": 23.224, "current_qty": 23.224, "remaining_pct": 100.0, "min_distance": 8.55000000000291, "age_sec": 0.0, "time": "2026-10-02 13:10:34.847000-05:00"}
PRE_RELEASE_DEPTH {"side": "BUY", "status": "NEAR", "price": 84781.3, "initial_qty": 23.224, "current_qty": 20.752, "remaining_pct": 89.35583878746124, "min_distance": 0.05000000000291038, "age_sec": 65.124, "time": "2026-10-02 13:11:39.971000-05:00"}
PRE_RELEASE_DEPTH {"side": "BUY", "status": "PULLED", "price": 84781.3, "initial_qty": 23.224, "current_qty": 20.735, "remaining_pct": 89.28263864967275, "min_distance": 0.05000000000291038, "age_sec": 74.805, "time": "2026-10-02 13:12:02.175000-05:00"}
PRE_RELEASE_DEPTH {"side": "BUY", "status": "NEAR", "price": 84781.3, "initial_qty": 20.712, "current_qty": 20.712, "remaining_pct": 100.0, "min_distance": 12.64999999999418, "age_sec": 0.0, "time": "2026-10-02 13:13:04.681000-05:00"}
PRE_RELEASE_DEPTH {"side": "BUY", "status": "PULLED", "price": 84781.3, "initial_qty": 20.712, "current_qty": 20.712, "remaining_pct": 100.0, "min_distance": 12.64999999999418, "age_sec": 0.0, "time": "2026-10-02 13:13:10.227000-05:00"}
PRE_RELEASE_DEPTH {"side": "BUY", "status": "HELD", "price": 84800.0, "initial_qty": 20.694, "current_qty": 20.694, "remaining_pct": 100.0, "min_distance": 0.05000000000291038, "age_sec": 0.0, "time": "2026-10-02 13:13:18.905000-05:00"}
PRE_RELEASE_DEPTH {"side": "BUY", "status": "PULLED", "price": 84800.0, "initial_qty": 20.694, "current_qty": 20.694, "remaining_pct": 100.0, "min_distance": 0.05000000000291038, "age_sec": 0.0, "time": "2026-10-02 13:13:24.210000-05:00"}
PRE_RELEASE_DEPTH {"side": "BUY", "status": "HELD", "price": 84835.9, "initial_qty": 26.773, "current_qty": 26.773, "remaining_pct": 100.0, "min_distance": 0.05000000000291038, "age_sec": 0.0, "time": "2026-10-02 13:14:30.003000-05:00"}
PRE_RELEASE_DEPTH {"side": "BUY", "status": "PULLED", "price": 84835.9, "initial_qty": 26.773, "current_qty": 26.773, "remaining_pct": 100.0, "min_distance": 0.05000000000291038, "age_sec": 0.0, "time": "2026-10-02 13:14:39.099000-05:00"}
PRE_RELEASE_DEPTH {"side": "BUY", "status": "NEAR", "price": 84835.9, "initial_qty": 24.163, "current_qty": 24.163, "remaining_pct": 100.0, "min_distance": 12.35000000000582, "age_sec": 0.0, "time": "2026-10-02 13:15:05.770000-05:00"}
PRE_RELEASE_DEPTH {"side": "BUY", "status": "HELD", "price": 84835.9, "initial_qty": 24.163, "current_qty": 24.18, "remaining_pct": 100.07035550221413, "min_distance": 4.25, "age_sec": 5.35, "time": "2026-10-02 13:15:11.120000-05:00"}
PRE_RELEASE_DEPTH {"side": "BUY", "status": "BROKEN", "price": 84835.9, "initial_qty": 24.163, "current_qty": 25.567, "remaining_pct": 105.81053677109631, "min_distance": 0.05000000000291038, "age_sec": 29.044, "time": "2026-10-02 13:15:46.178000-05:00"}
PRE_RELEASE_DEPTH {"side": "SELL", "status": "HELD", "price": 84731.4, "initial_qty": 44.925, "current_qty": 44.925, "remaining_pct": 100.0, "min_distance": 0.04999999998835847, "age_sec": 0.0, "time": "2026-10-02 13:16:18.560000-05:00"}
PRE_RELEASE_DEPTH {"side": "SELL", "status": "NEAR", "price": 84731.4, "initial_qty": 44.925, "current_qty": 37.926, "remaining_pct": 84.42070116861437, "min_distance": 0.04999999998835847, "age_sec": 5.09, "time": "2026-10-02 13:16:23.650000-05:00"}
PRE_RELEASE_DEPTH {"side": "SELL", "status": "HELD", "price": 84731.4, "initial_qty": 44.925, "current_qty": 37.774, "remaining_pct": 84.08235948803562, "min_distance": 0.04999999998835847, "age_sec": 9.717, "time": "2026-10-02 13:16:28.277000-05:00"}
PRE_RELEASE_DEPTH {"side": "SELL", "status": "PULLED", "price": 84731.4, "initial_qty": 44.925, "current_qty": 37.774, "remaining_pct": 84.08235948803562, "min_distance": 0.04999999998835847, "age_sec": 10.344, "time": "2026-10-02 13:16:38.947000-05:00"}
PRE_RELEASE_DEPTH {"side": "SELL", "status": "HELD", "price": 84544.0, "initial_qty": 25.115, "current_qty": 25.115, "remaining_pct": 100.0, "min_distance": 0.05000000000291038, "age_sec": 0.0, "time": "2026-10-02 13:23:46.543000-05:00"}
PRE_RELEASE_DEPTH {"side": "SELL", "status": "BROKEN", "price": 84544.0, "initial_qty": 25.115, "current_qty": 25.115, "remaining_pct": 100.0, "min_distance": 0.05000000000291038, "age_sec": 0.0, "time": "2026-10-02 13:23:50.437000-05:00"}
PRE_RELEASE_DEPTH {"side": "BUY", "status": "HELD", "price": 84500.0, "initial_qty": 20.959, "current_qty": 20.959, "remaining_pct": 100.0, "min_distance": 0.05000000000291038, "age_sec": 0.0, "time": "2026-10-02 13:32:08.405000-05:00"}
PRE_RELEASE_DEPTH {"side": "BUY", "status": "BROKEN", "price": 84500.0, "initial_qty": 20.959, "current_qty": 20.959, "remaining_pct": 100.0, "min_distance": 0.05000000000291038, "age_sec": 0.0, "time": "2026-10-02 13:34:03.008000-05:00"}
PRE_RELEASE_DEPTH {"side": "BUY", "status": "HELD", "price": 84502.5, "initial_qty": 27.459, "current_qty": 27.459, "remaining_pct": 100.0, "min_distance": 0.05000000000291038, "age_sec": 0.0, "time": "2026-10-02 13:34:24.715000-05:00"}
PRE_RELEASE_DEPTH {"side": "BUY", "status": "PULLED", "price": 84502.5, "initial_qty": 27.459, "current_qty": 22.392, "remaining_pct": 81.54703375942314, "min_distance": 0.05000000000291038, "age_sec": 15.671, "time": "2026-10-02 13:34:45.665000-05:00"}
RAW_ACCUM {"time": "2026-10-02 13:35:07.147000-05:00", "dOI": -49.320000000006985, "pctl": 98.29545454545455, "control": "CONTROL LIMIT BUY", "strength": 0.7041670467947954, "flow_delta": -49.320000000006985, "buy_dom_delta": 0.0, "sell_dom_delta": 0.0, "display_flow": 345.2309999999871, "display_buy_dom": 49.23150360719255, "display_sell_dom": 395.60065470866795}
RAW_ACCUM {"time": "2026-10-02 13:35:28.636000-05:00", "dOI": -56.72500000000582, "pctl": 98.87429643527204, "control": "CONTROL LIMIT BUY", "strength": 0.6431975058935313, "flow_delta": -56.72500000000582, "buy_dom_delta": 0.0, "sell_dom_delta": 0.0, "display_flow": 288.50599999998127, "display_buy_dom": 49.23150360719255, "display_sell_dom": 395.60065470866795}
RAW_ACCUM {"time": "2026-10-02 13:35:31.044000-05:00", "dOI": -2.5169999999925494, "pctl": 98.87640449438202, "control": "CONTROL LIMIT BUY", "strength": 0.6431975058935313, "flow_delta": -2.5169999999925494, "buy_dom_delta": 0.0, "sell_dom_delta": 0.0, "display_flow": 285.9889999999887, "display_buy_dom": 49.23150360719255, "display_sell_dom": 395.60065470866795}
RAW_ACCUM {"time": "2026-10-02 13:35:34.058000-05:00", "dOI": 0.6159999999945285, "pctl": 98.87640449438202, "control": "CONTROL LIMIT BUY", "strength": 0.7704217752965987, "flow_delta": 0.6159999999945285, "buy_dom_delta": 0.47457981357848944, "sell_dom_delta": 0.0, "display_flow": 286.60499999998325, "display_buy_dom": 49.70608342077104, "display_sell_dom": 395.60065470866795}
RAW_ACCUM {"time": "2026-10-02 13:35:44.859000-05:00", "dOI": 8.251000000003842, "pctl": 97.76119402985076, "control": "CONTROL LIMIT BUY", "strength": 0.8283077849639402, "flow_delta": 8.251000000003842, "buy_dom_delta": 6.834367533740653, "sell_dom_delta": 0.0, "display_flow": 294.8559999999871, "display_buy_dom": 56.54045095451169, "display_sell_dom": 395.60065470866795}
RAW_ACCUM {"time": "2026-10-02 13:35:50.144000-05:00", "dOI": 1.2599999999947613, "pctl": 97.76536312849163, "control": "CONTROL LIMIT BUY", "strength": 0.8264048361529245, "flow_delta": 1.2599999999947613, "buy_dom_delta": 1.0412700935483556, "sell_dom_delta": 0.0, "display_flow": 296.11599999998185, "display_buy_dom": 57.58172104806005, "display_sell_dom": 395.60065470866795}
RAW_MINUTE_FINALIZE {"minute": "2026-10-02T13:35:00-05:00", "raw_samples_counted": 6, "flow_already_counted": -98.43500000001222, "canonical_flow": -32.016, "strong_residual": 0.0, "double_count": 0}
ACCUM_FINAL {"time": "2026-10-02T13:35:00-05:00", "source": "RAW_ONLY", "net": -32.016, "oi_add": 27.22599999999511, "control": "CONTROL LIMIT BUY", "strength": 0.80258047, "flow_final": -32.016, "buy_dom_final": 21.85105587622, "sell_dom_final": 0.0, "double_count": 0}
RAW_ACCUM {"time": "2026-10-02 13:36:45.489000-05:00", "dOI": 17.110000000000582, "pctl": 98.53747714808044, "control": "CONTROL LIMIT SELL", "strength": 0.8538469661411983, "flow_delta": 17.110000000000582, "buy_dom_delta": 0.0, "sell_dom_delta": 14.6093215906764, "display_flow": 379.64499999999464, "display_buy_dom": 71.08255948341255, "display_sell_dom": 410.20997629934436}
RAW_MINUTE_FINALIZE {"minute": "2026-10-02T13:36:00-05:00", "raw_samples_counted": 1, "flow_already_counted": 17.110000000000582, "canonical_flow": 38.328, "strong_residual": 0.0, "double_count": 0}
ACCUM_FINAL {"time": "2026-10-02T13:36:00-05:00", "source": "RAW_ONLY", "net": 38.328, "oi_add": 67.81000000001222, "control": "CONTROL MARKET BUY", "strength": 0.5785272, "flow_final": 38.328, "buy_dom_final": 39.229929432000006, "sell_dom_final": 0.0, "double_count": 0}
PRE_RELEASE_DEPTH {"side": "SELL", "status": "HELD", "price": 84312.7, "initial_qty": 23.891, "current_qty": 23.891, "remaining_pct": 100.0, "min_distance": 0.05000000000291038, "age_sec": 0.0, "time": "2026-10-02 13:39:09.327000-05:00"}
PRE_RELEASE_DEPTH {"side": "SELL", "status": "PULLED", "price": 84312.7, "initial_qty": 23.891, "current_qty": 23.891, "remaining_pct": 100.0, "min_distance": 0.05000000000291038, "age_sec": 0.0, "time": "2026-10-02 13:39:15.388000-05:00"}
RAW_ACCUM {"time": "2026-10-02 13:39:22.936000-05:00", "dOI": -52.28900000000431, "pctl": 98.27288428324698, "control": "CONTROL MARKET SELL", "strength": 0.6337627304116094, "flow_delta": -52.28900000000431, "buy_dom_delta": 0.0, "sell_dom_delta": 0.0, "display_flow": 348.5739999999897, "display_buy_dom": 110.31248891541256, "display_sell_dom": 395.60065470866795}
PRE_RELEASE_DEPTH {"side": "SELL", "status": "NEAR", "price": 84215.0, "initial_qty": 26.951, "current_qty": 26.951, "remaining_pct": 100.0, "min_distance": 11.44999999999709, "age_sec": 0.0, "time": "2026-10-02 13:39:22.936000-05:00"}
PRE_RELEASE_STATE {"state": "SELL_WATCH", "previous_state": "NEUTRAL", "time": "2026-10-02 13:39:22.936000-05:00", "price": 84256.1, "side": "SELL", "pctl": 98.27288428324698, "peak_type": null, "doi": -52.28900000000431, "oi_flow": "CONTRACTION", "aggr_mag": 146.04999999999995, "aggr_share": 69.55928989264822, "control": "CONTROL MARKET SELL", "eff_ratio": 0.6337627304116094, "absorption_ratio": 0.0, "depth_ratio": 0.6162386441002444, "depth_level": {"first_seen": "2026-10-02 13:39:22.936000-05:00", "price": 84215.0, "initial_size": 26.951, "min_size": 26.951, "last_size": 26.951, "distance": 11.44999999999709, "min_distance": 11.44999999999709, "age_sec": 0.0, "tested": false, "held": false, "status": "NEAR"}}
RAW_ACCUM {"time": "2026-10-02 13:39:25.472000-05:00", "dOI": 104.11900000000605, "pctl": 99.82758620689656, "control": "CONTROL LIMIT BUY", "strength": 0.5730409990312334, "flow_delta": 104.11900000000605, "buy_dom_delta": 59.66445577813646, "sell_dom_delta": 0.0, "display_flow": 452.6929999999958, "display_buy_dom": 169.976944693549, "display_sell_dom": 395.60065470866795}
RAW_ACCUM {"time": "2026-10-02 13:39:29.989000-05:00", "dOI": -30.05800000000454, "pctl": 98.9672977624785, "control": "CONTROL LIMIT BUY", "strength": 0.6269835734409963, "flow_delta": -30.05800000000454, "buy_dom_delta": 0.0, "sell_dom_delta": 0.0, "display_flow": 422.63499999999124, "display_buy_dom": 169.976944693549, "display_sell_dom": 395.60065470866795}
PRE_RELEASE_DEPTH {"side": "SELL", "status": "PULLED", "price": 84215.0, "initial_qty": 26.951, "current_qty": 26.951, "remaining_pct": 100.0, "min_distance": 11.44999999999709, "age_sec": 2.536, "time": "2026-10-02 13:39:29.989000-05:00"}
RAW_ACCUM {"time": "2026-10-02 13:39:33.361000-05:00", "dOI": -2.055000000007567, "pctl": 98.97084048027445, "control": "CONTROL LIMIT BUY", "strength": 0.6023800437492921, "flow_delta": -2.055000000007567, "buy_dom_delta": 0.0, "sell_dom_delta": 0.0, "display_flow": 420.57999999998367, "display_buy_dom": 169.976944693549, "display_sell_dom": 395.60065470866795}
RAW_ACCUM {"time": "2026-10-02 13:39:39.997000-05:00", "dOI": 7.886000000013155, "pctl": 98.97084048027445, "control": "CONTROL LIMIT BUY", "strength": 0.6023800437492921, "flow_delta": 7.886000000013155, "buy_dom_delta": 4.750369025014842, "sell_dom_delta": 0.0, "display_flow": 428.4659999999968, "display_buy_dom": 174.72731371856386, "display_sell_dom": 395.60065470866795}
PRE_RELEASE_STATE {"state": "CANCEL", "previous_state": "SELL_WATCH", "time": "2026-10-02 13:39:39.997000-05:00", "side": "SELL", "price": 84102.1, "pctl": 98.97084048027445, "oi_flow": "EXPANSION", "control": "CONTROL LIMIT BUY"}
RAW_ACCUM {"time": "2026-10-02 13:39:44.268000-05:00", "dOI": -26.66600000001199, "pctl": 98.97260273972603, "control": "CONTROL LIMIT BUY", "strength": 0.6175607936343068, "flow_delta": -26.66600000001199, "buy_dom_delta": 0.0, "sell_dom_delta": 0.0, "display_flow": 401.79999999998483, "display_buy_dom": 174.72731371856386, "display_sell_dom": 395.60065470866795}
RAW_ACCUM {"time": "2026-10-02 13:39:53.799000-05:00", "dOI": -43.779999999998836, "pctl": 98.97610921501706, "control": "CONTROL LIMIT BUY", "strength": 0.6976254255165476, "flow_delta": -43.779999999998836, "buy_dom_delta": 0.0, "sell_dom_delta": 0.0, "display_flow": 358.019999999986, "display_buy_dom": 174.72731371856386, "display_sell_dom": 395.60065470866795}
RAW_MINUTE_FINALIZE {"minute": "2026-10-02T13:39:00-05:00", "raw_samples_counted": 7, "flow_already_counted": -42.84300000000803, "canonical_flow": -27.74199999999837, "strong_residual": 15.101000000009662, "double_count": 0}
ACCUM_FINAL {"time": "2026-10-02T13:39:00-05:00", "source": "STRONG+RAW", "net": -27.74199999999837, "oi_add": 134.25900000003458, "control": "CONTROL LIMIT BUY", "strength": 0.66117741, "flow_final": -27.74199999999837, "buy_dom_final": 88.76901788921286, "sell_dom_final": 0.0, "double_count": 0}
RAW_ACCUM {"time": "2026-10-02 13:40:12.313000-05:00", "dOI": 27.762000000002445, "pctl": 100.0, "control": "CONTROL LIMIT BUY", "strength": 1.0, "flow_delta": 27.762000000002445, "buy_dom_delta": 27.762000000002445, "sell_dom_delta": 0.0, "display_flow": 400.8829999999981, "display_buy_dom": 226.84350680462785, "display_sell_dom": 395.60065470866795}
RAW_ACCUM {"time": "2026-10-02 13:40:13.567000-05:00", "dOI": 2.375, "pctl": 100.0, "control": "CONTROL LIMIT BUY", "strength": 0.7610327230311269, "flow_delta": 2.375, "buy_dom_delta": 1.8074527171989263, "sell_dom_delta": 0.0, "display_flow": 403.2579999999981, "display_buy_dom": 228.6509595218268, "display_sell_dom": 395.60065470866795}
RAW_ACCUM {"time": "2026-10-02 13:40:18.800000-05:00", "dOI": -13.190000000002328, "pctl": 100.0, "control": "CONTROL LIMIT BUY", "strength": 0.7610327230311269, "flow_delta": -13.190000000002328, "buy_dom_delta": 0.0, "sell_dom_delta": 0.0, "display_flow": 390.0679999999958, "display_buy_dom": 228.6509595218268, "display_sell_dom": 395.60065470866795}
RAW_ACCUM {"time": "2026-10-02 13:40:26.492000-05:00", "dOI": -0.9329999999899883, "pctl": 98.1450252951096, "control": "CONTROL LIMIT BUY", "strength": 0.9076916312894335, "flow_delta": -0.9329999999899883, "buy_dom_delta": 0.0, "sell_dom_delta": 0.0, "display_flow": 389.1350000000058, "display_buy_dom": 228.6509595218268, "display_sell_dom": 395.60065470866795}
RAW_ACCUM {"time": "2026-10-02 13:40:31.905000-05:00", "dOI": 24.406999999991967, "pctl": 98.14814814814815, "control": "CONTROL LIMIT BUY", "strength": 1.0, "flow_delta": 24.406999999991967, "buy_dom_delta": 24.406999999991967, "sell_dom_delta": 0.0, "display_flow": 413.54199999999776, "display_buy_dom": 253.05795952181876, "display_sell_dom": 395.60065470866795}
RAW_ACCUM {"time": "2026-10-02 13:40:36.873000-05:00", "dOI": -0.6019999999989523, "pctl": 98.15126050420167, "control": "CONTROL LIMIT BUY", "strength": 1.0, "flow_delta": -0.6019999999989523, "buy_dom_delta": 0.0, "sell_dom_delta": 0.0, "display_flow": 412.9399999999988, "display_buy_dom": 253.05795952181876, "display_sell_dom": 395.60065470866795}
RAW_ACCUM {"time": "2026-10-02 13:40:42.179000-05:00", "dOI": 0.17399999999906868, "pctl": 98.15436241610739, "control": "CONTROL LIMIT BUY", "strength": 1.0, "flow_delta": 0.17399999999906868, "buy_dom_delta": 0.17399999999906868, "sell_dom_delta": 0.0, "display_flow": 413.1139999999979, "display_buy_dom": 253.23195952181783, "display_sell_dom": 395.60065470866795}
RAW_ACCUM {"time": "2026-10-02 13:40:48.033000-05:00", "dOI": -12.09100000000035, "pctl": 98.1574539363484, "control": "CONTROL LIMIT BUY", "strength": 1.0, "flow_delta": -12.09100000000035, "buy_dom_delta": 0.0, "sell_dom_delta": 0.0, "display_flow": 401.0229999999975, "display_buy_dom": 253.23195952181783, "display_sell_dom": 395.60065470866795}
RAW_ACCUM {"time": "2026-10-02 13:40:52.908000-05:00", "dOI": 0.6640000000043074, "pctl": 98.16053511705685, "control": "CONTROL LIMIT BUY", "strength": 1.0, "flow_delta": 0.6640000000043074, "buy_dom_delta": 0.6640000000043074, "sell_dom_delta": 0.0, "display_flow": 401.68700000000183, "display_buy_dom": 253.89595952182214, "display_sell_dom": 395.60065470866795}
RAW_MINUTE_FINALIZE {"minute": "2026-10-02T13:40:00-05:00", "raw_samples_counted": 9, "flow_already_counted": 28.56600000000617, "canonical_flow": 30.202, "strong_residual": 0.0, "double_count": 0}
ACCUM_FINAL {"time": "2026-10-02T13:40:00-05:00", "source": "RAW_ONLY", "net": 30.202, "oi_add": 57.01799999999639, "control": "CONTROL LIMIT BUY", "strength": 1.0, "flow_final": 30.202, "buy_dom_final": 57.018, "sell_dom_final": 0.0, "double_count": 0}
RAW_MINUTE_FINALIZE {"minute": "2026-10-02T13:42:00-05:00", "raw_samples_counted": 0, "flow_already_counted": 0.0, "canonical_flow": 21.687, "strong_residual": 0.0, "double_count": 0}
ACCUM_FINAL {"time": "2026-10-02T13:42:00-05:00", "source": "RAW_ONLY", "net": 21.687, "oi_add": 57.345000000015716, "control": "CONTROL MARKET BUY", "strength": 0.78033753, "flow_final": 21.687, "buy_dom_final": 44.748455657849995, "sell_dom_final": 0.0, "double_count": 0}
RAW_ACCUM {"time": "2026-10-02 13:46:05.614000-05:00", "dOI": -68.03500000000349, "pctl": 99.69418960244649, "control": "CONTROL LIMIT BUY", "strength": 0.7588051147352182, "flow_delta": -68.03500000000349, "buy_dom_delta": 0.0, "sell_dom_delta": 0.0, "display_flow": 356.9749999999922, "display_buy_dom": 300.8479624624754, "display_sell_dom": 395.60065470866795}
RAW_ACCUM {"time": "2026-10-02 13:46:16.165000-05:00", "dOI": -37.896999999997206, "pctl": 98.78048780487805, "control": "CONTROL LIMIT BUY", "strength": 0.6162798751805856, "flow_delta": -37.896999999997206, "buy_dom_delta": 0.0, "sell_dom_delta": 0.0, "display_flow": 319.077999999995, "display_buy_dom": 300.8479624624754, "display_sell_dom": 395.60065470866795}
RAW_ACCUM {"time": "2026-10-02 13:46:21.543000-05:00", "dOI": -2.776000000012573, "pctl": 98.0243161094225, "control": "CONTROL LIMIT BUY", "strength": 0.667475460659905, "flow_delta": -2.776000000012573, "buy_dom_delta": 0.0, "sell_dom_delta": 0.0, "display_flow": 316.3019999999824, "display_buy_dom": 300.8479624624754, "display_sell_dom": 395.60065470866795}
RAW_ACCUM {"time": "2026-10-02 13:46:29.570000-05:00", "dOI": -5.038000000000466, "pctl": 98.03328290468987, "control": "CONTROL LIMIT BUY", "strength": 0.8175290086968255, "flow_delta": -5.038000000000466, "buy_dom_delta": 0.0, "sell_dom_delta": 0.0, "display_flow": 311.26399999998193, "display_buy_dom": 300.8479624624754, "display_sell_dom": 395.60065470866795}
RAW_MINUTE_FINALIZE {"minute": "2026-10-02T13:46:00-05:00", "raw_samples_counted": 4, "flow_already_counted": -113.74600000001374, "canonical_flow": -111.763, "strong_residual": 0.0, "double_count": 0}
ACCUM_FINAL {"time": "2026-10-02T13:46:00-05:00", "source": "RAW_ONLY", "net": -111.763, "oi_add": 7.430000000007567, "control": "CONTROL LIMIT BUY", "strength": 1.0, "flow_final": -111.763, "buy_dom_final": 7.43, "sell_dom_final": 0.0, "double_count": 0}
RAW_ACCUM {"time": "2026-10-02 13:47:20.085000-05:00", "dOI": -30.47400000000198, "pctl": 99.7005988023952, "control": "CONTROL MARKET SELL", "strength": 1.0, "flow_delta": -30.47400000000198, "buy_dom_delta": 0.0, "sell_dom_delta": 0.0, "display_flow": 282.77299999999366, "display_buy_dom": 308.2779624624754, "display_sell_dom": 395.60065470866795}
RAW_MINUTE_FINALIZE {"minute": "2026-10-02T13:47:00-05:00", "raw_samples_counted": 1, "flow_already_counted": -30.47400000000198, "canonical_flow": -41.676, "strong_residual": 0.0, "double_count": 0}
ACCUM_FINAL {"time": "2026-10-02T13:47:00-05:00", "source": "RAW_ONLY", "net": -41.676, "oi_add": 15.710000000020955, "control": "CONTROL MARKET SELL", "strength": 1.0, "flow_final": -41.676, "buy_dom_final": 0.0, "sell_dom_final": 15.71, "double_count": 0}
RAW_ACCUM {"time": "2026-10-02 13:48:02.304000-05:00", "dOI": 55.11300000001211, "pctl": 99.55489614243324, "control": "CONTROL MARKET BUY", "strength": 1.0, "flow_delta": 55.11300000001211, "buy_dom_delta": 55.11300000001211, "sell_dom_delta": 0.0, "display_flow": 326.68400000000776, "display_buy_dom": 363.3909624624875, "display_sell_dom": 411.3106547086679}
PRE_RELEASE_DEPTH {"side": "BUY", "status": "HELD", "price": 83900.0, "initial_qty": 109.896, "current_qty": 109.896, "remaining_pct": 100.0, "min_distance": 9.94999999999709, "age_sec": 0.0, "time": "2026-10-02 13:48:12.790000-05:00"}
PRE_RELEASE_DEPTH {"side": "BUY", "status": "PULLED", "price": 83900.0, "initial_qty": 109.896, "current_qty": 109.896, "remaining_pct": 100.0, "min_distance": 9.94999999999709, "age_sec": 0.0, "time": "2026-10-02 13:48:15.907000-05:00"}
PRE_RELEASE_DEPTH {"side": "BUY", "status": "HELD", "price": 83900.0, "initial_qty": 94.685, "current_qty": 94.685, "remaining_pct": 100.0, "min_distance": 0.05000000000291038, "age_sec": 0.0, "time": "2026-10-02 13:48:23.351000-05:00"}
PRE_RELEASE_DEPTH {"side": "BUY", "status": "BROKEN", "price": 83900.0, "initial_qty": 94.685, "current_qty": 94.685, "remaining_pct": 100.0, "min_distance": 0.05000000000291038, "age_sec": 0.0, "time": "2026-10-02 13:48:28.095000-05:00"}
RAW_MINUTE_FINALIZE {"minute": "2026-10-02T13:48:00-05:00", "raw_samples_counted": 1, "flow_already_counted": 55.11300000001211, "canonical_flow": 47.822, "strong_residual": 0.0, "double_count": 0}
ACCUM_FINAL {"time": "2026-10-02T13:48:00-05:00", "source": "RAW_ONLY", "net": 47.822, "oi_add": 120.13799999999173, "control": "CONTROL MARKET BUY", "strength": 1.0, "flow_final": 47.822, "buy_dom_final": 120.138, "sell_dom_final": 0.0, "double_count": 0}
RAW_ACCUM {"time": "2026-10-02 13:49:00.284000-05:00", "dOI": -4.404000000009546, "pctl": 99.70887918486171, "control": "CONTROL MARKET BUY", "strength": 0.8600358080246772, "flow_delta": -4.404000000009546, "buy_dom_delta": 0.0, "sell_dom_delta": 0.0, "display_flow": 314.9889999999861, "display_buy_dom": 428.41596246247536, "display_sell_dom": 411.3106547086679}
PRE_RELEASE_DEPTH {"side": "BUY", "status": "HELD", "price": 84000.0, "initial_qty": 30.618, "current_qty": 30.618, "remaining_pct": 100.0, "min_distance": 9.94999999999709, "age_sec": 0.0, "time": "2026-10-02 13:49:31.244000-05:00"}
PRE_RELEASE_DEPTH {"side": "BUY", "status": "BROKEN", "price": 84000.0, "initial_qty": 30.618, "current_qty": 23.712, "remaining_pct": 77.44464040760337, "min_distance": 0.05000000000291038, "age_sec": 12.274, "time": "2026-10-02 13:49:47.012000-05:00"}
RAW_MINUTE_FINALIZE {"minute": "2026-10-02T13:49:00-05:00", "raw_samples_counted": 1, "flow_already_counted": -4.404000000009546, "canonical_flow": -5.222, "strong_residual": 0.0, "double_count": 0}
ACCUM_FINAL {"time": "2026-10-02T13:49:00-05:00", "source": "RAW_ONLY", "net": -5.222, "oi_add": 16.919999999998254, "control": "CONTROL MARKET BUY", "strength": 1.0, "flow_final": -5.222, "buy_dom_final": 16.92, "sell_dom_final": 0.0, "double_count": 0}
PRE_RELEASE_DEPTH {"side": "BUY", "status": "HELD", "price": 84000.0, "initial_qty": 53.636, "current_qty": 53.636, "remaining_pct": 100.0, "min_distance": 2.6499999999941792, "age_sec": 0.0, "time": "2026-10-02 13:50:18.433000-05:00"}
PRE_RELEASE_DEPTH {"side": "BUY", "status": "PULLED", "price": 84000.0, "initial_qty": 53.636, "current_qty": 45.812, "remaining_pct": 85.41278245954209, "min_distance": 0.05000000000291038, "age_sec": 32.356, "time": "2026-10-02 13:51:11.889000-05:00"}
RAW_ACCUM {"time": "2026-10-02 13:51:36.057000-05:00", "dOI": 15.942000000010012, "pctl": 98.18181818181819, "control": "CONTROL MARKET BUY", "strength": 0.8218339850879212, "flow_delta": 15.942000000010012, "buy_dom_delta": 13.101677390279868, "sell_dom_delta": 0.0, "display_flow": 330.1130000000057, "display_buy_dom": 458.43763985275524, "display_sell_dom": 411.3106547086679}
RAW_MINUTE_FINALIZE {"minute": "2026-10-02T13:51:00-05:00", "raw_samples_counted": 1, "flow_already_counted": 15.942000000010012, "canonical_flow": 4.68, "strong_residual": 0.0, "double_count": 0}
ACCUM_FINAL {"time": "2026-10-02T13:51:00-05:00", "source": "RAW_ONLY", "net": 4.68, "oi_add": 62.99199999999837, "control": "CONTROL MARKET BUY", "strength": 0.79499171, "flow_final": 4.68, "buy_dom_final": 50.07811779632, "sell_dom_final": 0.0, "double_count": 0}
RAW_ACCUM {"time": "2026-10-02 13:53:05.662000-05:00", "dOI": -83.68899999999849, "pctl": 99.72677595628416, "control": "CONTROL LIMIT BUY", "strength": 0.7127325545674431, "flow_delta": -83.68899999999849, "buy_dom_delta": 0.0, "sell_dom_delta": 0.0, "display_flow": 235.1619999999972, "display_buy_dom": 495.41408025879537, "display_sell_dom": 411.3106547086679}
RAW_ACCUM {"time": "2026-10-02 13:53:14.245000-05:00", "dOI": 14.677999999999884, "pctl": 99.18367346938776, "control": "CONTROL LIMIT BUY", "strength": 0.7127325545674431, "flow_delta": 14.677999999999884, "buy_dom_delta": 10.461488435940847, "sell_dom_delta": 0.0, "display_flow": 249.83999999999708, "display_buy_dom": 505.8755686947362, "display_sell_dom": 411.3106547086679}
RAW_ACCUM {"time": "2026-10-02 13:53:17.007000-05:00", "dOI": 0.3059999999968568, "pctl": 99.18478260869566, "control": "CONTROL MARKET SELL", "strength": 0.8343792839478208, "flow_delta": 0.3059999999968568, "buy_dom_delta": 0.0, "sell_dom_delta": 0.25532006088541054, "display_flow": 250.14599999999393, "display_buy_dom": 505.8755686947362, "display_sell_dom": 411.56597476955335}
RAW_ACCUM {"time": "2026-10-02 13:53:21.285000-05:00", "dOI": 10.460000000006403, "pctl": 98.50746268656717, "control": "CONTROL MARKET SELL", "strength": 0.976148566564639, "flow_delta": 10.460000000006403, "buy_dom_delta": 0.0, "sell_dom_delta": 10.210514006272374, "display_flow": 260.60600000000034, "display_buy_dom": 505.8755686947362, "display_sell_dom": 421.7764887758257}
RAW_ACCUM {"time": "2026-10-02 13:53:26.588000-05:00", "dOI": 1.4440000000031432, "pctl": 98.64314789687924, "control": "CONTROL MARKET SELL", "strength": 1.0, "flow_delta": 1.4440000000031432, "buy_dom_delta": 0.0, "sell_dom_delta": 1.4440000000031432, "display_flow": 262.0500000000035, "display_buy_dom": 505.8755686947362, "display_sell_dom": 423.22048877582887}
RAW_ACCUM {"time": "2026-10-02 13:53:31.827000-05:00", "dOI": 5.028999999994994, "pctl": 98.51150202976996, "control": "CONTROL MARKET SELL", "strength": 1.0, "flow_delta": 5.028999999994994, "buy_dom_delta": 0.0, "sell_dom_delta": 5.028999999994994, "display_flow": 267.0789999999985, "display_buy_dom": 505.8755686947362, "display_sell_dom": 428.24948877582386}
RAW_ACCUM {"time": "2026-10-02 13:53:35.427000-05:00", "dOI": 0.952000000004773, "pctl": 98.51150202976996, "control": "CONTROL MARKET SELL", "strength": 1.0, "flow_delta": 0.952000000004773, "buy_dom_delta": 0.0, "sell_dom_delta": 0.952000000004773, "display_flow": 268.03100000000325, "display_buy_dom": 505.8755686947362, "display_sell_dom": 429.20148877582864}
RAW_ACCUM {"time": "2026-10-02 13:53:40.650000-05:00", "dOI": 1.8830000000016298, "pctl": 98.51551956815115, "control": "CONTROL MARKET SELL", "strength": 1.0, "flow_delta": 1.8830000000016298, "buy_dom_delta": 0.0, "sell_dom_delta": 1.8830000000016298, "display_flow": 269.9140000000049, "display_buy_dom": 505.8755686947362, "display_sell_dom": 431.08448877583027}
RAW_ACCUM {"time": "2026-10-02 13:53:44.247000-05:00", "dOI": 0.9569999999948777, "pctl": 98.51551956815115, "control": "CONTROL MARKET SELL", "strength": 1.0, "flow_delta": 0.9569999999948777, "buy_dom_delta": 0.0, "sell_dom_delta": 0.9569999999948777, "display_flow": 270.87099999999975, "display_buy_dom": 505.8755686947362, "display_sell_dom": 432.04148877582514}
RAW_MINUTE_FINALIZE {"minute": "2026-10-02T13:53:00-05:00", "raw_samples_counted": 9, "flow_already_counted": -47.979999999995925, "canonical_flow": -49.05, "strong_residual": 0.0, "double_count": 0}
ACCUM_FINAL {"time": "2026-10-02T13:53:00-05:00", "source": "RAW_ONLY", "net": -49.05, "oi_add": 35.70900000000256, "control": "CONTROL MARKET SELL", "strength": 1.0, "flow_final": -49.05, "buy_dom_final": 0.0, "sell_dom_final": 35.709, "double_count": 0}
PRE_RELEASE_DEPTH {"side": "BUY", "status": "HELD", "price": 84146.7, "initial_qty": 21.163, "current_qty": 21.163, "remaining_pct": 100.0, "min_distance": 0.05000000000291038, "age_sec": 0.0, "time": "2026-10-02 13:55:53.021000-05:00"}
PRE_RELEASE_DEPTH {"side": "SELL", "status": "HELD", "price": 84127.2, "initial_qty": 25.673, "current_qty": 25.673, "remaining_pct": 100.0, "min_distance": 0.05000000000291038, "age_sec": 0.0, "time": "2026-10-02 13:56:12.202000-05:00"}
PRE_RELEASE_DEPTH {"side": "SELL", "status": "BROKEN", "price": 84127.2, "initial_qty": 25.673, "current_qty": 25.673, "remaining_pct": 100.0, "min_distance": 0.05000000000291038, "age_sec": 0.0, "time": "2026-10-02 13:56:17.289000-05:00"}
PRE_RELEASE_DEPTH {"side": "BUY", "status": "PULLED", "price": 84146.7, "initial_qty": 21.163, "current_qty": 21.163, "remaining_pct": 100.0, "min_distance": 0.05000000000291038, "age_sec": 0.0, "time": "2026-10-02 13:57:04.716000-05:00"}
PRE_RELEASE_DEPTH {"side": "BUY", "status": "HELD", "price": 84198.1, "initial_qty": 45.898, "current_qty": 45.898, "remaining_pct": 100.0, "min_distance": 5.0499999999883585, "age_sec": 0.0, "time": "2026-10-02 13:57:22.906000-05:00"}
PRE_RELEASE_DEPTH {"side": "BUY", "status": "PULLED", "price": 84198.1, "initial_qty": 45.898, "current_qty": 45.898, "remaining_pct": 100.0, "min_distance": 5.0499999999883585, "age_sec": 0.0, "time": "2026-10-02 13:57:28.171000-05:00"}
PRE_RELEASE_DEPTH {"side": "BUY", "status": "HELD", "price": 84203.1, "initial_qty": 59.507, "current_qty": 59.507, "remaining_pct": 100.0, "min_distance": 2.5499999999883585, "age_sec": 0.0, "time": "2026-10-02 13:58:05.379000-05:00"}
PRE_RELEASE_DEPTH {"side": "BUY", "status": "PULLED", "price": 84203.1, "initial_qty": 59.507, "current_qty": 59.445, "remaining_pct": 99.89581057690692, "min_distance": 2.5499999999883585, "age_sec": 5.222, "time": "2026-10-02 13:58:15.707000-05:00"}
PRE_RELEASE_DEPTH {"side": "BUY", "status": "HELD", "price": 84254.1, "initial_qty": 20.359, "current_qty": 20.359, "remaining_pct": 100.0, "min_distance": 0.04999999998835847, "age_sec": 0.0, "time": "2026-10-02 13:58:36.803000-05:00"}
PRE_RELEASE_DEPTH {"side": "BUY", "status": "PULLED", "price": 84254.1, "initial_qty": 20.359, "current_qty": 20.359, "remaining_pct": 100.0, "min_distance": 0.04999999998835847, "age_sec": 0.0, "time": "2026-10-02 13:58:42.319000-05:00"}
RAW_ACCUM {"time": "2026-10-02 13:58:47.083000-05:00", "dOI": 29.054999999993015, "pctl": 98.61460957178842, "control": "CONTROL MARKET BUY", "strength": 1.0, "flow_delta": 29.054999999993015, "buy_dom_delta": 29.054999999993015, "sell_dom_delta": 0.0, "display_flow": 298.8559999999887, "display_buy_dom": 524.4690802587884, "display_sell_dom": 447.01965470866793}
RAW_MINUTE_FINALIZE {"minute": "2026-10-02T13:58:00-05:00", "raw_samples_counted": 1, "flow_already_counted": 29.054999999993015, "canonical_flow": 26.5, "strong_residual": 0.0, "double_count": 0}
ACCUM_FINAL {"time": "2026-10-02T13:58:00-05:00", "source": "RAW_ONLY", "net": 26.5, "oi_add": 44.18400000000838, "control": "CONTROL MARKET BUY", "strength": 1.0, "flow_final": 26.5, "buy_dom_final": 44.184, "sell_dom_final": 0.0, "double_count": 0}
PRE_RELEASE_DEPTH {"side": "BUY", "status": "HELD", "price": 84243.5, "initial_qty": 22.047, "current_qty": 22.047, "remaining_pct": 100.0, "min_distance": 0.05000000000291038, "age_sec": 0.0, "time": "2026-10-02 13:59:03.212000-05:00"}
PRE_RELEASE_DEPTH {"side": "BUY", "status": "PULLED", "price": 84243.5, "initial_qty": 22.047, "current_qty": 22.047, "remaining_pct": 100.0, "min_distance": 0.05000000000291038, "age_sec": 0.0, "time": "2026-10-02 14:00:30.353000-05:00"}
PRE_RELEASE_DEPTH {"side": "BUY", "status": "NEAR", "price": 84237.0, "initial_qty": 20.004, "current_qty": 20.004, "remaining_pct": 100.0, "min_distance": 14.25, "age_sec": 0.0, "time": "2026-10-02 14:00:38.796000-05:00"}
PRE_RELEASE_DEPTH {"side": "BUY", "status": "PULLED", "price": 84237.0, "initial_qty": 20.004, "current_qty": 20.004, "remaining_pct": 100.0, "min_distance": 14.25, "age_sec": 4.063, "time": "2026-10-02 14:00:44.161000-05:00"}
PRE_RELEASE_DEPTH {"side": "BUY", "status": "HELD", "price": 84243.8, "initial_qty": 21.839, "current_qty": 21.839, "remaining_pct": 100.0, "min_distance": 0.05000000000291038, "age_sec": 0.0, "time": "2026-10-02 14:00:53.342000-05:00"}
PRE_RELEASE_DEPTH {"side": "BUY", "status": "PULLED", "price": 84243.8, "initial_qty": 21.839, "current_qty": 21.839, "remaining_pct": 100.0, "min_distance": 0.05000000000291038, "age_sec": 0.0, "time": "2026-10-02 14:01:01.111000-05:00"}
PRE_RELEASE_DEPTH {"side": "BUY", "status": "HELD", "price": 84261.0, "initial_qty": 21.215, "current_qty": 21.215, "remaining_pct": 100.0, "min_distance": 0.05000000000291038, "age_sec": 0.0, "time": "2026-10-02 14:01:18.146000-05:00"}
PRE_RELEASE_DEPTH {"side": "BUY", "status": "PULLED", "price": 84261.0, "initial_qty": 21.215, "current_qty": 21.215, "remaining_pct": 100.0, "min_distance": 0.05000000000291038, "age_sec": 0.0, "time": "2026-10-02 14:01:24.687000-05:00"}
RAW_ACCUM {"time": "2026-10-02 14:11:09.659000-05:00", "dOI": -59.65299999999115, "pctl": 99.57446808510639, "control": "CONTROL LIMIT BUY", "strength": 0.8403913804413348, "flow_delta": -59.65299999999115, "buy_dom_delta": 0.0, "sell_dom_delta": 0.0, "display_flow": 236.64800000000452, "display_buy_dom": 539.5980802587953, "display_sell_dom": 447.01965470866793}
RAW_MINUTE_FINALIZE {"minute": "2026-10-02T14:11:00-05:00", "raw_samples_counted": 1, "flow_already_counted": -59.65299999999115, "canonical_flow": -67.679, "strong_residual": 0.0, "double_count": 0}
ACCUM_FINAL {"time": "2026-10-02T14:11:00-05:00", "source": "RAW_ONLY", "net": -67.679, "oi_add": 1.478000000002794, "control": "CONTROL LIMIT BUY", "strength": 0.97325421, "flow_final": -67.679, "buy_dom_final": 1.43846972238, "sell_dom_final": 0.0, "double_count": 0}
RAW_MINUTE_FINALIZE {"minute": "2026-10-02T14:12:00-05:00", "raw_samples_counted": 0, "flow_already_counted": 0.0, "canonical_flow": -14.341, "strong_residual": 0.0, "double_count": 0}
ACCUM_FINAL {"time": "2026-10-02T14:12:00-05:00", "source": "RAW_ONLY", "net": -14.341, "oi_add": 2.7709999999933643, "control": "CONTROL MARKET SELL", "strength": 1.0, "flow_final": -14.341, "buy_dom_final": 0.0, "sell_dom_final": 2.771, "double_count": 0}
RAW_ACCUM {"time": "2026-10-02 14:13:50.173000-05:00", "dOI": 54.654000000009546, "pctl": 99.48453608247422, "control": "CONTROL MARKET BUY", "strength": 0.744991873938876, "flow_delta": 54.654000000009546, "buy_dom_delta": 40.71678587826244, "sell_dom_delta": 0.0, "display_flow": 268.9350000000052, "display_buy_dom": 581.7533358594378, "display_sell_dom": 449.79065470866794}
RAW_MINUTE_FINALIZE {"minute": "2026-10-02T14:13:00-05:00", "raw_samples_counted": 1, "flow_already_counted": 54.654000000009546, "canonical_flow": 53.864, "strong_residual": 0.0, "double_count": 0}
ACCUM_FINAL {"time": "2026-10-02T14:13:00-05:00", "source": "RAW_ONLY", "net": 53.864, "oi_add": 59.361000000004424, "control": "CONTROL MARKET BUY", "strength": 0.75105891, "flow_final": 53.864, "buy_dom_final": 44.58360795651, "sell_dom_final": 0.0, "double_count": 0}
RAW_ACCUM {"time": "2026-10-02 14:14:44.308000-05:00", "dOI": 43.52700000000186, "pctl": 99.59183673469387, "control": "CONTROL LIMIT BUY", "strength": 0.5003593561885229, "flow_delta": 43.52700000000186, "buy_dom_delta": 21.77914169681877, "sell_dom_delta": 0.0, "display_flow": 311.6719999999975, "display_buy_dom": 607.3992996345041, "display_sell_dom": 449.79065470866794}
RAW_MINUTE_FINALIZE {"minute": "2026-10-02T14:14:00-05:00", "raw_samples_counted": 1, "flow_already_counted": 43.52700000000186, "canonical_flow": 50.009, "strong_residual": 0.0, "double_count": 0}
ACCUM_FINAL {"time": "2026-10-02T14:14:00-05:00", "source": "RAW_ONLY", "net": 50.009, "oi_add": 58.75100000000384, "control": "CONTROL LIMIT BUY", "strength": 0.59068822, "flow_final": 50.009, "buy_dom_final": 34.70352361322, "sell_dom_final": 0.0, "double_count": 0}
PRE_RELEASE_DEPTH {"side": "BUY", "status": "HELD", "price": 84124.4, "initial_qty": 36.493, "current_qty": 36.493, "remaining_pct": 100.0, "min_distance": 0.05000000000291038, "age_sec": 0.0, "time": "2026-10-02 14:31:09.042000-05:00"}
PRE_RELEASE_DEPTH {"side": "BUY", "status": "PULLED", "price": 84124.4, "initial_qty": 36.493, "current_qty": 36.493, "remaining_pct": 100.0, "min_distance": 0.05000000000291038, "age_sec": 0.0, "time": "2026-10-02 14:31:15.099000-05:00"}
RAW_ACCUM {"time": "2026-10-02 14:32:16.481000-05:00", "dOI": -40.99700000000303, "pctl": 99.23469387755102, "control": "CONTROL MARKET SELL", "strength": 0.6077099536658739, "flow_delta": -40.99700000000303, "buy_dom_delta": 0.0, "sell_dom_delta": 0.0, "display_flow": 277.15699999999265, "display_buy_dom": 620.3236815509053, "display_sell_dom": 449.79065470866794}
RAW_MINUTE_FINALIZE {"minute": "2026-10-02T14:32:00-05:00", "raw_samples_counted": 1, "flow_already_counted": -40.99700000000303, "canonical_flow": -38.835, "strong_residual": 0.0, "double_count": 0}
ACCUM_FINAL {"time": "2026-10-02T14:32:00-05:00", "source": "RAW_ONLY", "net": -38.835, "oi_add": 8.351999999998952, "control": "CONTROL MARKET SELL", "strength": 0.78149396, "flow_final": -38.835, "buy_dom_final": 0.0, "sell_dom_final": 6.5270375539200005, "double_count": 0}
PRE_RELEASE_DEPTH {"side": "BUY", "status": "HELD", "price": 84161.3, "initial_qty": 25.154, "current_qty": 25.154, "remaining_pct": 100.0, "min_distance": 0.05000000000291038, "age_sec": 0.0, "time": "2026-10-02 14:39:07.387000-05:00"}
PRE_RELEASE_DEPTH {"side": "BUY", "status": "PULLED", "price": 84161.3, "initial_qty": 25.154, "current_qty": 25.154, "remaining_pct": 100.0, "min_distance": 0.05000000000291038, "age_sec": 0.0, "time": "2026-10-02 14:39:12.204000-05:00"}
PRE_RELEASE_DEPTH {"side": "BUY", "status": "HELD", "price": 84158.2, "initial_qty": 21.233, "current_qty": 21.233, "remaining_pct": 100.0, "min_distance": 0.05000000000291038, "age_sec": 0.0, "time": "2026-10-02 14:46:37.125000-05:00"}
PRE_RELEASE_DEPTH {"side": "BUY", "status": "PULLED", "price": 84158.2, "initial_qty": 21.233, "current_qty": 21.233, "remaining_pct": 100.0, "min_distance": 0.05000000000291038, "age_sec": 0.0, "time": "2026-10-02 14:46:41.136000-05:00"}
PRE_RELEASE_DEPTH {"side": "BUY", "status": "HELD", "price": 84146.0, "initial_qty": 27.739, "current_qty": 27.739, "remaining_pct": 100.0, "min_distance": 7.94999999999709, "age_sec": 0.0, "time": "2026-10-02 14:49:46.653000-05:00"}
PRE_RELEASE_DEPTH {"side": "BUY", "status": "PULLED", "price": 84146.0, "initial_qty": 27.739, "current_qty": 27.739, "remaining_pct": 100.0, "min_distance": 7.94999999999709, "age_sec": 0.0, "time": "2026-10-02 14:49:52.960000-05:00"}
PRE_RELEASE_DEPTH {"side": "BUY", "status": "NEAR", "price": 84146.0, "initial_qty": 27.737, "current_qty": 27.737, "remaining_pct": 100.0, "min_distance": 12.75, "age_sec": 0.0, "time": "2026-10-02 14:50:19.764000-05:00"}
PRE_RELEASE_DEPTH {"side": "BUY", "status": "PULLED", "price": 84146.0, "initial_qty": 27.737, "current_qty": 27.737, "remaining_pct": 100.0, "min_distance": 12.75, "age_sec": 0.0, "time": "2026-10-02 14:50:24.854000-05:00"}
PRE_RELEASE_DEPTH {"side": "BUY", "status": "HELD", "price": 84174.8, "initial_qty": 24.704, "current_qty": 24.704, "remaining_pct": 100.0, "min_distance": 3.0500000000029104, "age_sec": 0.0, "time": "2026-10-02 14:50:32.975000-05:00"}
PRE_RELEASE_DEPTH {"side": "BUY", "status": "PULLED", "price": 84174.8, "initial_qty": 24.704, "current_qty": 24.701, "remaining_pct": 99.98785621761658, "min_distance": 3.0500000000029104, "age_sec": 7.919, "time": "2026-10-02 14:51:11.716000-05:00"}
PRE_RELEASE_DEPTH {"side": "BUY", "status": "HELD", "price": 84146.0, "initial_qty": 20.52, "current_qty": 20.52, "remaining_pct": 100.0, "min_distance": 0.05000000000291038, "age_sec": 0.0, "time": "2026-10-02 14:54:20.187000-05:00"}
PRE_RELEASE_DEPTH {"side": "BUY", "status": "PULLED", "price": 84146.0, "initial_qty": 20.52, "current_qty": 20.52, "remaining_pct": 100.0, "min_distance": 0.05000000000291038, "age_sec": 0.0, "time": "2026-10-02 14:54:26.612000-05:00"}
PRE_RELEASE_DEPTH {"side": "BUY", "status": "HELD", "price": 84263.6, "initial_qty": 21.291, "current_qty": 21.291, "remaining_pct": 100.0, "min_distance": 0.04999999998835847, "age_sec": 0.0, "time": "2026-10-02 14:58:20.822000-05:00"}
PRE_RELEASE_DEPTH {"side": "BUY", "status": "PULLED", "price": 84263.6, "initial_qty": 21.291, "current_qty": 21.291, "remaining_pct": 100.0, "min_distance": 0.04999999998835847, "age_sec": 0.0, "time": "2026-10-02 14:58:30.260000-05:00"}
RAW_ACCUM {"time": "2026-10-02 14:59:42.263000-05:00", "dOI": 146.75199999999313, "pctl": 99.53020134228187, "control": "CONTROL LIMIT SELL", "strength": 1.0, "flow_delta": 146.75199999999313, "buy_dom_delta": 0.0, "sell_dom_delta": 146.75199999999313, "display_flow": 426.0709999999888, "display_buy_dom": 620.3236815509053, "display_sell_dom": 603.0696922625812}
RAW_ACCUM {"time": "2026-10-02 14:59:45.573000-05:00", "dOI": 79.14400000000023, "pctl": 99.93293091884641, "control": "CONTROL LIMIT SELL", "strength": 0.945155483860653, "flow_delta": 79.14400000000023, "buy_dom_delta": 0.0, "sell_dom_delta": 74.80338561466773, "display_flow": 505.21499999998906, "display_buy_dom": 620.3236815509053, "display_sell_dom": 677.8730778772488}
RAW_ACCUM {"time": "2026-10-02 14:59:51.314000-05:00", "dOI": 151.3469999999943, "pctl": 100.0, "control": "CONTROL LIMIT SELL", "strength": 0.9450374214832695, "flow_delta": 151.3469999999943, "buy_dom_delta": 0.0, "sell_dom_delta": 143.028578629223, "display_flow": 656.5619999999833, "display_buy_dom": 620.3236815509053, "display_sell_dom": 820.9016565064719}
RAW_ACCUM {"time": "2026-10-02 14:59:56.236000-05:00", "dOI": 60.729000000006636, "pctl": 100.0, "control": "CONTROL LIMIT SELL", "strength": 0.9450374214832695, "flow_delta": 60.729000000006636, "buy_dom_delta": 0.0, "sell_dom_delta": 57.391177569263746, "display_flow": 717.2909999999899, "display_buy_dom": 620.3236815509053, "display_sell_dom": 878.2928340757355}
RAW_MINUTE_FINALIZE {"minute": "2026-10-02T14:59:00-05:00", "raw_samples_counted": 4, "flow_already_counted": 437.9719999999943, "canonical_flow": 462.8570000000036, "strong_residual": 24.885000000009313, "double_count": 0}
ACCUM_FINAL {"time": "2026-10-02T14:59:00-05:00", "source": "STRONG+RAW", "net": 462.8570000000036, "oi_add": 466.2430000000022, "control": "CONTROL LIMIT SELL", "strength": 0.99136193, "flow_final": 462.8570000000036, "buy_dom_final": 0.0, "sell_dom_final": 462.2155603289922, "double_count": 0}
RAW_ACCUM {"time": "2026-10-02 15:00:00.878000-05:00", "dOI": -3.668999999994412, "pctl": 100.0, "control": "CONTROL LIMIT BUY", "strength": 1.0, "flow_delta": -3.668999999994412, "buy_dom_delta": 0.0, "sell_dom_delta": 0.0, "display_flow": 738.5070000000048, "display_buy_dom": 620.3236815509053, "display_sell_dom": 918.5332525915801}
PRE_RELEASE_DEPTH {"side": "BUY", "status": "NEAR", "price": 84300.0, "initial_qty": 20.28, "current_qty": 20.28, "remaining_pct": 100.0, "min_distance": 12.94999999999709, "age_sec": 0.0, "time": "2026-10-02 15:00:12.887000-05:00"}
PRE_RELEASE_DEPTH {"side": "BUY", "status": "PULLED", "price": 84300.0, "initial_qty": 20.28, "current_qty": 20.28, "remaining_pct": 100.0, "min_distance": 12.94999999999709, "age_sec": 0.0, "time": "2026-10-02 15:00:19.678000-05:00"}
PRE_RELEASE_DEPTH {"side": "BUY", "status": "HELD", "price": 84300.0, "initial_qty": 20.464, "current_qty": 20.464, "remaining_pct": 100.0, "min_distance": 3.9499999999970896, "age_sec": 0.0, "time": "2026-10-02 15:00:30.149000-05:00"}
PRE_RELEASE_DEPTH {"side": "BUY", "status": "PULLED", "price": 84300.0, "initial_qty": 20.464, "current_qty": 20.464, "remaining_pct": 100.0, "min_distance": 3.9499999999970896, "age_sec": 0.0, "time": "2026-10-02 15:00:39.396000-05:00"}
PRE_RELEASE_DEPTH {"side": "BUY", "status": "NEAR", "price": 84300.0, "initial_qty": 20.563, "current_qty": 20.563, "remaining_pct": 100.0, "min_distance": 11.85000000000582, "age_sec": 0.0, "time": "2026-10-02 15:00:40.842000-05:00"}
PRE_RELEASE_DEPTH {"side": "BUY", "status": "PULLED", "price": 84300.0, "initial_qty": 20.563, "current_qty": 20.469, "remaining_pct": 99.5428682585226, "min_distance": 11.85000000000582, "age_sec": 3.757, "time": "2026-10-02 15:00:49.929000-05:00"}
RAW_MINUTE_FINALIZE {"minute": "2026-10-02T15:00:00-05:00", "raw_samples_counted": 1, "flow_already_counted": -3.668999999994412, "canonical_flow": -75.235, "strong_residual": 0.0, "double_count": 0}
ACCUM_FINAL {"time": "2026-10-02T15:00:00-05:00", "source": "RAW_ONLY", "net": -75.235, "oi_add": 0.3680000000022119, "control": "CONTROL MARKET BUY", "strength": 1.0, "flow_final": -75.235, "buy_dom_final": 0.368, "sell_dom_final": 0.0, "double_count": 0}
RAW_MINUTE_FINALIZE {"minute": "2026-10-02T15:04:00-05:00", "raw_samples_counted": 0, "flow_already_counted": 0.0, "canonical_flow": 15.097, "strong_residual": 0.0, "double_count": 0}
ACCUM_FINAL {"time": "2026-10-02T15:04:00-05:00", "source": "RAW_ONLY", "net": 15.097, "oi_add": 22.73499999998603, "control": "CONTROL MARKET BUY", "strength": 0.77016538, "flow_final": 15.097, "buy_dom_final": 17.5097099143, "sell_dom_final": 0.0, "double_count": 0}
PRE_RELEASE_DEPTH {"side": "BUY", "status": "HELD", "price": 84366.9, "initial_qty": 23.969, "current_qty": 23.969, "remaining_pct": 100.0, "min_distance": 0.05000000000291038, "age_sec": 0.0, "time": "2026-10-02 15:05:27.658000-05:00"}
PRE_RELEASE_DEPTH {"side": "BUY", "status": "PULLED", "price": 84366.9, "initial_qty": 23.969, "current_qty": 23.969, "remaining_pct": 100.0, "min_distance": 0.05000000000291038, "age_sec": 0.0, "time": "2026-10-02 15:05:31.305000-05:00"}
PRE_RELEASE_DEPTH {"side": "BUY", "status": "HELD", "price": 84379.1, "initial_qty": 30.074, "current_qty": 30.074, "remaining_pct": 100.0, "min_distance": 1.1499999999941792, "age_sec": 0.0, "time": "2026-10-02 15:05:38.163000-05:00"}
PRE_RELEASE_DEPTH {"side": "BUY", "status": "NEAR", "price": 84379.1, "initial_qty": 30.074, "current_qty": 28.374, "remaining_pct": 94.34727671743033, "min_distance": 1.1499999999941792, "age_sec": 26.702, "time": "2026-10-02 15:06:04.865000-05:00"}
RAW_ACCUM {"time": "2026-10-02 15:06:19.184000-05:00", "dOI": 102.15799999999581, "pctl": 99.55271565495207, "control": "CONTROL LIMIT SELL", "strength": 0.9285400737599865, "flow_delta": 102.15799999999581, "buy_dom_delta": 0.0, "sell_dom_delta": 94.85779685516881, "display_flow": 784.195999999995, "display_buy_dom": 638.2013914652053, "display_sell_dom": 1013.3910494467489}
PRE_RELEASE_DEPTH {"side": "BUY", "status": "PULLED", "price": 84379.1, "initial_qty": 30.074, "current_qty": 28.374, "remaining_pct": 94.34727671743033, "min_distance": 1.1499999999941792, "age_sec": 26.702, "time": "2026-10-02 15:06:19.184000-05:00"}
RAW_ACCUM {"time": "2026-10-02 15:06:20.671000-05:00", "dOI": -10.461999999999534, "pctl": 99.23371647509579, "control": "CONTROL LIMIT SELL", "strength": 0.8978771883004573, "flow_delta": -10.461999999999534, "buy_dom_delta": 0.0, "sell_dom_delta": 0.0, "display_flow": 773.7339999999955, "display_buy_dom": 638.2013914652053, "display_sell_dom": 1013.3910494467489}
RAW_ACCUM {"time": "2026-10-02 15:06:26.084000-05:00", "dOI": 132.28399999999965, "pctl": 100.0, "control": "CONTROL LIMIT SELL", "strength": 0.9515038616091207, "flow_delta": 132.28399999999965, "buy_dom_delta": 0.0, "sell_dom_delta": 125.86873682910058, "display_flow": 906.0179999999951, "display_buy_dom": 638.2013914652053, "display_sell_dom": 1139.2597862758494}
PRE_RELEASE_DEPTH {"side": "BUY", "status": "HELD", "price": 84408.0, "initial_qty": 20.067, "current_qty": 20.067, "remaining_pct": 100.0, "min_distance": 7.05000000000291, "age_sec": 0.0, "time": "2026-10-02 15:06:26.084000-05:00"}
PRE_RELEASE_STATE {"state": "BUY_WATCH", "previous_state": "NEUTRAL", "time": "2026-10-02 15:06:26.084000-05:00", "price": 84411.5, "side": "BUY", "pctl": 100.0, "peak_type": null, "doi": 132.28399999999965, "oi_flow": "EXPANSION", "aggr_mag": 318.16700000000003, "aggr_share": 73.28120495292787, "control": "CONTROL LIMIT SELL", "eff_ratio": 0.04849613839087924, "absorption_ratio": 0.9515038616091207, "depth_ratio": 2.6166862191400395, "depth_level": {"first_seen": "2026-10-02 15:06:26.084000-05:00", "price": 84408.0, "initial_size": 20.067, "min_size": 20.067, "last_size": 20.067, "distance": 7.05000000000291, "min_distance": 7.05000000000291, "age_sec": 0.0, "tested": true, "held": true, "status": "HELD"}}
RAW_ACCUM {"time": "2026-10-02 15:06:31.356000-05:00", "dOI": -19.414000000004307, "pctl": 100.0, "control": "CONTROL LIMIT SELL", "strength": 0.9597148367605733, "flow_delta": -19.414000000004307, "buy_dom_delta": 0.0, "sell_dom_delta": 0.0, "display_flow": 886.6039999999908, "display_buy_dom": 638.2013914652053, "display_sell_dom": 1139.2597862758494}
PRE_RELEASE_DEPTH {"side": "BUY", "status": "PULLED", "price": 84408.0, "initial_qty": 20.067, "current_qty": 20.067, "remaining_pct": 100.0, "min_distance": 7.05000000000291, "age_sec": 0.0, "time": "2026-10-02 15:06:31.356000-05:00"}
RAW_ACCUM {"time": "2026-10-02 15:06:36.523000-05:00", "dOI": 9.676999999996042, "pctl": 100.0, "control": "CONTROL LIMIT SELL", "strength": 1.0, "flow_delta": 9.676999999996042, "buy_dom_delta": 0.0, "sell_dom_delta": 9.676999999996042, "display_flow": 896.2809999999869, "display_buy_dom": 638.2013914652053, "display_sell_dom": 1148.9367862758454}
RAW_ACCUM {"time": "2026-10-02 15:06:40.384000-05:00", "dOI": -4.606999999989057, "pctl": 100.0, "control": "CONTROL LIMIT SELL", "strength": 1.0, "flow_delta": -4.606999999989057, "buy_dom_delta": 0.0, "sell_dom_delta": 0.0, "display_flow": 891.6739999999978, "display_buy_dom": 638.2013914652053, "display_sell_dom": 1148.9367862758454}
PRE_RELEASE_STATE {"state": "CANCEL", "previous_state": "BUY_WATCH", "time": "2026-10-02 15:06:40.384000-05:00", "side": "BUY", "price": 84362.0, "pctl": 100.0, "oi_flow": "CONTRACTION", "control": "CONTROL LIMIT SELL"}
RAW_ACCUM {"time": "2026-10-02 15:06:47.599000-05:00", "dOI": 0.9179999999905704, "pctl": 100.0, "control": "CONTROL LIMIT SELL", "strength": 1.0, "flow_delta": 0.9179999999905704, "buy_dom_delta": 0.0, "sell_dom_delta": 0.9179999999905704, "display_flow": 892.5919999999884, "display_buy_dom": 638.2013914652053, "display_sell_dom": 1149.854786275836}
RAW_ACCUM {"time": "2026-10-02 15:06:52.551000-05:00", "dOI": -0.16899999999441206, "pctl": 99.80928162746345, "control": "CONTROL LIMIT SELL", "strength": 1.0, "flow_delta": -0.16899999999441206, "buy_dom_delta": 0.0, "sell_dom_delta": 0.0, "display_flow": 892.422999999994, "display_buy_dom": 638.2013914652053, "display_sell_dom": 1149.854786275836}
RAW_MINUTE_FINALIZE {"minute": "2026-10-02T15:06:00-05:00", "raw_samples_counted": 8, "flow_already_counted": 210.38499999999476, "canonical_flow": 204.74499999999534, "strong_residual": -5.639999999999418, "double_count": 0}
ACCUM_FINAL {"time": "2026-10-02T15:06:00-05:00", "source": "STRONG+RAW", "net": 204.74499999999534, "oi_add": 264.95399999998335, "control": "CONTROL LIMIT SELL", "strength": 1.0, "flow_final": 204.74499999999534, "buy_dom_final": 0.0, "sell_dom_final": 264.95399999998335, "double_count": 0}
RAW_ACCUM {"time": "2026-10-02 15:07:09.024000-05:00", "dOI": -2.6340000000054715, "pctl": 99.1751269035533, "control": "CONTROL LIMIT SELL", "strength": 1.0, "flow_delta": -2.6340000000054715, "buy_dom_delta": 0.0, "sell_dom_delta": 0.0, "display_flow": 884.1489999999891, "display_buy_dom": 638.2013914652053, "display_sell_dom": 1183.4872525915634}
RAW_ACCUM {"time": "2026-10-02 15:07:14.305000-05:00", "dOI": -1.8429999999934807, "pctl": 99.17564996829424, "control": "CONTROL MARKET SELL", "strength": 1.0, "flow_delta": -1.8429999999934807, "buy_dom_delta": 0.0, "sell_dom_delta": 0.0, "display_flow": 882.3059999999956, "display_buy_dom": 638.2013914652053, "display_sell_dom": 1183.4872525915634}
RAW_ACCUM {"time": "2026-10-02 15:07:13.681000-05:00", "dOI": 0.04700000000593718, "pctl": 99.17564996829424, "control": "CONTROL MARKET SELL", "strength": 1.0, "flow_delta": 0.04700000000593718, "buy_dom_delta": 0.0, "sell_dom_delta": 0.04700000000593718, "display_flow": 882.3530000000015, "display_buy_dom": 638.2013914652053, "display_sell_dom": 1183.5342525915694}
RAW_ACCUM {"time": "2026-10-02 15:07:19.673000-05:00", "dOI": -3.4530000000086147, "pctl": 98.03548795944234, "control": "CONTROL MARKET SELL", "strength": 1.0, "flow_delta": -3.4530000000086147, "buy_dom_delta": 0.0, "sell_dom_delta": 0.0, "display_flow": 878.8999999999929, "display_buy_dom": 638.2013914652053, "display_sell_dom": 1183.5342525915694}
RAW_ACCUM {"time": "2026-10-02 15:07:22.752000-05:00", "dOI": 0.17500000000291038, "pctl": 97.78481012658227, "control": "CONTROL LIMIT SELL", "strength": 1.0, "flow_delta": 0.17500000000291038, "buy_dom_delta": 0.0, "sell_dom_delta": 0.17500000000291038, "display_flow": 879.0749999999958, "display_buy_dom": 638.2013914652053, "display_sell_dom": 1183.7092525915723}
PRE_RELEASE_DEPTH {"side": "BUY", "status": "HELD", "price": 84341.0, "initial_qty": 23.363, "current_qty": 23.363, "remaining_pct": 100.0, "min_distance": 0.6499999999941792, "age_sec": 0.0, "time": "2026-10-02 15:07:29.485000-05:00"}
RAW_MINUTE_FINALIZE {"minute": "2026-10-02T15:07:00-05:00", "raw_samples_counted": 5, "flow_already_counted": -7.707999999998719, "canonical_flow": 8.499, "strong_residual": 0.0, "double_count": 0}
ACCUM_FINAL {"time": "2026-10-02T15:07:00-05:00", "source": "RAW_ONLY", "net": 8.499, "oi_add": 20.00999999999476, "control": "CONTROL LIMIT SELL", "strength": 1.0, "flow_final": 8.499, "buy_dom_final": 0.0, "sell_dom_final": 20.01, "double_count": 0}
PRE_RELEASE_DEPTH {"side": "BUY", "status": "PULLED", "price": 84341.0, "initial_qty": 23.363, "current_qty": 21.502, "remaining_pct": 92.03441338869152, "min_distance": 0.05000000000291038, "age_sec": 20.972, "time": "2026-10-02 15:08:10.314000-05:00"}
PRE_RELEASE_DEPTH {"side": "BUY", "status": "HELD", "price": 84341.0, "initial_qty": 21.578, "current_qty": 21.578, "remaining_pct": 100.0, "min_distance": 4.149999999994179, "age_sec": 0.0, "time": "2026-10-02 15:08:18.260000-05:00"}
RAW_ACCUM {"time": "2026-10-02 15:08:33.546000-05:00", "dOI": 44.87399999999616, "pctl": 98.05153991200503, "control": "CONTROL MARKET SELL", "strength": 1.0, "flow_delta": 44.87399999999616, "buy_dom_delta": 0.0, "sell_dom_delta": 44.87399999999616, "display_flow": 940.1559999999907, "display_buy_dom": 638.2013914652053, "display_sell_dom": 1248.3712525915596}
RAW_MINUTE_FINALIZE {"minute": "2026-10-02T15:08:00-05:00", "raw_samples_counted": 1, "flow_already_counted": 44.87399999999616, "canonical_flow": 53.263, "strong_residual": 0.0, "double_count": 0}
ACCUM_FINAL {"time": "2026-10-02T15:08:00-05:00", "source": "RAW_ONLY", "net": 53.263, "oi_add": 56.88400000000547, "control": "CONTROL LIMIT BUY", "strength": 0.69228985, "flow_final": 53.263, "buy_dom_final": 39.3802158274, "sell_dom_final": 0.0, "double_count": 0}
PRE_RELEASE_DEPTH {"side": "BUY", "status": "BROKEN", "price": 84341.0, "initial_qty": 21.578, "current_qty": 21.578, "remaining_pct": 100.0, "min_distance": 4.149999999994179, "age_sec": 0.0, "time": "2026-10-02 15:10:08.703000-05:00"}
PRE_RELEASE_DEPTH {"side": "BUY", "status": "HELD", "price": 84315.3, "initial_qty": 31.146, "current_qty": 31.146, "remaining_pct": 100.0, "min_distance": 0.05000000000291038, "age_sec": 0.0, "time": "2026-10-02 15:10:08.703000-05:00"}
PRE_RELEASE_DEPTH {"side": "BUY", "status": "PULLED", "price": 84315.3, "initial_qty": 31.146, "current_qty": 31.146, "remaining_pct": 100.0, "min_distance": 0.05000000000291038, "age_sec": 0.0, "time": "2026-10-02 15:10:19.248000-05:00"}
PRE_RELEASE_DEPTH {"side": "BUY", "status": "HELD", "price": 84341.2, "initial_qty": 43.915, "current_qty": 43.915, "remaining_pct": 100.0, "min_distance": 6.850000000005821, "age_sec": 0.0, "time": "2026-10-02 15:15:41.169000-05:00"}
RAW_ACCUM {"time": "2026-10-02 15:16:29.481000-05:00", "dOI": 30.330000000001746, "pctl": 97.85714285714285, "control": "CONTROL MARKET SELL", "strength": 0.7435443624372249, "flow_delta": 30.330000000001746, "buy_dom_delta": 0.0, "sell_dom_delta": 22.55170051272233, "display_flow": 978.8749999999964, "display_buy_dom": 677.5816072926053, "display_sell_dom": 1226.0489531042858}
RAW_MINUTE_FINALIZE {"minute": "2026-10-02T15:16:00-05:00", "raw_samples_counted": 1, "flow_already_counted": 30.330000000001746, "canonical_flow": 35.227, "strong_residual": 0.0, "double_count": 0}
ACCUM_FINAL {"time": "2026-10-02T15:16:00-05:00", "source": "RAW_ONLY", "net": 35.227, "oi_add": 38.41799999999057, "control": "CONTROL MARKET SELL", "strength": 0.7097849, "flow_final": 35.227, "buy_dom_final": 0.0, "sell_dom_final": 27.2685162882, "double_count": 0}
PRE_RELEASE_DEPTH {"side": "BUY", "status": "BROKEN", "price": 84341.2, "initial_qty": 43.915, "current_qty": 37.41, "remaining_pct": 85.18729363543208, "min_distance": 0.05000000000291038, "age_sec": 43.117, "time": "2026-10-02 15:17:01.296000-05:00"}
PRE_RELEASE_DEPTH {"side": "BUY", "status": "HELD", "price": 84342.2, "initial_qty": 21.155, "current_qty": 21.155, "remaining_pct": 100.0, "min_distance": 0.05000000000291038, "age_sec": 0.0, "time": "2026-10-02 15:20:37.514000-05:00"}
PRE_RELEASE_DEPTH {"side": "BUY", "status": "PULLED", "price": 84342.2, "initial_qty": 21.155, "current_qty": 21.155, "remaining_pct": 100.0, "min_distance": 0.05000000000291038, "age_sec": 0.0, "time": "2026-10-02 15:20:39.049000-05:00"}
PRE_RELEASE_DEPTH {"side": "BUY", "status": "HELD", "price": 84340.0, "initial_qty": 44.006, "current_qty": 44.006, "remaining_pct": 100.0, "min_distance": 4.55000000000291, "age_sec": 0.0, "time": "2026-10-02 15:23:10.365000-05:00"}
PRE_RELEASE_DEPTH {"side": "BUY", "status": "PULLED", "price": 84340.0, "initial_qty": 44.006, "current_qty": 44.006, "remaining_pct": 100.0, "min_distance": 4.55000000000291, "age_sec": 0.0, "time": "2026-10-02 15:23:18.572000-05:00"}
PRE_RELEASE_DEPTH {"side": "BUY", "status": "HELD", "price": 84359.9, "initial_qty": 25.191, "current_qty": 25.191, "remaining_pct": 100.0, "min_distance": 0.05000000000291038, "age_sec": 0.0, "time": "2026-10-02 15:23:18.572000-05:00"}
RAW_ACCUM {"time": "2026-10-02 15:23:34.548000-05:00", "dOI": -56.088999999992666, "pctl": 98.92106757524134, "control": "CONTROL LIMIT SELL", "strength": 0.5616372317382297, "flow_delta": -56.088999999992666, "buy_dom_delta": 0.0, "sell_dom_delta": 0.0, "display_flow": 927.6830000000019, "display_buy_dom": 677.5816072926053, "display_sell_dom": 1230.7657688797635}
PRE_RELEASE_DEPTH {"side": "BUY", "status": "PULLED", "price": 84359.9, "initial_qty": 25.191, "current_qty": 25.233, "remaining_pct": 100.1667262117423, "min_distance": 0.05000000000291038, "age_sec": 8.866, "time": "2026-10-02 15:23:34.548000-05:00"}
PRE_RELEASE_DEPTH {"side": "BUY", "status": "NEAR", "price": 84400.0, "initial_qty": 40.8, "current_qty": 40.8, "remaining_pct": 100.0, "min_distance": 12.44999999999709, "age_sec": 0.0, "time": "2026-10-02 15:23:43.096000-05:00"}
RAW_ACCUM {"time": "2026-10-02 15:23:53.830000-05:00", "dOI": 140.43499999999767, "pctl": 99.37712344280861, "control": "CONTROL LIMIT SELL", "strength": 0.6686052960597848, "flow_delta": 140.43499999999767, "buy_dom_delta": 0.0, "sell_dom_delta": 93.89558475215432, "display_flow": 1068.1179999999995, "display_buy_dom": 677.5816072926053, "display_sell_dom": 1324.6613536319178}
PRE_RELEASE_DEPTH {"side": "BUY", "status": "PULLED", "price": 84400.0, "initial_qty": 40.8, "current_qty": 40.8, "remaining_pct": 100.0, "min_distance": 12.44999999999709, "age_sec": 0.0, "time": "2026-10-02 15:23:53.830000-05:00"}
RAW_MINUTE_FINALIZE {"minute": "2026-10-02T15:23:00-05:00", "raw_samples_counted": 2, "flow_already_counted": 84.346000000005, "canonical_flow": 143.19400000000314, "strong_residual": 58.84799999999814, "double_count": 0}
ACCUM_FINAL {"time": "2026-10-02T15:23:00-05:00", "source": "STRONG+RAW", "net": 143.19400000000314, "oi_add": 202.89999999999418, "control": "CONTROL LIMIT SELL", "strength": 0.73995896, "flow_final": 143.19400000000314, "buy_dom_final": 0.0, "sell_dom_final": 150.1376729839957, "double_count": 0}
RAW_ACCUM {"time": "2026-10-02 15:24:04.473000-05:00", "dOI": -0.024000000004889444, "pctl": 100.0, "control": "CONTROL MARKET SELL", "strength": 1.0, "flow_delta": -0.024000000004889444, "buy_dom_delta": 0.0, "sell_dom_delta": 0.0, "display_flow": 1126.9419999999927, "display_buy_dom": 677.5816072926053, "display_sell_dom": 1380.9034418637593}
RAW_ACCUM {"time": "2026-10-02 15:24:13.768000-05:00", "dOI": 2.2119999999995343, "pctl": 99.49152542372882, "control": "CONTROL MARKET SELL", "strength": 1.0, "flow_delta": 2.2119999999995343, "buy_dom_delta": 0.0, "sell_dom_delta": 2.2119999999995343, "display_flow": 1129.1539999999923, "display_buy_dom": 677.5816072926053, "display_sell_dom": 1383.1154418637589}
RAW_ACCUM {"time": "2026-10-02 15:24:20.300000-05:00", "dOI": -0.7590000000054715, "pctl": 99.54853273137697, "control": "CONTROL LIMIT SELL", "strength": 1.0, "flow_delta": -0.7590000000054715, "buy_dom_delta": 0.0, "sell_dom_delta": 0.0, "display_flow": 1128.3949999999868, "display_buy_dom": 677.5816072926053, "display_sell_dom": 1383.1154418637589}
PRE_RELEASE_DEPTH {"side": "BUY", "status": "NEAR", "price": 84400.0, "initial_qty": 40.774, "current_qty": 40.774, "remaining_pct": 100.0, "min_distance": 12.14999999999418, "age_sec": 0.0, "time": "2026-10-02 15:24:20.300000-05:00"}
PRE_RELEASE_STATE {"state": "BUY_WATCH", "previous_state": "NEUTRAL", "time": "2026-10-02 15:24:20.300000-05:00", "price": 84429.4, "side": "BUY", "pctl": 99.54853273137697, "peak_type": null, "doi": -0.7590000000054715, "oi_flow": "CONTRACTION", "aggr_mag": 55.18299999999999, "aggr_share": 67.51051906759493, "control": "CONTROL LIMIT SELL", "eff_ratio": -0.23215500207606976, "absorption_ratio": 1.0, "depth_ratio": 2.16810816472572, "depth_level": {"first_seen": "2026-10-02 15:24:20.300000-05:00", "price": 84400.0, "initial_size": 40.774, "min_size": 40.774, "last_size": 40.774, "distance": 12.14999999999418, "min_distance": 12.14999999999418, "age_sec": 0.0, "tested": false, "held": false, "status": "NEAR"}}
RAW_ACCUM {"time": "2026-10-02 15:24:27.333000-05:00", "dOI": 72.39600000000792, "pctl": 99.83079526226734, "control": "CONTROL LIMIT SELL", "strength": 1.0, "flow_delta": 72.39600000000792, "buy_dom_delta": 0.0, "sell_dom_delta": 72.39600000000792, "display_flow": 1200.7909999999947, "display_buy_dom": 677.5816072926053, "display_sell_dom": 1455.5114418637668}
PRE_RELEASE_DEPTH {"side": "BUY", "status": "PULLED", "price": 84400.0, "initial_qty": 40.774, "current_qty": 40.774, "remaining_pct": 100.0, "min_distance": 12.14999999999418, "age_sec": 0.0, "time": "2026-10-02 15:24:27.333000-05:00"}
RAW_ACCUM {"time": "2026-10-02 15:24:33.023000-05:00", "dOI": 78.1140000000014, "pctl": 100.0, "control": "CONTROL LIMIT SELL", "strength": 1.0, "flow_delta": 78.1140000000014, "buy_dom_delta": 0.0, "sell_dom_delta": 78.1140000000014, "display_flow": 1278.904999999996, "display_buy_dom": 677.5816072926053, "display_sell_dom": 1533.6254418637682}
RAW_ACCUM {"time": "2026-10-02 15:24:35.592000-05:00", "dOI": -0.3040000000037253, "pctl": 100.0, "control": "CONTROL LIMIT SELL", "strength": 1.0, "flow_delta": -0.3040000000037253, "buy_dom_delta": 0.0, "sell_dom_delta": 0.0, "display_flow": 1278.6009999999924, "display_buy_dom": 677.5816072926053, "display_sell_dom": 1533.6254418637682}
PRE_RELEASE_STATE {"state": "CANCEL", "previous_state": "BUY_WATCH", "time": "2026-10-02 15:24:35.592000-05:00", "side": "BUY", "price": 84442.8, "pctl": 100.0, "oi_flow": "CONTRACTION", "control": "CONTROL LIMIT SELL"}
RAW_ACCUM {"time": "2026-10-02 15:24:40.763000-05:00", "dOI": -12.646999999997206, "pctl": 100.0, "control": "CONTROL LIMIT SELL", "strength": 1.0, "flow_delta": -12.646999999997206, "buy_dom_delta": 0.0, "sell_dom_delta": 0.0, "display_flow": 1265.9539999999952, "display_buy_dom": 677.5816072926053, "display_sell_dom": 1533.6254418637682}
RAW_ACCUM {"time": "2026-10-02 15:24:46.729000-05:00", "dOI": 70.09999999999127, "pctl": 100.0, "control": "CONTROL LIMIT SELL", "strength": 0.902014575339307, "flow_delta": 70.09999999999127, "buy_dom_delta": 0.0, "sell_dom_delta": 63.23122173127754, "display_flow": 1336.0539999999864, "display_buy_dom": 677.5816072926053, "display_sell_dom": 1596.8566635950458}
RAW_ACCUM {"time": "2026-10-02 15:24:51.118000-05:00", "dOI": -1.5889999999926658, "pctl": 100.0, "control": "CONTROL LIMIT SELL", "strength": 0.8870086987724176, "flow_delta": -1.5889999999926658, "buy_dom_delta": 0.0, "sell_dom_delta": 0.0, "display_flow": 1334.4649999999938, "display_buy_dom": 677.5816072926053, "display_sell_dom": 1596.8566635950458}
RAW_MINUTE_FINALIZE {"minute": "2026-10-02T15:24:00-05:00", "raw_samples_counted": 9, "flow_already_counted": 207.49899999999616, "canonical_flow": 262.8859999999986, "strong_residual": 55.387000000002445, "double_count": 0}
ACCUM_FINAL {"time": "2026-10-02T15:24:00-05:00", "source": "STRONG+RAW", "net": 262.8859999999986, "oi_add": 278.20900000000256, "control": "CONTROL LIMIT SELL", "strength": 0.88633115, "flow_final": 262.8859999999986, "buy_dom_final": 0.0, "sell_dom_final": 246.58530291035225, "double_count": 0}
RAW_ACCUM {"time": "2026-10-02 15:25:12.784000-05:00", "dOI": -3.2989999999990687, "pctl": 99.49466591802359, "control": "CONTROL MARKET SELL", "strength": 1.0, "flow_delta": -3.2989999999990687, "buy_dom_delta": 0.0, "sell_dom_delta": 0.0, "display_flow": 1386.5529999999972, "display_buy_dom": 677.5816072926053, "display_sell_dom": 1627.4887447741116}
RAW_ACCUM {"time": "2026-10-02 15:25:17.885000-05:00", "dOI": 75.24099999999453, "pctl": 100.0, "control": "CONTROL LIMIT SELL", "strength": 0.8350195014349295, "flow_delta": 75.24099999999453, "buy_dom_delta": 0.0, "sell_dom_delta": 62.82770230746097, "display_flow": 1461.7939999999917, "display_buy_dom": 677.5816072926053, "display_sell_dom": 1690.3164470815725}
PRE_RELEASE_DEPTH {"side": "BUY", "status": "HELD", "price": 84480.9, "initial_qty": 21.633, "current_qty": 21.633, "remaining_pct": 100.0, "min_distance": 0.05000000000291038, "age_sec": 0.0, "time": "2026-10-02 15:25:17.885000-05:00"}
PRE_RELEASE_STATE {"state": "BUY_WATCH", "previous_state": "NEUTRAL", "time": "2026-10-02 15:25:17.885000-05:00", "price": 84480.9, "side": "BUY", "pctl": 100.0, "peak_type": null, "doi": 75.24099999999453, "oi_flow": "EXPANSION", "aggr_mag": 94.084, "aggr_share": 77.49064983637214, "control": "CONTROL LIMIT SELL", "eff_ratio": 0.16498049856507044, "absorption_ratio": 0.8350195014349295, "depth_ratio": 3.696123520197013, "depth_level": {"first_seen": "2026-10-02 15:25:17.885000-05:00", "price": 84480.9, "initial_size": 21.633, "min_size": 21.633, "last_size": 21.633, "distance": 0.05000000000291038, "min_distance": 0.05000000000291038, "age_sec": 0.0, "tested": true, "held": true, "status": "HELD"}}
RAW_ACCUM {"time": "2026-10-02 15:25:18.380000-05:00", "dOI": -1.9590000000025611, "pctl": 100.0, "control": "CONTROL LIMIT SELL", "strength": 0.8350195014349295, "flow_delta": -1.9590000000025611, "buy_dom_delta": 0.0, "sell_dom_delta": 0.0, "display_flow": 1459.8349999999891, "display_buy_dom": 677.5816072926053, "display_sell_dom": 1690.3164470815725}
PRE_RELEASE_DEPTH {"side": "BUY", "status": "PULLED", "price": 84480.9, "initial_qty": 21.633, "current_qty": 21.633, "remaining_pct": 100.0, "min_distance": 0.05000000000291038, "age_sec": 0.0, "time": "2026-10-02 15:25:18.380000-05:00"}
RAW_ACCUM {"time": "2026-10-02 15:25:29.059000-05:00", "dOI": -16.25199999999313, "pctl": 99.83183856502242, "control": "CONTROL LIMIT SELL", "strength": 0.6301627653734378, "flow_delta": -16.25199999999313, "buy_dom_delta": 0.0, "sell_dom_delta": 0.0, "display_flow": 1443.582999999996, "display_buy_dom": 677.5816072926053, "display_sell_dom": 1690.3164470815725}
RAW_ACCUM {"time": "2026-10-02 15:25:31.595000-05:00", "dOI": 9.010999999998603, "pctl": 99.83193277310924, "control": "CONTROL LIMIT SELL", "strength": 0.6301627653734378, "flow_delta": 9.010999999998603, "buy_dom_delta": 0.0, "sell_dom_delta": 5.678396678779168, "display_flow": 1452.5939999999946, "display_buy_dom": 677.5816072926053, "display_sell_dom": 1695.9948437603518}
PRE_RELEASE_DEPTH {"side": "BUY", "status": "HELD", "price": 84480.1, "initial_qty": 188.309, "current_qty": 188.309, "remaining_pct": 100.0, "min_distance": 6.0499999999883585, "age_sec": 0.0, "time": "2026-10-02 15:25:31.595000-05:00"}
RAW_ACCUM {"time": "2026-10-02 15:25:36.904000-05:00", "dOI": -1.4719999999942956, "pctl": 98.93617021276596, "control": "CONTROL LIMIT SELL", "strength": 0.5065410560115082, "flow_delta": -1.4719999999942956, "buy_dom_delta": 0.0, "sell_dom_delta": 0.0, "display_flow": 1451.1220000000003, "display_buy_dom": 677.5816072926053, "display_sell_dom": 1695.9948437603518}
PRE_RELEASE_DEPTH {"side": "BUY", "status": "PULLED", "price": 84480.1, "initial_qty": 188.309, "current_qty": 188.309, "remaining_pct": 100.0, "min_distance": 6.0499999999883585, "age_sec": 0.0, "time": "2026-10-02 15:25:36.904000-05:00"}
PRE_RELEASE_DEPTH {"side": "BUY", "status": "NEAR", "price": 84481.3, "initial_qty": 29.688, "current_qty": 29.688, "remaining_pct": 100.0, "min_distance": 11.849999999991269, "age_sec": 0.0, "time": "2026-10-02 15:25:36.904000-05:00"}
RAW_ACCUM {"time": "2026-10-02 15:25:42.153000-05:00", "dOI": -2.8329999999987194, "pctl": 98.9373601789709, "control": "CONTROL LIMIT SELL", "strength": 0.6536276753066963, "flow_delta": -2.8329999999987194, "buy_dom_delta": 0.0, "sell_dom_delta": 0.0, "display_flow": 1448.2890000000016, "display_buy_dom": 677.5816072926053, "display_sell_dom": 1695.9948437603518}
PRE_RELEASE_DEPTH {"side": "BUY", "status": "PULLED", "price": 84481.3, "initial_qty": 29.688, "current_qty": 29.688, "remaining_pct": 100.0, "min_distance": 11.849999999991269, "age_sec": 0.0, "time": "2026-10-02 15:25:42.153000-05:00"}
PRE_RELEASE_DEPTH {"side": "BUY", "status": "NEAR", "price": 84480.1, "initial_qty": 188.464, "current_qty": 188.464, "remaining_pct": 100.0, "min_distance": 13.049999999988358, "age_sec": 0.0, "time": "2026-10-02 15:25:42.153000-05:00"}
RAW_ACCUM {"time": "2026-10-02 15:25:47.524000-05:00", "dOI": 25.356999999989057, "pctl": 98.71436556735607, "control": "CONTROL LIMIT SELL", "strength": 0.8580833939404042, "flow_delta": 25.356999999989057, "buy_dom_delta": 0.0, "sell_dom_delta": 21.75842062013744, "display_flow": 1473.6459999999906, "display_buy_dom": 677.5816072926053, "display_sell_dom": 1717.7532643804893}
PRE_RELEASE_DEPTH {"side": "BUY", "status": "HELD", "price": 84480.1, "initial_qty": 188.464, "current_qty": 188.476, "remaining_pct": 100.00636726377452, "min_distance": 0.6499999999941792, "age_sec": 5.371, "time": "2026-10-02 15:25:47.524000-05:00"}
RAW_ACCUM {"time": "2026-10-02 15:25:50.132000-05:00", "dOI": -0.12099999999918509, "pctl": 98.71436556735607, "control": "CONTROL LIMIT SELL", "strength": 0.8585893047248452, "flow_delta": -0.12099999999918509, "buy_dom_delta": 0.0, "sell_dom_delta": 0.0, "display_flow": 1473.5249999999915, "display_buy_dom": 677.5816072926053, "display_sell_dom": 1717.7532643804893}
RAW_MINUTE_FINALIZE {"minute": "2026-10-02T15:25:00-05:00", "raw_samples_counted": 9, "flow_already_counted": 83.67299999999523, "canonical_flow": 83.538, "strong_residual": 0.0, "double_count": 0}
ACCUM_FINAL {"time": "2026-10-02T15:25:00-05:00", "source": "RAW_ONLY", "net": 83.538, "oi_add": 109.60899999998219, "control": "CONTROL LIMIT SELL", "strength": 0.85625334, "flow_final": 83.538, "buy_dom_final": 0.0, "sell_dom_final": 93.85307234406, "double_count": 0}
RAW_ACCUM {"time": "2026-10-02 15:26:13.558000-05:00", "dOI": -30.17499999998836, "pctl": 97.82608695652173, "control": "CONTROL LIMIT BUY", "strength": 1.0, "flow_delta": -30.17499999998836, "buy_dom_delta": 0.0, "sell_dom_delta": 0.0, "display_flow": 1443.2150000000079, "display_buy_dom": 677.5816072926053, "display_sell_dom": 1721.3418171181715}
RAW_ACCUM {"time": "2026-10-02 15:26:16.198000-05:00", "dOI": -0.28500000000349246, "pctl": 97.82729805013928, "control": "CONTROL LIMIT BUY", "strength": 1.0, "flow_delta": -0.28500000000349246, "buy_dom_delta": 0.0, "sell_dom_delta": 0.0, "display_flow": 1442.9300000000044, "display_buy_dom": 677.5816072926053, "display_sell_dom": 1721.3418171181715}
PRE_RELEASE_STATE {"state": "CANCEL", "previous_state": "BUY_WATCH", "time": "2026-10-02 15:26:16.198000-05:00", "side": "BUY", "price": 84491.1, "pctl": 97.82729805013928, "oi_flow": "CONTRACTION", "control": "CONTROL LIMIT BUY"}
RAW_MINUTE_FINALIZE {"minute": "2026-10-02T15:26:00-05:00", "raw_samples_counted": 2, "flow_already_counted": -30.45999999999185, "canonical_flow": -35.536, "strong_residual": 0.0, "double_count": 0}
ACCUM_FINAL {"time": "2026-10-02T15:26:00-05:00", "source": "RAW_ONLY", "net": -35.536, "oi_add": 4.134999999994761, "control": "CONTROL LIMIT BUY", "strength": 1.0, "flow_final": -35.536, "buy_dom_final": 4.135, "sell_dom_final": 0.0, "double_count": 0}
RAW_ACCUM {"time": "2026-10-02 15:27:09.558000-05:00", "dOI": 72.6710000000021, "pctl": 98.39156960621187, "control": "CONTROL LIMIT BUY", "strength": 0.7692186910461487, "flow_delta": 72.6710000000021, "buy_dom_delta": 55.899891497016284, "sell_dom_delta": 0.0, "display_flow": 1510.5249999999983, "display_buy_dom": 737.6164987896216, "display_sell_dom": 1721.3418171181715}
RAW_MINUTE_FINALIZE {"minute": "2026-10-02T15:27:00-05:00", "raw_samples_counted": 1, "flow_already_counted": 72.6710000000021, "canonical_flow": 4.292, "strong_residual": 0.0, "double_count": 0}
ACCUM_FINAL {"time": "2026-10-02T15:27:00-05:00", "source": "RAW_ONLY", "net": 4.292, "oi_add": 86.17999999999302, "control": "CONTROL MARKET SELL", "strength": 0.68529755, "flow_final": 4.292, "buy_dom_final": 0.0, "sell_dom_final": 59.058942859000005, "double_count": 0}
PRE_RELEASE_DEPTH {"side": "SELL", "status": "HELD", "price": 84365.3, "initial_qty": 23.53, "current_qty": 23.53, "remaining_pct": 100.0, "min_distance": 0.05000000000291038, "age_sec": 0.0, "time": "2026-10-02 15:28:18.248000-05:00"}
PRE_RELEASE_DEPTH {"side": "SELL", "status": "PULLED", "price": 84365.3, "initial_qty": 23.53, "current_qty": 23.53, "remaining_pct": 100.0, "min_distance": 0.05000000000291038, "age_sec": 0.0, "time": "2026-10-02 15:28:23.320000-05:00"}
PRE_RELEASE_DEPTH {"side": "SELL", "status": "HELD", "price": 84328.0, "initial_qty": 20.506, "current_qty": 20.506, "remaining_pct": 100.0, "min_distance": 0.05000000000291038, "age_sec": 0.0, "time": "2026-10-02 15:28:33.779000-05:00"}
RAW_ACCUM {"time": "2026-10-02 15:28:45.123000-05:00", "dOI": 104.01300000000629, "pctl": 99.12136188907193, "control": "CONTROL MARKET SELL", "strength": 1.0, "flow_delta": 104.01300000000629, "buy_dom_delta": 0.0, "sell_dom_delta": 104.01300000000629, "display_flow": 1546.1590000000024, "display_buy_dom": 681.7166072926053, "display_sell_dom": 1884.4137599771777}
PRE_RELEASE_DEPTH {"side": "SELL", "status": "PULLED", "price": 84328.0, "initial_qty": 20.506, "current_qty": 20.506, "remaining_pct": 100.0, "min_distance": 0.05000000000291038, "age_sec": 0.0, "time": "2026-10-02 15:28:45.123000-05:00"}
RAW_ACCUM {"time": "2026-10-02 15:28:48.313000-05:00", "dOI": -9.334000000002561, "pctl": 98.57377948436643, "control": "CONTROL MARKET SELL", "strength": 1.0, "flow_delta": -9.334000000002561, "buy_dom_delta": 0.0, "sell_dom_delta": 0.0, "display_flow": 1536.8249999999998, "display_buy_dom": 681.7166072926053, "display_sell_dom": 1884.4137599771777}
RAW_ACCUM {"time": "2026-10-02 15:28:50.386000-05:00", "dOI": 3.3150000000023283, "pctl": 98.57377948436643, "control": "CONTROL MARKET SELL", "strength": 1.0, "flow_delta": 3.3150000000023283, "buy_dom_delta": 0.0, "sell_dom_delta": 3.3150000000023283, "display_flow": 1540.1400000000021, "display_buy_dom": 681.7166072926053, "display_sell_dom": 1887.72875997718}
RAW_MINUTE_FINALIZE {"minute": "2026-10-02T15:28:00-05:00", "raw_samples_counted": 3, "flow_already_counted": 97.99400000000605, "canonical_flow": 115.491, "strong_residual": 0.0, "double_count": 0}
ACCUM_FINAL {"time": "2026-10-02T15:28:00-05:00", "source": "RAW_ONLY", "net": 115.491, "oi_add": 127.27000000000407, "control": "CONTROL MARKET SELL", "strength": 1.0, "flow_final": 115.491, "buy_dom_final": 0.0, "sell_dom_final": 127.27, "double_count": 0}
RAW_ACCUM {"time": "2026-10-02 15:29:00.939000-05:00", "dOI": -1.3130000000091968, "pctl": 98.57612267250822, "control": "CONTROL MARKET SELL", "strength": 1.0, "flow_delta": -1.3130000000091968, "buy_dom_delta": 0.0, "sell_dom_delta": 0.0, "display_flow": 1556.3239999999869, "display_buy_dom": 681.7166072926053, "display_sell_dom": 1907.6707599771714}
RAW_ACCUM {"time": "2026-10-02 15:29:05.415000-05:00", "dOI": -0.03899999998975545, "pctl": 98.19277108433735, "control": "CONTROL MARKET SELL", "strength": 1.0, "flow_delta": -0.03899999998975545, "buy_dom_delta": 0.0, "sell_dom_delta": 0.0, "display_flow": 1556.2849999999971, "display_buy_dom": 681.7166072926053, "display_sell_dom": 1907.6707599771714}
RAW_ACCUM {"time": "2026-10-02 15:29:11.001000-05:00", "dOI": 0.5089999999909196, "pctl": 98.3032293377121, "control": "CONTROL MARKET SELL", "strength": 1.0, "flow_delta": 0.5089999999909196, "buy_dom_delta": 0.0, "sell_dom_delta": 0.5089999999909196, "display_flow": 1556.793999999988, "display_buy_dom": 681.7166072926053, "display_sell_dom": 1908.1797599771623}
RAW_ACCUM {"time": "2026-10-02 15:29:14.974000-05:00", "dOI": -0.22299999999813735, "pctl": 98.3032293377121, "control": "CONTROL MARKET SELL", "strength": 1.0, "flow_delta": -0.22299999999813735, "buy_dom_delta": 0.0, "sell_dom_delta": 0.0, "display_flow": 1556.57099999999, "display_buy_dom": 681.7166072926053, "display_sell_dom": 1908.1797599771623}
RAW_ACCUM {"time": "2026-10-02 15:29:24.467000-05:00", "dOI": 34.74800000000687, "pctl": 99.56236323851203, "control": "CONTROL MARKET SELL", "strength": 0.7370910595920867, "flow_delta": 34.74800000000687, "buy_dom_delta": 0.0, "sell_dom_delta": 25.61244013871089, "display_flow": 1591.3189999999968, "display_buy_dom": 681.7166072926053, "display_sell_dom": 1933.7922001158731}
RAW_ACCUM {"time": "2026-10-02 15:29:31.860000-05:00", "dOI": 0.5, "pctl": 98.08743169398907, "control": "CONTROL MARKET SELL", "strength": 0.7130785293717122, "flow_delta": 0.5, "buy_dom_delta": 0.0, "sell_dom_delta": 0.3565392646858561, "display_flow": 1591.8189999999968, "display_buy_dom": 681.7166072926053, "display_sell_dom": 1934.1487393805592}
RAW_ACCUM {"time": "2026-10-02 15:29:37.530000-05:00", "dOI": 13.248000000006869, "pctl": 98.03386127799017, "control": "CONTROL LIMIT BUY", "strength": 0.5007120531807163, "flow_delta": 13.248000000006869, "buy_dom_delta": 6.633433280541569, "sell_dom_delta": 0.0, "display_flow": 1605.0670000000036, "display_buy_dom": 688.3500405731469, "display_sell_dom": 1934.1487393805592}
RAW_ACCUM {"time": "2026-10-02 15:29:42.956000-05:00", "dOI": 9.363999999986845, "pctl": 98.14410480349345, "control": "CONTROL MARKET SELL", "strength": 0.5602995868300157, "flow_delta": 9.363999999986845, "buy_dom_delta": 0.0, "sell_dom_delta": 5.246645331068896, "display_flow": 1614.4309999999905, "display_buy_dom": 688.3500405731469, "display_sell_dom": 1939.395384711628}
RAW_MINUTE_FINALIZE {"minute": "2026-10-02T15:29:00-05:00", "raw_samples_counted": 8, "flow_already_counted": 56.79399999999441, "canonical_flow": 54.822, "strong_residual": 0.0, "double_count": 0}
ACCUM_FINAL {"time": "2026-10-02T15:29:00-05:00", "source": "RAW_ONLY", "net": 54.822, "oi_add": 61.06299999998009, "control": "CONTROL MARKET SELL", "strength": 0.61168178, "flow_final": 54.822, "buy_dom_final": 0.0, "sell_dom_final": 37.35112453214, "double_count": 0}
PRE_RELEASE_DEPTH {"side": "BUY", "status": "BROKEN", "price": 84480.1, "initial_qty": 188.464, "current_qty": 188.239, "remaining_pct": 99.88061380422786, "min_distance": 0.6499999999941792, "age_sec": 7.979, "time": "2026-10-02 15:30:03.637000-05:00"}
RAW_ACCUM {"time": "2026-10-02 15:30:25.786000-05:00", "dOI": 80.24899999999616, "pctl": 99.23830250272034, "control": "CONTROL LIMIT BUY", "strength": 1.0, "flow_delta": 80.24899999999616, "buy_dom_delta": 80.24899999999616, "sell_dom_delta": 0.0, "display_flow": 1692.7079999999924, "display_buy_dom": 761.9656072926015, "display_sell_dom": 1945.0218845093113}
RAW_ACCUM {"time": "2026-10-02 15:30:31.109000-05:00", "dOI": 20.0570000000007, "pctl": 98.36956521739131, "control": "CONTROL LIMIT BUY", "strength": 1.0, "flow_delta": 20.0570000000007, "buy_dom_delta": 20.0570000000007, "sell_dom_delta": 0.0, "display_flow": 1712.764999999993, "display_buy_dom": 782.0226072926022, "display_sell_dom": 1945.0218845093113}
RAW_ACCUM {"time": "2026-10-02 15:30:35.813000-05:00", "dOI": 12.573999999993248, "pctl": 98.91304347826086, "control": "CONTROL LIMIT BUY", "strength": 1.0, "flow_delta": 12.573999999993248, "buy_dom_delta": 12.573999999993248, "sell_dom_delta": 0.0, "display_flow": 1725.3389999999863, "display_buy_dom": 794.5966072925954, "display_sell_dom": 1945.0218845093113}
RAW_ACCUM {"time": "2026-10-02 15:30:40.546000-05:00", "dOI": 3.694000000003143, "pctl": 98.85931558935361, "control": "CONTROL LIMIT BUY", "strength": 1.0, "flow_delta": 3.694000000003143, "buy_dom_delta": 3.694000000003143, "sell_dom_delta": 0.0, "display_flow": 1729.0329999999894, "display_buy_dom": 798.2906072925986, "display_sell_dom": 1945.0218845093113}
RAW_ACCUM {"time": "2026-10-02 15:30:46.470000-05:00", "dOI": 11.313000000009197, "pctl": 98.96907216494846, "control": "CONTROL LIMIT BUY", "strength": 1.0, "flow_delta": 11.313000000009197, "buy_dom_delta": 11.313000000009197, "sell_dom_delta": 0.0, "display_flow": 1740.3459999999986, "display_buy_dom": 809.6036072926078, "display_sell_dom": 1945.0218845093113}
RAW_ACCUM {"time": "2026-10-02 15:30:51.778000-05:00", "dOI": 1.896999999997206, "pctl": 98.21041214750542, "control": "CONTROL LIMIT BUY", "strength": 1.0, "flow_delta": 1.896999999997206, "buy_dom_delta": 1.896999999997206, "sell_dom_delta": 0.0, "display_flow": 1742.2429999999958, "display_buy_dom": 811.500607292605, "display_sell_dom": 1945.0218845093113}
RAW_MINUTE_FINALIZE {"minute": "2026-10-02T15:30:00-05:00", "raw_samples_counted": 6, "flow_already_counted": 129.78399999999965, "canonical_flow": 153.813, "strong_residual": 0.0, "double_count": 0}
ACCUM_FINAL {"time": "2026-10-02T15:30:00-05:00", "source": "RAW_ONLY", "net": 153.813, "oi_add": 167.8530000000028, "control": "CONTROL LIMIT BUY", "strength": 1.0, "flow_final": 153.813, "buy_dom_final": 167.853, "sell_dom_final": 0.0, "double_count": 0}
RAW_ACCUM {"time": "2026-10-02 15:31:07.062000-05:00", "dOI": 6.881000000008498, "pctl": 97.50812567713976, "control": "CONTROL MARKET SELL", "strength": 1.0, "flow_delta": 6.881000000008498, "buy_dom_delta": 0.0, "sell_dom_delta": 6.881000000008498, "display_flow": 1773.1530000000048, "display_buy_dom": 849.5696072926053, "display_sell_dom": 1951.9028845093198}
PRE_RELEASE_DEPTH {"side": "SELL", "status": "HELD", "price": 84321.4, "initial_qty": 20.517, "current_qty": 20.517, "remaining_pct": 100.0, "min_distance": 0.04999999998835847, "age_sec": 0.0, "time": "2026-10-02 15:31:07.062000-05:00"}
PRE_RELEASE_STATE {"state": "SELL_WATCH", "previous_state": "NEUTRAL", "time": "2026-10-02 15:31:07.062000-05:00", "price": 84321.4, "side": "SELL", "pctl": 97.50812567713976, "peak_type": null, "doi": 6.881000000008498, "oi_flow": "EXPANSION", "aggr_mag": 19.285000000000004, "aggr_share": 91.88566960601192, "control": "CONTROL MARKET SELL", "eff_ratio": 1.3042927170463996, "absorption_ratio": 0.0, "depth_ratio": 5.082748378153626, "depth_level": {"first_seen": "2026-10-02 15:31:07.062000-05:00", "price": 84321.4, "initial_size": 20.517, "min_size": 20.517, "last_size": 20.517, "distance": 0.04999999998835847, "min_distance": 0.04999999998835847, "age_sec": 0.0, "tested": true, "held": true, "status": "HELD"}}
RAW_ACCUM {"time": "2026-10-02 15:31:17.387000-05:00", "dOI": 10.012000000002445, "pctl": 97.67441860465115, "control": "CONTROL MARKET SELL", "strength": 0.9343019298182067, "flow_delta": 10.012000000002445, "buy_dom_delta": 0.0, "sell_dom_delta": 9.35423092134217, "display_flow": 1783.1650000000072, "display_buy_dom": 849.5696072926053, "display_sell_dom": 1961.257115430662}
PRE_RELEASE_DEPTH {"side": "SELL", "status": "BROKEN", "price": 84321.4, "initial_qty": 20.517, "current_qty": 26.13, "remaining_pct": 127.35780084807719, "min_distance": 0.04999999998835847, "age_sec": 4.891, "time": "2026-10-02 15:31:17.387000-05:00"}
PRE_RELEASE_STATE {"state": "CANCEL", "previous_state": "SELL_WATCH", "time": "2026-10-02 15:31:23.946000-05:00", "side": "SELL", "price": 84352.3, "pctl": 96.86486486486487, "oi_flow": "CONTRACTION", "control": "CONTROL MARKET BUY"}
PRE_RELEASE_DEPTH {"side": "BUY", "status": "HELD", "price": 84352.3, "initial_qty": 97.892, "current_qty": 97.892, "remaining_pct": 100.0, "min_distance": 0.05000000000291038, "age_sec": 0.0, "time": "2026-10-02 15:31:28.272000-05:00"}
PRE_RELEASE_DEPTH {"side": "BUY", "status": "PULLED", "price": 84352.3, "initial_qty": 97.892, "current_qty": 97.892, "remaining_pct": 100.0, "min_distance": 0.05000000000291038, "age_sec": 0.0, "time": "2026-10-02 15:31:33.626000-05:00"}
PRE_RELEASE_DEPTH {"side": "BUY", "status": "HELD", "price": 84362.4, "initial_qty": 54.203, "current_qty": 54.203, "remaining_pct": 100.0, "min_distance": 9.35000000000582, "age_sec": 0.0, "time": "2026-10-02 15:31:33.626000-05:00"}
RAW_ACCUM {"time": "2026-10-02 15:31:40.027000-05:00", "dOI": 35.00899999999092, "pctl": 97.67818574514038, "control": "CONTROL MARKET BUY", "strength": 1.0, "flow_delta": 35.00899999999092, "buy_dom_delta": 35.00899999999092, "sell_dom_delta": 0.0, "display_flow": 1818.1739999999982, "display_buy_dom": 884.5786072925962, "display_sell_dom": 1961.257115430662}
PRE_RELEASE_DEPTH {"side": "BUY", "status": "PULLED", "price": 84362.4, "initial_qty": 54.203, "current_qty": 54.203, "remaining_pct": 100.0, "min_distance": 9.35000000000582, "age_sec": 0.0, "time": "2026-10-02 15:31:40.027000-05:00"}
PRE_RELEASE_DEPTH {"side": "BUY", "status": "HELD", "price": 84371.7, "initial_qty": 106.153, "current_qty": 106.153, "remaining_pct": 100.0, "min_distance": 0.05000000000291038, "age_sec": 0.0, "time": "2026-10-02 15:31:40.027000-05:00"}
PRE_RELEASE_STATE {"state": "BUY_WATCH", "previous_state": "NEUTRAL", "time": "2026-10-02 15:31:40.027000-05:00", "price": 84371.8, "side": "BUY", "pctl": 97.67818574514038, "peak_type": null, "doi": 35.00899999999092, "oi_flow": "EXPANSION", "aggr_mag": 74.79499999999999, "aggr_share": 69.4500065011052, "control": "CONTROL MARKET BUY", "eff_ratio": 1.4769998327763463, "absorption_ratio": 0.0, "depth_ratio": 10.17586419214758, "depth_level": {"first_seen": "2026-10-02 15:31:40.027000-05:00", "price": 84371.7, "initial_size": 106.153, "min_size": 106.153, "last_size": 106.153, "distance": 0.05000000000291038, "min_distance": 0.05000000000291038, "age_sec": 0.0, "tested": true, "held": true, "status": "HELD"}}
RAW_ACCUM {"time": "2026-10-02 15:31:38.958000-05:00", "dOI": 34.99499999999534, "pctl": 98.11015118790498, "control": "CONTROL MARKET BUY", "strength": 1.0, "flow_delta": 34.99499999999534, "buy_dom_delta": 34.99499999999534, "sell_dom_delta": 0.0, "display_flow": 1853.1689999999935, "display_buy_dom": 919.5736072925915, "display_sell_dom": 1961.257115430662}
RAW_MINUTE_FINALIZE {"minute": "2026-10-02T15:31:00-05:00", "raw_samples_counted": 4, "flow_already_counted": 86.8969999999972, "canonical_flow": 68.813, "strong_residual": 0.0, "double_count": 0}
ACCUM_FINAL {"time": "2026-10-02T15:31:00-05:00", "source": "RAW_ONLY", "net": 68.813, "oi_add": 73.49099999999453, "control": "CONTROL MARKET BUY", "strength": 1.0, "flow_final": 68.813, "buy_dom_final": 73.491, "sell_dom_final": 0.0, "double_count": 0}
PRE_RELEASE_STATE {"state": "CANCEL", "previous_state": "BUY_WATCH", "time": "2026-10-02 15:32:00.957000-05:00", "side": "BUY", "price": 84380.5, "pctl": 87.50673128702208, "oi_flow": "EXPANSION", "control": "CONTROL MARKET BUY"}
PRE_RELEASE_DEPTH {"side": "BUY", "status": "NEAR", "price": 84371.7, "initial_qty": 106.153, "current_qty": 73.002, "remaining_pct": 68.77054817103614, "min_distance": 0.05000000000291038, "age_sec": 62.302, "time": "2026-10-02 15:32:42.329000-05:00"}
PRE_RELEASE_DEPTH {"side": "BUY", "status": "PULLED", "price": 84371.7, "initial_qty": 106.153, "current_qty": 73.002, "remaining_pct": 68.77054817103614, "min_distance": 0.05000000000291038, "age_sec": 62.302, "time": "2026-10-02 15:32:47.631000-05:00"}
PRE_RELEASE_DEPTH {"side": "BUY", "status": "HELD", "price": 84410.8, "initial_qty": 25.377, "current_qty": 25.377, "remaining_pct": 100.0, "min_distance": 3.849999999991269, "age_sec": 0.0, "time": "2026-10-02 15:34:50.594000-05:00"}
PRE_RELEASE_DEPTH {"side": "BUY", "status": "PULLED", "price": 84410.8, "initial_qty": 25.377, "current_qty": 25.377, "remaining_pct": 100.0, "min_distance": 3.849999999991269, "age_sec": 0.0, "time": "2026-10-02 15:35:00.911000-05:00"}
RAW_ACCUM {"time": "2026-10-02 15:35:41.054000-05:00", "dOI": 18.872000000003027, "pctl": 98.15789473684211, "control": "CONTROL MARKET SELL", "strength": 1.0, "flow_delta": 18.872000000003027, "buy_dom_delta": 0.0, "sell_dom_delta": 18.872000000003027, "display_flow": 1853.9569999999994, "display_buy_dom": 923.0606072926053, "display_sell_dom": 1963.8938845093144}
RAW_MINUTE_FINALIZE {"minute": "2026-10-02T15:35:00-05:00", "raw_samples_counted": 1, "flow_already_counted": 18.872000000003027, "canonical_flow": 22.54, "strong_residual": 0.0, "double_count": 0}
ACCUM_FINAL {"time": "2026-10-02T15:35:00-05:00", "source": "RAW_ONLY", "net": 22.54, "oi_add": 25.069000000003143, "control": "CONTROL MARKET SELL", "strength": 1.0, "flow_final": 22.54, "buy_dom_final": 0.0, "sell_dom_final": 25.069, "double_count": 0}
PRE_RELEASE_DEPTH {"side": "BUY", "status": "HELD", "price": 84371.7, "initial_qty": 72.897, "current_qty": 72.897, "remaining_pct": 100.0, "min_distance": 7.850000000005821, "age_sec": 0.0, "time": "2026-10-02 15:36:17.808000-05:00"}
PRE_RELEASE_DEPTH {"side": "BUY", "status": "PULLED", "price": 84371.7, "initial_qty": 72.897, "current_qty": 72.897, "remaining_pct": 100.0, "min_distance": 7.850000000005821, "age_sec": 2.757, "time": "2026-10-02 15:36:25.915000-05:00"}
PRE_RELEASE_DEPTH {"side": "BUY", "status": "HELD", "price": 84387.5, "initial_qty": 20.725, "current_qty": 20.725, "remaining_pct": 100.0, "min_distance": 0.05000000000291038, "age_sec": 0.0, "time": "2026-10-02 15:36:25.915000-05:00"}
PRE_RELEASE_DEPTH {"side": "BUY", "status": "PULLED", "price": 84387.5, "initial_qty": 20.725, "current_qty": 20.725, "remaining_pct": 100.0, "min_distance": 0.05000000000291038, "age_sec": 0.0, "time": "2026-10-02 15:36:33.302000-05:00"}
PRE_RELEASE_DEPTH {"side": "BUY", "status": "NEAR", "price": 84387.7, "initial_qty": 28.567, "current_qty": 28.567, "remaining_pct": 100.0, "min_distance": 11.35000000000582, "age_sec": 0.0, "time": "2026-10-02 15:36:39.244000-05:00"}
PRE_RELEASE_DEPTH {"side": "BUY", "status": "PULLED", "price": 84387.7, "initial_qty": 28.567, "current_qty": 28.567, "remaining_pct": 100.0, "min_distance": 11.35000000000582, "age_sec": 0.0, "time": "2026-10-02 15:36:45.721000-05:00"}
PRE_RELEASE_DEPTH {"side": "BUY", "status": "HELD", "price": 84399.2, "initial_qty": 37.38, "current_qty": 37.38, "remaining_pct": 100.0, "min_distance": 0.05000000000291038, "age_sec": 0.0, "time": "2026-10-02 15:36:45.721000-05:00"}
PRE_RELEASE_DEPTH {"side": "BUY", "status": "PULLED", "price": 84399.2, "initial_qty": 37.38, "current_qty": 31.39, "remaining_pct": 83.97538790797218, "min_distance": 0.05000000000291038, "age_sec": 35.971, "time": "2026-10-02 15:38:00.078000-05:00"}
PRE_RELEASE_DEPTH {"side": "BUY", "status": "NEAR", "price": 84387.7, "initial_qty": 28.626, "current_qty": 28.626, "remaining_pct": 100.0, "min_distance": 11.55000000000291, "age_sec": 0.0, "time": "2026-10-02 15:38:00.078000-05:00"}
PRE_RELEASE_DEPTH {"side": "BUY", "status": "PULLED", "price": 84387.7, "initial_qty": 28.626, "current_qty": 28.685, "remaining_pct": 100.20610633689653, "min_distance": 11.55000000000291, "age_sec": 47.456, "time": "2026-10-02 15:38:53.011000-05:00"}
PRE_RELEASE_DEPTH {"side": "BUY", "status": "HELD", "price": 84410.6, "initial_qty": 20.859, "current_qty": 20.859, "remaining_pct": 100.0, "min_distance": 0.04999999998835847, "age_sec": 0.0, "time": "2026-10-02 15:38:53.011000-05:00"}
PRE_RELEASE_DEPTH {"side": "BUY", "status": "PULLED", "price": 84410.6, "initial_qty": 20.859, "current_qty": 20.732, "remaining_pct": 99.391150103073, "min_distance": 0.04999999998835847, "age_sec": 17.14, "time": "2026-10-02 15:39:15.752000-05:00"}
PRE_RELEASE_DEPTH {"side": "BUY", "status": "HELD", "price": 84410.6, "initial_qty": 20.841, "current_qty": 20.841, "remaining_pct": 100.0, "min_distance": 0.04999999998835847, "age_sec": 0.0, "time": "2026-10-02 15:39:21.027000-05:00"}
RAW_ACCUM {"time": "2026-10-02 15:41:22.948000-05:00", "dOI": 401.17699999999604, "pctl": 99.89816700610999, "control": "CONTROL LIMIT BUY", "strength": 0.7781320703790506, "flow_delta": 401.17699999999604, "buy_dom_delta": 312.16868959845334, "sell_dom_delta": 0.0, "display_flow": 2258.8019999999924, "display_buy_dom": 1235.2292968910585, "display_sell_dom": 1970.0908845093113}
RAW_ACCUM {"time": "2026-10-02 15:41:26.738000-05:00", "dOI": 570.7920000000013, "pctl": 100.0, "control": "CONTROL LIMIT BUY", "strength": 0.7906975560631075, "flow_delta": 570.7920000000013, "buy_dom_delta": 451.32383942037427, "sell_dom_delta": 0.0, "display_flow": 2829.5939999999937, "display_buy_dom": 1686.5531363114328, "display_sell_dom": 1970.0908845093113}
RAW_ACCUM {"time": "2026-10-02 15:41:32.081000-05:00", "dOI": 1.5380000000004657, "pctl": 100.0, "control": "CONTROL LIMIT BUY", "strength": 0.7927442434649354, "flow_delta": 1.5380000000004657, "buy_dom_delta": 1.2192406464494399, "sell_dom_delta": 0.0, "display_flow": 2831.131999999994, "display_buy_dom": 1687.7723769578822, "display_sell_dom": 1970.0908845093113}
RAW_ACCUM {"time": "2026-10-02 15:41:36.942000-05:00", "dOI": -2.1189999999915017, "pctl": 100.0, "control": "CONTROL LIMIT BUY", "strength": 0.7939857231244547, "flow_delta": -2.1189999999915017, "buy_dom_delta": 0.0, "sell_dom_delta": 0.0, "display_flow": 2829.0130000000026, "display_buy_dom": 1687.7723769578822, "display_sell_dom": 1970.0908845093113}
RAW_ACCUM {"time": "2026-10-02 15:41:38.937000-05:00", "dOI": 0.5009999999892898, "pctl": 100.0, "control": "CONTROL LIMIT BUY", "strength": 0.8058856689088398, "flow_delta": 0.5009999999892898, "buy_dom_delta": 0.40374872011469753, "sell_dom_delta": 0.0, "display_flow": 2829.513999999992, "display_buy_dom": 1688.1761256779969, "display_sell_dom": 1970.0908845093113}
RAW_ACCUM {"time": "2026-10-02 15:41:49.511000-05:00", "dOI": -4.655999999988126, "pctl": 100.0, "control": "CONTROL LIMIT BUY", "strength": 0.8058856689088398, "flow_delta": -4.655999999988126, "buy_dom_delta": 0.0, "sell_dom_delta": 0.0, "display_flow": 2824.858000000004, "display_buy_dom": 1688.1761256779969, "display_sell_dom": 1970.0908845093113}
RAW_ACCUM {"time": "2026-10-02 15:41:48.313000-05:00", "dOI": -4.652999999991152, "pctl": 100.0, "control": "CONTROL LIMIT BUY", "strength": 0.8059728763442428, "flow_delta": -4.652999999991152, "buy_dom_delta": 0.0, "sell_dom_delta": 0.0, "display_flow": 2820.2050000000127, "display_buy_dom": 1688.1761256779969, "display_sell_dom": 1970.0908845093113}
RAW_MINUTE_FINALIZE {"minute": "2026-10-02T15:41:00-05:00", "raw_samples_counted": 7, "flow_already_counted": 962.5800000000163, "canonical_flow": 967.0850000000064, "strong_residual": 4.504999999990105, "double_count": 0}
ACCUM_FINAL {"time": "2026-10-02T15:41:00-05:00", "source": "STRONG+RAW", "net": 967.0850000000064, "oi_add": 974.7199999999866, "control": "CONTROL LIMIT BUY", "strength": 0.79261662, "flow_final": 967.0850000000064, "buy_dom_final": 772.5792718463894, "sell_dom_final": 0.0, "double_count": 0}
RAW_ACCUM {"time": "2026-10-02 15:42:00.071000-05:00", "dOI": -1.434000000008382, "pctl": 100.0, "control": "CONTROL MARKET SELL", "strength": 1.0, "flow_delta": -1.434000000008382, "buy_dom_delta": 0.0, "sell_dom_delta": 0.0, "display_flow": 2823.2759999999944, "display_buy_dom": 1695.6398791389947, "display_sell_dom": 1970.0908845093113}
RAW_ACCUM {"time": "2026-10-02 15:42:10.795000-05:00", "dOI": 3.860000000000582, "pctl": 100.0, "control": "CONTROL MARKET SELL", "strength": 1.0, "flow_delta": 3.860000000000582, "buy_dom_delta": 0.0, "sell_dom_delta": 3.860000000000582, "display_flow": 2827.135999999995, "display_buy_dom": 1695.6398791389947, "display_sell_dom": 1973.950884509312}
RAW_ACCUM {"time": "2026-10-02 15:42:09.117000-05:00", "dOI": 3.6460000000079162, "pctl": 100.0, "control": "CONTROL MARKET SELL", "strength": 1.0, "flow_delta": 3.6460000000079162, "buy_dom_delta": 0.0, "sell_dom_delta": 3.6460000000079162, "display_flow": 2830.782000000003, "display_buy_dom": 1695.6398791389947, "display_sell_dom": 1977.5968845093198}
RAW_ACCUM {"time": "2026-10-02 15:42:16.063000-05:00", "dOI": 0.5270000000018626, "pctl": 100.0, "control": "CONTROL MARKET SELL", "strength": 1.0, "flow_delta": 0.5270000000018626, "buy_dom_delta": 0.0, "sell_dom_delta": 0.5270000000018626, "display_flow": 2831.3090000000047, "display_buy_dom": 1695.6398791389947, "display_sell_dom": 1978.1238845093217}
RAW_ACCUM {"time": "2026-10-02 15:42:20.780000-05:00", "dOI": 0.01900000000023283, "pctl": 100.0, "control": "CONTROL MARKET SELL", "strength": 1.0, "flow_delta": 0.01900000000023283, "buy_dom_delta": 0.0, "sell_dom_delta": 0.01900000000023283, "display_flow": 2831.328000000005, "display_buy_dom": 1695.6398791389947, "display_sell_dom": 1978.142884509322}
RAW_ACCUM {"time": "2026-10-02 15:42:26.273000-05:00", "dOI": 0.03999999999359716, "pctl": 100.0, "control": "CONTROL MARKET SELL", "strength": 1.0, "flow_delta": 0.03999999999359716, "buy_dom_delta": 0.0, "sell_dom_delta": 0.03999999999359716, "display_flow": 2831.3679999999986, "display_buy_dom": 1695.6398791389947, "display_sell_dom": 1978.1828845093155}
PRE_RELEASE_DEPTH {"side": "SELL", "status": "HELD", "price": 84240.1, "initial_qty": 20.373, "current_qty": 20.373, "remaining_pct": 100.0, "min_distance": 0.05000000000291038, "age_sec": 0.0, "time": "2026-10-02 15:42:47.718000-05:00"}
PRE_RELEASE_DEPTH {"side": "SELL", "status": "PULLED", "price": 84240.1, "initial_qty": 20.373, "current_qty": 20.373, "remaining_pct": 100.0, "min_distance": 0.05000000000291038, "age_sec": 0.0, "time": "2026-10-02 15:42:52.628000-05:00"}
RAW_MINUTE_FINALIZE {"minute": "2026-10-02T15:42:00-05:00", "raw_samples_counted": 6, "flow_already_counted": 6.657999999995809, "canonical_flow": -10.727, "strong_residual": 0.0, "double_count": 0}
ACCUM_FINAL {"time": "2026-10-02T15:42:00-05:00", "source": "RAW_ONLY", "net": -10.727, "oi_add": 4.445999999996275, "control": "CONTROL MARKET SELL", "strength": 1.0, "flow_final": -10.727, "buy_dom_final": 0.0, "sell_dom_final": 4.446, "double_count": 0}
PRE_RELEASE_DEPTH {"side": "BUY", "status": "BROKEN", "price": 84410.6, "initial_qty": 20.841, "current_qty": 20.841, "remaining_pct": 100.0, "min_distance": 0.04999999998835847, "age_sec": 0.0, "time": "2026-10-02 15:43:13.990000-05:00"}
PRE_RELEASE_DEPTH {"side": "BUY", "status": "HELD", "price": 84242.7, "initial_qty": 23.875, "current_qty": 23.875, "remaining_pct": 100.0, "min_distance": 0.05000000000291038, "age_sec": 0.0, "time": "2026-10-02 15:43:29.708000-05:00"}
PRE_RELEASE_DEPTH {"side": "BUY", "status": "BROKEN", "price": 84242.7, "initial_qty": 23.875, "current_qty": 23.875, "remaining_pct": 100.0, "min_distance": 0.05000000000291038, "age_sec": 0.0, "time": "2026-10-02 15:43:39.320000-05:00"}
PRE_RELEASE_DEPTH {"side": "SELL", "status": "HELD", "price": 84200.0, "initial_qty": 84.538, "current_qty": 84.538, "remaining_pct": 100.0, "min_distance": 4.05000000000291, "age_sec": 0.0, "time": "2026-10-02 15:43:39.808000-05:00"}
RAW_ACCUM {"time": "2026-10-02 15:43:44.810000-05:00", "dOI": 62.662000000011176, "pctl": 99.14572864321607, "control": "CONTROL MARKET SELL", "strength": 0.8126586063467561, "flow_delta": 62.662000000011176, "buy_dom_delta": 0.0, "sell_dom_delta": 50.92281359090951, "display_flow": 2876.645000000014, "display_buy_dom": 1695.6398791389947, "display_sell_dom": 2025.4596981002207}
PRE_RELEASE_DEPTH {"side": "SELL", "status": "PULLED", "price": 84200.0, "initial_qty": 84.538, "current_qty": 84.538, "remaining_pct": 100.0, "min_distance": 4.05000000000291, "age_sec": 0.0, "time": "2026-10-02 15:43:44.810000-05:00"}
RAW_MINUTE_FINALIZE {"minute": "2026-10-02T15:43:00-05:00", "raw_samples_counted": 1, "flow_already_counted": 62.662000000011176, "canonical_flow": 53.859, "strong_residual": 0.0, "double_count": 0}
ACCUM_FINAL {"time": "2026-10-02T15:43:00-05:00", "source": "RAW_ONLY", "net": 53.859, "oi_add": 62.79600000001665, "control": "CONTROL MARKET SELL", "strength": 0.69430747, "flow_final": 53.859, "buy_dom_final": 0.0, "sell_dom_final": 43.599731886120004, "double_count": 0}
PRE_RELEASE_DEPTH {"side": "BUY", "status": "HELD", "price": 84214.4, "initial_qty": 20.702, "current_qty": 20.702, "remaining_pct": 100.0, "min_distance": 0.05000000000291038, "age_sec": 0.0, "time": "2026-10-02 15:45:16.984000-05:00"}
PRE_RELEASE_DEPTH {"side": "BUY", "status": "PULLED", "price": 84214.4, "initial_qty": 20.702, "current_qty": 20.702, "remaining_pct": 100.0, "min_distance": 0.05000000000291038, "age_sec": 0.0, "time": "2026-10-02 15:45:20.243000-05:00"}
PRE_RELEASE_DEPTH {"side": "SELL", "status": "HELD", "price": 84207.4, "initial_qty": 23.122, "current_qty": 23.122, "remaining_pct": 100.0, "min_distance": 1.0499999999883585, "age_sec": 0.0, "time": "2026-10-02 15:45:26.755000-05:00"}
PRE_RELEASE_DEPTH {"side": "SELL", "status": "PULLED", "price": 84207.4, "initial_qty": 23.122, "current_qty": 23.122, "remaining_pct": 100.0, "min_distance": 1.0499999999883585, "age_sec": 0.0, "time": "2026-10-02 15:45:30.751000-05:00"}
RAW_ACCUM {"time": "2026-10-02 15:46:30.516000-05:00", "dOI": 62.288000000000466, "pctl": 99.0108803165183, "control": "CONTROL LIMIT SELL", "strength": 0.7803065751661369, "flow_delta": 62.288000000000466, "buy_dom_delta": 0.0, "sell_dom_delta": 48.6037359539487, "display_flow": 2930.1300000000033, "display_buy_dom": 1695.6398791389947, "display_sell_dom": 2066.74035234938}
PRE_RELEASE_DEPTH {"side": "BUY", "status": "HELD", "price": 84223.9, "initial_qty": 25.336, "current_qty": 25.336, "remaining_pct": 100.0, "min_distance": 0.05000000000291038, "age_sec": 0.0, "time": "2026-10-02 15:46:41.237000-05:00"}
RAW_ACCUM {"time": "2026-10-02 15:46:47.339000-05:00", "dOI": 169.20700000000943, "pctl": 99.75308641975309, "control": "CONTROL LIMIT SELL", "strength": 0.6739848131560996, "flow_delta": 169.20700000000943, "buy_dom_delta": 0.0, "sell_dom_delta": 114.0429482797105, "display_flow": 3099.3370000000127, "display_buy_dom": 1695.6398791389947, "display_sell_dom": 2180.7833006290903}
PRE_RELEASE_DEPTH {"side": "BUY", "status": "PULLED", "price": 84223.9, "initial_qty": 25.336, "current_qty": 25.336, "remaining_pct": 100.0, "min_distance": 0.05000000000291038, "age_sec": 0.0, "time": "2026-10-02 15:46:47.339000-05:00"}
RAW_ACCUM {"time": "2026-10-02 15:46:52.695000-05:00", "dOI": 82.37299999999232, "pctl": 99.80266403552048, "control": "CONTROL LIMIT SELL", "strength": 0.5340857056213524, "flow_delta": 82.37299999999232, "buy_dom_delta": 0.0, "sell_dom_delta": 43.994241829143554, "display_flow": 3181.710000000005, "display_buy_dom": 1695.6398791389947, "display_sell_dom": 2224.777542458234}
RAW_MINUTE_FINALIZE {"minute": "2026-10-02T15:46:00-05:00", "raw_samples_counted": 3, "flow_already_counted": 313.8680000000022, "canonical_flow": 405.2979999999952, "strong_residual": 91.42999999999302, "double_count": 0}
ACCUM_FINAL {"time": "2026-10-02T15:46:00-05:00", "source": "STRONG+RAW", "net": 405.2979999999952, "oi_add": 406.7179999999935, "control": "CONTROL LIMIT SELL", "strength": 0.54619801, "flow_final": 405.2979999999952, "buy_dom_final": 0.0, "sell_dom_final": 222.14856223117644, "double_count": 0}
RAW_ACCUM {"time": "2026-10-02 15:47:03.377000-05:00", "dOI": 80.55800000000454, "pctl": 99.90142927550517, "control": "CONTROL MARKET SELL", "strength": 1.0, "flow_delta": 80.55800000000454, "buy_dom_delta": 0.0, "sell_dom_delta": 80.55800000000454, "display_flow": 3353.6980000000026, "display_buy_dom": 1695.6398791389947, "display_sell_dom": 2320.8431786266124}
RAW_ACCUM {"time": "2026-10-02 15:47:07.689000-05:00", "dOI": -0.6769999999960419, "pctl": 99.90147783251231, "control": "CONTROL MARKET SELL", "strength": 1.0, "flow_delta": -0.6769999999960419, "buy_dom_delta": 0.0, "sell_dom_delta": 0.0, "display_flow": 3353.0210000000066, "display_buy_dom": 1695.6398791389947, "display_sell_dom": 2320.8431786266124}
RAW_ACCUM {"time": "2026-10-02 15:47:13.253000-05:00", "dOI": 77.69700000000012, "pctl": 100.0, "control": "CONTROL LIMIT SELL", "strength": 0.9785449749399178, "flow_delta": 77.69700000000012, "buy_dom_delta": 0.0, "sell_dom_delta": 76.0300089179069, "display_flow": 3430.7180000000067, "display_buy_dom": 1695.6398791389947, "display_sell_dom": 2396.873187544519}
RAW_ACCUM {"time": "2026-10-02 15:47:21.946000-05:00", "dOI": 90.56500000000233, "pctl": 100.0, "control": "CONTROL LIMIT SELL", "strength": 0.9886475995480024, "flow_delta": 90.56500000000233, "buy_dom_delta": 0.0, "sell_dom_delta": 89.53686985306715, "display_flow": 3521.283000000009, "display_buy_dom": 1695.6398791389947, "display_sell_dom": 2486.4100573975866}
RAW_ACCUM {"time": "2026-10-02 15:47:29.188000-05:00", "dOI": 79.06699999999546, "pctl": 100.0, "control": "CONTROL LIMIT SELL", "strength": 1.0, "flow_delta": 79.06699999999546, "buy_dom_delta": 0.0, "sell_dom_delta": 79.06699999999546, "display_flow": 3600.3500000000045, "display_buy_dom": 1695.6398791389947, "display_sell_dom": 2565.477057397582}
RAW_ACCUM {"time": "2026-10-02 15:47:33.018000-05:00", "dOI": 69.29099999999744, "pctl": 100.0, "control": "CONTROL LIMIT SELL", "strength": 1.0, "flow_delta": 69.29099999999744, "buy_dom_delta": 0.0, "sell_dom_delta": 69.29099999999744, "display_flow": 3669.641000000002, "display_buy_dom": 1695.6398791389947, "display_sell_dom": 2634.7680573975795}
RAW_ACCUM {"time": "2026-10-02 15:47:38.207000-05:00", "dOI": 1.0679999999993015, "pctl": 100.0, "control": "CONTROL LIMIT SELL", "strength": 1.0, "flow_delta": 1.0679999999993015, "buy_dom_delta": 0.0, "sell_dom_delta": 1.0679999999993015, "display_flow": 3670.709000000001, "display_buy_dom": 1695.6398791389947, "display_sell_dom": 2635.8360573975788}
RAW_ACCUM {"time": "2026-10-02 15:47:40.548000-05:00", "dOI": -5.14100000000326, "pctl": 100.0, "control": "CONTROL LIMIT SELL", "strength": 0.9318690407170722, "flow_delta": -5.14100000000326, "buy_dom_delta": 0.0, "sell_dom_delta": 0.0, "display_flow": 3665.567999999998, "display_buy_dom": 1695.6398791389947, "display_sell_dom": 2635.8360573975788}
RAW_ACCUM {"time": "2026-10-02 15:47:43.289000-05:00", "dOI": 1.320000000006985, "pctl": 100.0, "control": "CONTROL LIMIT SELL", "strength": 1.0, "flow_delta": 1.320000000006985, "buy_dom_delta": 0.0, "sell_dom_delta": 1.320000000006985, "display_flow": 3666.888000000005, "display_buy_dom": 1695.6398791389947, "display_sell_dom": 2637.1560573975858}
RAW_ACCUM {"time": "2026-10-02 15:47:54.306000-05:00", "dOI": 1.2909999999974389, "pctl": 99.75478175576264, "control": "CONTROL LIMIT SELL", "strength": 1.0, "flow_delta": 1.2909999999974389, "buy_dom_delta": 0.0, "sell_dom_delta": 1.2909999999974389, "display_flow": 3668.1790000000024, "display_buy_dom": 1695.6398791389947, "display_sell_dom": 2638.447057397583}
RAW_MINUTE_FINALIZE {"minute": "2026-10-02T15:47:00-05:00", "raw_samples_counted": 10, "flow_already_counted": 395.0390000000043, "canonical_flow": 310.25500000000466, "strong_residual": -84.78399999999965, "double_count": 0}
ACCUM_FINAL {"time": "2026-10-02T15:47:00-05:00", "source": "STRONG+RAW", "net": 310.25500000000466, "oi_add": 400.8570000000036, "control": "CONTROL LIMIT SELL", "strength": 1.0, "flow_final": 310.25500000000466, "buy_dom_final": 0.0, "sell_dom_final": 400.8570000000036, "double_count": 0}
RAW_ACCUM {"time": "2026-10-02 15:48:06.956000-05:00", "dOI": -3.3150000000023283, "pctl": 99.16748285994123, "control": "CONTROL MARKET SELL", "strength": 1.0, "flow_delta": -3.3150000000023283, "buy_dom_delta": 0.0, "sell_dom_delta": 0.0, "display_flow": 3580.0800000000004, "display_buy_dom": 1695.6398791389947, "display_sell_dom": 2641.1421786266114}
RAW_ACCUM {"time": "2026-10-02 15:48:12.455000-05:00", "dOI": -0.6720000000059372, "pctl": 99.16748285994123, "control": "CONTROL MARKET SELL", "strength": 1.0, "flow_delta": -0.6720000000059372, "buy_dom_delta": 0.0, "sell_dom_delta": 0.0, "display_flow": 3579.4079999999944, "display_buy_dom": 1695.6398791389947, "display_sell_dom": 2641.1421786266114}
RAW_ACCUM {"time": "2026-10-02 15:48:17.571000-05:00", "dOI": -3.129000000000815, "pctl": 97.94520547945206, "control": "CONTROL MARKET SELL", "strength": 1.0, "flow_delta": -3.129000000000815, "buy_dom_delta": 0.0, "sell_dom_delta": 0.0, "display_flow": 3576.2789999999936, "display_buy_dom": 1695.6398791389947, "display_sell_dom": 2641.1421786266114}
RAW_ACCUM {"time": "2026-10-02 15:48:20.964000-05:00", "dOI": 0.01800000001094304, "pctl": 97.94621026894865, "control": "CONTROL LIMIT SELL", "strength": 1.0, "flow_delta": 0.01800000001094304, "buy_dom_delta": 0.0, "sell_dom_delta": 0.01800000001094304, "display_flow": 3576.2970000000046, "display_buy_dom": 1695.6398791389947, "display_sell_dom": 2641.1601786266224}
PRE_RELEASE_DEPTH {"side": "BUY", "status": "HELD", "price": 84325.9, "initial_qty": 143.848, "current_qty": 143.848, "remaining_pct": 100.0, "min_distance": 3.3500000000058208, "age_sec": 0.0, "time": "2026-10-02 15:50:12.683000-05:00"}
PRE_RELEASE_DEPTH {"side": "BUY", "status": "PULLED", "price": 84325.9, "initial_qty": 143.848, "current_qty": 143.848, "remaining_pct": 100.0, "min_distance": 3.3500000000058208, "age_sec": 0.0, "time": "2026-10-02 15:50:18.977000-05:00"}
PRE_RELEASE_DEPTH {"side": "BUY", "status": "HELD", "price": 84330.0, "initial_qty": 144.037, "current_qty": 144.037, "remaining_pct": 100.0, "min_distance": 5.25, "age_sec": 0.0, "time": "2026-10-02 15:50:18.977000-05:00"}
RAW_ACCUM {"time": "2026-10-02 15:50:28.669000-05:00", "dOI": 79.11000000000058, "pctl": 98.88727624576681, "control": "CONTROL MARKET BUY", "strength": 1.0, "flow_delta": 79.11000000000058, "buy_dom_delta": 79.11000000000058, "sell_dom_delta": 0.0, "display_flow": 3655.407000000005, "display_buy_dom": 1774.7498791389953, "display_sell_dom": 2641.1601786266224}
PRE_RELEASE_DEPTH {"side": "BUY", "status": "PULLED", "price": 84330.0, "initial_qty": 144.037, "current_qty": 144.037, "remaining_pct": 100.0, "min_distance": 5.25, "age_sec": 0.0, "time": "2026-10-02 15:50:28.669000-05:00"}
PRE_RELEASE_DEPTH {"side": "BUY", "status": "HELD", "price": 84382.7, "initial_qty": 146.733, "current_qty": 146.733, "remaining_pct": 100.0, "min_distance": 0.05000000000291038, "age_sec": 0.0, "time": "2026-10-02 15:50:28.669000-05:00"}
PRE_RELEASE_STATE {"state": "BUY_WATCH", "previous_state": "NEUTRAL", "time": "2026-10-02 15:50:28.669000-05:00", "price": 84382.8, "side": "BUY", "pctl": 98.88727624576681, "peak_type": null, "doi": 79.11000000000058, "oi_flow": "EXPANSION", "aggr_mag": 113.71800000000002, "aggr_share": 83.42130631054265, "control": "CONTROL MARKET BUY", "eff_ratio": 1.512958703511807, "absorption_ratio": 0.0, "depth_ratio": 10.790570342803685, "depth_level": {"first_seen": "2026-10-02 15:50:28.669000-05:00", "price": 84382.7, "initial_size": 146.733, "min_size": 146.733, "last_size": 146.733, "distance": 0.05000000000291038, "min_distance": 0.05000000000291038, "age_sec": 0.0, "tested": true, "held": true, "status": "HELD"}}
PRE_RELEASE_DEPTH {"side": "BUY", "status": "PULLED", "price": 84382.7, "initial_qty": 146.733, "current_qty": 146.733, "remaining_pct": 100.0, "min_distance": 0.05000000000291038, "age_sec": 1.614, "time": "2026-10-02 15:50:40.420000-05:00"}
PRE_RELEASE_DEPTH {"side": "BUY", "status": "HELD", "price": 84387.4, "initial_qty": 154.291, "current_qty": 154.291, "remaining_pct": 100.0, "min_distance": 0.05000000000291038, "age_sec": 0.0, "time": "2026-10-02 15:50:40.420000-05:00"}
PRE_RELEASE_DEPTH {"side": "BUY", "status": "PULLED", "price": 84387.4, "initial_qty": 154.291, "current_qty": 154.291, "remaining_pct": 100.0, "min_distance": 0.05000000000291038, "age_sec": 0.0, "time": "2026-10-02 15:50:50.023000-05:00"}
PRE_RELEASE_DEPTH {"side": "BUY", "status": "HELD", "price": 84388.5, "initial_qty": 157.119, "current_qty": 157.119, "remaining_pct": 100.0, "min_distance": 0.05000000000291038, "age_sec": 0.0, "time": "2026-10-02 15:50:50.023000-05:00"}
PRE_RELEASE_STATE {"state": "CANCEL", "previous_state": "BUY_WATCH", "time": "2026-10-02 15:50:50.023000-05:00", "side": "BUY", "price": 84387.5, "pctl": 96.23552123552123, "oi_flow": "CONTRACTION", "control": "CONTROL MARKET BUY"}
RAW_MINUTE_FINALIZE {"minute": "2026-10-02T15:50:00-05:00", "raw_samples_counted": 1, "flow_already_counted": 79.11000000000058, "canonical_flow": 71.666, "strong_residual": 0.0, "double_count": 0}
ACCUM_FINAL {"time": "2026-10-02T15:50:00-05:00", "source": "RAW_ONLY", "net": 71.666, "oi_add": 82.4550000000163, "control": "CONTROL MARKET BUY", "strength": 1.0, "flow_final": 71.666, "buy_dom_final": 82.455, "sell_dom_final": 0.0, "double_count": 0}
RAW_ACCUM {"time": "2026-10-02 15:51:12.118000-05:00", "dOI": 117.87900000000081, "pctl": 99.61464354527938, "control": "CONTROL LIMIT BUY", "strength": 0.8663736608285735, "flow_delta": 117.87900000000081, "buy_dom_delta": 102.12726076481212, "sell_dom_delta": 0.0, "display_flow": 3765.8420000000056, "display_buy_dom": 1880.2221399038067, "display_sell_dom": 2641.1601786266224}
RAW_ACCUM {"time": "2026-10-02 15:51:17.883000-05:00", "dOI": -8.97500000000582, "pctl": 98.12319538017324, "control": "CONTROL LIMIT BUY", "strength": 0.7106697022150269, "flow_delta": -8.97500000000582, "buy_dom_delta": 0.0, "sell_dom_delta": 0.0, "display_flow": 3756.8669999999997, "display_buy_dom": 1880.2221399038067, "display_sell_dom": 2641.1601786266224}
RAW_ACCUM {"time": "2026-10-02 15:51:22.995000-05:00", "dOI": 86.30800000000454, "pctl": 99.42252165543792, "control": "CONTROL LIMIT BUY", "strength": 1.0, "flow_delta": 86.30800000000454, "buy_dom_delta": 86.30800000000454, "sell_dom_delta": 0.0, "display_flow": 3843.1750000000043, "display_buy_dom": 1966.5301399038112, "display_sell_dom": 2641.1601786266224}
RAW_ACCUM {"time": "2026-10-02 15:51:27.010000-05:00", "dOI": 1.2289999999920838, "pctl": 99.13461538461539, "control": "CONTROL LIMIT BUY", "strength": 1.0, "flow_delta": 1.2289999999920838, "buy_dom_delta": 1.2289999999920838, "sell_dom_delta": 0.0, "display_flow": 3844.4039999999964, "display_buy_dom": 1967.7591399038033, "display_sell_dom": 2641.1601786266224}
RAW_ACCUM {"time": "2026-10-02 15:51:32.613000-05:00", "dOI": 1.5950000000011642, "pctl": 99.13503123498319, "control": "CONTROL LIMIT BUY", "strength": 1.0, "flow_delta": 1.5950000000011642, "buy_dom_delta": 1.5950000000011642, "sell_dom_delta": 0.0, "display_flow": 3845.9989999999975, "display_buy_dom": 1969.3541399038045, "display_sell_dom": 2641.1601786266224}
RAW_ACCUM {"time": "2026-10-02 15:51:38.026000-05:00", "dOI": 0.5350000000034925, "pctl": 99.13544668587896, "control": "CONTROL LIMIT BUY", "strength": 1.0, "flow_delta": 0.5350000000034925, "buy_dom_delta": 0.5350000000034925, "sell_dom_delta": 0.0, "display_flow": 3846.534000000001, "display_buy_dom": 1969.889139903808, "display_sell_dom": 2641.1601786266224}
RAW_ACCUM {"time": "2026-10-02 15:51:38.330000-05:00", "dOI": -0.01600000000325963, "pctl": 99.13544668587896, "control": "CONTROL LIMIT BUY", "strength": 1.0, "flow_delta": -0.01600000000325963, "buy_dom_delta": 0.0, "sell_dom_delta": 0.0, "display_flow": 3846.5179999999978, "display_buy_dom": 1969.889139903808, "display_sell_dom": 2641.1601786266224}
RAW_ACCUM {"time": "2026-10-02 15:51:44.174000-05:00", "dOI": -0.13599999999860302, "pctl": 97.83965434469515, "control": "CONTROL LIMIT BUY", "strength": 1.0, "flow_delta": -0.13599999999860302, "buy_dom_delta": 0.0, "sell_dom_delta": 0.0, "display_flow": 3846.381999999999, "display_buy_dom": 1969.889139903808, "display_sell_dom": 2641.1601786266224}
RAW_ACCUM {"time": "2026-10-02 15:51:54.677000-05:00", "dOI": -1.56600000000617, "pctl": 97.84172661870504, "control": "CONTROL LIMIT BUY", "strength": 1.0, "flow_delta": -1.56600000000617, "buy_dom_delta": 0.0, "sell_dom_delta": 0.0, "display_flow": 3844.815999999993, "display_buy_dom": 1969.889139903808, "display_sell_dom": 2641.1601786266224}
RAW_MINUTE_FINALIZE {"minute": "2026-10-02T15:51:00-05:00", "raw_samples_counted": 9, "flow_already_counted": 196.85299999998824, "canonical_flow": 200.52, "strong_residual": 0.0, "double_count": 0}
ACCUM_FINAL {"time": "2026-10-02T15:51:00-05:00", "source": "RAW_ONLY", "net": 200.52, "oi_add": 220.62199999998847, "control": "CONTROL LIMIT BUY", "strength": 1.0, "flow_final": 200.52, "buy_dom_final": 220.622, "sell_dom_final": 0.0, "double_count": 0}
RAW_ACCUM {"time": "2026-10-02 15:52:05-05:00", "dOI": 0.18399999999383, "pctl": 97.84379492093915, "control": "CONTROL MARKET SELL", "strength": 1.0, "flow_delta": 0.18399999999383, "buy_dom_delta": 0.0, "sell_dom_delta": 0.18399999999383, "display_flow": 3848.6669999999986, "display_buy_dom": 1998.7168791389947, "display_sell_dom": 2641.344178626616}
RAW_ACCUM {"time": "2026-10-02 15:52:10.108000-05:00", "dOI": -1.2249999999912689, "pctl": 97.84482758620689, "control": "CONTROL MARKET SELL", "strength": 1.0, "flow_delta": -1.2249999999912689, "buy_dom_delta": 0.0, "sell_dom_delta": 0.0, "display_flow": 3847.4420000000073, "display_buy_dom": 1998.7168791389947, "display_sell_dom": 2641.344178626616}
PRE_RELEASE_DEPTH {"side": "BUY", "status": "PULLED", "price": 84388.5, "initial_qty": 157.119, "current_qty": 156.961, "remaining_pct": 99.89943927850865, "min_distance": 0.05000000000291038, "age_sec": 6.344, "time": "2026-10-02 15:52:57.946000-05:00"}
RAW_MINUTE_FINALIZE {"minute": "2026-10-02T15:52:00-05:00", "raw_samples_counted": 2, "flow_already_counted": -1.0409999999974389, "canonical_flow": -17.619, "strong_residual": 0.0, "double_count": 0}
ACCUM_FINAL {"time": "2026-10-02T15:52:00-05:00", "source": "RAW_ONLY", "net": -17.619, "oi_add": 0.7419999999838183, "control": "CONTROL MARKET BUY", "strength": 1.0, "flow_final": -17.619, "buy_dom_final": 0.742, "sell_dom_final": 0.0, "double_count": 0}
PRE_RELEASE_DEPTH {"side": "SELL", "status": "HELD", "price": 84413.7, "initial_qty": 22.821, "current_qty": 22.821, "remaining_pct": 100.0, "min_distance": 0.05000000000291038, "age_sec": 0.0, "time": "2026-10-02 15:54:22.244000-05:00"}
PRE_RELEASE_DEPTH {"side": "SELL", "status": "PULLED", "price": 84413.7, "initial_qty": 22.821, "current_qty": 22.821, "remaining_pct": 100.0, "min_distance": 0.05000000000291038, "age_sec": 0.0, "time": "2026-10-02 15:54:27.660000-05:00"}
PRE_RELEASE_DEPTH {"side": "SELL", "status": "HELD", "price": 84411.4, "initial_qty": 23.681, "current_qty": 23.681, "remaining_pct": 100.0, "min_distance": 0.04999999998835847, "age_sec": 0.0, "time": "2026-10-02 15:54:27.660000-05:00"}
PRE_RELEASE_DEPTH {"side": "SELL", "status": "PULLED", "price": 84411.4, "initial_qty": 23.681, "current_qty": 23.681, "remaining_pct": 100.0, "min_distance": 0.04999999998835847, "age_sec": 0.0, "time": "2026-10-02 15:54:29.496000-05:00"}
PRE_RELEASE_DEPTH {"side": "SELL", "status": "HELD", "price": 84402.9, "initial_qty": 20.499, "current_qty": 20.499, "remaining_pct": 100.0, "min_distance": 0.04999999998835847, "age_sec": 0.0, "time": "2026-10-02 15:54:58.882000-05:00"}
PRE_RELEASE_DEPTH {"side": "BUY", "status": "HELD", "price": 84400.0, "initial_qty": 20.408, "current_qty": 20.408, "remaining_pct": 100.0, "min_distance": 2.8500000000058208, "age_sec": 0.0, "time": "2026-10-02 15:55:01.826000-05:00"}
PRE_RELEASE_DEPTH {"side": "BUY", "status": "PULLED", "price": 84400.0, "initial_qty": 20.408, "current_qty": 20.408, "remaining_pct": 100.0, "min_distance": 2.8500000000058208, "age_sec": 10.419, "time": "2026-10-02 15:55:20.265000-05:00"}
PRE_RELEASE_DEPTH {"side": "SELL", "status": "PULLED", "price": 84402.9, "initial_qty": 20.499, "current_qty": 20.499, "remaining_pct": 100.0, "min_distance": 0.04999999998835847, "age_sec": 0.0, "time": "2026-10-02 15:55:28.296000-05:00"}
PRE_RELEASE_DEPTH {"side": "BUY", "status": "HELD", "price": 84356.8, "initial_qty": 21.432, "current_qty": 21.432, "remaining_pct": 100.0, "min_distance": 0.05000000000291038, "age_sec": 0.0, "time": "2026-10-02 15:56:26.442000-05:00"}
PRE_RELEASE_DEPTH {"side": "BUY", "status": "PULLED", "price": 84356.8, "initial_qty": 21.432, "current_qty": 21.432, "remaining_pct": 100.0, "min_distance": 0.05000000000291038, "age_sec": 0.0, "time": "2026-10-02 15:56:33.853000-05:00"}
RAW_ACCUM {"time": "2026-10-02 15:59:18.540000-05:00", "dOI": 81.50099999998929, "pctl": 99.90774907749078, "control": "CONTROL LIMIT SELL", "strength": 0.5302386049592931, "flow_delta": 81.50099999998929, "buy_dom_delta": 0.0, "sell_dom_delta": 43.21497654278167, "display_flow": 3912.364999999994, "display_buy_dom": 1999.4588791389947, "display_sell_dom": 2684.375155169404}
RAW_ACCUM {"time": "2026-10-02 15:59:28.840000-05:00", "dOI": 73.90800000001036, "pctl": 98.24965453707969, "control": "CONTROL MARKET BUY", "strength": 0.5059719354105136, "flow_delta": 73.90800000001036, "buy_dom_delta": 37.39537380232548, "sell_dom_delta": 0.0, "display_flow": 3986.2730000000042, "display_buy_dom": 2036.8542529413203, "display_sell_dom": 2684.375155169404}
RAW_ACCUM {"time": "2026-10-02 15:59:29.541000-05:00", "dOI": 0.0, "pctl": 98.24965453707969, "control": "CONTROL LIMIT SELL", "strength": 0.6397535668773097, "flow_delta": 0.0, "buy_dom_delta": 0.0, "sell_dom_delta": 0.0, "display_flow": 3986.2730000000042, "display_buy_dom": 2036.8542529413203, "display_sell_dom": 2684.375155169404}
RAW_ACCUM {"time": "2026-10-02 15:59:34.987000-05:00", "dOI": -1.9389999999984866, "pctl": 98.25046040515653, "control": "CONTROL LIMIT SELL", "strength": 0.7301237864696106, "flow_delta": -1.9389999999984866, "buy_dom_delta": 0.0, "sell_dom_delta": 0.0, "display_flow": 3984.3340000000057, "display_buy_dom": 2036.8542529413203, "display_sell_dom": 2684.375155169404}
RAW_ACCUM {"time": "2026-10-02 15:59:45.351000-05:00", "dOI": -1.4870000000082655, "pctl": 98.25206991720331, "control": "CONTROL LIMIT SELL", "strength": 0.7372142151910308, "flow_delta": -1.4870000000082655, "buy_dom_delta": 0.0, "sell_dom_delta": 0.0, "display_flow": 3982.8469999999975, "display_buy_dom": 2036.8542529413203, "display_sell_dom": 2684.375155169404}
RAW_MINUTE_FINALIZE {"minute": "2026-10-02T15:59:00-05:00", "raw_samples_counted": 5, "flow_already_counted": 151.9829999999929, "canonical_flow": 154.177, "strong_residual": 0.0, "double_count": 0}
ACCUM_FINAL {"time": "2026-10-02T15:59:00-05:00", "source": "RAW_ONLY", "net": 154.177, "oi_add": 157.93700000000536, "control": "CONTROL LIMIT SELL", "strength": 0.82814346, "flow_final": 154.177, "buy_dom_final": 0.0, "sell_dom_final": 130.79449364202003, "double_count": 0}
PRE_RELEASE_DEPTH {"side": "SELL", "status": "HELD", "price": 84410.5, "initial_qty": 23.323, "current_qty": 23.323, "remaining_pct": 100.0, "min_distance": 0.05000000000291038, "age_sec": 0.0, "time": "2026-10-02 16:00:06.085000-05:00"}
PRE_RELEASE_DEPTH {"side": "SELL", "status": "PULLED", "price": 84410.5, "initial_qty": 23.323, "current_qty": 23.323, "remaining_pct": 100.0, "min_distance": 0.05000000000291038, "age_sec": 0.0, "time": "2026-10-02 16:00:12.107000-05:00"}
PRE_RELEASE_DEPTH {"side": "BUY", "status": "HELD", "price": 84450.4, "initial_qty": 275.246, "current_qty": 275.246, "remaining_pct": 100.0, "min_distance": 3.75, "age_sec": 0.0, "time": "2026-10-02 16:08:04.831000-05:00"}
PRE_RELEASE_DEPTH {"side": "BUY", "status": "PULLED", "price": 84450.4, "initial_qty": 275.246, "current_qty": 275.246, "remaining_pct": 100.0, "min_distance": 3.75, "age_sec": 10.955, "time": "2026-10-02 16:08:21.912000-05:00"}
PRE_RELEASE_DEPTH {"side": "BUY", "status": "HELD", "price": 84476.1, "initial_qty": 22.904, "current_qty": 22.904, "remaining_pct": 100.0, "min_distance": 0.04999999998835847, "age_sec": 0.0, "time": "2026-10-02 16:10:02.085000-05:00"}
PRE_RELEASE_DEPTH {"side": "BUY", "status": "PULLED", "price": 84476.1, "initial_qty": 22.904, "current_qty": 21.319, "remaining_pct": 93.07981138665735, "min_distance": 0.04999999998835847, "age_sec": 42.444, "time": "2026-10-02 16:11:05.525000-05:00"}
PRE_RELEASE_DEPTH {"side": "SELL", "status": "HELD", "price": 84455.8, "initial_qty": 20.096, "current_qty": 20.096, "remaining_pct": 100.0, "min_distance": 0.05000000000291038, "age_sec": 0.0, "time": "2026-10-02 16:14:18.805000-05:00"}
PRE_RELEASE_DEPTH {"side": "BUY", "status": "HELD", "price": 84450.4, "initial_qty": 275.01, "current_qty": 275.01, "remaining_pct": 100.0, "min_distance": 1.4500000000116415, "age_sec": 0.0, "time": "2026-10-02 16:14:25.494000-05:00"}
PRE_RELEASE_DEPTH {"side": "SELL", "status": "BROKEN", "price": 84455.8, "initial_qty": 20.096, "current_qty": 20.096, "remaining_pct": 100.0, "min_distance": 0.05000000000291038, "age_sec": 2.316, "time": "2026-10-02 16:15:02.467000-05:00"}
PRE_RELEASE_DEPTH {"side": "BUY", "status": "PULLED", "price": 84450.4, "initial_qty": 275.01, "current_qty": 275.011, "remaining_pct": 100.000363623141, "min_distance": 1.4500000000116415, "age_sec": 26.428, "time": "2026-10-02 16:18:06.893000-05:00"}
PRE_RELEASE_DEPTH {"side": "SELL", "status": "HELD", "price": 84451.4, "initial_qty": 28.828, "current_qty": 28.828, "remaining_pct": 100.0, "min_distance": 0.04999999998835847, "age_sec": 0.0, "time": "2026-10-02 16:21:05.825000-05:00"}
PRE_RELEASE_DEPTH {"side": "SELL", "status": "PULLED", "price": 84451.4, "initial_qty": 28.828, "current_qty": 20.346, "remaining_pct": 70.57721659497712, "min_distance": 0.04999999998835847, "age_sec": 23.063, "time": "2026-10-02 16:21:34.494000-05:00"}
PRE_RELEASE_DEPTH {"side": "SELL", "status": "HELD", "price": 84450.9, "initial_qty": 30.619, "current_qty": 30.619, "remaining_pct": 100.0, "min_distance": 0.04999999998835847, "age_sec": 0.0, "time": "2026-10-02 16:23:04.283000-05:00"}
PRE_RELEASE_DEPTH {"side": "BUY", "status": "HELD", "price": 84450.4, "initial_qty": 275.008, "current_qty": 275.008, "remaining_pct": 100.0, "min_distance": 0.45000000001164153, "age_sec": 0.0, "time": "2026-10-02 16:23:24.551000-05:00"}
PRE_RELEASE_DEPTH {"side": "SELL", "status": "BROKEN", "price": 84450.9, "initial_qty": 30.619, "current_qty": 30.819, "remaining_pct": 100.65318919625068, "min_distance": 0.04999999998835847, "age_sec": 15.841, "time": "2026-10-02 16:24:00.059000-05:00"}
RAW_ACCUM {"time": "2026-10-02 16:26:19.143000-05:00", "dOI": 88.80100000000675, "pctl": 99.19224555735056, "control": "CONTROL LIMIT BUY", "strength": 0.5409783077242032, "flow_delta": 88.80100000000675, "buy_dom_delta": 48.03941470422062, "sell_dom_delta": 0.0, "display_flow": 4073.8420000000115, "display_buy_dom": 2047.4982938432154, "display_sell_dom": 2771.9546722686423}
PRE_RELEASE_DEPTH {"side": "SELL", "status": "HELD", "price": 84399.9, "initial_qty": 28.608, "current_qty": 28.608, "remaining_pct": 100.0, "min_distance": 0.04999999998835847, "age_sec": 0.0, "time": "2026-10-02 16:26:29.946000-05:00"}
PRE_RELEASE_DEPTH {"side": "SELL", "status": "BROKEN", "price": 84399.9, "initial_qty": 28.608, "current_qty": 28.608, "remaining_pct": 100.0, "min_distance": 0.04999999998835847, "age_sec": 0.0, "time": "2026-10-02 16:26:34.992000-05:00"}
RAW_MINUTE_FINALIZE {"minute": "2026-10-02T16:26:00-05:00", "raw_samples_counted": 1, "flow_already_counted": 88.80100000000675, "canonical_flow": 66.17299999999523, "strong_residual": -22.628000000011525, "double_count": 0}
ACCUM_FINAL {"time": "2026-10-02T16:26:00-05:00", "source": "STRONG+RAW", "net": 66.17299999999523, "oi_add": 91.94300000001385, "control": "CONTROL LIMIT BUY", "strength": 0.51250962, "flow_final": 66.17299999999523, "buy_dom_final": 47.1216719916671, "sell_dom_final": 0.0, "double_count": 0}
PRE_RELEASE_DEPTH {"side": "BUY", "status": "BROKEN", "price": 84450.4, "initial_qty": 275.008, "current_qty": 275.023, "remaining_pct": 100.0054543867815, "min_distance": 0.45000000001164153, "age_sec": 98.594, "time": "2026-10-02 16:29:10.063000-05:00"}
PRE_RELEASE_DEPTH {"side": "BUY", "status": "HELD", "price": 84396.8, "initial_qty": 20.275, "current_qty": 20.275, "remaining_pct": 100.0, "min_distance": 0.05000000000291038, "age_sec": 0.0, "time": "2026-10-02 16:29:10.063000-05:00"}
PRE_RELEASE_DEPTH {"side": "BUY", "status": "PULLED", "price": 84396.8, "initial_qty": 20.275, "current_qty": 20.275, "remaining_pct": 100.0, "min_distance": 0.05000000000291038, "age_sec": 0.0, "time": "2026-10-02 16:29:13.821000-05:00"}
PRE_RELEASE_DEPTH {"side": "BUY", "status": "HELD", "price": 84500.0, "initial_qty": 40.812, "current_qty": 40.812, "remaining_pct": 100.0, "min_distance": 1.9499999999970896, "age_sec": 0.0, "time": "2026-10-02 16:39:34.203000-05:00"}
PRE_RELEASE_DEPTH {"side": "BUY", "status": "BROKEN", "price": 84500.0, "initial_qty": 40.812, "current_qty": 40.813, "remaining_pct": 100.00245025972754, "min_distance": 1.9499999999970896, "age_sec": 18.063, "time": "2026-10-02 16:41:03.717000-05:00"}
RAW_ACCUM {"time": "2026-10-02 16:51:39.735000-05:00", "dOI": -1.3579999999928987, "pctl": 99.31159420289855, "control": "CONTROL MARKET BUY", "strength": 0.5149871967555284, "flow_delta": -1.3579999999928987, "buy_dom_delta": 0.0, "sell_dom_delta": 0.0, "display_flow": 4049.856000000007, "display_buy_dom": 2046.580551130662, "display_sell_dom": 2771.9546722686423}
RAW_MINUTE_FINALIZE {"minute": "2026-10-02T16:51:00-05:00", "raw_samples_counted": 1, "flow_already_counted": -1.3579999999928987, "canonical_flow": -19.152, "strong_residual": 0.0, "double_count": 0}
ACCUM_FINAL {"time": "2026-10-02T16:51:00-05:00", "source": "RAW_ONLY", "net": -19.152, "oi_add": 0.08200000000942964, "control": "CONTROL MARKET BUY", "strength": 0.55263573, "flow_final": -19.152, "buy_dom_final": 0.04531612986, "sell_dom_final": 0.0, "double_count": 0}
PRE_RELEASE_DEPTH {"side": "BUY", "status": "HELD", "price": 84460.3, "initial_qty": 21.128, "current_qty": 21.128, "remaining_pct": 100.0, "min_distance": 0.05000000000291038, "age_sec": 0.0, "time": "2026-10-02 17:03:04.709000-05:00"}
PRE_RELEASE_DEPTH {"side": "BUY", "status": "PULLED", "price": 84460.3, "initial_qty": 21.128, "current_qty": 21.128, "remaining_pct": 100.0, "min_distance": 0.05000000000291038, "age_sec": 0.0, "time": "2026-10-02 17:03:14.050000-05:00"}
PRE_RELEASE_DEPTH {"side": "SELL", "status": "HELD", "price": 84461.2, "initial_qty": 28.465, "current_qty": 28.465, "remaining_pct": 100.0, "min_distance": 0.05000000000291038, "age_sec": 0.0, "time": "2026-10-02 17:04:17.920000-05:00"}
PRE_RELEASE_DEPTH {"side": "SELL", "status": "PULLED", "price": 84461.2, "initial_qty": 28.465, "current_qty": 28.465, "remaining_pct": 100.0, "min_distance": 0.05000000000291038, "age_sec": 0.0, "time": "2026-10-02 17:04:25.364000-05:00"}
PRE_RELEASE_DEPTH {"side": "SELL", "status": "HELD", "price": 84414.8, "initial_qty": 21.899, "current_qty": 21.899, "remaining_pct": 100.0, "min_distance": 0.05000000000291038, "age_sec": 0.0, "time": "2026-10-02 17:06:32.823000-05:00"}
PRE_RELEASE_DEPTH {"side": "SELL", "status": "PULLED", "price": 84414.8, "initial_qty": 21.899, "current_qty": 21.899, "remaining_pct": 100.0, "min_distance": 0.05000000000291038, "age_sec": 0.0, "time": "2026-10-02 17:06:40.963000-05:00"}
PRE_RELEASE_DEPTH {"side": "BUY", "status": "HELD", "price": 84432.5, "initial_qty": 20.062, "current_qty": 20.062, "remaining_pct": 100.0, "min_distance": 0.05000000000291038, "age_sec": 0.0, "time": "2026-10-02 17:07:20.417000-05:00"}
PRE_RELEASE_DEPTH {"side": "BUY", "status": "PULLED", "price": 84432.5, "initial_qty": 20.062, "current_qty": 20.062, "remaining_pct": 100.0, "min_distance": 0.05000000000291038, "age_sec": 0.0, "time": "2026-10-02 17:07:23.079000-05:00"}
PRE_RELEASE_DEPTH {"side": "BUY", "status": "HELD", "price": 84444.1, "initial_qty": 21.807, "current_qty": 21.807, "remaining_pct": 100.0, "min_distance": 0.04999999998835847, "age_sec": 0.0, "time": "2026-10-02 17:07:23.079000-05:00"}
PRE_RELEASE_DEPTH {"side": "BUY", "status": "PULLED", "price": 84444.1, "initial_qty": 21.807, "current_qty": 21.807, "remaining_pct": 100.0, "min_distance": 0.04999999998835847, "age_sec": 0.0, "time": "2026-10-02 17:07:28.655000-05:00"}
PRE_RELEASE_DEPTH {"side": "BUY", "status": "HELD", "price": 84440.0, "initial_qty": 26.747, "current_qty": 26.747, "remaining_pct": 100.0, "min_distance": 3.25, "age_sec": 0.0, "time": "2026-10-02 17:09:35.095000-05:00"}
PRE_RELEASE_DEPTH {"side": "SELL", "status": "HELD", "price": 84440.1, "initial_qty": 20.542, "current_qty": 20.542, "remaining_pct": 100.0, "min_distance": 0.05000000000291038, "age_sec": 0.0, "time": "2026-10-02 17:10:32.926000-05:00"}
PRE_RELEASE_DEPTH {"side": "SELL", "status": "PULLED", "price": 84440.1, "initial_qty": 20.542, "current_qty": 20.542, "remaining_pct": 100.0, "min_distance": 0.05000000000291038, "age_sec": 0.0, "time": "2026-10-02 17:10:36.450000-05:00"}
PRE_RELEASE_DEPTH {"side": "BUY", "status": "PULLED", "price": 84440.0, "initial_qty": 26.747, "current_qty": 24.069, "remaining_pct": 89.98766216771973, "min_distance": 0.05000000000291038, "age_sec": 137.689, "time": "2026-10-02 17:12:03.502000-05:00"}
PRE_RELEASE_DEPTH {"side": "BUY", "status": "HELD", "price": 84440.0, "initial_qty": 20.38, "current_qty": 20.38, "remaining_pct": 100.0, "min_distance": 3.9499999999970896, "age_sec": 0.0, "time": "2026-10-02 17:12:06.484000-05:00"}
PRE_RELEASE_DEPTH {"side": "BUY", "status": "NEAR", "price": 84440.0, "initial_qty": 20.38, "current_qty": 20.221, "remaining_pct": 99.2198233562316, "min_distance": 0.14999999999417923, "age_sec": 44.696, "time": "2026-10-02 17:12:51.180000-05:00"}
PRE_RELEASE_DEPTH {"side": "BUY", "status": "PULLED", "price": 84440.0, "initial_qty": 20.38, "current_qty": 20.221, "remaining_pct": 99.2198233562316, "min_distance": 0.14999999999417923, "age_sec": 44.696, "time": "2026-10-02 17:13:02.221000-05:00"}
RAW_ACCUM {"time": "2026-10-02 17:13:22.864000-05:00", "dOI": 74.63000000000466, "pctl": 98.53186519853186, "control": "CONTROL LIMIT SELL", "strength": 0.5372497042367654, "flow_delta": 74.63000000000466, "buy_dom_delta": 0.0, "sell_dom_delta": 40.09494542719231, "display_flow": 4106.692000000005, "display_buy_dom": 2046.625867260522, "display_sell_dom": 2812.0496176958345}
RAW_ACCUM {"time": "2026-10-02 17:13:28.632000-05:00", "dOI": 45.87200000000303, "pctl": 98.2327442480827, "control": "CONTROL LIMIT SELL", "strength": 0.5372497042367654, "flow_delta": 45.87200000000303, "buy_dom_delta": 0.0, "sell_dom_delta": 24.64471843275053, "display_flow": 4152.564000000008, "display_buy_dom": 2046.625867260522, "display_sell_dom": 2836.6943361285853}
PRE_RELEASE_DEPTH {"side": "BUY", "status": "HELD", "price": 84497.0, "initial_qty": 21.734, "current_qty": 21.734, "remaining_pct": 100.0, "min_distance": 0.05000000000291038, "age_sec": 0.0, "time": "2026-10-02 17:13:28.632000-05:00"}
PRE_RELEASE_STATE {"state": "BUY_WATCH", "previous_state": "NEUTRAL", "time": "2026-10-02 17:13:28.632000-05:00", "price": 84489.4, "side": "BUY", "pctl": 98.2327442480827, "peak_type": null, "doi": 45.87200000000303, "oi_flow": "EXPANSION", "aggr_mag": 135.17499999999998, "aggr_share": 77.58774812135955, "control": "CONTROL LIMIT SELL", "eff_ratio": 0.4627502957632345, "absorption_ratio": 0.5372497042367654, "depth_ratio": 1.6157146078965317, "depth_level": {"first_seen": "2026-10-02 17:13:28.632000-05:00", "price": 84497.0, "initial_size": 21.734, "min_size": 21.734, "last_size": 21.734, "distance": 0.05000000000291038, "min_distance": 0.05000000000291038, "age_sec": 0.0, "tested": true, "held": true, "status": "HELD"}}
RAW_ACCUM {"time": "2026-10-02 17:13:27.957000-05:00", "dOI": 46.27700000000186, "pctl": 98.39946648882962, "control": "CONTROL LIMIT SELL", "strength": 0.7329747105828076, "flow_delta": 46.27700000000186, "buy_dom_delta": 0.0, "sell_dom_delta": 33.91987068164195, "display_flow": 4198.841000000009, "display_buy_dom": 2046.625867260522, "display_sell_dom": 2870.614206810227}
RAW_ACCUM {"time": "2026-10-02 17:13:33.868000-05:00", "dOI": 44.73999999999069, "pctl": 98.33333333333333, "control": "CONTROL LIMIT SELL", "strength": 0.7410357699343915, "flow_delta": 44.73999999999069, "buy_dom_delta": 0.0, "sell_dom_delta": 33.15394034685777, "display_flow": 4243.581, "display_buy_dom": 2046.625867260522, "display_sell_dom": 2903.768147157085}
PRE_RELEASE_DEPTH {"side": "BUY", "status": "BROKEN", "price": 84497.0, "initial_qty": 21.734, "current_qty": 21.734, "remaining_pct": 100.0, "min_distance": 0.05000000000291038, "age_sec": 0.0, "time": "2026-10-02 17:13:33.868000-05:00"}
RAW_ACCUM {"time": "2026-10-02 17:13:44.217000-05:00", "dOI": 131.85800000000745, "pctl": 99.26739926739927, "control": "CONTROL LIMIT SELL", "strength": 0.733792058226099, "flow_delta": 131.85800000000745, "buy_dom_delta": 0.0, "sell_dom_delta": 96.75635321358244, "display_flow": 4375.439000000008, "display_buy_dom": 2046.625867260522, "display_sell_dom": 3000.5245003706673}
RAW_ACCUM {"time": "2026-10-02 17:13:46.422000-05:00", "dOI": -0.08200000000942964, "pctl": 99.23435419440746, "control": "CONTROL LIMIT SELL", "strength": 0.8250388715201882, "flow_delta": -0.08200000000942964, "buy_dom_delta": 0.0, "sell_dom_delta": 0.0, "display_flow": 4375.356999999998, "display_buy_dom": 2046.625867260522, "display_sell_dom": 3000.5245003706673}
PRE_RELEASE_STATE {"state": "CANCEL", "previous_state": "BUY_WATCH", "time": "2026-10-02 17:13:46.422000-05:00", "side": "BUY", "price": 84473.9, "pctl": 99.23435419440746, "oi_flow": "CONTRACTION", "control": "CONTROL LIMIT SELL"}
RAW_MINUTE_FINALIZE {"minute": "2026-10-02T17:13:00-05:00", "raw_samples_counted": 6, "flow_already_counted": 343.29499999999825, "canonical_flow": 287.8610000000044, "strong_residual": -55.43399999999383, "double_count": 0}
ACCUM_FINAL {"time": "2026-10-02T17:13:00-05:00", "source": "STRONG+RAW", "net": 287.8610000000044, "oi_add": 299.2950000000128, "control": "CONTROL LIMIT SELL", "strength": 0.82512644, "flow_final": 287.8610000000044, "buy_dom_final": 0.0, "sell_dom_final": 246.95621785981058, "double_count": 0}
RAW_ACCUM {"time": "2026-10-02 17:14:05.418000-05:00", "dOI": -1.092000000004191, "pctl": 97.83837712005321, "control": "CONTROL MARKET BUY", "strength": 1.0, "flow_delta": -1.092000000004191, "buy_dom_delta": 0.0, "sell_dom_delta": 0.0, "display_flow": 4318.831, "display_buy_dom": 2046.625867260522, "display_sell_dom": 3018.910890128453}
PRE_RELEASE_DEPTH {"side": "BUY", "status": "HELD", "price": 84484.8, "initial_qty": 23.071, "current_qty": 23.071, "remaining_pct": 100.0, "min_distance": 0.05000000000291038, "age_sec": 0.0, "time": "2026-10-02 17:14:05.418000-05:00"}
PRE_RELEASE_STATE {"state": "BUY_WATCH", "previous_state": "NEUTRAL", "time": "2026-10-02 17:14:05.418000-05:00", "price": 84485.0, "side": "BUY", "pctl": 97.83837712005321, "peak_type": null, "doi": -1.092000000004191, "oi_flow": "CONTRACTION", "aggr_mag": 2.422, "aggr_share": 99.46895424836602, "control": "CONTROL MARKET BUY", "eff_ratio": 4.758496295801937, "absorption_ratio": 0.0, "depth_ratio": 6.805239370073735, "depth_level": {"first_seen": "2026-10-02 17:14:05.418000-05:00", "price": 84484.8, "initial_size": 23.071, "min_size": 23.071, "last_size": 23.071, "distance": 0.05000000000291038, "min_distance": 0.05000000000291038, "age_sec": 0.0, "tested": true, "held": true, "status": "HELD"}}
RAW_ACCUM {"time": "2026-10-02 17:14:10.136000-05:00", "dOI": -0.15399999999499414, "pctl": 97.63962765957447, "control": "CONTROL MARKET BUY", "strength": 1.0, "flow_delta": -0.15399999999499414, "buy_dom_delta": 0.0, "sell_dom_delta": 0.0, "display_flow": 4318.677000000005, "display_buy_dom": 2046.625867260522, "display_sell_dom": 3018.910890128453}
PRE_RELEASE_STATE {"state": "BUY_RELEASE", "previous_state": "BUY_WATCH", "time": "2026-10-02 17:14:10.136000-05:00", "price": 84487.1, "side": "BUY", "pctl": 97.63962765957447, "peak_type": null, "doi": -0.15399999999499414, "oi_flow": "CONTRACTION", "aggr_mag": 3.1499999999999995, "aggr_share": 87.87878787878786, "control": "CONTROL MARKET BUY", "eff_ratio": 5.108450279152607, "absorption_ratio": 0.0, "depth_ratio": 5.679347835289075, "depth_level": {"first_seen": "2026-10-02 17:14:05.418000-05:00", "price": 84484.9, "initial_size": 23.071, "min_size": 23.071, "last_size": 33.036, "distance": 0.05000000000291038, "min_distance": 0.05000000000291038, "age_sec": 4.718, "tested": true, "held": true, "status": "HELD"}}
RAW_ACCUM {"time": "2026-10-02 17:14:15.843000-05:00", "dOI": -0.3680000000022119, "pctl": 97.60717846460618, "control": "CONTROL MARKET BUY", "strength": 1.0, "flow_delta": -0.3680000000022119, "buy_dom_delta": 0.0, "sell_dom_delta": 0.0, "display_flow": 4318.309000000003, "display_buy_dom": 2046.625867260522, "display_sell_dom": 3018.910890128453}
PRE_RELEASE_DEPTH {"side": "BUY", "status": "PULLED", "price": 84484.9, "initial_qty": 23.071, "current_qty": 33.036, "remaining_pct": 143.19275280655367, "min_distance": 0.05000000000291038, "age_sec": 4.718, "time": "2026-10-02 17:14:15.843000-05:00"}
RAW_ACCUM {"time": "2026-10-02 17:14:20.291000-05:00", "dOI": -4.415999999997439, "pctl": 97.67441860465115, "control": "CONTROL MARKET BUY", "strength": 1.0, "flow_delta": -4.415999999997439, "buy_dom_delta": 0.0, "sell_dom_delta": 0.0, "display_flow": 4313.8930000000055, "display_buy_dom": 2046.625867260522, "display_sell_dom": 3018.910890128453}
PRE_RELEASE_STATE {"state": "CANCEL", "previous_state": "BUY_RELEASE", "time": "2026-10-02 17:14:26.695000-05:00", "side": "BUY", "price": 84496.1, "pctl": 96.38114209827357, "oi_flow": "EXPANSION", "control": "CONTROL UNCLEAR"}
RAW_MINUTE_FINALIZE {"minute": "2026-10-02T17:14:00-05:00", "raw_samples_counted": 4, "flow_already_counted": -6.029999999998836, "canonical_flow": -5.041, "strong_residual": 0.0, "double_count": 0}
ACCUM_FINAL {"time": "2026-10-02T17:14:00-05:00", "source": "RAW_ONLY", "net": -5.041, "oi_add": 6.18300000000454, "control": "CONTROL MARKET BUY", "strength": 1.0, "flow_final": -5.041, "buy_dom_final": 6.183, "sell_dom_final": 0.0, "double_count": 0}
RAW_ACCUM {"time": "2026-10-02 17:18:13.851000-05:00", "dOI": 17.702999999994063, "pctl": 98.7221494102228, "control": "CONTROL MARKET SELL", "strength": 1.0, "flow_delta": 17.702999999994063, "buy_dom_delta": 0.0, "sell_dom_delta": 17.702999999994063, "display_flow": 4332.584999999998, "display_buy_dom": 2052.808867260522, "display_sell_dom": 3036.613890128447}
RAW_MINUTE_FINALIZE {"minute": "2026-10-02T17:18:00-05:00", "raw_samples_counted": 1, "flow_already_counted": 17.702999999994063, "canonical_flow": 7.961, "strong_residual": 0.0, "double_count": 0}
ACCUM_FINAL {"time": "2026-10-02T17:18:00-05:00", "source": "RAW_ONLY", "net": 7.961, "oi_add": 18.70799999999872, "control": "CONTROL LIMIT SELL", "strength": 1.0, "flow_final": 7.961, "buy_dom_final": 0.0, "sell_dom_final": 18.708, "double_count": 0}
PRE_RELEASE_DEPTH {"side": "SELL", "status": "HELD", "price": 84515.0, "initial_qty": 30.198, "current_qty": 30.198, "remaining_pct": 100.0, "min_distance": 8.75, "age_sec": 0.0, "time": "2026-10-02 17:20:25.918000-05:00"}
PRE_RELEASE_DEPTH {"side": "SELL", "status": "PULLED", "price": 84515.0, "initial_qty": 30.198, "current_qty": 30.067, "remaining_pct": 99.56619643685012, "min_distance": 8.75, "age_sec": 9.663, "time": "2026-10-02 17:20:40.791000-05:00"}
PRE_RELEASE_DEPTH {"side": "SELL", "status": "HELD", "price": 84490.8, "initial_qty": 25.455, "current_qty": 25.455, "remaining_pct": 100.0, "min_distance": 0.05000000000291038, "age_sec": 0.0, "time": "2026-10-02 17:20:45.899000-05:00"}
PRE_RELEASE_DEPTH {"side": "SELL", "status": "BROKEN", "price": 84490.8, "initial_qty": 25.455, "current_qty": 25.455, "remaining_pct": 100.0, "min_distance": 0.05000000000291038, "age_sec": 0.0, "time": "2026-10-02 17:20:52.303000-05:00"}
PRE_RELEASE_DEPTH {"side": "SELL", "status": "NEAR", "price": 84515.0, "initial_qty": 30.066, "current_qty": 30.066, "remaining_pct": 100.0, "min_distance": 11.35000000000582, "age_sec": 0.0, "time": "2026-10-02 17:20:52.303000-05:00"}
PRE_RELEASE_DEPTH {"side": "BUY", "status": "HELD", "price": 84510.4, "initial_qty": 22.739, "current_qty": 22.739, "remaining_pct": 100.0, "min_distance": 0.05000000000291038, "age_sec": 0.0, "time": "2026-10-02 17:21:39.272000-05:00"}
PRE_RELEASE_DEPTH {"side": "SELL", "status": "PULLED", "price": 84515.0, "initial_qty": 30.066, "current_qty": 30.066, "remaining_pct": 100.0, "min_distance": 11.35000000000582, "age_sec": 0.0, "time": "2026-10-02 17:22:00.479000-05:00"}
PRE_RELEASE_DEPTH {"side": "BUY", "status": "BROKEN", "price": 84510.4, "initial_qty": 22.739, "current_qty": 22.882, "remaining_pct": 100.62887550024189, "min_distance": 0.05000000000291038, "age_sec": 6.744, "time": "2026-10-02 17:24:03.483000-05:00"}
PRE_RELEASE_DEPTH {"side": "SELL", "status": "HELD", "price": 84510.0, "initial_qty": 30.003, "current_qty": 30.003, "remaining_pct": 100.0, "min_distance": 1.9499999999970896, "age_sec": 0.0, "time": "2026-10-02 17:24:19.702000-05:00"}
PRE_RELEASE_DEPTH {"side": "SELL", "status": "BROKEN", "price": 84510.0, "initial_qty": 30.003, "current_qty": 31.519, "remaining_pct": 105.05282805052826, "min_distance": 0.05000000000291038, "age_sec": 20.675, "time": "2026-10-02 17:25:06.516000-05:00"}
PRE_RELEASE_DEPTH {"side": "BUY", "status": "HELD", "price": 84523.7, "initial_qty": 41.203, "current_qty": 41.203, "remaining_pct": 100.0, "min_distance": 0.05000000000291038, "age_sec": 0.0, "time": "2026-10-02 17:25:12.095000-05:00"}
RAW_ACCUM {"time": "2026-10-02 17:25:21.247000-05:00", "dOI": -26.061000000001513, "pctl": 98.05111821086263, "control": "CONTROL LIMIT BUY", "strength": 0.9893546325524141, "flow_delta": -26.061000000001513, "buy_dom_delta": 0.0, "sell_dom_delta": 0.0, "display_flow": 4296.782000000003, "display_buy_dom": 2052.808867260522, "display_sell_dom": 3037.618890128453}
RAW_MINUTE_FINALIZE {"minute": "2026-10-02T17:25:00-05:00", "raw_samples_counted": 1, "flow_already_counted": -26.061000000001513, "canonical_flow": -74.32700000000477, "strong_residual": -48.26600000000326, "double_count": 0}
ACCUM_FINAL {"time": "2026-10-02T17:25:00-05:00", "source": "STRONG+RAW", "net": -74.32700000000477, "oi_add": 0.9360000000015134, "control": "CONTROL MARKET SELL", "strength": 0.71351822, "flow_final": -74.32700000000477, "buy_dom_final": 0.0, "sell_dom_final": 0.6678530539210799, "double_count": 0}
PRE_RELEASE_DEPTH {"side": "BUY", "status": "BROKEN", "price": 84523.7, "initial_qty": 41.203, "current_qty": 37.284, "remaining_pct": 90.48855665849574, "min_distance": 0.05000000000291038, "age_sec": 5.571, "time": "2026-10-02 17:26:00.010000-05:00"}
RAW_ACCUM {"time": "2026-10-02 17:26:31.644000-05:00", "dOI": -31.754999999990105, "pctl": 97.86895674300254, "control": "CONTROL MARKET SELL", "strength": 1.0, "flow_delta": -31.754999999990105, "buy_dom_delta": 0.0, "sell_dom_delta": 0.0, "display_flow": 4216.7610000000095, "display_buy_dom": 2052.808867260522, "display_sell_dom": 3038.2867431823743}
RAW_MINUTE_FINALIZE {"minute": "2026-10-02T17:26:00-05:00", "raw_samples_counted": 1, "flow_already_counted": -31.754999999990105, "canonical_flow": -53.436, "strong_residual": 0.0, "double_count": 0}
ACCUM_FINAL {"time": "2026-10-02T17:26:00-05:00", "source": "RAW_ONLY", "net": -53.436, "oi_add": 4.934000000008382, "control": "CONTROL MARKET SELL", "strength": 1.0, "flow_final": -53.436, "buy_dom_final": 0.0, "sell_dom_final": 4.934, "double_count": 0}
PRE_RELEASE_DEPTH {"side": "SELL", "status": "HELD", "price": 84457.7, "initial_qty": 21.952, "current_qty": 21.952, "remaining_pct": 100.0, "min_distance": 0.05000000000291038, "age_sec": 0.0, "time": "2026-10-02 17:27:01.460000-05:00"}
PRE_RELEASE_DEPTH {"side": "SELL", "status": "PULLED", "price": 84457.7, "initial_qty": 21.952, "current_qty": 21.952, "remaining_pct": 100.0, "min_distance": 0.05000000000291038, "age_sec": 2.242, "time": "2026-10-02 17:27:14.544000-05:00"}
PRE_RELEASE_DEPTH {"side": "BUY", "status": "HELD", "price": 84469.2, "initial_qty": 23.446, "current_qty": 23.446, "remaining_pct": 100.0, "min_distance": 0.05000000000291038, "age_sec": 0.0, "time": "2026-10-02 17:29:02.957000-05:00"}
PRE_RELEASE_DEPTH {"side": "BUY", "status": "PULLED", "price": 84469.2, "initial_qty": 23.446, "current_qty": 23.446, "remaining_pct": 100.0, "min_distance": 0.05000000000291038, "age_sec": 0.0, "time": "2026-10-02 17:29:13.765000-05:00"}
RAW_ACCUM {"time": "2026-10-02 17:29:16.771000-05:00", "dOI": -19.764999999999418, "pctl": 97.73228346456693, "control": "CONTROL MARKET BUY", "strength": 1.0, "flow_delta": -19.764999999999418, "buy_dom_delta": 0.0, "sell_dom_delta": 0.0, "display_flow": 4175.3150000000005, "display_buy_dom": 2052.808867260522, "display_sell_dom": 3043.2207431823745}
PRE_RELEASE_DEPTH {"side": "BUY", "status": "HELD", "price": 84491.1, "initial_qty": 27.175, "current_qty": 27.175, "remaining_pct": 100.0, "min_distance": 0.04999999998835847, "age_sec": 0.0, "time": "2026-10-02 17:29:16.771000-05:00"}
PRE_RELEASE_STATE {"state": "BUY_WATCH", "previous_state": "NEUTRAL", "time": "2026-10-02 17:29:16.771000-05:00", "price": 84481.8, "side": "BUY", "pctl": 97.73228346456693, "peak_type": null, "doi": -19.764999999999418, "oi_flow": "CONTRACTION", "aggr_mag": 2.2670000000000003, "aggr_share": 81.90261750633269, "control": "CONTROL MARKET BUY", "eff_ratio": 16.803977237056145, "absorption_ratio": 0.0, "depth_ratio": 8.558029604099161, "depth_level": {"first_seen": "2026-10-02 17:29:16.771000-05:00", "price": 84491.1, "initial_size": 27.175, "min_size": 27.175, "last_size": 27.175, "distance": 0.04999999998835847, "min_distance": 0.04999999998835847, "age_sec": 0.0, "tested": true, "held": true, "status": "HELD"}}
PRE_RELEASE_DEPTH {"side": "BUY", "status": "BROKEN", "price": 84491.1, "initial_qty": 27.175, "current_qty": 27.175, "remaining_pct": 100.0, "min_distance": 0.04999999998835847, "age_sec": 4.089, "time": "2026-10-02 17:29:27.406000-05:00"}
PRE_RELEASE_STATE {"state": "CANCEL", "previous_state": "BUY_WATCH", "time": "2026-10-02 17:29:29.219000-05:00", "side": "BUY", "price": 84481.9, "pctl": 89.42731277533039, "oi_flow": "CONTRACTION", "control": "CONTROL UNCLEAR"}
PRE_RELEASE_DEPTH {"side": "BUY", "status": "HELD", "price": 84499.0, "initial_qty": 20.255, "current_qty": 20.255, "remaining_pct": 100.0, "min_distance": 0.05000000000291038, "age_sec": 0.0, "time": "2026-10-02 17:35:11.510000-05:00"}
PRE_RELEASE_DEPTH {"side": "BUY", "status": "PULLED", "price": 84499.0, "initial_qty": 20.255, "current_qty": 20.255, "remaining_pct": 100.0, "min_distance": 0.05000000000291038, "age_sec": 0.0, "time": "2026-10-02 17:35:16.393000-05:00"}
PRE_RELEASE_DEPTH {"side": "BUY", "status": "HELD", "price": 84500.3, "initial_qty": 24.977, "current_qty": 24.977, "remaining_pct": 100.0, "min_distance": 0.05000000000291038, "age_sec": 0.0, "time": "2026-10-02 17:35:43.232000-05:00"}
PRE_RELEASE_DEPTH {"side": "BUY", "status": "PULLED", "price": 84500.3, "initial_qty": 24.977, "current_qty": 20.528, "remaining_pct": 82.18761260359531, "min_distance": 0.05000000000291038, "age_sec": 9.657, "time": "2026-10-02 17:36:08.272000-05:00"}
PRE_RELEASE_DEPTH {"side": "BUY", "status": "HELD", "price": 84500.3, "initial_qty": 20.658, "current_qty": 20.658, "remaining_pct": 100.0, "min_distance": 0.05000000000291038, "age_sec": 0.0, "time": "2026-10-02 17:36:14.098000-05:00"}
PRE_RELEASE_DEPTH {"side": "BUY", "status": "PULLED", "price": 84500.3, "initial_qty": 20.658, "current_qty": 20.843, "remaining_pct": 100.89553683802886, "min_distance": 0.05000000000291038, "age_sec": 6.793, "time": "2026-10-02 17:36:29.776000-05:00"}
PRE_RELEASE_DEPTH {"side": "BUY", "status": "HELD", "price": 84506.9, "initial_qty": 28.529, "current_qty": 28.529, "remaining_pct": 100.0, "min_distance": 0.05000000000291038, "age_sec": 0.0, "time": "2026-10-02 17:37:50.325000-05:00"}
PRE_RELEASE_DEPTH {"side": "BUY", "status": "PULLED", "price": 84506.9, "initial_qty": 28.529, "current_qty": 28.529, "remaining_pct": 100.0, "min_distance": 0.05000000000291038, "age_sec": 0.0, "time": "2026-10-02 17:38:00.561000-05:00"}
PRE_RELEASE_DEPTH {"side": "SELL", "status": "HELD", "price": 84505.6, "initial_qty": 31.745, "current_qty": 31.745, "remaining_pct": 100.0, "min_distance": 0.05000000000291038, "age_sec": 0.0, "time": "2026-10-02 17:39:18.439000-05:00"}
PRE_RELEASE_DEPTH {"side": "SELL", "status": "PULLED", "price": 84505.6, "initial_qty": 31.745, "current_qty": 31.745, "remaining_pct": 100.0, "min_distance": 0.05000000000291038, "age_sec": 0.0, "time": "2026-10-02 17:39:23.957000-05:00"}
RAW_MINUTE_FINALIZE {"minute": "2026-10-02T17:39:00-05:00", "raw_samples_counted": 0, "flow_already_counted": 0.0, "canonical_flow": -86.20600000000559, "strong_residual": -86.20600000000559, "double_count": 0}
ACCUM_FINAL {"time": "2026-10-02T17:39:00-05:00", "source": "STRONG+RAW", "net": -86.20600000000559, "oi_add": 0.7470000000030268, "control": "CONTROL MARKET SELL", "strength": 1.0, "flow_final": -86.20600000000559, "buy_dom_final": 0.0, "sell_dom_final": 0.7470000000030268, "double_count": 0}
RAW_ACCUM {"time": "2026-10-02 17:40:06.381000-05:00", "dOI": -42.479000000006636, "pctl": 98.63636363636363, "control": "CONTROL MARKET SELL", "strength": 0.7876252330496301, "flow_delta": -42.479000000006636, "buy_dom_delta": 0.0, "sell_dom_delta": 0.0, "display_flow": 4046.6299999999883, "display_buy_dom": 2052.808867260522, "display_sell_dom": 3043.9677431823775}
RAW_MINUTE_FINALIZE {"minute": "2026-10-02T17:40:00-05:00", "raw_samples_counted": 1, "flow_already_counted": -42.479000000006636, "canonical_flow": -42.141, "strong_residual": 0.0, "double_count": 0}
ACCUM_FINAL {"time": "2026-10-02T17:40:00-05:00", "source": "RAW_ONLY", "net": -42.141, "oi_add": 1.9789999999920838, "control": "CONTROL MARKET SELL", "strength": 0.90923777, "flow_final": -42.141, "buy_dom_final": 0.0, "sell_dom_final": 1.79938154683, "double_count": 0}
PRE_RELEASE_DEPTH {"side": "SELL", "status": "HELD", "price": 84471.6, "initial_qty": 21.305, "current_qty": 21.305, "remaining_pct": 100.0, "min_distance": 0.05000000000291038, "age_sec": 0.0, "time": "2026-10-02 17:44:48.442000-05:00"}
PRE_RELEASE_DEPTH {"side": "BUY", "status": "HELD", "price": 84473.1, "initial_qty": 23.786, "current_qty": 23.786, "remaining_pct": 100.0, "min_distance": 0.04999999998835847, "age_sec": 0.0, "time": "2026-10-02 17:45:01.944000-05:00"}
PRE_RELEASE_DEPTH {"side": "BUY", "status": "PULLED", "price": 84473.1, "initial_qty": 23.786, "current_qty": 23.786, "remaining_pct": 100.0, "min_distance": 0.04999999998835847, "age_sec": 0.0, "time": "2026-10-02 17:45:06.862000-05:00"}
PRE_RELEASE_DEPTH {"side": "SELL", "status": "PULLED", "price": 84471.6, "initial_qty": 21.305, "current_qty": 21.305, "remaining_pct": 100.0, "min_distance": 0.05000000000291038, "age_sec": 0.0, "time": "2026-10-02 17:45:36.222000-05:00"}
PRE_RELEASE_DEPTH {"side": "BUY", "status": "HELD", "price": 84482.8, "initial_qty": 31.478, "current_qty": 31.478, "remaining_pct": 100.0, "min_distance": 0.05000000000291038, "age_sec": 0.0, "time": "2026-10-02 17:47:08.226000-05:00"}
PRE_RELEASE_DEPTH {"side": "BUY", "status": "PULLED", "price": 84482.8, "initial_qty": 31.478, "current_qty": 31.478, "remaining_pct": 100.0, "min_distance": 0.05000000000291038, "age_sec": 0.0, "time": "2026-10-02 17:47:11.731000-05:00"}
PRE_RELEASE_DEPTH {"side": "BUY", "status": "HELD", "price": 84483.9, "initial_qty": 22.03, "current_qty": 22.03, "remaining_pct": 100.0, "min_distance": 0.05000000000291038, "age_sec": 0.0, "time": "2026-10-02 17:47:16.717000-05:00"}
PRE_RELEASE_DEPTH {"side": "BUY", "status": "PULLED", "price": 84483.9, "initial_qty": 22.03, "current_qty": 22.03, "remaining_pct": 100.0, "min_distance": 0.05000000000291038, "age_sec": 0.0, "time": "2026-10-02 17:47:23.551000-05:00"}
RAW_ACCUM {"time": "2026-10-02 17:48:10.890000-05:00", "dOI": -2.2710000000079162, "pctl": 97.67167698202181, "control": "CONTROL LIMIT SELL", "strength": 1.0, "flow_delta": -2.2710000000079162, "buy_dom_delta": 0.0, "sell_dom_delta": 0.0, "display_flow": 4044.696999999987, "display_buy_dom": 2052.808867260522, "display_sell_dom": 3045.7671247292074}
RAW_MINUTE_FINALIZE {"minute": "2026-10-02T17:48:00-05:00", "raw_samples_counted": 1, "flow_already_counted": -2.2710000000079162, "canonical_flow": -10.196, "strong_residual": 0.0, "double_count": 0}
ACCUM_FINAL {"time": "2026-10-02T17:48:00-05:00", "source": "RAW_ONLY", "net": -10.196, "oi_add": 0.012999999991734512, "control": "CONTROL MARKET BUY", "strength": 1.0, "flow_final": -10.196, "buy_dom_final": 0.013, "sell_dom_final": 0.0, "double_count": 0}
PRE_RELEASE_DEPTH {"side": "BUY", "status": "HELD", "price": 84500.0, "initial_qty": 33.087, "current_qty": 33.087, "remaining_pct": 100.0, "min_distance": 0.25, "age_sec": 0.0, "time": "2026-10-02 17:49:08.067000-05:00"}
PRE_RELEASE_DEPTH {"side": "SELL", "status": "HELD", "price": 84482.1, "initial_qty": 25.155, "current_qty": 25.155, "remaining_pct": 100.0, "min_distance": 0.05000000000291038, "age_sec": 0.0, "time": "2026-10-02 17:50:53.649000-05:00"}
PRE_RELEASE_DEPTH {"side": "BUY", "status": "BROKEN", "price": 84500.0, "initial_qty": 33.087, "current_qty": 29.778, "remaining_pct": 89.99909329948316, "min_distance": 0.25, "age_sec": 37.059, "time": "2026-10-02 17:51:04.742000-05:00"}
PRE_RELEASE_DEPTH {"side": "SELL", "status": "BROKEN", "price": 84482.1, "initial_qty": 25.155, "current_qty": 25.155, "remaining_pct": 100.0, "min_distance": 0.05000000000291038, "age_sec": 0.0, "time": "2026-10-02 17:53:00.560000-05:00"}
PRE_RELEASE_DEPTH {"side": "BUY", "status": "HELD", "price": 84517.2, "initial_qty": 22.619, "current_qty": 22.619, "remaining_pct": 100.0, "min_distance": 0.05000000000291038, "age_sec": 0.0, "time": "2026-10-02 18:00:09.339000-05:00"}
PRE_RELEASE_DEPTH {"side": "BUY", "status": "PULLED", "price": 84517.2, "initial_qty": 22.619, "current_qty": 22.619, "remaining_pct": 100.0, "min_distance": 0.05000000000291038, "age_sec": 0.0, "time": "2026-10-02 18:00:15.453000-05:00"}
PRE_RELEASE_DEPTH {"side": "SELL", "status": "HELD", "price": 84452.8, "initial_qty": 154.794, "current_qty": 154.794, "remaining_pct": 100.0, "min_distance": 0.05000000000291038, "age_sec": 0.0, "time": "2026-10-02 18:09:25.334000-05:00"}
PRE_RELEASE_DEPTH {"side": "SELL", "status": "PULLED", "price": 84452.8, "initial_qty": 154.794, "current_qty": 154.794, "remaining_pct": 100.0, "min_distance": 0.05000000000291038, "age_sec": 0.0, "time": "2026-10-02 18:09:30.972000-05:00"}
PRE_RELEASE_DEPTH {"side": "SELL", "status": "HELD", "price": 84451.1, "initial_qty": 164.116, "current_qty": 164.116, "remaining_pct": 100.0, "min_distance": 0.05000000000291038, "age_sec": 0.0, "time": "2026-10-02 18:09:30.972000-05:00"}
PRE_RELEASE_DEPTH {"side": "SELL", "status": "PULLED", "price": 84451.1, "initial_qty": 164.116, "current_qty": 159.748, "remaining_pct": 97.33846791293962, "min_distance": 0.05000000000291038, "age_sec": 132.253, "time": "2026-10-02 18:12:05.536000-05:00"}
PRE_RELEASE_DEPTH {"side": "SELL", "status": "HELD", "price": 84442.6, "initial_qty": 160.685, "current_qty": 160.685, "remaining_pct": 100.0, "min_distance": 0.05000000000291038, "age_sec": 0.0, "time": "2026-10-02 18:12:05.536000-05:00"}
COLLECTOR_OI_RESTORED path=C:\Users\miscp\OneDrive\Desktop\BTC-LRA-SCRIPTS\runtime\collector\BTC_LRA_OI_RAW.jsonl samples=8997 oldest=18:13:35 / 01.10.26 -5 newest=18:13:18 / 02.10.26 -5 span_hours=24.00 reference_ready=YES
RAW_BASELINE_RESTORED samples=8997 oldest=18:13:35 / 01.10.26 -5 newest=18:13:18 / 02.10.26 -5 span_hours=24.00 source=COLLECTOR reference_ready=YES
LIVE_ANCHOR_CHANGED from=18:13:23 / 02.10.26 -5 to=12:30:00 / 02.10.26 -5 rebuilt_until=18:13:36 / 02.10.26 -5 events=60 oi_flow=4140.240000 buy_dom=2135.498729 sell_dom=2974.703915 provisional_current_minute=RESET
PRE_RELEASE_DEPTH {"side": "SELL", "status": "HELD", "price": 84441.4, "initial_qty": 149.099, "current_qty": 149.099, "remaining_pct": 100.0, "min_distance": 0.04999999998835847, "age_sec": 0.0, "time": "2026-10-02 18:13:39.409000-05:00"}
RAW_MINUTE_FINALIZE {"minute": "2026-10-02T18:13:00-05:00", "raw_samples_counted": 0, "flow_already_counted": 0.0, "canonical_flow": -87.15600000000268, "strong_residual": -87.15600000000268, "double_count": 0}
ACCUM_FINAL {"time": "2026-10-02T18:13:00-05:00", "source": "STRONG+RAW", "net": -87.15600000000268, "oi_add": 1.610000000000582, "control": "CONTROL LIMIT SELL", "strength": 0.96063612, "flow_final": -87.15600000000268, "buy_dom_final": 0.0, "sell_dom_final": 1.5466241532005591, "double_count": 0}
PRE_RELEASE_DEPTH {"side": "SELL", "status": "BROKEN", "price": 84441.4, "initial_qty": 149.099, "current_qty": 149.054, "remaining_pct": 99.96981871105777, "min_distance": 0.04999999998835847, "age_sec": 10.124, "time": "2026-10-02 18:14:00.937000-05:00"}
PRE_RELEASE_DEPTH {"side": "BUY", "status": "HELD", "price": 84446.6, "initial_qty": 21.113, "current_qty": 21.113, "remaining_pct": 100.0, "min_distance": 0.04999999998835847, "age_sec": 0.0, "time": "2026-10-02 18:14:27.250000-05:00"}
PRE_RELEASE_DEPTH {"side": "BUY", "status": "PULLED", "price": 84446.6, "initial_qty": 21.113, "current_qty": 21.119, "remaining_pct": 100.02841850992279, "min_distance": 0.04999999998835847, "age_sec": 16.652, "time": "2026-10-02 18:15:09.565000-05:00"}
PRE_RELEASE_DEPTH {"side": "BUY", "status": "HELD", "price": 84447.2, "initial_qty": 27.536, "current_qty": 27.536, "remaining_pct": 100.0, "min_distance": 0.05000000000291038, "age_sec": 0.0, "time": "2026-10-02 18:16:02.356000-05:00"}
PRE_RELEASE_DEPTH {"side": "BUY", "status": "PULLED", "price": 84447.6, "initial_qty": 27.536, "current_qty": 28.48, "remaining_pct": 103.42823939570016, "min_distance": 0.04999999998835847, "age_sec": 11.591, "time": "2026-10-02 18:16:22.981000-05:00"}
PRE_RELEASE_DEPTH {"side": "BUY", "status": "HELD", "price": 84449.6, "initial_qty": 23.908, "current_qty": 23.908, "remaining_pct": 100.0, "min_distance": 0.04999999998835847, "age_sec": 0.0, "time": "2026-10-02 18:16:22.981000-05:00"}
PRE_RELEASE_DEPTH {"side": "BUY", "status": "PULLED", "price": 84449.6, "initial_qty": 23.908, "current_qty": 23.908, "remaining_pct": 100.0, "min_distance": 0.04999999998835847, "age_sec": 0.0, "time": "2026-10-02 18:16:29.097000-05:00"}
PRE_RELEASE_DEPTH {"side": "BUY", "status": "HELD", "price": 84453.2, "initial_qty": 22.362, "current_qty": 22.362, "remaining_pct": 100.0, "min_distance": 0.05000000000291038, "age_sec": 0.0, "time": "2026-10-02 18:16:29.097000-05:00"}
PRE_RELEASE_DEPTH {"side": "BUY", "status": "PULLED", "price": 84453.2, "initial_qty": 22.362, "current_qty": 22.362, "remaining_pct": 100.0, "min_distance": 0.05000000000291038, "age_sec": 0.0, "time": "2026-10-02 18:16:38.005000-05:00"}
PRE_RELEASE_DEPTH {"side": "BUY", "status": "HELD", "price": 84457.4, "initial_qty": 20.478, "current_qty": 20.478, "remaining_pct": 100.0, "min_distance": 0.05000000000291038, "age_sec": 0.0, "time": "2026-10-02 18:17:48.414000-05:00"}
PRE_RELEASE_DEPTH {"side": "BUY", "status": "PULLED", "price": 84457.4, "initial_qty": 20.478, "current_qty": 20.478, "remaining_pct": 100.0, "min_distance": 0.05000000000291038, "age_sec": 0.208, "time": "2026-10-02 18:18:04.098000-05:00"}
PRE_RELEASE_DEPTH {"side": "BUY", "status": "HELD", "price": 84463.6, "initial_qty": 25.795, "current_qty": 25.795, "remaining_pct": 100.0, "min_distance": 0.04999999998835847, "age_sec": 0.0, "time": "2026-10-02 18:18:04.098000-05:00"}
PRE_RELEASE_DEPTH {"side": "BUY", "status": "BROKEN", "price": 84463.6, "initial_qty": 25.795, "current_qty": 25.045, "remaining_pct": 97.09245977902694, "min_distance": 0.04999999998835847, "age_sec": 66.639, "time": "2026-10-02 18:20:03.407000-05:00"}
PRE_RELEASE_DEPTH {"side": "BUY", "status": "HELD", "price": 84454.9, "initial_qty": 24.77, "current_qty": 24.77, "remaining_pct": 100.0, "min_distance": 0.05000000000291038, "age_sec": 0.0, "time": "2026-10-02 18:24:10.164000-05:00"}
PRE_RELEASE_DEPTH {"side": "BUY", "status": "PULLED", "price": 84454.9, "initial_qty": 24.77, "current_qty": 24.77, "remaining_pct": 100.0, "min_distance": 0.05000000000291038, "age_sec": 0.0, "time": "2026-10-02 18:24:15.100000-05:00"}
PRE_RELEASE_DEPTH {"side": "BUY", "status": "HELD", "price": 84456.6, "initial_qty": 22.946, "current_qty": 22.946, "remaining_pct": 100.0, "min_distance": 0.04999999998835847, "age_sec": 0.0, "time": "2026-10-02 18:24:19.562000-05:00"}
PRE_RELEASE_DEPTH {"side": "BUY", "status": "PULLED", "price": 84456.6, "initial_qty": 22.946, "current_qty": 23.019, "remaining_pct": 100.31813823760132, "min_distance": 0.04999999998835847, "age_sec": 15.849, "time": "2026-10-02 18:24:40.412000-05:00"}
PRE_RELEASE_DEPTH {"side": "BUY", "status": "HELD", "price": 84463.6, "initial_qty": 24.458, "current_qty": 24.458, "remaining_pct": 100.0, "min_distance": 0.04999999998835847, "age_sec": 0.0, "time": "2026-10-02 18:24:40.412000-05:00"}
PRE_RELEASE_DEPTH {"side": "BUY", "status": "PULLED", "price": 84463.6, "initial_qty": 24.458, "current_qty": 24.458, "remaining_pct": 100.0, "min_distance": 0.04999999998835847, "age_sec": 0.0, "time": "2026-10-02 18:24:46.549000-05:00"}
PRE_RELEASE_DEPTH {"side": "BUY", "status": "HELD", "price": 84469.9, "initial_qty": 20.314, "current_qty": 20.314, "remaining_pct": 100.0, "min_distance": 0.05000000000291038, "age_sec": 0.0, "time": "2026-10-02 18:25:29.681000-05:00"}
PRE_RELEASE_DEPTH {"side": "BUY", "status": "PULLED", "price": 84469.9, "initial_qty": 20.314, "current_qty": 21.514, "remaining_pct": 105.90725607955105, "min_distance": 0.05000000000291038, "age_sec": 44.416, "time": "2026-10-02 18:26:24.328000-05:00"}
PRE_RELEASE_DEPTH {"side": "BUY", "status": "HELD", "price": 84477.3, "initial_qty": 30.041, "current_qty": 30.041, "remaining_pct": 100.0, "min_distance": 0.05000000000291038, "age_sec": 0.0, "time": "2026-10-02 18:26:24.328000-05:00"}
PRE_RELEASE_DEPTH {"side": "BUY", "status": "PULLED", "price": 84477.3, "initial_qty": 30.041, "current_qty": 22.164, "remaining_pct": 73.779168469758, "min_distance": 0.05000000000291038, "age_sec": 8.249, "time": "2026-10-02 18:26:43.510000-05:00"}
LIVE_ANCHOR_CHANGED from=12:30:00 / 02.10.26 -5 to=16:00:00 / 02.10.26 -5 rebuilt_until=18:30:07 / 02.10.26 -5 events=11 oi_flow=-15.959000 buy_dom=53.468358 sell_dom=254.408222 provisional_current_minute=RESET
PRE_RELEASE_DEPTH {"side": "BUY", "status": "HELD", "price": 84479.0, "initial_qty": 25.568, "current_qty": 25.568, "remaining_pct": 100.0, "min_distance": 0.05000000000291038, "age_sec": 0.0, "time": "2026-10-02 18:34:01.169000-05:00"}
PRE_RELEASE_DEPTH {"side": "BUY", "status": "PULLED", "price": 84479.0, "initial_qty": 25.568, "current_qty": 25.635, "remaining_pct": 100.26204630788487, "min_distance": 0.05000000000291038, "age_sec": 7.433, "time": "2026-10-02 18:35:05.018000-05:00"}
PRE_RELEASE_DEPTH {"side": "BUY", "status": "HELD", "price": 84525.7, "initial_qty": 20.896, "current_qty": 20.896, "remaining_pct": 100.0, "min_distance": 0.05000000000291038, "age_sec": 0.0, "time": "2026-10-02 18:45:21.672000-05:00"}
PRE_RELEASE_DEPTH {"side": "BUY", "status": "PULLED", "price": 84525.7, "initial_qty": 20.896, "current_qty": 20.896, "remaining_pct": 100.0, "min_distance": 0.05000000000291038, "age_sec": 0.0, "time": "2026-10-02 18:45:26.629000-05:00"}
PRE_RELEASE_DEPTH {"side": "SELL", "status": "HELD", "price": 84524.1, "initial_qty": 22.967, "current_qty": 22.967, "remaining_pct": 100.0, "min_distance": 0.05000000000291038, "age_sec": 0.0, "time": "2026-10-02 18:45:47.606000-05:00"}
PRE_RELEASE_DEPTH {"side": "SELL", "status": "PULLED", "price": 84524.1, "initial_qty": 22.967, "current_qty": 22.51, "remaining_pct": 98.01018853137111, "min_distance": 0.05000000000291038, "age_sec": 4.64, "time": "2026-10-02 18:46:07.780000-05:00"}
COLLECTOR_OI_RESTORED path=C:\Users\miscp\OneDrive\Desktop\BTC-LRA-SCRIPTS\runtime\collector\BTC_LRA_OI_RAW.jsonl samples=9175 oldest=18:51:39 / 01.10.26 -5 newest=18:51:01 / 02.10.26 -5 span_hours=23.99 reference_ready=YES
RAW_BASELINE_RESTORED samples=9175 oldest=18:51:39 / 01.10.26 -5 newest=18:51:01 / 02.10.26 -5 span_hours=23.99 source=COLLECTOR reference_ready=YES
LIVE_ANCHOR_CHANGED from=18:51:10 / 02.10.26 -5 to=18:00:00 / 02.10.26 -5 rebuilt_until=18:51:23 / 02.10.26 -5 events=1 oi_flow=-87.156000 buy_dom=0.000000 sell_dom=1.546624 provisional_current_minute=RESET
LIVE_ANCHOR_CHANGED from=18:00:00 / 02.10.26 -5 to=16:00:00 / 02.10.26 -5 rebuilt_until=18:51:30 / 02.10.26 -5 events=11 oi_flow=-15.959000 buy_dom=53.468358 sell_dom=254.408222 provisional_current_minute=RESET
COLLECTOR_OI_RESTORED path=C:\Users\miscp\OneDrive\Desktop\BTC-LRA-SCRIPTS\runtime\collector\BTC_LRA_OI_RAW.jsonl samples=9186 oldest=18:52:59 / 01.10.26 -5 newest=18:52:45 / 02.10.26 -5 span_hours=24.00 reference_ready=YES
RAW_BASELINE_RESTORED samples=9186 oldest=18:52:59 / 01.10.26 -5 newest=18:52:45 / 02.10.26 -5 span_hours=24.00 source=COLLECTOR reference_ready=YES
LIVE_ANCHOR_CHANGED from=18:52:55 / 02.10.26 -5 to=16:00:00 / 02.10.26 -5 rebuilt_until=18:53:07 / 02.10.26 -5 events=11 oi_flow=-15.959000 buy_dom=53.468358 sell_dom=254.408222 provisional_current_minute=RESET
RAW_ACCUM {"time": "2026-10-02 18:55:08.772000-05:00", "dOI": 48.0570000000007, "pctl": 98.54392892398816, "control": "CONTROL MARKET SELL", "strength": 0.5366823205725193, "flow_delta": 48.0570000000007, "buy_dom_delta": 0.0, "sell_dom_delta": 25.791342279753934, "display_flow": 32.09799999998734, "display_buy_dom": 53.46835847724711, "display_sell_dom": 280.19956431114827}
RAW_MINUTE_FINALIZE {"minute": "2026-10-02T18:55:00-05:00", "raw_samples_counted": 1, "flow_already_counted": 48.0570000000007, "canonical_flow": 48.669000000008964, "strong_residual": 0.6120000000082655, "double_count": 0}
ACCUM_FINAL {"time": "2026-10-02T18:55:00-05:00", "source": "STRONG+RAW", "net": 48.669000000008964, "oi_add": 49.02600000001257, "control": "CONTROL MARKET SELL", "strength": 0.53449754, "flow_final": 48.669000000008964, "buy_dom_final": 0.0, "sell_dom_final": 26.204276396046723, "double_count": 0}
COLLECTOR_OI_RESTORED path=C:\Users\miscp\OneDrive\Desktop\BTC-LRA-SCRIPTS\runtime\collector\BTC_LRA_OI_RAW.jsonl samples=9219 oldest=18:59:46 / 01.10.26 -5 newest=18:59:39 / 02.10.26 -5 span_hours=24.00 reference_ready=YES
RAW_BASELINE_RESTORED samples=9219 oldest=18:59:46 / 01.10.26 -5 newest=18:59:39 / 02.10.26 -5 span_hours=24.00 source=COLLECTOR reference_ready=YES
LIVE_ANCHOR_REJECTED requested='16' reason=используйте HH:MM или DD.MM.YY HH:MM
LIVE_ANCHOR_CHANGED from=18:59:42 / 02.10.26 -5 to=16:00:00 / 02.10.26 -5 rebuilt_until=19:00:11 / 02.10.26 -5 events=12 oi_flow=32.710000 buy_dom=53.468358 sell_dom=280.612498 provisional_current_minute=RESET
RAW_MINUTE_FINALIZE {"minute": "2026-10-02T19:00:00-05:00", "raw_samples_counted": 0, "flow_already_counted": 0.0, "canonical_flow": 0.466, "strong_residual": 0.0, "double_count": 0}
ACCUM_FINAL {"time": "2026-10-02T19:00:00-05:00", "source": "RAW_ONLY", "net": 0.466, "oi_add": 7.388000000006286, "control": "CONTROL MARKET SELL", "strength": 0.75415166, "flow_final": 0.466, "buy_dom_final": 0.0, "sell_dom_final": 5.57167246408, "double_count": 0}
RAW_ACCUM {"time": "2026-10-02 19:06:20.981000-05:00", "dOI": -15.046000000002095, "pctl": 98.04793674326662, "control": "CONTROL LIMIT SELL", "strength": 0.5090199940516892, "flow_delta": -15.046000000002095, "buy_dom_delta": 0.0, "sell_dom_delta": 0.0, "display_flow": 18.129999999993508, "display_buy_dom": 53.46835847724711, "display_sell_dom": 286.18417089152103}
PRE_RELEASE_DEPTH {"level_id": 1, "side": "SELL", "status": "HELD", "price": 84416.9, "initial_qty": 20.474, "current_qty": 20.474, "remaining_pct": 100.0, "min_distance": 0.04999999998835847, "age_sec": 0.0, "time": "2026-10-02 19:07:49.348000-05:00"}
PRE_RELEASE_DEPTH {"level_id": 1, "side": "SELL", "status": "PULLED", "price": 84416.9, "initial_qty": 20.474, "current_qty": 20.474, "remaining_pct": 100.0, "min_distance": 0.04999999998835847, "age_sec": 0.0, "time": "2026-10-02 19:08:01.723000-05:00"}
COLLECTOR_OI_RESTORED path=C:\Users\miscp\OneDrive\Desktop\BTC-LRA-SCRIPTS\runtime\collector\BTC_LRA_OI_RAW.jsonl samples=9269 oldest=19:10:41 / 01.10.26 -5 newest=19:10:24 / 02.10.26 -5 span_hours=24.00 reference_ready=YES
RAW_BASELINE_RESTORED samples=9269 oldest=19:10:41 / 01.10.26 -5 newest=19:10:24 / 02.10.26 -5 span_hours=24.00 source=COLLECTOR reference_ready=YES
LIVE_ANCHOR_CHANGED from=19:10:29 / 02.10.26 -5 to=16:00:00 / 02.10.26 -5 rebuilt_until=19:10:35 / 02.10.26 -5 events=13 oi_flow=33.176000 buy_dom=53.468358 sell_dom=286.184171 provisional_current_minute=RESET
PRE_RELEASE_DEPTH {"level_id": 1, "side": "SELL", "status": "HELD", "price": 84461.1, "initial_qty": 24.635, "current_qty": 24.635, "remaining_pct": 100.0, "min_distance": 0.05000000000291038, "age_sec": 0.0, "time": "2026-10-02 19:11:02.521000-05:00"}
PRE_RELEASE_DEPTH {"level_id": 1, "side": "SELL", "status": "PULLED", "price": 84461.1, "initial_qty": 24.635, "current_qty": 24.635, "remaining_pct": 100.0, "min_distance": 0.05000000000291038, "age_sec": 0.0, "time": "2026-10-02 19:11:07.357000-05:00"}
PRE_RELEASE_DEPTH {"level_id": 2, "side": "BUY", "status": "HELD", "price": 84487.2, "initial_qty": 24.497, "current_qty": 24.497, "remaining_pct": 100.0, "min_distance": 0.05000000000291038, "age_sec": 0.0, "time": "2026-10-02 19:12:53.067000-05:00"}
PRE_RELEASE_DEPTH {"level_id": 2, "side": "BUY", "status": "PULLED", "price": 84487.2, "initial_qty": 24.497, "current_qty": 24.497, "remaining_pct": 100.0, "min_distance": 0.05000000000291038, "age_sec": 0.0, "time": "2026-10-02 19:13:01.574000-05:00"}
PRE_RELEASE_DEPTH {"level_id": 3, "side": "SELL", "status": "HELD", "price": 84473.3, "initial_qty": 23.557, "current_qty": 23.557, "remaining_pct": 100.0, "min_distance": 0.05000000000291038, "age_sec": 0.0, "time": "2026-10-02 19:14:01.738000-05:00"}
PRE_RELEASE_DEPTH {"level_id": 3, "side": "SELL", "status": "PULLED", "price": 84473.3, "initial_qty": 23.557, "current_qty": 23.557, "remaining_pct": 100.0, "min_distance": 0.05000000000291038, "age_sec": 0.0, "time": "2026-10-02 19:14:07.998000-05:00"}
PRE_RELEASE_DEPTH {"level_id": 4, "side": "SELL", "status": "HELD", "price": 84470.1, "initial_qty": 23.429, "current_qty": 23.429, "remaining_pct": 100.0, "min_distance": 0.05000000000291038, "age_sec": 0.0, "time": "2026-10-02 19:14:07.998000-05:00"}
PRE_RELEASE_DEPTH {"level_id": 4, "side": "SELL", "status": "PULLED", "price": 84470.1, "initial_qty": 23.429, "current_qty": 23.429, "remaining_pct": 100.0, "min_distance": 0.05000000000291038, "age_sec": 0.0, "time": "2026-10-02 19:14:12.387000-05:00"}
PRE_RELEASE_DEPTH {"level_id": 5, "side": "SELL", "status": "HELD", "price": 84509.3, "initial_qty": 21.634, "current_qty": 21.634, "remaining_pct": 100.0, "min_distance": 0.05000000000291038, "age_sec": 0.0, "time": "2026-10-02 19:16:42.585000-05:00"}
PRE_RELEASE_DEPTH {"level_id": 5, "side": "SELL", "status": "PULLED", "price": 84509.3, "initial_qty": 21.634, "current_qty": 21.634, "remaining_pct": 100.0, "min_distance": 0.05000000000291038, "age_sec": 0.0, "time": "2026-10-02 19:16:47.711000-05:00"}
PRE_RELEASE_DEPTH {"level_id": 6, "side": "SELL", "status": "HELD", "price": 84509.3, "initial_qty": 21.305, "current_qty": 21.305, "remaining_pct": 100.0, "min_distance": 0.05000000000291038, "age_sec": 0.0, "time": "2026-10-02 19:16:53.139000-05:00"}
PRE_RELEASE_DEPTH {"level_id": 6, "side": "SELL", "status": "PULLED", "price": 84509.3, "initial_qty": 21.305, "current_qty": 21.305, "remaining_pct": 100.0, "min_distance": 0.05000000000291038, "age_sec": 0.0, "time": "2026-10-02 19:17:13.623000-05:00"}
PRE_RELEASE_DEPTH {"level_id": 7, "side": "SELL", "status": "HELD", "price": 84496.4, "initial_qty": 21.979, "current_qty": 21.979, "remaining_pct": 100.0, "min_distance": 0.04999999998835847, "age_sec": 0.0, "time": "2026-10-02 19:17:22.899000-05:00"}
RAW_ACCUM {"time": "2026-10-02 19:17:39.436000-05:00", "dOI": -0.4480000000039581, "pctl": 98.24300915614947, "control": "CONTROL MARKET SELL", "strength": 1.0, "flow_delta": -0.4480000000039581, "buy_dom_delta": 0.0, "sell_dom_delta": 0.0, "display_flow": 32.727999999991646, "display_buy_dom": 53.46835847724711, "display_sell_dom": 286.18417089152103}
PRE_RELEASE_STATE {"state": "SELL_WATCH", "previous_state": "NEUTRAL", "time": "2026-10-02 19:17:39.436000-05:00", "price": 84496.3, "side": "SELL", "pctl": 98.24300915614947, "peak_type": null, "doi": -0.4480000000039581, "oi_flow": "CONTRACTION", "aggr_mag": 3.1139999999999994, "aggr_share": 68.0500811500116, "control": "CONTROL MARKET SELL", "eff_ratio": 10.337901651400955, "absorption_ratio": 0.0, "depth_ratio": 0.29924411999484496, "depth_level": {"level_id": 7, "first_seen": "2026-10-02 19:17:22.899000-05:00", "price": 84496.4, "initial_size": 21.979, "min_size": 20.723, "last_size": 20.898, "distance": 0.04999999998835847, "min_distance": 0.04999999998835847, "age_sec": 16.537, "tested": true, "held": true, "status": "HELD"}}
RAW_MINUTE_FINALIZE {"minute": "2026-10-02T19:17:00-05:00", "raw_samples_counted": 1, "flow_already_counted": -0.4480000000039581, "canonical_flow": -3.708, "strong_residual": 0.0, "double_count": 0}
ACCUM_FINAL {"time": "2026-10-02T19:17:00-05:00", "source": "RAW_ONLY", "net": -3.708, "oi_add": 1.4829999999928987, "control": "CONTROL MARKET SELL", "strength": 1.0, "flow_final": -3.708, "buy_dom_final": 0.0, "sell_dom_final": 1.483, "double_count": 0}
PRE_RELEASE_STATE {"state": "CANCEL", "previous_state": "SELL_WATCH", "time": "2026-10-02 19:18:06.512000-05:00", "side": "SELL", "price": 84491.8, "pctl": 42.31625835189309, "oi_flow": "EXPANSION", "control": "CONTROL LIMIT SELL"}
PRE_RELEASE_DEPTH {"level_id": 7, "side": "SELL", "status": "BROKEN", "price": 84496.4, "initial_qty": 21.979, "current_qty": 21.486, "remaining_pct": 97.75694981573321, "min_distance": 0.04999999998835847, "age_sec": 22.396, "time": "2026-10-02 19:19:11.300000-05:00"}
PRE_RELEASE_DEPTH {"level_id": 8, "side": "BUY", "status": "HELD", "price": 84493.6, "initial_qty": 24.153, "current_qty": 24.153, "remaining_pct": 100.0, "min_distance": 0.04999999998835847, "age_sec": 0.0, "time": "2026-10-02 19:26:38.444000-05:00"}
PRE_RELEASE_DEPTH {"level_id": 8, "side": "BUY", "status": "PULLED", "price": 84493.6, "initial_qty": 24.153, "current_qty": 23.39, "remaining_pct": 96.84097213596655, "min_distance": 0.04999999998835847, "age_sec": 14.04, "time": "2026-10-02 19:27:04.106000-05:00"}
PRE_RELEASE_DEPTH {"level_id": 9, "side": "BUY", "status": "HELD", "price": 84496.1, "initial_qty": 30.661, "current_qty": 30.661, "remaining_pct": 100.0, "min_distance": 0.04999999998835847, "age_sec": 0.0, "time": "2026-10-02 19:27:04.106000-05:00"}
PRE_RELEASE_DEPTH {"level_id": 9, "side": "BUY", "status": "PULLED", "price": 84496.1, "initial_qty": 30.661, "current_qty": 30.661, "remaining_pct": 100.0, "min_distance": 0.04999999998835847, "age_sec": 0.0, "time": "2026-10-02 19:27:09.127000-05:00"}
PRE_RELEASE_DEPTH {"level_id": 10, "side": "BUY", "status": "HELD", "price": 84509.2, "initial_qty": 39.391, "current_qty": 39.391, "remaining_pct": 100.0, "min_distance": 0.05000000000291038, "age_sec": 0.0, "time": "2026-10-02 19:28:19.341000-05:00"}
PRE_RELEASE_DEPTH {"level_id": 10, "side": "BUY", "status": "PULLED", "price": 84509.2, "initial_qty": 39.391, "current_qty": 39.391, "remaining_pct": 100.0, "min_distance": 0.05000000000291038, "age_sec": 0.0, "time": "2026-10-02 19:28:28.715000-05:00"}
PRE_RELEASE_DEPTH {"level_id": 11, "side": "BUY", "status": "HELD", "price": 84543.9, "initial_qty": 23.418, "current_qty": 23.418, "remaining_pct": 100.0, "min_distance": 0.05000000000291038, "age_sec": 0.0, "time": "2026-10-02 19:31:03.930000-05:00"}
PRE_RELEASE_DEPTH {"level_id": 11, "side": "BUY", "status": "PULLED", "price": 84543.9, "initial_qty": 23.418, "current_qty": 24.443, "remaining_pct": 104.3769749765138, "min_distance": 0.05000000000291038, "age_sec": 7.166, "time": "2026-10-02 19:31:16.672000-05:00"}
PRE_RELEASE_DEPTH {"level_id": 12, "side": "BUY", "status": "HELD", "price": 84555.9, "initial_qty": 20.156, "current_qty": 20.156, "remaining_pct": 100.0, "min_distance": 0.05000000000291038, "age_sec": 0.0, "time": "2026-10-02 19:32:03.196000-05:00"}
PRE_RELEASE_DEPTH {"level_id": 12, "side": "BUY", "status": "PULLED", "price": 84555.9, "initial_qty": 20.156, "current_qty": 20.156, "remaining_pct": 100.0, "min_distance": 0.05000000000291038, "age_sec": 1.333, "time": "2026-10-02 19:32:15.026000-05:00"}
PRE_RELEASE_DEPTH {"level_id": 13, "side": "BUY", "status": "HELD", "price": 84600.3, "initial_qty": 24.391, "current_qty": 24.391, "remaining_pct": 100.0, "min_distance": 0.05000000000291038, "age_sec": 0.0, "time": "2026-10-02 19:36:22.610000-05:00"}
PRE_RELEASE_DEPTH {"level_id": 13, "side": "BUY", "status": "PULLED", "price": 84600.3, "initial_qty": 24.391, "current_qty": 24.722, "remaining_pct": 101.35705793120415, "min_distance": 0.05000000000291038, "age_sec": 5.091, "time": "2026-10-02 19:36:32.436000-05:00"}
PRE_RELEASE_DEPTH {"level_id": 14, "side": "SELL", "status": "HELD", "price": 84578.4, "initial_qty": 21.808, "current_qty": 21.808, "remaining_pct": 100.0, "min_distance": 0.04999999998835847, "age_sec": 0.0, "time": "2026-10-02 19:40:17.389000-05:00"}
PRE_RELEASE_DEPTH {"level_id": 14, "side": "SELL", "status": "PULLED", "price": 84578.4, "initial_qty": 21.808, "current_qty": 21.183, "remaining_pct": 97.13407923697726, "min_distance": 0.04999999998835847, "age_sec": 4.049, "time": "2026-10-02 19:40:28.334000-05:00"}
RAW_ACCUM {"time": "2026-10-02 19:45:06.332000-05:00", "dOI": -45.927999999999884, "pctl": 97.87023278850916, "control": "CONTROL LIMIT SELL", "strength": 1.0, "flow_delta": -45.927999999999884, "buy_dom_delta": 0.0, "sell_dom_delta": 0.0, "display_flow": -16.46000000000428, "display_buy_dom": 53.46835847724711, "display_sell_dom": 287.66717089152104}
RAW_MINUTE_FINALIZE {"minute": "2026-10-02T19:45:00-05:00", "raw_samples_counted": 1, "flow_already_counted": -45.927999999999884, "canonical_flow": 4.404, "strong_residual": 0.0, "double_count": 0}
ACCUM_FINAL {"time": "2026-10-02T19:45:00-05:00", "source": "RAW_ONLY", "net": 4.404, "oi_add": 4.820000000021537, "control": "CONTROL LIMIT SELL", "strength": 0.95703122, "flow_final": 4.404, "buy_dom_final": 0.0, "sell_dom_final": 4.6128904804, "double_count": 0}
PRE_RELEASE_DEPTH {"level_id": 15, "side": "BUY", "status": "HELD", "price": 84632.5, "initial_qty": 22.044, "current_qty": 22.044, "remaining_pct": 100.0, "min_distance": 0.05000000000291038, "age_sec": 0.0, "time": "2026-10-02 19:54:22.369000-05:00"}
PRE_RELEASE_DEPTH {"level_id": 15, "side": "BUY", "status": "BROKEN", "price": 84632.5, "initial_qty": 22.044, "current_qty": 22.044, "remaining_pct": 100.0, "min_distance": 0.05000000000291038, "age_sec": 0.0, "time": "2026-10-02 19:55:08.161000-05:00"}
PRE_RELEASE_DEPTH {"level_id": 16, "side": "BUY", "status": "HELD", "price": 84595.9, "initial_qty": 21.217, "current_qty": 21.217, "remaining_pct": 100.0, "min_distance": 4.05000000000291, "age_sec": 0.0, "time": "2026-10-02 20:04:12.438000-05:00"}
PRE_RELEASE_DEPTH {"level_id": 16, "side": "BUY", "status": "PULLED", "price": 84595.9, "initial_qty": 21.217, "current_qty": 21.217, "remaining_pct": 100.0, "min_distance": 4.05000000000291, "age_sec": 0.0, "time": "2026-10-02 20:04:18.867000-05:00"}
PRE_RELEASE_DEPTH {"level_id": 17, "side": "BUY", "status": "HELD", "price": 84617.5, "initial_qty": 23.811, "current_qty": 23.811, "remaining_pct": 100.0, "min_distance": 0.05000000000291038, "age_sec": 0.0, "time": "2026-10-02 20:04:18.867000-05:00"}
PRE_RELEASE_DEPTH {"level_id": 17, "side": "BUY", "status": "PULLED", "price": 84617.5, "initial_qty": 23.811, "current_qty": 23.811, "remaining_pct": 100.0, "min_distance": 0.05000000000291038, "age_sec": 0.0, "time": "2026-10-02 20:04:21.459000-05:00"}
PRE_RELEASE_DEPTH {"level_id": 18, "side": "BUY", "status": "HELD", "price": 84615.2, "initial_qty": 25.118, "current_qty": 25.118, "remaining_pct": 100.0, "min_distance": 1.8500000000058208, "age_sec": 0.0, "time": "2026-10-02 20:06:42.050000-05:00"}
PRE_RELEASE_DEPTH {"level_id": 18, "side": "BUY", "status": "PULLED", "price": 84615.2, "initial_qty": 25.118, "current_qty": 25.118, "remaining_pct": 100.0, "min_distance": 1.8500000000058208, "age_sec": 3.138, "time": "2026-10-02 20:06:50.609000-05:00"}
PRE_RELEASE_DEPTH {"level_id": 19, "side": "SELL", "status": "HELD", "price": 84642.8, "initial_qty": 21.087, "current_qty": 21.087, "remaining_pct": 100.0, "min_distance": 0.05000000000291038, "age_sec": 0.0, "time": "2026-10-02 20:09:46.337000-05:00"}
PRE_RELEASE_DEPTH {"level_id": 19, "side": "SELL", "status": "PULLED", "price": 84642.8, "initial_qty": 21.087, "current_qty": 21.087, "remaining_pct": 100.0, "min_distance": 0.05000000000291038, "age_sec": 0.0, "time": "2026-10-02 20:09:51.969000-05:00"}
PRE_RELEASE_DEPTH {"level_id": 20, "side": "SELL", "status": "HELD", "price": 84642.1, "initial_qty": 24.652, "current_qty": 24.652, "remaining_pct": 100.0, "min_distance": 0.05000000000291038, "age_sec": 0.0, "time": "2026-10-02 20:10:26.170000-05:00"}
PRE_RELEASE_DEPTH {"level_id": 21, "side": "BUY", "status": "HELD", "price": 84642.7, "initial_qty": 23.605, "current_qty": 23.605, "remaining_pct": 100.0, "min_distance": 0.05000000000291038, "age_sec": 0.0, "time": "2026-10-02 20:11:02.130000-05:00"}
PRE_RELEASE_DEPTH {"level_id": 21, "side": "BUY", "status": "PULLED", "price": 84642.7, "initial_qty": 23.605, "current_qty": 23.605, "remaining_pct": 100.0, "min_distance": 0.05000000000291038, "age_sec": 0.0, "time": "2026-10-02 20:11:08.649000-05:00"}
PRE_RELEASE_DEPTH {"level_id": 22, "side": "BUY", "status": "HELD", "price": 84645.7, "initial_qty": 20.769, "current_qty": 20.769, "remaining_pct": 100.0, "min_distance": 0.05000000000291038, "age_sec": 0.0, "time": "2026-10-02 20:11:19.416000-05:00"}
PRE_RELEASE_DEPTH {"level_id": 22, "side": "BUY", "status": "PULLED", "price": 84645.7, "initial_qty": 20.769, "current_qty": 20.769, "remaining_pct": 100.0, "min_distance": 0.05000000000291038, "age_sec": 0.0, "time": "2026-10-02 20:11:25.633000-05:00"}
PRE_RELEASE_DEPTH {"level_id": 20, "side": "SELL", "status": "PULLED", "price": 84642.1, "initial_qty": 24.652, "current_qty": 24.652, "remaining_pct": 100.0, "min_distance": 0.05000000000291038, "age_sec": 0.0, "time": "2026-10-02 20:12:06.094000-05:00"}
PRE_RELEASE_DEPTH {"level_id": 23, "side": "BUY", "status": "HELD", "price": 84613.5, "initial_qty": 20.552, "current_qty": 20.552, "remaining_pct": 100.0, "min_distance": 0.05000000000291038, "age_sec": 0.0, "time": "2026-10-02 20:15:01.370000-05:00"}
PRE_RELEASE_DEPTH {"level_id": 23, "side": "BUY", "status": "PULLED", "price": 84613.5, "initial_qty": 20.552, "current_qty": 20.552, "remaining_pct": 100.0, "min_distance": 0.05000000000291038, "age_sec": 0.0, "time": "2026-10-02 20:15:06.717000-05:00"}
PRE_RELEASE_DEPTH {"level_id": 24, "side": "BUY", "status": "HELD", "price": 84654.9, "initial_qty": 25.33, "current_qty": 25.33, "remaining_pct": 100.0, "min_distance": 0.05000000000291038, "age_sec": 0.0, "time": "2026-10-02 20:16:13.056000-05:00"}
PRE_RELEASE_DEPTH {"level_id": 24, "side": "BUY", "status": "PULLED", "price": 84654.9, "initial_qty": 25.33, "current_qty": 25.33, "remaining_pct": 100.0, "min_distance": 0.05000000000291038, "age_sec": 0.0, "time": "2026-10-02 20:16:18.424000-05:00"}
PRE_RELEASE_DEPTH {"level_id": 25, "side": "BUY", "status": "NEAR", "price": 84592.2, "initial_qty": 20.973, "current_qty": 20.973, "remaining_pct": 100.0, "min_distance": 12.25, "age_sec": 0.0, "time": "2026-10-02 20:18:18.737000-05:00"}
PRE_RELEASE_DEPTH {"level_id": 25, "side": "BUY", "status": "HELD", "price": 84592.2, "initial_qty": 20.973, "current_qty": 21.069, "remaining_pct": 100.45773136890288, "min_distance": 0.05000000000291038, "age_sec": 14.075, "time": "2026-10-02 20:18:32.812000-05:00"}
RAW_MINUTE_FINALIZE {"minute": "2026-10-02T20:18:00-05:00", "raw_samples_counted": 0, "flow_already_counted": 0.0, "canonical_flow": -45.40999999998894, "strong_residual": -45.40999999998894, "double_count": 0}
ACCUM_FINAL {"time": "2026-10-02T20:18:00-05:00", "source": "STRONG", "net": -45.40999999998894, "oi_add": 2.9799999999959255, "control": "CONTROL LIMIT SELL", "strength": 1.0, "flow_final": -45.40999999998894, "buy_dom_final": 0.0, "sell_dom_final": 2.9799999999959255, "double_count": 0}
PRE_RELEASE_DEPTH {"level_id": 25, "side": "BUY", "status": "PULLED", "price": 84592.2, "initial_qty": 20.973, "current_qty": 24.151, "remaining_pct": 115.15281552472227, "min_distance": 0.05000000000291038, "age_sec": 26.697, "time": "2026-10-02 20:19:04.677000-05:00"}
PRE_RELEASE_DEPTH {"level_id": 26, "side": "BUY", "status": "HELD", "price": 84599.9, "initial_qty": 23.905, "current_qty": 23.905, "remaining_pct": 100.0, "min_distance": 0.05000000000291038, "age_sec": 0.0, "time": "2026-10-02 20:19:12.104000-05:00"}
PRE_RELEASE_DEPTH {"level_id": 26, "side": "BUY", "status": "PULLED", "price": 84599.9, "initial_qty": 23.905, "current_qty": 23.467, "remaining_pct": 98.16774733319387, "min_distance": 0.05000000000291038, "age_sec": 7.941, "time": "2026-10-02 20:19:28.070000-05:00"}
PRE_RELEASE_DEPTH {"level_id": 27, "side": "SELL", "status": "HELD", "price": 84596.7, "initial_qty": 21.855, "current_qty": 21.855, "remaining_pct": 100.0, "min_distance": 0.05000000000291038, "age_sec": 0.0, "time": "2026-10-02 20:19:41.581000-05:00"}
PRE_RELEASE_DEPTH {"level_id": 27, "side": "SELL", "status": "PULLED", "price": 84596.7, "initial_qty": 21.855, "current_qty": 21.855, "remaining_pct": 100.0, "min_distance": 0.05000000000291038, "age_sec": 0.0, "time": "2026-10-02 20:19:46.641000-05:00"}
PRE_RELEASE_DEPTH {"level_id": 28, "side": "SELL", "status": "HELD", "price": 84592.5, "initial_qty": 20.383, "current_qty": 20.383, "remaining_pct": 100.0, "min_distance": 0.05000000000291038, "age_sec": 0.0, "time": "2026-10-02 20:19:52.208000-05:00"}
PRE_RELEASE_DEPTH {"level_id": 28, "side": "SELL", "status": "PULLED", "price": 84592.5, "initial_qty": 20.383, "current_qty": 20.383, "remaining_pct": 100.0, "min_distance": 0.05000000000291038, "age_sec": 0.0, "time": "2026-10-02 20:20:04.357000-05:00"}
PRE_RELEASE_DEPTH {"level_id": 29, "side": "SELL", "status": "HELD", "price": 84589.3, "initial_qty": 28.925, "current_qty": 28.925, "remaining_pct": 100.0, "min_distance": 0.05000000000291038, "age_sec": 0.0, "time": "2026-10-02 20:20:35.993000-05:00"}
PRE_RELEASE_DEPTH {"level_id": 29, "side": "SELL", "status": "PULLED", "price": 84589.2, "initial_qty": 28.925, "current_qty": 34.105, "remaining_pct": 117.90838375108036, "min_distance": 0.05000000000291038, "age_sec": 4.86, "time": "2026-10-02 20:20:47.878000-05:00"}
PRE_RELEASE_DEPTH {"level_id": 30, "side": "SELL", "status": "HELD", "price": 84589.2, "initial_qty": 20.031, "current_qty": 20.031, "remaining_pct": 100.0, "min_distance": 0.05000000000291038, "age_sec": 0.0, "time": "2026-10-02 20:20:53.172000-05:00"}
PRE_RELEASE_DEPTH {"level_id": 30, "side": "SELL", "status": "PULLED", "price": 84589.2, "initial_qty": 20.031, "current_qty": 20.031, "remaining_pct": 100.0, "min_distance": 0.05000000000291038, "age_sec": 0.0, "time": "2026-10-02 20:21:02.105000-05:00"}
RAW_ACCUM {"time": "2026-10-02 20:23:47.088000-05:00", "dOI": -11.264999999999418, "pctl": 97.51861042183623, "control": "CONTROL MARKET SELL", "strength": 0.5645545214102842, "flow_delta": -11.264999999999418, "buy_dom_delta": 0.0, "sell_dom_delta": 0.0, "display_flow": -22.80299999999275, "display_buy_dom": 53.46835847724711, "display_sell_dom": 295.26006137191695}
RAW_MINUTE_FINALIZE {"minute": "2026-10-02T20:23:00-05:00", "raw_samples_counted": 1, "flow_already_counted": -11.264999999999418, "canonical_flow": -26.39, "strong_residual": 0.0, "double_count": 0}
ACCUM_FINAL {"time": "2026-10-02T20:23:00-05:00", "source": "RAW_ONLY", "net": -26.39, "oi_add": 1.1889999999984866, "control": "CONTROL LIMIT BUY", "strength": 1.0, "flow_final": -26.39, "buy_dom_final": 1.189, "sell_dom_final": 0.0, "double_count": 0}
PRE_RELEASE_DEPTH {"level_id": 31, "side": "SELL", "status": "HELD", "price": 84578.4, "initial_qty": 21.3, "current_qty": 21.3, "remaining_pct": 100.0, "min_distance": 0.04999999998835847, "age_sec": 0.0, "time": "2026-10-02 20:30:44.450000-05:00"}
PRE_RELEASE_DEPTH {"level_id": 31, "side": "SELL", "status": "PULLED", "price": 84578.4, "initial_qty": 21.3, "current_qty": 21.3, "remaining_pct": 100.0, "min_distance": 0.04999999998835847, "age_sec": 0.0, "time": "2026-10-02 20:31:01.902000-05:00"}
PRE_RELEASE_DEPTH {"level_id": 32, "side": "SELL", "status": "HELD", "price": 84610.6, "initial_qty": 21.197, "current_qty": 21.197, "remaining_pct": 100.0, "min_distance": 0.05000000000291038, "age_sec": 0.0, "time": "2026-10-02 20:33:03.928000-05:00"}
PRE_RELEASE_DEPTH {"level_id": 32, "side": "SELL", "status": "PULLED", "price": 84610.6, "initial_qty": 21.197, "current_qty": 21.197, "remaining_pct": 100.0, "min_distance": 0.05000000000291038, "age_sec": 0.0, "time": "2026-10-02 20:33:09.068000-05:00"}
PRE_RELEASE_DEPTH {"level_id": 33, "side": "BUY", "status": "HELD", "price": 84603.1, "initial_qty": 24.33, "current_qty": 24.33, "remaining_pct": 100.0, "min_distance": 0.04999999998835847, "age_sec": 0.0, "time": "2026-10-02 20:42:23.914000-05:00"}
PRE_RELEASE_DEPTH {"level_id": 33, "side": "BUY", "status": "PULLED", "price": 84603.1, "initial_qty": 24.33, "current_qty": 24.33, "remaining_pct": 100.0, "min_distance": 0.04999999998835847, "age_sec": 0.0, "time": "2026-10-02 20:42:27.249000-05:00"}
PRE_RELEASE_DEPTH {"level_id": 34, "side": "SELL", "status": "HELD", "price": 84600.1, "initial_qty": 20.275, "current_qty": 20.275, "remaining_pct": 100.0, "min_distance": 0.05000000000291038, "age_sec": 0.0, "time": "2026-10-02 20:49:13.143000-05:00"}
PRE_RELEASE_DEPTH {"level_id": 34, "side": "SELL", "status": "PULLED", "price": 84600.1, "initial_qty": 20.275, "current_qty": 20.275, "remaining_pct": 100.0, "min_distance": 0.05000000000291038, "age_sec": 0.0, "time": "2026-10-02 20:49:23.818000-05:00"}
PRE_RELEASE_DEPTH {"level_id": 35, "side": "SELL", "status": "HELD", "price": 84580.9, "initial_qty": 21.901, "current_qty": 21.901, "remaining_pct": 100.0, "min_distance": 0.04999999998835847, "age_sec": 0.0, "time": "2026-10-02 20:52:44.488000-05:00"}
PRE_RELEASE_DEPTH {"level_id": 35, "side": "SELL", "status": "PULLED", "price": 84580.9, "initial_qty": 21.901, "current_qty": 21.901, "remaining_pct": 100.0, "min_distance": 0.04999999998835847, "age_sec": 0.0, "time": "2026-10-02 20:52:54.561000-05:00"}
PRE_RELEASE_DEPTH {"level_id": 36, "side": "SELL", "status": "HELD", "price": 84575.7, "initial_qty": 20.405, "current_qty": 20.405, "remaining_pct": 100.0, "min_distance": 0.05000000000291038, "age_sec": 0.0, "time": "2026-10-02 20:52:54.561000-05:00"}
PRE_RELEASE_DEPTH {"level_id": 36, "side": "SELL", "status": "PULLED", "price": 84575.7, "initial_qty": 20.405, "current_qty": 20.405, "remaining_pct": 100.0, "min_distance": 0.05000000000291038, "age_sec": 0.0, "time": "2026-10-02 20:54:03.942000-05:00"}
RAW_MINUTE_FINALIZE {"minute": "2026-10-02T20:58:00-05:00", "raw_samples_counted": 0, "flow_already_counted": 0.0, "canonical_flow": -9.618, "strong_residual": 0.0, "double_count": 0}
ACCUM_FINAL {"time": "2026-10-02T20:58:00-05:00", "source": "RAW_ONLY", "net": -9.618, "oi_add": 0.625, "control": "CONTROL MARKET BUY", "strength": 1.0, "flow_final": -9.618, "buy_dom_final": 0.625, "sell_dom_final": 0.0, "double_count": 0}
PRE_RELEASE_DEPTH {"level_id": 37, "side": "BUY", "status": "HELD", "price": 84601.6, "initial_qty": 21.06, "current_qty": 21.06, "remaining_pct": 100.0, "min_distance": 0.04999999998835847, "age_sec": 0.0, "time": "2026-10-02 21:00:23.091000-05:00"}
PRE_RELEASE_DEPTH {"level_id": 37, "side": "BUY", "status": "PULLED", "price": 84601.6, "initial_qty": 21.06, "current_qty": 21.06, "remaining_pct": 100.0, "min_distance": 0.04999999998835847, "age_sec": 0.0, "time": "2026-10-02 21:00:27.407000-05:00"}
PRE_RELEASE_DEPTH {"level_id": 38, "side": "BUY", "status": "HELD", "price": 84604.1, "initial_qty": 21.156, "current_qty": 21.156, "remaining_pct": 100.0, "min_distance": 0.04999999998835847, "age_sec": 0.0, "time": "2026-10-02 21:00:39.278000-05:00"}
PRE_RELEASE_DEPTH {"level_id": 38, "side": "BUY", "status": "PULLED", "price": 84604.1, "initial_qty": 21.156, "current_qty": 21.156, "remaining_pct": 100.0, "min_distance": 0.04999999998835847, "age_sec": 0.0, "time": "2026-10-02 21:00:48.959000-05:00"}
PRE_RELEASE_DEPTH {"level_id": 39, "side": "BUY", "status": "HELD", "price": 84604.1, "initial_qty": 20.787, "current_qty": 20.787, "remaining_pct": 100.0, "min_distance": 0.04999999998835847, "age_sec": 0.0, "time": "2026-10-02 21:01:08.906000-05:00"}
PRE_RELEASE_DEPTH {"level_id": 39, "side": "BUY", "status": "PULLED", "price": 84604.1, "initial_qty": 20.787, "current_qty": 23.911, "remaining_pct": 115.02862365901767, "min_distance": 0.04999999998835847, "age_sec": 37.518, "time": "2026-10-02 21:04:00.154000-05:00"}
