TIME,PRICE,PRICE_CHANGE,TAKER_BUY,TAKER_SELL,AGGR_SIDE,AGGR_MAG,AGGR_MAG_X,AGGR_SHARE,MEANINGFUL_AGGR,EFF_RATIO,ABSORPTION_RATIO,CONTROL,STRONG,MEGA,OI_IMPULSE_5S_EQ_MAX,OI_ACTIVITY_30S,OI_ACTIVITY_60S,OI_NET_30S,OI_NET_60S,OI_DIRECTIONALITY_30S,OI_DIRECTIONALITY_60S,IMPULSE_5S_PCTL,BURST_30S_PCTL,BURST_60S_PCTL,MAX_IMPULSE_5S_PCTL,MAX_BURST_30S_PCTL,MAX_BURST_60S_PCTL,OI_INTENSITY_PCTL,P95_HITS,P99_HITS,PEAK_TIMESTAMP,PEAK_TYPE,WARMUP_INSUFFICIENT
2026-09-30 14:24:00,,,,,,,,,NO,,,,NO,NO,1.57381616,3.188,3.188,3.188,3.188,1,1,,,,,,,,0,0,,,YES
2026-09-30 14:25:00,,,,,,,,,NO,,,,NO,NO,2.28077867,6.291,11.016,-0.773,-3.352,0.12287395,0.30428468,,,,,,,,0,0,,,YES
2026-09-30 14:26:00,,,,,,,,,NO,,,,NO,NO,4.44490358,3.948,14.928,1.638,-8.838,0.41489362,0.5920418,,,,,,,,0,0,,,YES
2026-09-30 14:27:00,,,,,,,,,NO,,,,NO,NO,7.11026951,10.144,10.428,-9.128,-9.412,0.89984227,0.90257,,,,,,,,0,0,,,YES
2026-09-30 14:28:00,,,,,,,,,NO,,,,NO,NO,1.61158493,2.602,4.421,2.246,1.675,0.86318217,0.37887356,,,,,,,,0,0,,,YES
2026-09-30 14:29:00,,,,,,,,,NO,,,,NO,NO,2.80613149,0.919,8.873,-0.305,-5.479,0.33188248,0.61749127,,,,,,,,0,0,,,YES
2026-09-30 14:30:00,,,,,,,,,NO,,,,NO,NO,1.3740458,4.399,6.409,0.709,0.565,0.16117299,0.08815728,,,,,,,,0,0,,,YES
2026-09-30 14:31:00,,,,,,,,,NO,,,,NO,NO,3.56292151,7.741,15.498,-7.741,-13.372,1,0.86282101,,,,,,,,0,0,,,YES
2026-09-30 14:32:00,,,,,,,,,NO,,,,NO,NO,6.3458529,2.681,13.042,-2.533,-10.498,0.94479672,0.80493789,,,,,,,,0,0,,,YES
2026-09-30 14:33:00,,,,,,,,,NO,,,,NO,NO,2.47440875,4.571,8.07,1.617,5.024,0.35375191,0.62255266,,,,,,,,0,0,,,YES
2026-09-30 14:34:00,,,,,,,,,NO,,,,NO,NO,2.67935067,4.043,10.158,-2.949,-6.876,0.72940885,0.6769049,,,,,,,,0,0,,,YES
2026-09-30 14:35:00,,,,,,,,,NO,,,,NO,NO,3.52556165,5.296,11.206,4.082,4.904,0.77077039,0.4376227,,,,,,,,0,0,,,YES
2026-09-30 14:36:00,,,,,,,,,NO,,,,NO,NO,1.55235284,1.914,5.305,1.612,5.003,0.84221526,0.94307257,,,,,,,,0,0,,,YES
2026-09-30 14:37:00,,,,,,,,,NO,,,,NO,NO,6.38586177,5.338,16.272,-5.338,-14.206,1,0.87303343,,,,,,,,0,0,,,YES
2026-09-30 14:38:00,,,,,,,,,NO,,,,NO,NO,2.1250876,7.577,10.484,2.305,0.83,0.30421011,0.07916826,,,,,,,,0,0,,,YES
2026-09-30 14:39:00,,,,,,,,,NO,,,,NO,NO,19.23909188,8.946,36.166,-1.396,-20.176,0.1560474,0.55787203,,,,,,,,0,0,,,YES
2026-09-30 14:40:00,,,,,,,,,NO,,,,NO,NO,8.10356893,1.735,19.704,-0.391,9.844,0.22536023,0.49959399,,,,,,,,0,0,,,YES
2026-09-30 14:41:00,,,,,,,,,NO,,,,NO,NO,1.45152746,2.274,5.812,-1.698,0.524,0.74670185,0.09015829,,,,,,,,0,0,,,YES
2026-09-30 14:42:00,,,,,,,,,NO,,,,NO,NO,2.6886121,1.786,5.631,-0.972,-3.417,0.54423292,0.60681939,,,,,,,,0,0,,,YES
2026-09-30 14:43:00,,,,,,,,,NO,,,,NO,NO,2.57008517,7.399,8.82,-5.313,-6.094,0.71807001,0.69092971,,,,,,,,0,0,,,YES
2026-09-30 14:44:00,,,,,,,,,NO,,,,NO,NO,7.95418502,13.335,15.467,-5.847,-6.687,0.43847019,0.43233982,,,,,,,,0,0,,,YES
2026-09-30 14:45:00,83782.7,-12.5,7,20.3,SELL,13.3,0.96091323,74.35897436,YES,1.14741196,0,CONTROL MARKET SELL,NO,NO,2.94112613,7.991,18.689,5.207,-5.491,0.65160806,0.29380919,,,,,,,,0,0,,,YES
2026-09-30 14:46:00,83789.3,6.6,28.9,16.7,BUY,12.2,0.90173325,63.37719298,YES,0.3591021,0.6408979,CONTROL LIMIT SELL,NO,NO,5.59109383,12.132,19.472,10.578,17.042,0.871909,0.87520542,,,,,,,,0,0,,,YES
2026-09-30 14:47:00,83689.3,-99.9,258,370.1,SELL,112.1,8.3797421,58.92373826,YES,1.04061521,0,CONTROL MARKET SELL,YES,YES,169.64334705,217.697,227.543,180.265,190.111,0.82805459,0.83549483,,,,,,,,0,0,,,YES
2026-09-30 14:48:00,83652.3,-36.9,209.2,206.8,BUY,2.4,0.17940572,50.28846154,NO,-10.22866205,0,CONTROL UNCLEAR,YES,NO,28.61528933,56.554,114.329,50.122,105.275,0.88626799,0.92080749,,,,,,,,0,0,,,YES
2026-09-30 14:49:00,83667.9,15.5,29.9,24.1,BUY,5.8,0.45490196,55.37037037,YES,1.77946492,0,CONTROL MARKET BUY,NO,NO,3.61415929,5.884,9.691,2.546,4.121,0.43269884,0.42523991,,,,,,,,0,0,,,YES
2026-09-30 14:50:00,83607.8,-60,48.2,81.4,SELL,33.2,2.8883379,62.80864198,YES,2.07430075,0,CONTROL MARKET SELL,NO,NO,7.49848622,12.023,27.233,-7.553,7.149,0.62821259,0.26251239,,,,,,,,0,0,,,YES
2026-09-30 14:51:00,83520.5,-87.3,484.3,585.7,SELL,101.4,8.82161034,54.73831776,YES,0.97028409,0,CONTROL MARKET SELL,YES,YES,189.60775633,87.313,307.605,72.695,290.213,0.83257934,0.94345996,,,,,,,,0,0,,,YES
2026-09-30 14:52:00,83507.1,-13.4,118.4,118.1,BUY,0.3,0.02352941,50.06342495,NO,-29.45820962,0,CONTROL UNCLEAR,YES,NO,28.93928697,48.359,100.226,39.651,78.398,0.81993011,0.7822122,,,,,,,,0,0,,,YES
2026-09-30 14:53:00,83469.6,-37.5,191.6,155.2,BUY,36.4,3.16673192,55.24798155,YES,-0.67966054,1,CONTROL LIMIT SELL,YES,NO,56.09902741,126.878,166.605,-10.124,28.381,0.07979319,0.17034903,,,,,,,,0,0,,,YES
2026-09-30 14:54:00,83474.3,4.6,159.5,96.9,BUY,62.6,4.90980392,62.2074883,YES,0.04852156,0.95147844,CONTROL LIMIT SELL,YES,NO,41.33274492,28.415,100.031,-12.967,57.965,0.45634348,0.57947036,,,,,,,,0,0,,,YES
2026-09-30 14:55:00,83566.6,92.4,77.6,51.3,BUY,26.3,1.96598767,60.20170675,YES,3.40650765,0,CONTROL MARKET BUY,NO,NO,8.10671642,15.856,33.115,-10.73,-18.087,0.67671544,0.54618753,,,,,,,,0,0,,,YES
2026-09-30 14:56:00,83538,-28.6,34.8,24,BUY,10.8,0.80732573,59.18367347,YES,-1.74455951,1,CONTROL LIMIT SELL,NO,NO,5.91316576,5.836,19.326,5.836,10.956,1,0.56690469,,,,,,,,0,0,,,YES
2026-09-30 14:57:00,83532.8,-5.2,29.4,15.8,BUY,13.6,1.01663241,65.04424779,YES,-0.37016382,1,CONTROL LIMIT SELL,NO,NO,0.995086,3.265,4.754,0.691,0.342,0.21163859,0.07193942,,,,,,,,0,0,,,YES
2026-09-30 14:58:00,83549.9,17.1,36.7,14.9,BUY,21.8,1.61153206,71.12403101,YES,0.75949202,0,CONTROL MARKET BUY,NO,NO,6.50643853,12.121,19.441,10.743,6.215,0.88631301,0.3196852,,,,,,,,0,0,,,YES
2026-09-30 14:59:00,83568.6,18.6,104.5,44.8,BUY,59.7,4.31389551,69.99330208,YES,0.39702711,0.60297289,CONTROL LIMIT SELL,NO,NO,13.83387029,7.757,36.793,4.205,27.177,0.54209101,0.73864594,,,,,,,,0,0,,,YES
2026-09-30 15:00:00,83585.9,17.2,151.7,75.3,BUY,76.4,5.5206301,66.82819383,YES,0.33741834,0.66258166,CONTROL LIMIT SELL,NO,NO,9.93244429,10.466,31.356,-9.616,-7.862,0.91878464,0.25073351,,,,,,,,0,0,,,YES
2026-09-30 15:01:00,83563,-22.9,34.5,42.9,SELL,8.4,0.60698027,55.42635659,YES,2.9542399,0,CONTROL MARKET SELL,NO,NO,4.64721485,13.174,20.334,-0.8,-1.63,0.06072567,0.08016131,,,,,,,,0,0,,,YES
2026-09-30 15:02:00,83531.5,-31.4,33.4,53,SELL,19.6,1.4162873,61.34259259,YES,1.72545934,0,CONTROL MARKET SELL,NO,NO,5.95630197,14.974,24.098,5.066,-1.55,0.33831975,0.06432069,,,,,,,,0,0,,,YES
2026-09-30 15:03:00,83562.9,31.5,31,16.6,BUY,14.4,1.04053761,65.12605042,YES,3.98550819,0,CONTROL MARKET BUY,NO,NO,1.71078344,2.815,6.878,0.911,0.694,0.32362345,0.10090142,,,,,,,,0,0,,,YES
2026-09-30 15:04:00,83551.7,-11.2,56.7,41,BUY,15.7,1.13447503,58.03480041,YES,-1.06933125,1,CONTROL LIMIT SELL,NO,NO,6.77333805,24.156,29.029,-20.56,-19.597,0.85113429,0.67508354,,,,,,,,0,0,,,YES
2026-09-30 15:05:00,83571.8,20.1,40.1,12.9,BUY,27.2,1.91024651,75.66037736,YES,1.10799415,0,CONTROL MARKET BUY,NO,NO,9.41795231,4.115,20.36,3.263,-2.09,0.79295261,0.10265226,,,,,,,,0,0,,,YES
2026-09-30 15:06:00,83558.4,-13.5,81.7,62.6,BUY,19.1,1.28046123,56.61815662,YES,-0.95601185,1,CONTROL LIMIT SELL,NO,NO,10.79771328,9.154,28.248,1.248,-11.628,0.13633384,0.41163976,,,,,,,,0,0,,,YES
2026-09-30 15:07:00,83582.6,24.2,51.7,21,BUY,30.7,2.03986711,71.11416781,YES,1.06654747,0,CONTROL MARKET BUY,NO,NO,6.28707627,15.178,23.202,-3.268,-7.578,0.21531164,0.32660978,,,,,,,,0,0,,,YES
2026-09-30 15:08:00,83563.5,-19.1,27.7,16.3,BUY,11.4,0.65517241,62.95454545,YES,-2.19750329,1,CONTROL LIMIT SELL,NO,NO,3.82907489,7.463,16.218,3.797,6.298,0.50877663,0.38833395,,,,,,,,0,0,,,YES
2026-09-30 15:09:00,83560.7,-2.8,34.1,53.2,SELL,19.1,1.09770115,60.93928981,YES,0.12507694,0.87492306,CONTROL LIMIT BUY,NO,NO,2.40541287,3.74,12.421,3.74,4.195,1,0.33773448,,,,,,,,0,0,,,YES
2026-09-30 15:10:00,83599.4,38.6,39.8,13.5,BUY,26.3,1.37696335,74.67166979,YES,1.92601271,0,CONTROL MARKET BUY,NO,NO,21.80290163,11.401,38.778,4.067,31.444,0.35672309,0.81087214,,,,,,,,0,0,,,YES
2026-09-30 15:11:00,83585.8,-13.5,45,30.7,BUY,14.3,0.73901809,59.44517834,YES,-1.20161934,1,CONTROL LIMIT SELL,NO,NO,4.71294788,1.594,12.936,1.272,-7.674,0.79799247,0.5932282,,,,,,,,0,0,,,YES
2026-09-30 15:12:00,83586,0.1,9.9,3.4,BUY,6.5,0.34031414,74.43609023,YES,0.02017685,0.97982315,CONTROL LIMIT SELL,NO,NO,1.10558123,2.016,2.536,0.984,0.542,0.48809524,0.2137224,,,,,,,,0,0,,,YES
2026-09-30 15:13:00,83585.1,-0.9,12.2,18.1,SELL,5.9,0.33908046,59.7359736,YES,0.13007961,0.86992039,CONTROL LIMIT BUY,NO,NO,3.42954904,9.661,11.086,3.759,5.184,0.38909016,0.46761681,,,,,,,,0,0,,,YES
2026-09-30 15:14:00,83624.3,39.2,13.7,6.9,BUY,6.8,0.3908046,66.50485437,YES,7.56052917,0,CONTROL MARKET BUY,NO,NO,1.55500705,2.714,5.344,-1.474,-1.356,0.5431098,0.25374251,,,,,,,,0,0,,,YES
2026-09-30 15:15:00,83600.3,-24.1,6.8,11.9,SELL,5.1,0.29310345,63.63636364,YES,5.18234328,0,CONTROL MARKET SELL,NO,NO,2.11086129,4.534,8.436,-4.534,-7.212,1,0.85490754,,,,,,,,0,0,,,YES
2026-09-30 15:16:00,83576,-24.2,8.2,15.9,SELL,7.7,0.44252874,65.97510373,YES,2.52375066,0,CONTROL MARKET SELL,NO,NO,1.52883089,4.753,7.017,4.753,3.035,1,0.43252102,,,,,,,,0,0,,,YES
2026-09-30 15:17:00,83574.3,-1.6,19.2,19.6,SELL,0.4,0.02298851,50.51546392,NO,2.4960386,0,CONTROL UNCLEAR,NO,NO,4.35999294,8.628,11.223,1.688,1.385,0.1956421,0.12340729,,,,,,,,0,0,,,YES
2026-09-30 15:18:00,83577.8,3.4,7.8,15.2,SELL,7.4,0.49169435,66.08695652,YES,-0.26981967,1,CONTROL LIMIT BUY,NO,NO,0.92633738,2.251,3.365,-1.857,-2.533,0.82496668,0.75274889,,,,,,,,0,0,,,YES
2026-09-30 15:19:00,83621.2,43.5,29.1,10.9,BUY,18.2,1.20930233,72.75,YES,3.03721042,0,CONTROL MARKET BUY,NO,NO,1.27670753,4.568,6.642,0.356,0.148,0.07793345,0.02228245,,,,,,,,0,0,,,YES
2026-09-30 15:20:00,83618.2,-2.9,22.2,24,SELL,1.8,0.10619469,51.94805195,NO,0.94507588,0,CONTROL UNCLEAR,NO,NO,2.88515901,3.675,12.555,1.271,1.635,0.34585034,0.130227,,,,,,,,0,0,,,YES
2026-09-30 15:21:00,83649.8,31.7,33.9,14.8,BUY,19.1,1.26910299,69.60985626,YES,2.10699327,0,CONTROL MARKET BUY,NO,NO,2.62541806,7.087,13.532,-2.985,-3.464,0.42119374,0.25598581,,,,,,,,0,0,,,YES
2026-09-30 15:22:00,83674,24.2,27,15.8,BUY,11.2,0.74418605,63.08411215,YES,2.73508463,0,CONTROL MARKET BUY,NO,NO,4.4747457,10.044,14.09,-9.25,-12.742,0.92094783,0.90432931,,,,,,,,0,0,,,YES
2026-09-30 15:23:00,83698.1,24.2,69.3,8.5,BUY,60.8,4.03986711,89.07455013,YES,0.35190703,0.64809297,CONTROL LIMIT SELL,NO,NO,16.41472868,5.648,26.756,-1.59,-22.698,0.28151558,0.84833308,,,,,,,,0,0,,,YES
2026-09-30 15:24:00,83695.5,-2.6,29.2,34.6,SELL,5.4,0.35880399,54.23197492,NO,0.22184287,0,CONTROL UNCLEAR,NO,NO,3.18653305,9.714,15.769,-0.884,-5.731,0.09100268,0.36343459,85.53054662,70.64516129,58.78594249,85.53054662,70.64516129,58.78594249,85.53054662,0,0,2026-09-30 15:24:51,IMPULSE_5S,YES
2026-09-30 15:25:00,83713.7,18.2,11.6,7.9,BUY,3.7,0.25783972,59.48717949,YES,4.34671956,0,CONTROL MARKET BUY,NO,NO,1.51897617,3.604,7.973,1.55,1.043,0.43007769,0.13081651,73.1629393,64.96815287,68.57142857,73.1629393,64.96815287,68.57142857,73.1629393,0,0,2026-09-30 15:25:03,IMPULSE_5S,NO
2026-09-30 15:26:00,83713.9,0.2,35.6,20.6,BUY,15,1.07526882,63.34519573,YES,0.01177719,0.98822281,CONTROL LIMIT SELL,NO,NO,3.92471274,8.663,13.916,4.879,1.654,0.56319982,0.11885599,87.11656442,60.48632219,48.4939759,87.11656442,60.48632219,48.4939759,87.11656442,0,0,2026-09-30 15:26:26,IMPULSE_5S,NO
2026-09-30 15:27:00,83730.7,16.8,89.8,20.4,BUY,69.4,4.83623693,81.48820327,YES,0.30595524,0.69404476,CONTROL LIMIT SELL,NO,NO,22.64442493,28.536,40.775,23.746,14.957,0.83214186,0.3668179,96.77419355,83.04093567,80.99415205,96.77419355,83.04093567,80.99415205,96.77419355,1,0,2026-09-30 15:27:53,IMPULSE_5S,NO
2026-09-30 15:28:00,83719.8,-10.9,15.3,19.6,SELL,4.3,0.29251701,56.16045845,YES,1.16703985,0,CONTROL MARKET SELL,NO,NO,1.56365884,3.437,6.962,-2.681,-0.594,0.78004073,0.08532031,74.20289855,83.8150289,81.10465116,74.20289855,83.8150289,81.10465116,83.8150289,0,0,2026-09-30 15:28:19,BURST_30S,NO
2026-09-30 15:29:00,83692.2,-27.7,16.4,24.7,SELL,8.3,0.57839721,60.0973236,YES,1.31690873,0,CONTROL MARKET SELL,NO,NO,2.03328637,2.823,8.606,-1.843,-3.122,0.65285158,0.36277016,77.33711048,41.89944134,37.60445682,77.33711048,41.89944134,37.60445682,77.33711048,0,0,2026-09-30 15:29:04,IMPULSE_5S,NO
2026-09-30 15:30:00,83666.5,-25.7,2,11.2,SELL,9.2,0.71595331,84.84848485,YES,1.06101289,0,CONTROL MARKET SELL,NO,NO,1.58417598,3.461,6.761,-0.145,3.155,0.04189541,0.46664695,73.02452316,37.39837398,27.94520548,73.02452316,37.39837398,27.94520548,73.02452316,0,0,2026-09-30 15:30:28,IMPULSE_5S,NO
2026-09-30 15:31:00,83622,-44.6,9.4,24.8,SELL,15.4,1.36283186,72.51461988,YES,1.06027799,0,CONTROL MARKET SELL,NO,NO,3.03818828,6.767,8.864,-6.767,-6.498,1,0.73307762,84.69656992,43.34203655,24.80417755,84.69656992,43.34203655,24.80417755,84.69656992,0,0,2026-09-30 15:31:38,IMPULSE_5S,NO
2026-09-30 15:32:00,83620.1,-1.9,10.5,11.1,SELL,0.6,0.04669261,51.38888889,NO,1.13549682,0,CONTROL UNCLEAR,NO,NO,2.44607496,4.34,8.418,-2.94,-4.82,0.67741935,0.57258256,80.67010309,47.39583333,40.35989717,80.67010309,47.39583333,40.35989717,80.67010309,0,0,2026-09-30 15:32:31,IMPULSE_5S,NO
2026-09-30 15:33:00,83625.6,5.4,26.2,22.5,BUY,3.7,0.32743363,53.79876797,NO,0.99298629,0,CONTROL UNCLEAR,NO,NO,3.51807021,7.666,13.954,7.666,4.866,1,0.34871721,86.31840796,56.32754342,45.65756824,86.31840796,56.32754342,45.65756824,86.31840796,0,0,2026-09-30 15:33:48,IMPULSE_5S,NO
2026-09-30 15:34:00,83624.3,-1.3,9.4,42.5,SELL,33.1,3.24509804,81.88824663,YES,0.0138236,0.9861764,CONTROL LIMIT BUY,NO,NO,10.02026789,16.336,17.036,-8.492,-7.8,0.5198335,0.45785396,95.41062802,80,55.42168675,95.41062802,80,55.42168675,95.41062802,1,0,2026-09-30 15:34:59,IMPULSE_5S,NO
2026-09-30 15:35:00,83632.3,7.6,18.7,33.9,SELL,15.2,1.49019608,64.4486692,YES,-0.17927739,1,CONTROL LIMIT BUY,NO,NO,1.99593208,5.917,20.174,-3.011,-16.01,0.50887274,0.79359572,76.14457831,80.04807692,65.87677725,76.14457831,80.04807692,65.87677725,80.04807692,0,0,2026-09-30 15:35:04,BURST_30S,NO
2026-09-30 15:36:00,83627.3,-4.9,12.7,15.4,SELL,2.7,0.26470588,54.80427046,NO,0.65059384,0,CONTROL UNCLEAR,NO,NO,2.7665604,3.933,10.51,-2.527,-6.102,0.64251208,0.58058991,82.86384977,52.4361949,43.72093023,82.86384977,52.4361949,43.72093023,82.86384977,0,0,2026-09-30 15:36:10,IMPULSE_5S,NO
2026-09-30 15:37:00,83657.7,30.4,9.8,15.4,SELL,5.6,0.64,61.11111111,YES,-1.94631925,1,CONTROL LIMIT BUY,NO,NO,3.2122807,8.093,9.069,-8.093,-8.315,1,0.91685963,85.68181818,50.56179775,27.00228833,85.68181818,50.56179775,27.00228833,85.68181818,0,0,2026-09-30 15:37:32,IMPULSE_5S,NO
2026-09-30 15:38:00,83662.1,4.4,15.4,21.5,SELL,6.1,0.7625,58.26558266,YES,-0.25842568,1,CONTROL LIMIT BUY,NO,NO,3.61114662,10.583,18.011,-10.583,-16.925,1,0.93970351,87.21973094,61.75824176,57.42793792,87.21973094,61.75824176,57.42793792,87.21973094,0,0,2026-09-30 15:38:08,IMPULSE_5S,NO
2026-09-30 15:39:00,83688.4,26.4,21.9,18.4,BUY,3.5,0.46357616,54.34243176,NO,4.8156141,0,CONTROL UNCLEAR,NO,NO,7.25621583,11.662,13.213,-10.49,-8.939,0.89950266,0.67653069,93.50649351,67.38197425,55.70175439,93.50649351,67.38197425,55.70175439,93.50649351,0,0,2026-09-30 15:39:41,IMPULSE_5S,NO
2026-09-30 15:40:00,83699.7,11.3,8.3,2,BUY,6.3,0.88732394,80.58252427,YES,1.14440473,0,CONTROL MARKET BUY,NO,NO,0.94229751,1.414,3.68,-0.244,-0.468,0.17256011,0.12717391,59.95717345,60.8137045,40.51172708,59.95717345,60.8137045,40.51172708,60.8137045,0,0,2026-09-30 15:40:06,BURST_30S,NO
2026-09-30 15:41:00,83697.2,-2.5,8.1,7.9,BUY,0.2,0.03007519,50.625,NO,-7.23157429,0,CONTROL UNCLEAR,NO,NO,1.39447456,3.581,4.403,0.727,1.549,0.20301592,0.35180559,68.5300207,18.51851852,3.71900826,68.5300207,18.51851852,3.71900826,68.5300207,0,0,2026-09-30 15:41:45,IMPULSE_5S,NO
2026-09-30 15:42:00,83653.8,-43.3,5,21.5,SELL,16.5,2.578125,81.13207547,YES,0.92207754,0,CONTROL MARKET SELL,NO,NO,1.78628108,1.562,6.915,1.562,6.569,1,0.94996385,74.59016393,33.53783231,21.67689162,74.59016393,33.53783231,21.67689162,74.59016393,0,0,2026-09-30 15:42:15,IMPULSE_5S,NO
2026-09-30 15:43:00,83653.7,-0.1,10.8,11.8,SELL,1,0.15267176,52.21238938,NO,0.03583054,0,CONTROL UNCLEAR,NO,NO,4.23162967,6.824,8.08,5.694,6.42,0.83440797,0.79455446,88.8,41.50197628,20.07952286,88.8,41.50197628,20.07952286,88.8,0,0,2026-09-30 15:43:26,IMPULSE_5S,NO
2026-09-30 15:44:00,83653.7,0,5.1,1.7,BUY,3.4,0.51908397,75,YES,0,1,CONTROL LIMIT SELL,NO,NO,0.15148846,0.375,0.651,-0.001,-0.121,0.00266667,0.1858679,25.29182879,6.31163708,18.73767258,25.29182879,6.31163708,18.73767258,25.29182879,0,0,2026-09-30 15:44:47,IMPULSE_5S,NO
2026-09-30 15:45:00,83653.8,0.1,51,10.7,BUY,40.3,6.5,82.65802269,YES,0.00143713,0.99856287,CONTROL LIMIT SELL,NO,NO,11.18500177,22.549,23.346,22.527,23.324,0.99902435,0.99905765,96.19771863,84.81973435,69.82922201,96.19771863,84.81973435,69.82922201,96.19771863,2,0,2026-09-30 15:45:57,IMPULSE_5S,NO
2026-09-30 15:46:00,83639,-14.8,3.5,11.2,SELL,7.7,1.12408759,76.19047619,YES,0.68869085,0,CONTROL MARKET SELL,NO,NO,3.93764434,5.136,18.703,-3.73,9.601,0.72624611,0.51334011,89.36567164,85.28301887,71.2945591,89.36567164,85.28301887,71.2945591,89.36567164,0,0,2026-09-30 15:46:55,IMPULSE_5S,NO
2026-09-30 15:47:00,83649.5,10.5,8.3,3.8,BUY,4.5,0.65693431,68.59504132,YES,1.40518601,0,CONTROL MARKET BUY,NO,NO,0.92231288,2.588,3.995,-2.476,-1.253,0.95672334,0.31364205,62.10720887,41.14391144,24.49725777,62.10720887,41.14391144,24.49725777,62.10720887,0,0,2026-09-30 15:47:25,IMPULSE_5S,NO
2026-09-30 15:48:00,83632.6,-16.9,7.9,9.4,SELL,1.5,0.2189781,54.33526012,NO,4.29819006,0,CONTROL UNCLEAR,NO,NO,1.27912998,3.131,4.371,0.167,-1.073,0.05333759,0.24548158,69.36936937,26.43884892,6.15942029,69.36936937,26.43884892,6.15942029,69.36936937,0,0,2026-09-30 15:48:47,IMPULSE_5S,NO
2026-09-30 15:49:00,83631.3,-1.2,11.2,13.9,SELL,2.7,0.43548387,55.37848606,YES,0.16962279,0.83037721,CONTROL LIMIT BUY,NO,NO,1.41506811,1.645,4.101,-1.645,-3.885,1,0.94732992,71.7352415,26.72566372,13.27433628,71.7352415,26.72566372,13.27433628,71.7352415,0,0,2026-09-30 15:49:11,IMPULSE_5S,NO
2026-09-30 15:50:00,83631.9,0.6,15.1,15.8,SELL,0.7,0.11965812,51.13268608,NO,-0.33293652,0,CONTROL UNCLEAR,NO,NO,5.43106488,9.391,12.1,-4.353,-7.062,0.46352891,0.58363636,91.47826087,62.11072664,43.42560554,91.47826087,62.11072664,43.42560554,91.47826087,0,0,2026-09-30 15:50:44,IMPULSE_5S,NO
2026-09-30 15:51:00,83663.7,31.7,28.7,7.4,BUY,21.3,3.64102564,79.50138504,YES,0.89641556,0,CONTROL MARKET BUY,NO,NO,7.57178087,4.972,14.554,-4.738,4.418,0.95293644,0.30355916,95,82.09982788,70.20547945,95,82.09982788,70.20547945,95,1,0,2026-09-30 15:51:14,IMPULSE_5S,NO
2026-09-30 15:52:00,83690.6,27,13.8,1.4,BUY,12.4,2.11965812,90.78947368,YES,1.46195596,0,CONTROL MARKET BUY,NO,NO,1.26635823,2.147,5.536,-1.465,-4.328,0.68234746,0.78179191,69.3877551,34.84848485,59.49152542,69.3877551,34.84848485,59.49152542,69.3877551,0,0,2026-09-30 15:52:07,IMPULSE_5S,NO
2026-09-30 15:53:00,83676.8,-13.8,6.5,29.7,SELL,23.2,3.96581197,82.0441989,YES,0.23071916,0.76928084,CONTROL LIMIT BUY,NO,NO,1.27721208,0.318,1.936,0.314,-1.218,0.98742138,0.62913223,69.61602671,6.66666667,10.66666667,69.61602671,6.66666667,10.66666667,69.61602671,0,0,2026-09-30 15:53:11,IMPULSE_5S,NO
2026-09-30 15:54:00,83664.8,-12.1,5.4,8.5,SELL,3.1,0.52991453,61.15107914,YES,1.54178534,0,CONTROL MARKET SELL,NO,NO,5.26103006,2.666,10.858,-0.822,-7.756,0.30832708,0.71431203,91.61184211,56.37254902,35.4368932,91.61184211,56.37254902,35.4368932,91.61184211,0,0,2026-09-30 15:54:02,IMPULSE_5S,NO
2026-09-30 15:55:00,83632.2,-32.7,5.2,11.4,SELL,6.2,1.05982906,68.6746988,YES,2.04698848,0,CONTROL MARKET SELL,NO,NO,0.40115871,1.032,2.074,-0.096,-0.838,0.09302326,0.40405014,42.97124601,16.63974152,35.54119548,42.97124601,16.63974152,35.54119548,42.97124601,0,0,2026-09-30 15:55:49,IMPULSE_5S,NO
2026-09-30 15:56:00,83610.1,-22,4.1,30.4,SELL,26.3,4.27642276,88.11594203,YES,0.31925507,0.68074493,CONTROL LIMIT BUY,NO,NO,4.299189,9.092,15.065,-9.092,-15.065,1,1,90.69400631,69.07378336,53.05164319,90.69400631,69.07378336,53.05164319,90.69400631,0,0,2026-09-30 15:56:36,IMPULSE_5S,NO
2026-09-30 15:57:00,83611.7,1.6,8.5,18.5,SELL,10,1.62601626,68.51851852,YES,-0.06217967,1,CONTROL LIMIT BUY,NO,NO,4.15377856,7.221,8.421,-7.221,-8.421,1,1,90.57187017,49.15254237,42.12168487,90.57187017,49.15254237,42.12168487,90.57187017,0,0,2026-09-30 15:57:51,IMPULSE_5S,NO
2026-09-30 15:58:00,83624.2,12.4,25.4,10.5,BUY,14.9,2.42276423,70.75208914,YES,0.46482867,0.53517133,CONTROL LIMIT SELL,NO,NO,6.21053565,11.323,16.547,-11.003,-16.227,0.97173894,0.98066115,93.00911854,72.2306525,56.14567527,93.00911854,72.2306525,56.14567527,93.00911854,0,0,2026-09-30 15:58:56,IMPULSE_5S,NO
2026-09-30 15:59:00,83636.4,12.1,10.2,8.5,BUY,1.7,0.272,54.54545455,NO,4.34149385,0,CONTROL UNCLEAR,NO,NO,4.48539761,8.059,16.645,2.143,-5.199,0.26591389,0.31234605,91.6041979,68.38124054,57.10014948,91.6041979,68.38124054,57.10014948,91.6041979,0,0,2026-09-30 15:59:49,IMPULSE_5S,NO
2026-09-30 16:00:00,83682.6,46.2,21.1,1.6,BUY,19.5,3.17073171,92.95154185,YES,1.44472249,0,CONTROL MARKET BUY,NO,NO,3.46452524,1.003,5.74,-0.785,-5.048,0.78265204,0.87944251,89.08819133,73.88059701,48.20895522,89.08819133,73.88059701,48.20895522,89.08819133,0,0,2026-09-30 16:00:00,IMPULSE_5S,NO
2026-09-30 16:01:00,83668.2,-14.4,12.3,17.1,SELL,4.8,0.7804878,58.16326531,YES,1.55973667,0,CONTROL MARKET SELL,NO,NO,1.60737157,3.061,3.654,3.039,3.632,0.99281281,0.9939792,76.74418605,22.9317852,3.91872279,76.74418605,22.9317852,3.91872279,76.74418605,0,0,2026-09-30 16:01:53,IMPULSE_5S,NO
2026-09-30 16:02:00,83681.8,13.5,29.3,5,BUY,24.3,4.15384615,85.42274052,YES,0.30988335,0.69011665,CONTROL LIMIT SELL,NO,NO,2.05621564,3.9,9.165,0.292,-0.217,0.07487179,0.02367703,80.63583815,50.43103448,33.18965517,80.63583815,50.43103448,33.18965517,80.63583815,0,0,2026-09-30 16:02:18,IMPULSE_5S,NO
2026-09-30 16:03:00,83714.5,32.8,20.7,5.3,BUY,15.4,2.50406504,79.61538462,YES,1.2973581,0,CONTROL MARKET BUY,NO,NO,4.50783589,6.416,10.761,5.958,10.303,0.92861596,0.9574389,92.06798867,47.74647887,40.74074074,92.06798867,47.74647887,40.74074074,92.06798867,0,0,2026-09-30 16:03:39,IMPULSE_5S,NO
2026-09-30 16:04:00,83723,8.5,19.5,16.5,BUY,3,0.48,54.16666667,NO,1.57866119,0,CONTROL UNCLEAR,NO,NO,2.66602249,7.763,14.099,-3.165,-8.403,0.40770321,0.59599972,85.63458856,67.03755216,58.15899582,85.63458856,67.03755216,58.15899582,85.63458856,0,0,2026-09-30 16:04:44,IMPULSE_5S,NO
2026-09-30 16:05:00,83702.6,-20.4,6.7,10.9,SELL,4.2,0.68292683,61.93181818,YES,2.13447962,0,CONTROL MARKET SELL,NO,NO,1.21476392,1.689,3.685,-1.625,-0.091,0.96210776,0.02469471,69.8630137,64.35506241,55.61719834,69.8630137,64.35506241,55.61719834,69.8630137,0,0,2026-09-30 16:05:59,IMPULSE_5S,NO
2026-09-30 16:06:00,83710.5,7.9,9.5,4.1,BUY,5.4,0.92307692,69.85294118,YES,0.8153575,0,CONTROL MARKET BUY,NO,NO,1.85598238,1.846,6.047,-1.504,-5.633,0.81473456,0.9315363,79.20656635,33.51498638,11.75675676,79.20656635,33.51498638,11.75675676,79.20656635,0,0,2026-09-30 16:06:07,IMPULSE_5S,NO
2026-09-30 16:07:00,83696.5,-14,7.2,8.2,SELL,1,0.17094017,53.24675325,NO,5.33316515,0,CONTROL UNCLEAR,NO,NO,1.75030815,4.076,4.626,-2.252,-2.698,0.55250245,0.58322525,78.65771812,30.88235294,11.4973262,78.65771812,30.88235294,11.4973262,78.65771812,0,0,2026-09-30 16:07:28,IMPULSE_5S,NO
2026-09-30 16:08:00,83698.5,2.1,9.9,2.2,BUY,7.7,1.33913043,81.81818182,YES,0.16606677,0.83393323,CONTROL LIMIT SELL,NO,NO,1.9780894,1.731,4.547,0.747,-1.343,0.43154246,0.29535958,79.9734748,26.05263158,15.74074074,79.9734748,26.05263158,15.74074074,79.9734748,0,0,2026-09-30 16:08:21,IMPULSE_5S,NO
2026-09-30 16:09:00,83707.7,9.2,8,17.5,SELL,9.5,1.63793103,68.62745098,YES,-0.36901646,1,CONTROL LIMIT BUY,NO,NO,4.7256424,1.014,9.003,0.966,8.519,0.95266272,0.94624014,92.78215223,64.08912189,43.39869281,92.78215223,64.08912189,43.39869281,92.78215223,0,0,2026-09-30 16:09:08,IMPULSE_5S,NO
2026-09-30 16:10:00,83707.7,0,23.5,21.3,BUY,2.2,0.352,52.45535714,NO,0,0,CONTROL UNCLEAR,NO,NO,3.13772349,10.264,15.485,-3.174,-4.133,0.30923617,0.26690345,88.83183569,71.09974425,57.4168798,88.83183569,71.09974425,57.4168798,88.83183569,0,0,2026-09-30 16:10:47,IMPULSE_5S,NO
2026-09-30 16:11:00,83724,16.3,12.5,33.5,SELL,21,3.62068966,72.82608696,YES,-0.29570207,1,CONTROL LIMIT BUY,NO,NO,11.85782853,4.009,22.676,1.245,-17.422,0.31055126,0.76830129,97.18670077,89.91060026,83.24873096,97.18670077,89.91060026,83.24873096,97.18670077,1,0,2026-09-30 16:11:04,IMPULSE_5S,NO
2026-09-30 16:12:00,83742.6,18.6,54.5,32.1,BUY,22.4,3.22302158,62.9330254,YES,0.56195387,0,CONTROL MARKET BUY,NO,NO,16.73770782,25.992,26.663,-20.606,-19.935,0.79278239,0.7476653,97.87234043,90.52369077,80.42394015,97.87234043,90.52369077,80.42394015,97.87234043,1,0,2026-09-30 16:12:45,IMPULSE_5S,NO
2026-09-30 16:13:00,83713.4,-29.1,12.7,18.9,SELL,6.2,0.89208633,59.81012658,YES,1.90390169,0,CONTROL MARKET SELL,NO,NO,2.59083728,4.283,11.1,1.043,6.072,0.2435209,0.54702703,85.82089552,89.41469489,86.74101611,85.82089552,89.41469489,86.74101611,89.41469489,0,0,2026-09-30 16:13:02,BURST_30S,NO
2026-09-30 16:14:00,83724.6,11.1,7.3,4.9,BUY,2.4,0.34532374,59.83606557,YES,3.16056919,0,CONTROL MARKET BUY,NO,NO,2.53878943,3.572,5.121,-3.382,-3.299,0.94680851,0.64421012,85.6097561,26.76399027,34.80934809,85.6097561,26.76399027,34.80934809,85.6097561,0,0,2026-09-30 16:14:48,IMPULSE_5S,NO
2026-09-30 16:15:00,83703.7,-20.9,4.4,5.6,SELL,1.2,0.17266187,56,YES,5.79973236,0,CONTROL MARKET SELL,NO,NO,2.28021016,1.451,6.11,1.343,-0.412,0.92556857,0.06743044,84.46601942,58.78787879,32.36714976,84.46601942,58.78787879,32.36714976,84.46601942,0,0,2026-09-30 16:15:13,IMPULSE_5S,NO
2026-09-30 16:16:00,83742.9,39.2,35.2,18,BUY,17.2,2.77419355,66.16541353,YES,1.52873995,0,CONTROL MARKET BUY,NO,NO,7.13501063,11.631,24.02,-10.731,-22.232,0.92262058,0.92556203,95.43817527,81.24253286,79.00355872,95.43817527,81.24253286,79.00355872,95.43817527,1,0,2026-09-30 16:16:05,IMPULSE_5S,NO
2026-09-30 16:17:00,83753,10.1,8.9,16.6,SELL,7.7,1.24193548,65.09803922,YES,-0.33552288,1,CONTROL LIMIT BUY,NO,NO,4.76446837,3.193,12.075,-2.931,-5.377,0.91794551,0.44530021,93.1198102,86.492891,84.12322275,93.1198102,86.492891,84.12322275,93.1198102,0,0,2026-09-30 16:17:02,IMPULSE_5S,NO
2026-09-30 16:18:00,83771,17.9,17.8,17,BUY,0.8,0.11510791,51.14942529,NO,14.99086072,0,CONTROL UNCLEAR,NO,NO,3.48643761,4.989,12.843,-1.029,-8.883,0.20625376,0.69166083,90.51522248,75.08731083,54.36554133,90.51522248,75.08731083,54.36554133,90.51522248,0,0,2026-09-30 16:18:06,IMPULSE_5S,NO
2026-09-30 16:19:00,83752.8,-18.3,30.1,13.8,BUY,16.3,2.34532374,68.56492027,YES,-0.75186584,1,CONTROL LIMIT SELL,NO,NO,5.19078721,5.907,16.135,-3.991,-10.183,0.67563907,0.63111249,93.41040462,79.79334099,63.26061998,93.41040462,79.79334099,63.26061998,93.41040462,0,0,2026-09-30 16:19:15,IMPULSE_5S,NO
2026-09-30 16:20:00,83762.8,10,7,1.1,BUY,5.9,0.76623377,86.41975309,YES,1.13557187,0,CONTROL MARKET BUY,NO,NO,1.40755957,0.084,2.24,-0.004,2.152,0.04761905,0.96071429,75.48682703,59.0389016,62.85714286,75.48682703,59.0389016,62.85714286,75.48682703,0,0,2026-09-30 16:20:02,IMPULSE_5S,NO
2026-09-30 16:21:00,83751.9,-11,7.7,6,BUY,1.7,0.22077922,56.20437956,YES,-4.05902256,1,CONTROL LIMIT SELL,NO,NO,1.35388049,3.262,3.843,-0.278,-0.665,0.08522379,0.17304189,75.02812148,24.83221477,5.70469799,75.02812148,24.83221477,5.70469799,75.02812148,0,0,2026-09-30 16:21:33,IMPULSE_5S,NO
2026-09-30 16:22:00,83744.2,-7.6,0.9,4.2,SELL,3.3,0.47482014,82.35294118,YES,0.53528921,0,CONTROL MARKET SELL,NO,NO,0.61716738,1.228,2.997,-0.44,1.329,0.35830619,0.44344344,58.27740492,31.39664804,8.26815642,58.27740492,31.39664804,8.26815642,58.27740492,0,0,2026-09-30 16:22:02,IMPULSE_5S,NO
2026-09-30 16:23:00,83739.3,-4.8,8.7,2.6,BUY,6.1,0.98387097,76.99115044,YES,-0.49818989,1,CONTROL LIMIT SELL,NO,NO,2.01188315,1.701,4.401,1.667,4.317,0.98001176,0.98091343,82.35942668,36.14457831,9.63855422,82.35942668,36.14457831,9.63855422,82.35942668,0,0,2026-09-30 16:23:20,IMPULSE_5S,NO
2026-09-30 16:24:00,83684.3,-54.9,1,23.5,SELL,22.5,3.65853659,95.91836735,YES,0.56729551,0,CONTROL MARKET SELL,NO,NO,1.78246485,4.754,4.927,-1.952,-2.125,0.4106016,0.43129694,80.97826087,42.81081081,10.83423619,80.97826087,42.81081081,10.83423619,80.97826087,0,0,2026-09-30 16:24:34,IMPULSE_5S,NO
2026-09-30 16:25:00,83684.4,0.1,24.9,12.2,BUY,12.7,2.0483871,67.11590296,YES,0.0049923,0.9950077,CONTROL LIMIT SELL,NO,NO,11.68714798,5.946,20.386,-0.874,-15.314,0.14698957,0.75120181,97.62419006,87.70226537,75.40106952,97.62419006,87.70226537,75.40106952,97.62419006,1,0,2026-09-30 16:25:12,IMPULSE_5S,NO
2026-09-30 16:26:00,83715.7,31.4,13.6,3,BUY,10.6,1.52517986,81.92771084,YES,2.02572446,0,CONTROL MARKET BUY,NO,NO,2.32672399,0.521,6.127,0.267,-5.333,0.51247601,0.87040966,85.6684492,64.42307692,79.16666667,85.6684492,64.42307692,79.16666667,85.6684492,0,0,2026-09-30 16:26:04,IMPULSE_5S,NO
2026-09-30 16:27:00,83715.8,0.1,3.2,3.8,SELL,0.6,0.08633094,54.28571429,NO,-0.04332989,0,CONTROL UNCLEAR,NO,NO,0.51629503,0.957,1.094,-0.585,-0.558,0.61128527,0.51005484,55.63751317,4.51680672,11.62790698,55.63751317,4.51680672,11.62790698,55.63751317,0,0,2026-09-30 16:27:26,IMPULSE_5S,NO
2026-09-30 16:28:00,83709.6,-6.1,5.1,1.6,BUY,3.5,0.56910569,76.11940299,YES,-1.1041801,1,CONTROL LIMIT SELL,NO,NO,0.72970195,0.536,3.342,0.448,0.218,0.8358209,0.0652304,63.29509906,23.7006237,5.39419087,63.29509906,23.7006237,5.39419087,63.29509906,0,0,2026-09-30 16:28:27,IMPULSE_5S,NO
2026-09-30 16:29:00,83691.7,-17.9,5.8,13.4,SELL,7.6,1.26666667,69.79166667,YES,0.61240905,0,CONTROL MARKET SELL,NO,NO,1.94482878,2.358,3.706,-2.232,-3.58,0.94656489,0.96600108,82.15384615,17.21311475,5.94262295,82.15384615,17.21311475,5.94262295,82.15384615,0,0,2026-09-30 16:29:57,IMPULSE_5S,NO
2026-09-30 16:30:00,83688.8,-2.9,26.3,15.9,BUY,10.4,1.69105691,62.32227488,YES,-0.16475954,1,CONTROL LIMIT SELL,NO,NO,7.73084144,11.411,18.266,7.949,6.69,0.69660854,0.36625424,96.54471545,81.21827411,71.70385396,96.54471545,81.21827411,71.70385396,96.54471545,1,0,2026-09-30 16:30:50,IMPULSE_5S,NO
2026-09-30 16:31:00,83719.4,30.6,13.3,1.2,BUY,12.1,1.96747967,91.72413793,YES,1.60322075,0,CONTROL MARKET BUY,NO,NO,1.59472422,2.164,6.366,-1.56,-4.924,0.72088725,0.77348413,79.77867203,84.42871587,68.89564336,79.77867203,84.42871587,68.89564336,84.42871587,0,0,2026-09-30 16:31:13,BURST_30S,NO
2026-09-30 16:32:00,83716.7,-2.7,10.5,18,SELL,7.5,1.08695652,63.15789474,YES,0.10098452,0.89901548,CONTROL LIMIT BUY,NO,NO,3.21853741,4.341,10.392,4.261,-1.79,0.98157107,0.17224788,90.6,73.35329341,52.43781095,90.6,73.35329341,52.43781095,90.6,0,0,2026-09-30 16:32:23,IMPULSE_5S,NO
2026-09-30 16:33:00,83739,22.4,11.4,3.1,BUY,8.3,1.21167883,78.62068966,YES,1.41109878,0,CONTROL MARKET BUY,NO,NO,1.28205128,3.97,4.932,-2.972,-2.01,0.74861461,0.40754258,74.95069034,35.92519685,41.07142857,74.95069034,35.92519685,41.07142857,74.95069034,0,0,2026-09-30 16:33:48,IMPULSE_5S,NO
2026-09-30 16:34:00,83751.5,12.5,11,0.8,BUY,10.2,1.48905109,93.22033898,YES,0.61654468,0,CONTROL MARKET BUY,NO,NO,1.1624122,1.855,3.479,-0.055,-1.145,0.0296496,0.32911756,72.44094488,34.11996067,18.68239921,72.44094488,34.11996067,18.68239921,72.44094488,0,0,2026-09-30 16:34:00,IMPULSE_5S,NO
2026-09-30 16:35:00,83763.1,11.6,9.4,6.6,BUY,2.8,0.37086093,58.75,YES,2.4443616,0,CONTROL MARKET BUY,NO,NO,1.07762938,1.722,3.776,0.16,-1.576,0.09291521,0.41737288,70.38834951,24.9034749,8.52713178,70.38834951,24.9034749,8.52713178,70.38834951,0,0,2026-09-30 16:35:21,IMPULSE_5S,NO
2026-09-30 16:36:00,83769.3,6.1,26.8,6.2,BUY,20.6,2.72847682,81.21212121,YES,0.14889028,0.85110972,CONTROL LIMIT SELL,NO,NO,1.11457252,1.84,3.132,1.018,-0.224,0.55326087,0.0715198,71.49712092,22.79693487,11.34615385,71.49712092,22.79693487,11.34615385,71.49712092,0,0,2026-09-30 16:36:31,IMPULSE_5S,NO
2026-09-30 16:37:00,83744.5,-24.9,13.6,9.5,BUY,4.1,0.53594771,58.87445887,YES,-3.05319774,1,CONTROL LIMIT SELL,NO,NO,0.9317188,2.275,3.615,0.059,-0.857,0.02593407,0.23706777,68.3460076,19.46818613,8.92687559,68.3460076,19.46818613,8.92687559,68.3460076,0,0,2026-09-30 16:37:29,IMPULSE_5S,NO
2026-09-30 16:38:00,83745.7,1.2,14,8.6,BUY,5.4,0.70588235,61.94690265,YES,0.11178542,0.88821458,CONTROL LIMIT SELL,NO,NO,4.41216678,1.391,8.21,0.345,-5.99,0.24802301,0.72959805,93.57277883,65.06591337,41.95672625,93.57277883,65.06591337,41.95672625,93.57277883,0,0,2026-09-30 16:38:05,IMPULSE_5S,NO
2026-09-30 16:39:00,83716.8,-28.8,2.9,7.3,SELL,4.4,0.58278146,71.56862745,YES,2.72860157,0,CONTROL MARKET SELL,NO,NO,0.41306827,1.141,2.06,-0.949,-1.076,0.83172656,0.5223301,51.76908752,7.53488372,5.13538749,51.76908752,7.53488372,5.13538749,51.76908752,0,0,2026-09-30 16:39:43,IMPULSE_5S,NO
2026-09-30 16:40:00,83725.4,8.5,11.3,3,BUY,8.3,1.21167883,79.02097902,YES,0.51549542,0,CONTROL MARKET BUY,NO,NO,3.12985667,1.302,6.623,-0.498,-3.113,0.38248848,0.47002869,90.64814815,51.4312096,27.74193548,90.64814815,51.4312096,27.74193548,90.64814815,0,0,2026-09-30 16:40:14,IMPULSE_5S,NO
2026-09-30 16:41:00,83704.9,-20.6,3.2,3.3,SELL,0.1,0.01324503,50.76923077,NO,84.45386109,0,CONTROL UNCLEAR,NO,NO,1.28384131,2.752,3.056,1.156,0.934,0.42005814,0.30562827,75.36630037,23.60984503,16.05504587,75.36630037,23.60984503,16.05504587,75.36630037,0,0,2026-09-30 16:41:27,IMPULSE_5S,NO
2026-09-30 16:42:00,83702,-2.8,19.2,11.3,BUY,7.9,1.15328467,62.95081967,YES,-0.20935382,1,CONTROL LIMIT SELL,NO,NO,3.63510712,8.696,13.251,7.482,11.943,0.86039558,0.90129047,92.55222525,83.64950316,59.83754513,92.55222525,83.64950316,59.83754513,92.55222525,0,0,2026-09-30 16:42:19,IMPULSE_5S,NO
2026-09-30 16:43:00,83700,-2,6,14.2,SELL,8.2,1.19708029,70.2970297,YES,0.10004889,0.89995111,CONTROL LIMIT BUY,NO,NO,1.36778639,2.356,3.481,-1.03,0.087,0.43718166,0.02499282,76.46001797,70.42380523,59.87376014,76.46001797,70.42380523,59.87376014,76.46001797,0,0,2026-09-30 16:43:27,IMPULSE_5S,NO
2026-09-30 16:44:00,83664.9,-35.1,1.3,12.1,SELL,10.8,1.43046358,90.29850746,YES,1.38020482,0,CONTROL MARKET SELL,NO,NO,2.75060282,4.406,8.762,3.35,7.522,0.76032683,0.8584798,88.82931189,51.8683274,35.34100974,88.82931189,51.8683274,35.34100974,88.82931189,0,0,2026-09-30 16:44:02,IMPULSE_5S,NO
2026-09-30 16:45:00,83688.9,24.1,15.1,6.7,BUY,8.4,1.09803922,69.26605505,YES,1.69630087,0,CONTROL MARKET BUY,NO,NO,1.74493243,0.246,6.224,0.054,1.9,0.2195122,0.30526992,81.52077807,55.56537102,39.66431095,81.52077807,55.56537102,39.66431095,81.52077807,0,0,2026-09-30 16:45:16,IMPULSE_5S,NO
2026-09-30 16:46:00,83710.6,21.6,5.3,0.8,BUY,4.5,0.57692308,86.8852459,YES,2.41776859,0,CONTROL MARKET BUY,NO,NO,0.19059066,0.667,0.985,0.317,0.023,0.47526237,0.02335025,37.37991266,2.87206266,9.9122807,37.37991266,2.87206266,9.9122807,37.37991266,0,0,2026-09-30 16:46:39,IMPULSE_5S,NO
2026-09-30 16:47:00,83719.2,8.6,5.3,0.4,BUY,4.9,0.64052288,92.98245614,YES,0.83112225,0,CONTROL MARKET BUY,NO,NO,0.52785678,1.096,2.366,-0.168,0.752,0.15328467,0.31783601,58.05892548,11.66810717,2.9386344,58.05892548,11.66810717,2.9386344,58.05892548,0,0,2026-09-30 16:47:37,IMPULSE_5S,NO
2026-09-30 16:48:00,83700.6,-18.6,19.8,15.4,BUY,4.4,0.58278146,56.25,YES,-2.40806756,1,CONTROL LIMIT SELL,NO,NO,3.56129322,1.398,9.956,-0.178,7.13,0.12732475,0.71615106,92.32758621,74.61406518,44.58762887,92.32758621,74.61406518,44.58762887,92.32758621,0,0,2026-09-30 16:48:17,IMPULSE_5S,NO
2026-09-30 16:49:00,83690.7,-9.8,5.4,5.9,SELL,0.5,0.06622517,52.21238938,NO,8.32359731,0,CONTROL UNCLEAR,NO,NO,3.08073897,4.386,6.193,-4.252,-2.445,0.96944824,0.39480058,90.70758738,54.42176871,49.10333049,90.70758738,54.42176871,49.10333049,90.70758738,0,0,2026-09-30 16:49:33,IMPULSE_5S,NO
2026-09-30 16:50:00,83713.3,22.6,11.4,9.7,BUY,1.7,0.25,54.02843602,NO,7.57815799,0,CONTROL UNCLEAR,NO,NO,1.40098255,0.111,2.641,0.045,0.823,0.40540541,0.31162438,76.94915254,41.64546226,27.26502964,76.94915254,41.64546226,27.26502964,76.94915254,0,0,2026-09-30 16:50:19,IMPULSE_5S,NO
2026-09-30 16:51:00,83689.1,-24.1,14.1,23.9,SELL,9.8,1.44117647,62.89473684,YES,1.04403288,0,CONTROL MARKET SELL,NO,NO,3.01207769,1.151,10.02,1.147,-3.918,0.99652476,0.39101796,90.67226891,73.15436242,43.44193818,90.67226891,73.15436242,43.44193818,90.67226891,0,0,2026-09-30 16:51:23,IMPULSE_5S,NO
2026-09-30 16:52:00,83704.5,15.4,12.8,7.5,BUY,5.3,0.70198675,63.05418719,YES,1.35678844,0,CONTROL MARKET BUY,NO,NO,1.42446773,3.388,3.994,3.286,3.892,0.96989374,0.97446169,77.76852623,35.29900332,31.88647746,77.76852623,35.29900332,31.88647746,77.76852623,0,0,2026-09-30 16:52:33,IMPULSE_5S,NO
2026-09-30 16:53:00,83696.4,-8.1,3.7,3.2,BUY,0.5,0.06622517,53.62318841,NO,-6.40347954,0,CONTROL UNCLEAR,NO,NO,1.20233859,2.896,4.224,0.488,-0.8,0.16850829,0.18939394,73.99176955,32.06296603,19.55445545,73.99176955,32.06296603,19.55445545,73.99176955,0,0,2026-09-30 16:53:56,IMPULSE_5S,NO
2026-09-30 16:54:00,83710.1,13.7,8.9,2.4,BUY,6.5,0.86092715,78.76106195,YES,0.83328253,0,CONTROL MARKET BUY,NO,NO,1.45872824,2.548,5.804,0.884,4.13,0.34693878,0.71157822,78.55973813,42.84546198,22.07686018,78.55973813,42.84546198,22.07686018,78.55973813,0,0,2026-09-30 16:54:42,IMPULSE_5S,NO
2026-09-30 16:55:00,83710.1,-0.1,2.3,1.6,BUY,0.7,0.1,58.97435897,YES,-0.06159485,1,CONTROL LIMIT SELL,NO,NO,0.27351005,1.079,1.336,0.685,0.538,0.63484708,0.40269461,45.24776604,22.51223491,12.13355049,45.24776604,22.51223491,12.13355049,45.24776604,0,0,2026-09-30 16:55:36,IMPULSE_5S,NO
2026-09-30 16:56:00,83715,4.9,6.2,2.7,BUY,3.5,0.58823529,69.66292135,YES,0.55331308,0,CONTROL MARKET BUY,NO,NO,0.92240364,2.146,2.691,-0.046,0.409,0.02143523,0.15198811,69.21221865,18.55421687,4.89959839,69.21221865,18.55421687,4.89959839,69.21221865,0,0,2026-09-30 16:56:58,IMPULSE_5S,NO
2026-09-30 16:57:00,83720,5,2.9,0.3,BUY,2.6,0.48598131,90.625,YES,0.91200336,0,CONTROL MARKET BUY,NO,NO,0.44154541,0.411,2.571,-0.411,-2.571,1,1,55.05617978,25.74178027,7.69847634,55.05617978,25.74178027,7.69847634,55.05617978,0,0,2026-09-30 16:57:14,IMPULSE_5S,NO
2026-09-30 16:58:00,83720,0.1,4.7,0.4,BUY,4.3,0.80373832,92.15686275,YES,0.01153511,0.98846489,CONTROL LIMIT SELL,NO,NO,0.89096416,2.171,3.648,-2.161,-3.638,0.99539383,0.99725877,68.89419252,24.96038035,8.61660079,68.89419252,24.96038035,8.61660079,68.89419252,0,0,2026-09-30 16:58:17,IMPULSE_5S,NO
2026-09-30 16:59:00,83720,0,5.2,8.1,SELL,2.9,0.54205607,60.90225564,YES,-0,1,CONTROL LIMIT BUY,NO,NO,2.1284357,3.714,5.806,3.714,1.622,1,0.27936617,86.1743912,37.59811617,22.60596546,86.1743912,37.59811617,22.60596546,86.1743912,0,0,2026-09-30 16:59:55,IMPULSE_5S,NO
2026-09-30 17:00:00,83731.1,11.1,16.3,8.5,BUY,7.8,1.52941176,65.72580645,YES,0.73991161,0,CONTROL MARKET BUY,NO,NO,2.41307564,4.446,9.751,-3.42,-8.725,0.76923077,0.89478002,87.92156863,74.08274785,57.29898517,87.92156863,74.08274785,57.29898517,87.92156863,0,0,2026-09-30 17:00:12,IMPULSE_5S,NO
2026-09-30 17:01:00,83717.1,-14.1,6.1,10,SELL,3.9,0.76470588,62.11180124,YES,1.46952438,0,CONTROL MARKET SELL,NO,NO,2.06493049,4.387,6.977,3.029,1.435,0.69044905,0.20567579,85.31468531,53.15175097,51.67315175,85.31468531,53.15175097,51.67315175,85.31468531,0,0,2026-09-30 17:01:27,IMPULSE_5S,NO
2026-09-30 17:02:00,83711.8,-5.3,4.7,5.7,SELL,1,0.21276596,54.80769231,NO,1.85615145,0,CONTROL UNCLEAR,NO,NO,3.65247019,4.516,8.867,-2.272,1.953,0.50310009,0.22025488,93.11678268,58.96445131,49.92272025,93.11678268,58.96445131,49.92272025,93.11678268,0,0,2026-09-30 17:02:02,IMPULSE_5S,NO
2026-09-30 17:03:00,83672,-39.9,29.6,18.2,BUY,11.4,2.56179775,61.92468619,YES,-1.99412411,1,CONTROL LIMIT SELL,NO,NO,7.72567114,15.559,18.539,12.201,15.109,0.78417636,0.81498463,97.10144928,89.71036585,76.29573171,97.10144928,89.71036585,76.29573171,97.10144928,1,0,2026-09-30 17:03:56,IMPULSE_5S,NO
2026-09-30 17:04:00,83678,5.9,17.3,27.8,SELL,10.5,2.35955056,61.64079823,YES,-0.17300909,1,CONTROL LIMIT BUY,NO,NO,1.6385582,2.92,14.513,2.92,9.745,1,0.67146696,82.16463415,90.78446306,79.65072134,82.16463415,90.78446306,79.65072134,90.78446306,0,0,2026-09-30 17:04:02,BURST_30S,NO
2026-09-30 17:05:00,83689.8,11.8,18.8,13.2,BUY,5.6,1.25842697,58.75,YES,1.20151704,0,CONTROL MARKET BUY,NO,NO,1.13014884,2.627,5.356,2.115,-0.482,0.80510088,0.08999253,73.71987952,43.03987961,22.56603774,73.71987952,43.03987961,22.56603774,73.71987952,0,0,2026-09-30 17:05:46,IMPULSE_5S,NO
2026-09-30 17:06:00,83616,-73.8,1.6,25,SELL,23.4,4.9787234,93.98496241,YES,0.97065076,0,CONTROL MARKET SELL,NO,NO,2.03747302,3.155,8.462,-0.665,-3.666,0.21077655,0.43323091,85.41353383,60.69017254,43.43585896,85.41353383,60.69017254,43.43585896,85.41353383,0,0,2026-09-30 17:06:07,IMPULSE_5S,NO
2026-09-30 17:07:00,83553.8,-62.2,35.5,150.2,SELL,114.7,24.40425532,80.88314486,YES,0.16968212,0.83031788,CONTROL LIMIT BUY,YES,NO,12.29563725,9.303,42.635,7.155,-13.963,0.76910674,0.32750088,98.28486204,96.35958395,95.03335804,98.28486204,96.35958395,95.03335804,98.28486204,7,0,2026-09-30 17:07:11,IMPULSE_5S,NO
2026-09-30 17:08:00,83571.2,17.4,23.1,46.2,SELL,23.1,4.52941176,66.66666667,YES,-0.23961247,1,CONTROL LIMIT BUY,NO,NO,5.1540978,8.553,14.429,4.323,8.891,0.50543669,0.61618962,94.9889462,72.92899408,95.03703704,94.9889462,72.92899408,95.03703704,95.03703704,1,0,2026-09-30 17:08:04,BURST_60S,NO
2026-09-30 17:09:00,83569.9,-1.2,5.2,27.8,SELL,22.6,4.43137255,84.24242424,YES,0.0168836,0.9831164,CONTROL LIMIT BUY,NO,NO,3.06199276,5.444,15.928,5.258,15.742,0.96583395,0.98832245,91.53789551,90.74889868,83.1625183,91.53789551,90.74889868,83.1625183,91.53789551,0,0,2026-09-30 17:09:12,IMPULSE_5S,NO
2026-09-30 17:10:00,83603.8,33.9,13.9,4.7,BUY,9.2,1.68807339,74.7311828,YES,1.92274643,0,CONTROL MARKET BUY,NO,NO,0.91389599,2.339,3.94,-1.551,-3.152,0.66310389,0.8,70.38657914,28.99709302,71.09489051,70.38657914,28.99709302,71.09489051,71.09489051,0,0,2026-09-30 17:10:09,BURST_60S,NO
2026-09-30 17:11:00,83616.1,12.2,8.5,10.1,SELL,1.6,0.29357798,54.30107527,NO,-3.10873494,0,CONTROL UNCLEAR,NO,NO,0.95710135,3.977,7.564,1.351,2.98,0.33970329,0.39397144,71.83200579,49.96389892,34.89545782,71.83200579,49.96389892,34.89545782,71.83200579,0,0,2026-09-30 17:11:24,IMPULSE_5S,NO
2026-09-30 17:12:00,83633.9,17.8,4.7,3,BUY,1.7,0.31192661,61.03896104,YES,4.97734348,0,CONTROL MARKET BUY,NO,NO,1.05198827,1.763,3.962,1.319,3.3,0.74815655,0.83291267,72.91666667,44.85241181,37.86897048,72.91666667,44.85241181,37.86897048,72.91666667,0,0,2026-09-30 17:12:34,IMPULSE_5S,NO
2026-09-30 17:13:00,83669.7,35.9,6.2,1.3,BUY,4.9,0.96078431,82.66666667,YES,3.48098524,0,CONTROL MARKET BUY,NO,NO,2.3121796,3.632,4.548,2.498,3.414,0.68777533,0.75065963,88.0512091,39.5167022,16.77327647,88.0512091,39.5167022,16.77327647,88.0512091,0,0,2026-09-30 17:13:59,IMPULSE_5S,NO
2026-09-30 17:14:00,83691.1,21.5,8,10,SELL,2,0.40816327,55.55555556,YES,-3.83316183,1,CONTROL LIMIT BUY,NO,NO,0.88662288,2.669,7.632,-1.169,3.794,0.43799176,0.4971174,70.21276596,52.51594614,35.66384181,70.21276596,52.51594614,35.66384181,70.21276596,0,0,2026-09-30 17:14:27,IMPULSE_5S,NO
2026-09-30 17:15:00,83709.5,18.5,11.3,4.7,BUY,6.6,1.40425532,70.625,YES,1.32983844,0,CONTROL MARKET BUY,NO,NO,1.54658499,1.917,5.9,-1.139,2.844,0.59415754,0.4820339,81.01623147,55.09486999,35.65400844,81.01623147,55.09486999,35.65400844,81.01623147,0,0,2026-09-30 17:15:14,IMPULSE_5S,NO
2026-09-30 17:16:00,83709.4,0,4.7,12.7,SELL,8,1.70212766,72.98850575,YES,-0,1,CONTROL LIMIT BUY,NO,NO,3.09411368,5.153,9.401,1.281,-2.703,0.24859305,0.2875226,91.85964912,55.18934081,46.68989547,91.85964912,55.18934081,46.68989547,91.85964912,0,0,2026-09-30 17:16:02,IMPULSE_5S,NO
2026-09-30 17:17:00,83715.8,6.5,9.5,2.9,BUY,6.6,1.34693878,76.61290323,YES,0.46707807,0.53292193,CONTROL LIMIT SELL,NO,NO,2.40933972,0.988,5.818,-0.442,4.178,0.44736842,0.71811619,88.71080139,66.71309192,49.19972164,88.71080139,66.71309192,49.19972164,88.71080139,0,0,2026-09-30 17:17:05,IMPULSE_5S,NO
2026-09-30 17:18:00,83696.6,-19.2,17,35.4,SELL,18.4,3.60784314,67.55725191,YES,0.4242926,0.5757074,CONTROL LIMIT BUY,NO,NO,12.82471128,17.315,22.173,15.735,10.999,0.90874964,0.49605376,98.48380427,93.18181818,84.3083276,98.48380427,93.18181818,84.3083276,98.48380427,1,0,2026-09-30 17:18:49,IMPULSE_5S,NO
2026-09-30 17:19:00,83699.9,3.3,4.3,4.5,SELL,0.2,0.03669725,51.13636364,NO,-9.42531793,0,CONTROL UNCLEAR,NO,NO,0.88774636,1.012,3.386,-0.792,-2.892,0.7826087,0.85410514,70.92783505,91.68956044,86.89087165,70.92783505,91.68956044,86.89087165,91.68956044,0,0,2026-09-30 17:19:17,BURST_30S,NO
2026-09-30 17:20:00,83693.4,-6.5,4.7,6.2,SELL,1.5,0.27522936,56.88073394,YES,2.47514084,0,CONTROL MARKET SELL,NO,NO,0.72187929,1.992,4.579,1.796,0.993,0.90160643,0.21685958,67.64505119,29.65235174,18.07065217,67.64505119,29.65235174,18.07065217,67.64505119,0,0,2026-09-30 17:20:20,IMPULSE_5S,NO
2026-09-30 17:21:00,83695,1.6,3.7,0.9,BUY,2.8,0.51376147,80.43478261,YES,0.27111091,0.72888909,CONTROL LIMIT SELL,NO,NO,0.61559618,1.484,2.537,-1.478,-1.937,0.99595687,0.7635002,64.5030426,29.3957909,17.04005431,64.5030426,29.3957909,17.04005431,64.5030426,0,0,2026-09-30 17:21:51,IMPULSE_5S,NO
2026-09-30 17:22:00,83710.1,15.1,5.6,0.7,BUY,4.9,0.96078431,88.88888889,YES,1.4621374,0,CONTROL MARKET BUY,NO,NO,0.98396374,1.229,1.497,-1.229,-1.349,1,0.9011356,73.06397306,15.18218623,7.80619112,73.06397306,15.18218623,7.80619112,73.06397306,0,0,2026-09-30 17:22:29,IMPULSE_5S,NO
2026-09-30 17:23:00,83733.3,23.2,7.8,14.6,SELL,6.8,1.3877551,65.17857143,YES,-1.62514804,1,CONTROL LIMIT BUY,NO,NO,1.20906584,2.474,4.449,-2.274,-4.249,0.91915926,0.95504608,76.80481283,43.92523364,17.87858572,76.80481283,43.92523364,17.87858572,76.80481283,0,0,2026-09-30 17:23:39,IMPULSE_5S,NO
2026-09-30 17:24:00,83736.2,3,4.6,1.1,BUY,3.5,0.66666667,80.70175439,YES,0.40631624,0.59368376,CONTROL LIMIT SELL,NO,NO,2.29252401,0.648,4.446,0.592,2.142,0.91358025,0.48178138,88.46666667,55.69620253,35.97601599,88.46666667,55.69620253,35.97601599,88.46666667,0,0,2026-09-30 17:24:02,IMPULSE_5S,NO
2026-09-30 17:25:00,83768.7,32.5,42.7,23,BUY,19.7,4.02040816,64.99238965,YES,0.85743369,0,CONTROL MARKET BUY,NO,NO,4.97979266,9.588,17.707,-8.396,-16.345,0.87567793,0.92308127,95.51746869,79.47194719,78.12911726,95.51746869,79.47194719,78.12911726,95.51746869,1,0,2026-09-30 17:25:58,IMPULSE_5S,NO
2026-09-30 17:26:00,83779.7,11,24.4,3.9,BUY,20.5,3.9047619,86.21908127,YES,0.30005568,0.69994432,CONTROL LIMIT SELL,NO,NO,3.49106383,8.433,15.568,-7.247,-14.382,0.85936203,0.92381809,93.38138925,78.8676761,78.93350889,93.38138925,78.8676761,78.93350889,93.38138925,0,0,2026-09-30 17:26:56,IMPULSE_5S,NO
2026-09-30 17:27:00,83774,-5.7,10.4,6.3,BUY,4.1,0.67213115,62.2754491,YES,-0.77721286,1,CONTROL LIMIT SELL,NO,NO,2.21790219,2.267,5.299,-0.779,1.691,0.34362594,0.31911681,88.22759974,75.49019608,59.66057441,88.22759974,75.49019608,59.66057441,88.22759974,0,0,2026-09-30 17:27:15,IMPULSE_5S,NO
2026-09-30 17:28:00,83775.8,1.8,13.8,4.9,BUY,8.9,1.45901639,73.79679144,YES,0.12248231,0.87751769,CONTROL LIMIT SELL,NO,NO,0.92071392,2.08,4.612,1.516,3.882,0.72884615,0.84171726,72.37354086,36.15084525,34.56790123,72.37354086,36.15084525,34.56790123,72.37354086,0,0,2026-09-30 17:28:36,IMPULSE_5S,NO
2026-09-30 17:29:00,83789.2,13.5,34.6,23.8,BUY,10.8,1.63636364,59.24657534,YES,0.75697798,0,CONTROL MARKET BUY,NO,NO,3.8055702,4.381,17.704,-4.285,-13.718,0.97808719,0.77485314,94.25064599,92.13917526,80.6056701,94.25064599,92.13917526,80.6056701,94.25064599,0,0,2026-09-30 17:29:16,IMPULSE_5S,NO
2026-09-30 17:30:00,83793.8,4.6,18.4,16.2,BUY,2.2,0.32835821,53.17919075,NO,1.35893961,0,CONTROL UNCLEAR,NO,NO,4.74251497,3.643,15.445,1.881,-9.783,0.51633269,0.63340887,95.49839228,87.94871795,89.72382787,95.49839228,87.94871795,89.72382787,95.49839228,1,0,2026-09-30 17:30:00,IMPULSE_5S,NO
2026-09-30 17:31:00,83800.1,6.3,24.7,12.2,BUY,12.5,1.89393939,66.93766938,YES,0.30508168,0.69491832,CONTROL LIMIT SELL,NO,NO,3.59283561,2.924,8.225,1.436,-2.537,0.49110807,0.30844985,94.05750799,66.02809706,70.24265645,94.05750799,66.02809706,70.24265645,94.05750799,0,0,2026-09-30 17:31:05,IMPULSE_5S,NO
2026-09-30 17:32:00,83785,-15,6.6,20.8,SELL,14.2,2.11940299,75.91240876,YES,1.01029065,0,CONTROL MARKET SELL,NO,NO,2.19465649,5.019,9.696,5.019,4.266,1,0.43997525,88.38095238,56.58227848,55.39340102,88.38095238,56.58227848,55.39340102,88.38095238,0,0,2026-09-30 17:32:03,IMPULSE_5S,NO
2026-09-30 17:33:00,83800,15.1,16.8,17.8,SELL,1,0.13513514,51.44508671,NO,-14.3730202,0,CONTROL UNCLEAR,NO,NO,3.02606635,1.166,10.014,0.696,1.882,0.59691252,0.18793689,92.37074401,83.67989918,70.95148078,92.37074401,83.67989918,70.95148078,92.37074401,0,0,2026-09-30 17:33:19,IMPULSE_5S,NO
2026-09-30 17:34:00,83800,0,3.1,2.1,BUY,1,0.14925373,59.61538462,YES,0,1,CONTROL LIMIT SELL,NO,NO,1.00502948,1.687,2.607,-1.643,-0.879,0.9739182,0.33716916,74.07639324,26.98313554,42.78544542,74.07639324,26.98313554,42.78544542,74.07639324,0,0,2026-09-30 17:34:29,IMPULSE_5S,NO
2026-09-30 17:35:00,83794.6,-5.4,2.1,17,SELL,14.9,2.25757576,89.0052356,YES,0.34484351,0.65515649,CONTROL LIMIT BUY,NO,NO,5.45068749,7.771,8.211,6.291,5.871,0.80954832,0.71501644,95.95519602,71.58808933,42.67990074,95.95519602,71.58808933,42.67990074,95.95519602,1,0,2026-09-30 17:35:33,IMPULSE_5S,NO
2026-09-30 17:36:00,83800.1,5.5,16.5,4.1,BUY,12.4,1.85074627,80.09708738,YES,0.35467866,0.64532134,CONTROL LIMIT SELL,NO,NO,3.46524432,5.756,6.409,-2.486,-2.019,0.43189715,0.31502575,93.58420728,71.60570366,42.85714286,93.58420728,71.60570366,42.85714286,93.58420728,0,0,2026-09-30 17:36:56,IMPULSE_5S,NO
2026-09-30 17:37:00,83795.8,-4.2,22.9,20,BUY,2.9,0.43283582,53.37995338,NO,-1.2944273,0,CONTROL UNCLEAR,NO,NO,11.22037496,9.146,23.899,8.92,23.673,0.97528974,0.99054354,98.4,93.56223176,89.93865031,98.4,93.56223176,89.93865031,98.4,2,0,2026-09-30 17:37:24,IMPULSE_5S,NO
2026-09-30 17:38:00,83795.8,0.1,7.9,0.3,BUY,7.6,1.15151515,96.34146341,YES,0.01176135,0.98823865,CONTROL LIMIT SELL,NO,NO,1.0984519,2.728,4.172,0.448,-0.486,0.16422287,0.11649089,75.50397068,75.50520514,86.89528475,75.50397068,75.50520514,86.89528475,86.89528475,0,0,2026-09-30 17:38:10,BURST_60S,NO
2026-09-30 17:39:00,83774,-21.8,4.7,18.8,SELL,14.1,2.13636364,80,YES,1.47885072,0,CONTROL MARKET SELL,NO,NO,2.34263959,8.406,10.677,-1.534,-3.805,0.1824887,0.35637351,89.05109489,75.07580352,60.15767132,89.05109489,75.07580352,60.15767132,89.05109489,0,0,2026-09-30 17:39:25,IMPULSE_5S,NO
2026-09-30 17:40:00,83793.3,19.2,8.4,2.6,BUY,5.8,0.87878788,76.36363636,YES,3.35607527,0,CONTROL MARKET BUY,NO,NO,1.57650826,3.791,4.877,-3.791,-3.923,1,0.80438794,82.70858525,60.38764385,57.92978208,82.70858525,60.38764385,57.92978208,82.70858525,0,0,2026-09-30 17:40:29,IMPULSE_5S,NO
2026-09-30 17:41:00,83796.8,3.5,14.1,7.8,BUY,6.3,1.01612903,64.38356164,YES,0.56297214,0,CONTROL MARKET BUY,NO,NO,3.03038194,7.031,8.267,3.059,2.407,0.43507325,0.29115761,92.43697479,67.88496105,42.9598562,92.43697479,67.88496105,42.9598562,92.43697479,0,0,2026-09-30 17:41:43,IMPULSE_5S,NO
2026-09-30 17:42:00,83797.7,1,17.9,4.2,BUY,13.7,2.12403101,80.99547511,YES,0.07910989,0.92089011,CONTROL LIMIT SELL,NO,NO,2.0047896,2.113,6.857,-2.113,-4.401,1,0.64182587,86.57878969,76.28742515,61.78229665,86.57878969,76.28742515,61.78229665,86.57878969,0,0,2026-09-30 17:42:10,IMPULSE_5S,NO
2026-09-30 17:43:00,83758.9,-38.9,29.7,26.2,BUY,3.5,0.53030303,53.13059034,NO,-15.53010912,0,CONTROL UNCLEAR,NO,NO,10.23496405,14.239,17.978,-9.109,-6.34,0.63972189,0.35265324,98.3353151,91.92878338,80.66429419,98.3353151,91.92878338,80.66429419,98.3353151,1,0,2026-09-30 17:43:27,IMPULSE_5S,NO
2026-09-30 17:44:00,83775.2,16.2,14.6,5,BUY,9.6,1.45454545,74.48979592,YES,2.94850104,0,CONTROL MARKET BUY,NO,NO,2.84749035,1.574,9.259,-1.542,-9.099,0.97966963,0.98271952,91.77514793,77.03659976,85.63829787,91.77514793,77.03659976,85.63829787,91.77514793,0,0,2026-09-30 17:44:15,IMPULSE_5S,NO
2026-09-30 17:45:00,83771.4,-3.8,5,1.7,BUY,3.3,0.49253731,74.62686567,YES,-1.60989256,1,CONTROL LIMIT SELL,NO,NO,0.61872025,1.463,2.949,1.007,0.151,0.68831169,0.0512038,65.47058824,26.17370892,51.91288994,65.47058824,26.17370892,51.91288994,65.47058824,0,0,2026-09-30 17:45:21,IMPULSE_5S,NO
2026-09-30 17:46:00,83760.2,-11.1,8.6,43.4,SELL,34.8,5.19402985,83.46153846,YES,0.30216096,0.69783904,CONTROL LIMIT BUY,NO,NO,5.12796127,12.026,12.606,11.91,11.33,0.99035423,0.89877836,95.84795322,86.82983683,66.25874126,95.84795322,86.82983683,66.25874126,95.84795322,2,0,2026-09-30 17:46:28,IMPULSE_5S,NO
2026-09-30 17:47:00,83750.1,-10.1,1.7,13.7,SELL,12,1.79104478,88.96103896,YES,0.80161773,0,CONTROL MARKET SELL,NO,NO,1.11006343,2.068,3.663,-1.168,-2.407,0.56479691,0.65711166,76.4090645,65.11357018,70.93023256,76.4090645,65.11357018,70.93023256,76.4090645,0,0,2026-09-30 17:47:37,IMPULSE_5S,NO
2026-09-30 17:48:00,83738.5,-11.6,19.7,18.4,BUY,1.3,0.18055556,51.70603675,NO,-15.83248424,0,CONTROL UNCLEAR,NO,NO,3.67702287,4.759,9.501,-2.211,2.253,0.4645934,0.23713293,94.61805556,73.29873126,52.21902017,94.61805556,73.29873126,52.21902017,94.61805556,0,0,2026-09-30 17:48:23,IMPULSE_5S,NO
2026-09-30 17:49:00,83724.8,-13.7,9.2,19.7,SELL,10.5,1.60305344,68.16608997,YES,1.37631752,0,CONTROL MARKET SELL,NO,NO,5.98355038,11.349,13.097,5.325,6.993,0.46920434,0.53393907,96.49425287,85.77981651,72.78989667,96.49425287,85.77981651,72.78989667,96.49425287,1,0,2026-09-30 17:49:35,IMPULSE_5S,NO
2026-09-30 17:50:00,83709.2,-15.5,2.9,15.1,SELL,12.2,1.69444444,83.88888889,YES,1.20489663,0,CONTROL MARKET SELL,NO,NO,2.10521693,5.528,7.026,1.136,2.634,0.20549928,0.37489325,88.11428571,61.32344552,68.13753582,88.11428571,61.32344552,68.13753582,88.11428571,0,0,2026-09-30 17:50:42,IMPULSE_5S,NO
2026-09-30 17:51:00,83676.7,-32.5,12.1,19.7,SELL,7.6,0.92121212,61.94968553,YES,4.0570327,0,CONTROL MARKET SELL,NO,NO,1.19678578,2.782,3.721,-2.654,-3.513,0.95398994,0.94410105,78.11256396,56.21436716,38.57954545,78.11256396,56.21436716,38.57954545,78.11256396,0,0,2026-09-30 17:51:38,IMPULSE_5S,NO
2026-09-30 17:52:00,83712.8,36,16.9,5.9,BUY,11,1.33333333,74.12280702,YES,5.90732388,0,CONTROL MARKET BUY,NO,NO,3.71026895,4.127,13.812,3.885,10.956,0.94136176,0.79322328,94.62061155,80.83663086,70.85682074,94.62061155,80.83663086,70.85682074,94.62061155,0,0,2026-09-30 17:52:18,IMPULSE_5S,NO
2026-09-30 17:53:00,83689.9,-22.9,9.4,22.1,SELL,12.7,1.37297297,70.15873016,YES,1.55158263,0,CONTROL MARKET SELL,NO,NO,3.68993733,2.846,11.221,2.49,2.387,0.87491216,0.21272614,94.64487035,76.2521103,70.87323944,94.64487035,76.2521103,70.87323944,94.64487035,0,0,2026-09-30 17:53:13,IMPULSE_5S,NO
2026-09-30 17:54:00,83694.1,4.2,10.3,3.8,BUY,6.5,0.64676617,73.04964539,YES,1.16595269,0,CONTROL MARKET BUY,NO,NO,1.97001034,2.757,5.605,2.651,5.499,0.96155241,0.98108831,86.65919283,61.43096702,44.12751678,86.65919283,61.43096702,44.12751678,86.65919283,0,0,2026-09-30 17:54:15,IMPULSE_5S,NO
2026-09-30 17:55:00,83667.9,-26.1,6.9,11.3,SELL,4.4,0.43781095,62.08791209,YES,4.67234082,0,CONTROL MARKET SELL,NO,NO,2.48753653,2.78,7.175,2.354,6.749,0.84676259,0.94062718,90.3567447,62.55555556,42.50696379,90.3567447,62.55555556,42.50696379,90.3567447,0,0,2026-09-30 17:55:17,IMPULSE_5S,NO
2026-09-30 17:56:00,83696.4,28.5,4.9,1.9,BUY,3,0.32432432,72.05882353,YES,17.44417561,0,CONTROL MARKET BUY,NO,NO,0.53550346,1.245,2.593,0.629,-0.553,0.50522088,0.21326649,63.22473771,36.36363636,38.78116343,63.22473771,36.36363636,38.78116343,63.22473771,0,0,2026-09-30 17:56:57,IMPULSE_5S,NO
2026-09-30 17:57:00,83666,-30.5,2.6,9.9,SELL,7.3,0.88484848,79.2,YES,3.24752186,0,CONTROL MARKET SELL,NO,NO,2.85152913,4.054,4.322,4.054,4.056,1,0.93845442,92.03734212,48.62788145,19.15477497,92.03734212,48.62788145,19.15477497,92.03734212,0,0,2026-09-30 17:57:59,IMPULSE_5S,NO
2026-09-30 17:58:00,83670.1,4.1,23.5,12.5,BUY,11,1.33333333,65.27777778,YES,0.62139146,0,CONTROL MARKET BUY,NO,NO,9.1489179,11.715,16.979,-9.591,-4.327,0.81869398,0.25484422,98.19178082,92.27820372,78.48170399,98.19178082,92.27820372,78.48170399,98.19178082,1,0,2026-09-30 17:58:25,IMPULSE_5S,NO
2026-09-30 17:59:00,83648,-22,6,21.1,SELL,15.1,1.75581395,77.8597786,YES,1.11847243,0,CONTROL MARKET SELL,NO,NO,6.39010316,2.713,14.284,2.657,11.022,0.97935864,0.7716326,96.88864629,87.45910578,87.73173391,96.88864629,87.45910578,87.73173391,96.88864629,1,0,2026-09-30 17:59:15,IMPULSE_5S,NO
2026-09-30 18:00:00,83678.9,31,47.1,24.8,BUY,22.3,2.59302326,65.50764951,YES,2.5109487,0,CONTROL MARKET BUY,NO,NO,3.97266237,5.61,17.477,3.54,-2.743,0.63101604,0.15694913,95.00542888,90.89430894,80.68181818,95.00542888,90.89430894,80.68181818,95.00542888,1,0,2026-09-30 18:00:19,IMPULSE_5S,NO
2026-09-30 18:01:00,83678.9,0,24.8,7.3,BUY,17.5,1.74129353,77.25856698,YES,0,1,CONTROL LIMIT SELL,NO,NO,2.75464472,2.421,11.839,0.275,7.751,0.11358943,0.65470057,91.45945946,85.30524041,82.10810811,91.45945946,85.30524041,82.10810811,91.45945946,0,0,2026-09-30 18:01:14,IMPULSE_5S,NO
2026-09-30 18:02:00,83709.7,30.8,11.5,18.8,SELL,7.3,0.72636816,62.04620462,YES,-3.05718836,1,CONTROL LIMIT BUY,NO,NO,2.69119153,5.844,10.677,-3.244,1.561,0.55509925,0.14620212,91.35338346,78.71313673,71.4516129,91.35338346,78.71313673,71.4516129,91.35338346,0,0,2026-09-30 18:02:30,IMPULSE_5S,NO
2026-09-30 18:03:00,83716.2,6.6,30.8,15,BUY,15.8,1.8372093,67.2489083,YES,0.64616954,0,CONTROL MARKET BUY,NO,NO,5.66683613,9.82,19.444,4.768,14.086,0.48553971,0.72443942,96.53518124,84.71405665,83.32445392,96.53518124,84.71405665,83.32445392,96.53518124,1,0,2026-09-30 18:03:59,IMPULSE_5S,NO
2026-09-30 18:04:00,83690.2,-26.1,5.5,6.7,SELL,1.2,0.11940299,54.91803279,NO,14.91190109,0,CONTROL UNCLEAR,NO,NO,1.45274312,3.055,10.236,2.629,9.73,0.86055646,0.95056663,82.1466525,78.5942492,80.45793397,82.1466525,78.5942492,80.45793397,82.1466525,0,0,2026-09-30 18:04:40,IMPULSE_5S,NO
2026-09-30 18:05:00,83672.5,-17.7,15.7,4.6,BUY,11.1,1.10447761,77.33990148,YES,-2.6568877,1,CONTROL LIMIT SELL,NO,NO,2.11225436,1.533,6.655,0.913,6.007,0.59556425,0.9026296,88.34745763,65.73389652,46.90312335,88.34745763,65.73389652,46.90312335,88.34745763,0,0,2026-09-30 18:05:16,IMPULSE_5S,NO
2026-09-30 18:06:00,83660.1,-12.3,18.6,12.2,BUY,6.4,0.63681592,60.38961039,YES,-3.2035596,1,CONTROL LIMIT SELL,NO,NO,2.11192255,5.08,5.814,4.5,3.854,0.88582677,0.6628827,88.36229595,58.84514436,38.30347734,88.36229595,58.84514436,38.30347734,88.36229595,0,0,2026-09-30 18:06:28,IMPULSE_5S,NO
2026-09-30 18:07:00,83645.3,-14.8,9.4,34.3,SELL,24.9,2.89534884,78.48970252,YES,0.39655508,0.60344492,CONTROL LIMIT BUY,NO,NO,5.94726234,1.177,21.436,-0.389,5.126,0.33050127,0.23913043,96.74540682,94.18238994,89.68046097,96.74540682,94.18238994,89.68046097,96.74540682,2,0,2026-09-30 18:07:03,IMPULSE_5S,NO
2026-09-30 18:08:00,83609.9,-35.4,61.3,16.3,BUY,45,4.47761194,78.99484536,YES,-1.21875897,1,CONTROL LIMIT SELL,NO,NO,11.46093349,16.381,35.428,-14.495,-31.142,0.88486661,0.87902224,98.5915493,96.92868298,94.69578783,98.5915493,96.92868298,94.69578783,98.5915493,5,0,2026-09-30 18:08:27,IMPULSE_5S,NO
2026-09-30 18:09:00,83631.8,22,27.8,10.3,BUY,17.5,1.62790698,72.96587927,YES,1.23625872,0,CONTROL MARKET BUY,NO,NO,4.56100051,9.622,13.908,8.302,4.016,0.86281438,0.28875467,95.74688797,85.8104609,95.01557632,95.74688797,85.8104609,95.01557632,95.74688797,2,0,2026-09-30 18:09:32,IMPULSE_5S,NO
2026-09-30 18:10:00,83617.1,-14.7,6.1,4.8,BUY,1.3,0.12093023,55.96330275,YES,-8.99002359,1,CONTROL LIMIT SELL,NO,NO,1.79794521,1.408,4.445,-1.142,1.895,0.81107955,0.42632171,86.0320745,86.76318511,73.57807653,86.0320745,86.76318511,73.57807653,86.76318511,0,0,2026-09-30 18:10:01,BURST_30S,NO
2026-09-30 18:11:00,83596.7,-20.4,5.2,16.1,SELL,10.9,1.01395349,75.58685446,YES,1.35812497,0,CONTROL MARKET SELL,NO,NO,0.9472959,1.777,2.492,-1.777,-1.842,1,0.73916533,74.44843509,19.37467965,18.83685023,74.44843509,19.37467965,18.83685023,74.44843509,0,0,2026-09-30 18:11:48,IMPULSE_5S,NO
2026-09-30 18:12:00,83625.2,28.5,9.4,7.4,BUY,2,0.1826484,55.95238095,YES,11.33878012,0,CONTROL MARKET BUY,NO,NO,6.85134205,4.708,13.789,-0.922,5.925,0.19583687,0.42969033,97.33470015,84.925907,74.59183673,97.33470015,84.925907,74.59183673,97.33470015,1,0,2026-09-30 18:12:00,IMPULSE_5S,NO
2026-09-30 18:13:00,83666,40.9,45.8,66.7,SELL,20.9,1.95327103,59.28888889,YES,-1.34461368,1,CONTROL LIMIT BUY,NO,NO,13.40323594,16.372,39.347,13.82,26.537,0.84412411,0.67443515,98.8809766,97.10659898,95.79107505,98.8809766,97.10659898,95.79107505,98.8809766,7,0,2026-09-30 18:13:28,IMPULSE_5S,NO
2026-09-30 18:14:00,83653.8,-12.2,17,26.6,SELL,9.6,0.87671233,61.00917431,YES,0.87233719,0,CONTROL MARKET SELL,NO,NO,3.45353794,6.987,13.905,2.453,9.307,0.35108058,0.66932758,93.83527034,92.70146984,96.20253165,93.83527034,92.70146984,96.20253165,96.20253165,2,0,2026-09-30 18:14:16,BURST_60S,NO
2026-09-30 18:15:00,83638.6,-15.2,17.9,11,BUY,6.9,0.63013699,61.93771626,YES,-1.66332003,1,CONTROL LIMIT SELL,NO,NO,2.61843899,6.549,6.925,-2.749,-2.865,0.41975874,0.41371841,91.19275289,67.45354093,68.77828054,91.19275289,67.45354093,68.77828054,91.19275289,0,0,2026-09-30 18:15:32,IMPULSE_5S,NO
2026-09-30 18:16:00,83687.1,48.6,41.3,29.7,BUY,11.6,1.05936073,58.16901408,YES,3.16459747,0,CONTROL MARKET BUY,NO,NO,2.42876998,7.38,8.56,-4.684,-5.864,0.63468835,0.68504673,90.19019019,70.96451774,47.47626187,90.19019019,70.96451774,47.47626187,90.19019019,0,0,2026-09-30 18:16:44,IMPULSE_5S,NO
2026-09-30 18:17:00,83677.1,-10,8.1,10.8,SELL,2.7,0.24657534,57.14285714,YES,2.54104879,0,CONTROL MARKET SELL,NO,NO,0.34503737,0.682,3.149,-0.232,2.131,0.34017595,0.67672277,54.91762356,67.98201798,51.04790419,54.91762356,67.98201798,51.04790419,67.98201798,0,0,2026-09-30 18:17:02,BURST_30S,NO
2026-09-30 18:18:00,83677.5,0.5,15.8,9.5,BUY,6.3,0.58878505,62.45059289,YES,0.05705195,0.94294805,CONTROL LIMIT SELL,NO,NO,3.38646101,4.77,5.481,4.076,4.437,0.85450734,0.80952381,93.65708622,58.98959881,27.73650322,93.65708622,58.98959881,27.73650322,93.65708622,0,0,2026-09-30 18:18:49,IMPULSE_5S,NO
2026-09-30 18:19:00,83694,16.5,15,1.3,BUY,13.7,1.28037383,92.02453988,YES,0.90886348,0,CONTROL MARKET BUY,NO,NO,3.17264574,7.029,7.322,6.999,7.21,0.99573197,0.98470363,93.33333333,69.78807294,63.70808679,93.33333333,69.78807294,63.70808679,93.33333333,0,0,2026-09-30 18:19:30,IMPULSE_5S,NO
2026-09-30 18:20:00,83687.6,-6.5,14.4,7.8,BUY,6.6,0.60273973,64.86486486,YES,-0.78182485,1,CONTROL LIMIT SELL,NO,NO,6.15364447,1.465,10.643,1.465,9.663,1,0.9079207,96.8503937,81.86732187,77.58112094,96.8503937,81.86732187,77.58112094,96.8503937,1,0,2026-09-30 18:20:16,IMPULSE_5S,NO
2026-09-30 18:21:00,83708.4,20.7,110,50.2,BUY,59.8,5.83414634,68.66416979,YES,0.27483728,0.72516272,CONTROL LIMIT SELL,NO,NO,11.98082796,27.618,31.422,-12.568,-16.214,0.45506554,0.51600789,98.77750611,96.3902439,93.95121951,98.77750611,96.3902439,93.95121951,98.77750611,4,0,2026-09-30 18:21:33,IMPULSE_5S,NO
2026-09-30 18:22:00,83702.1,-6.4,5.8,2,BUY,3.8,0.34703196,74.35897436,YES,-1.36628614,1,CONTROL LIMIT SELL,NO,NO,1.96483441,3.214,7.499,2.902,1.245,0.9029247,0.16602214,86.99464199,95.95319356,94.44444444,86.99464199,95.95319356,94.44444444,95.95319356,1,0,2026-09-30 18:22:02,BURST_30S,NO
2026-09-30 18:23:00,83723.4,21.4,12.4,1.5,BUY,10.9,1.06341463,89.20863309,YES,1.62918207,0,CONTROL MARKET BUY,NO,NO,0.98346538,1.328,2.625,1.294,1.223,0.97439759,0.46590476,75.33914729,21.49080348,21.99029126,75.33914729,21.49080348,21.99029126,75.33914729,0,0,2026-09-30 18:23:37,IMPULSE_5S,NO
2026-09-30 18:24:00,83723.3,-0.2,13.5,14.6,SELL,1.1,0.10731707,51.95729537,NO,0.09690119,0,CONTROL UNCLEAR,NO,NO,3.61275588,3.524,9.163,-0.562,-3.465,0.15947787,0.37815126,94.59198455,67.26047183,51.37085137,94.59198455,67.26047183,51.37085137,94.59198455,0,0,2026-09-30 18:24:18,IMPULSE_5S,NO
2026-09-30 18:25:00,83721,-2.3,7.8,7.3,BUY,0.5,0.04878049,51.65562914,NO,-3.6491767,0,CONTROL UNCLEAR,NO,NO,3.46166033,7.916,9.172,6.638,7.894,0.83855483,0.86066289,93.86385427,74.38966012,59.12793483,93.86385427,74.38966012,59.12793483,93.86385427,0,0,2026-09-30 18:25:47,IMPULSE_5S,NO
2026-09-30 18:26:00,83724.2,3.2,14,3.1,BUY,10.9,1.06341463,81.87134503,YES,0.232908,0.767092,CONTROL LIMIT SELL,NO,NO,0.52144659,0.806,1.102,0.524,0.406,0.65012407,0.36842105,63.02480916,61.83644189,46.50717703,63.02480916,61.83644189,46.50717703,63.02480916,0,0,2026-09-30 18:26:53,IMPULSE_5S,NO
2026-09-30 18:27:00,83718.6,-5.7,1.9,2.1,SELL,0.2,0.01834862,52.5,NO,17.09039434,0,CONTROL UNCLEAR,NO,NO,0.27795786,0.439,0.906,0.285,0.752,0.64920273,0.83002208,51.38226883,10.33825631,2.2317189,51.38226883,10.33825631,2.2317189,51.38226883,0,0,2026-09-30 18:27:05,IMPULSE_5S,NO
2026-09-30 18:28:00,83647.6,-71,56.9,147.5,SELL,90.6,8.31192661,72.16242661,YES,0.53725447,0,CONTROL MARKET SELL,NO,NO,18.02285319,36.967,71.404,-9.397,-42.728,0.25419969,0.59839785,99.24062648,98.48556555,97.30751063,99.24062648,98.48556555,97.30751063,99.24062648,8,1,2026-09-30 18:28:04,IMPULSE_5S,NO
2026-09-30 18:29:00,83628,-19.7,36,21.3,BUY,14.7,1.34862385,62.82722513,YES,-1.08874278,1,CONTROL LIMIT SELL,NO,NO,7.62119604,12.488,14.005,11.464,11.153,0.91800128,0.79635844,97.9303857,92.50353607,97.12399811,97.9303857,92.50353607,97.12399811,97.9303857,5,0,2026-09-30 18:29:56,IMPULSE_5S,NO
2026-09-30 18:30:00,83647.8,19.8,19.4,22.9,SELL,3.5,0.32110092,54.13711584,NO,-4.45556865,0,CONTROL UNCLEAR,NO,NO,3.54327999,6.108,8.773,5.468,4.331,0.89521938,0.49367377,94.32191459,87.23004695,82.73921201,94.32191459,87.23004695,82.73921201,94.32191459,0,0,2026-09-30 18:30:31,IMPULSE_5S,NO
2026-09-30 18:31:00,83600,-47.8,24.3,47.3,SELL,23,2.24390244,66.06145251,YES,1.63606453,0,CONTROL MARKET SELL,NO,NO,0.92227179,1.543,4.907,-0.113,3.251,0.07323396,0.66252293,73.85406922,51.79822513,58.2787652,73.85406922,51.79822513,58.2787652,73.85406922,0,0,2026-09-30 18:31:23,IMPULSE_5S,NO
2026-09-30 18:32:00,83580.7,-19.4,15.6,16.9,SELL,1.3,0.12682927,52,NO,9.50626207,0,CONTROL UNCLEAR,NO,NO,1.74305674,6.325,10.555,-0.221,3.943,0.03494071,0.37356703,85.9004188,68.30855019,60.05573618,85.9004188,68.30855019,60.05573618,85.9004188,0,0,2026-09-30 18:32:34,IMPULSE_5S,NO
2026-09-30 18:33:00,83520.4,-60.3,71.2,230.4,SELL,159.2,15.53170732,76.39257294,YES,0.24139443,0.75860557,CONTROL LIMIT BUY,NO,NO,11.87616309,26.51,34.397,-26.15,-21.593,0.98642022,0.62775823,98.84205651,96.20896902,95.19186315,98.84205651,96.20896902,95.19186315,98.84205651,2,0,2026-09-30 18:33:41,IMPULSE_5S,NO
2026-09-30 18:34:00,83567.4,47,43.2,17.6,BUY,25.6,2.49756098,71.05263158,YES,1.49608809,0,CONTROL MARKET BUY,NO,NO,4.68099742,9.952,12.249,6.164,8.133,0.61937299,0.66397257,95.98893499,96.35103926,95.34562212,95.98893499,96.35103926,95.34562212,96.35103926,3,0,2026-09-30 18:34:11,BURST_30S,NO
2026-09-30 18:35:00,83569.3,1.8,47.8,10.6,BUY,37.2,3.41284404,81.84931507,YES,0.03852871,0.96147129,CONTROL LIMIT SELL,NO,NO,5.00085543,2.039,13.844,1.067,12.872,0.52329573,0.92978908,96.27243442,94.02023919,89.1954023,96.27243442,94.02023919,89.1954023,96.27243442,1,0,2026-09-30 18:35:11,IMPULSE_5S,NO
2026-09-30 18:36:00,83592.6,23.3,77.2,15.8,BUY,61.4,5.63302752,83.01075269,YES,0.30887192,0.69112808,CONTROL LIMIT SELL,NO,NO,5.56317751,13.087,16.421,-12.039,-11.087,0.91992053,0.67517204,96.66209419,90.82191781,80.1369863,96.66209419,90.82191781,80.1369863,96.66209419,2,0,2026-09-30 18:36:40,IMPULSE_5S,NO
2026-09-30 18:37:00,83627.7,35,43.1,24.2,BUY,18.9,1.73394495,64.04160475,YES,1.5407194,0,CONTROL MARKET BUY,NO,NO,13.08104887,21.193,27.344,21.193,17.196,1,0.62887654,98.9986345,96.27103229,94.9499545,98.9986345,96.27103229,94.9499545,98.9986345,3,0,2026-09-30 18:37:46,IMPULSE_5S,NO
2026-09-30 18:38:00,83620.5,-7.2,10.5,9.3,BUY,1.2,0.11009174,53.03030303,NO,-4.87680454,0,CONTROL UNCLEAR,NO,NO,0.3496922,0.545,1.34,-0.457,0.338,0.83853211,0.25223881,55.17711172,93.86642435,92.0945025,55.17711172,93.86642435,92.0945025,93.86642435,0,0,2026-09-30 18:38:03,BURST_30S,NO
2026-09-30 18:39:00,83602.8,-17.8,3.6,4.6,SELL,1,0.09174312,56.09756098,YES,11.3333537,0,CONTROL MARKET SELL,NO,NO,0.65812235,0.978,2.876,0.972,2.076,0.99386503,0.72183588,67.67768221,20.47920434,8.70545783,67.67768221,20.47920434,8.70545783,67.67768221,0,0,2026-09-30 18:39:03,IMPULSE_5S,NO
2026-09-30 18:40:00,83610.4,7.6,9.7,10.1,SELL,0.4,0.03902439,51.01010101,NO,-10.155434,0,CONTROL UNCLEAR,NO,NO,1.51455479,3.986,6.403,0.144,2.555,0.03612644,0.3990317,83.3258427,54.53728661,34.41150045,83.3258427,54.53728661,34.41150045,83.3258427,0,0,2026-09-30 18:40:50,IMPULSE_5S,NO
2026-09-30 18:41:00,83603.9,-6.6,4.9,7.5,SELL,2.6,0.25365854,60.48387097,YES,1.35654898,0,CONTROL MARKET SELL,NO,NO,0.41996297,0.958,2.243,-0.632,-0.819,0.65970772,0.36513598,58.73655914,43.3572711,34.06642729,58.73655914,43.3572711,34.06642729,58.73655914,0,0,2026-09-30 18:41:38,IMPULSE_5S,NO
2026-09-30 18:42:00,83580.2,-23.6,7.7,12.1,SELL,4.4,0.53333333,61.11111111,YES,2.58354647,0,CONTROL MARKET SELL,NO,NO,2.97751859,5.19,7.193,-4.788,-3.119,0.92254335,0.43361602,92.6883638,67.2459893,39.46547884,92.6883638,67.2459893,39.46547884,92.6883638,0,0,2026-09-30 18:42:50,IMPULSE_5S,NO
2026-09-30 18:43:00,83583.7,3.4,6.7,9.3,SELL,2.6,0.31515152,58.125,YES,-0.56713956,1,CONTROL LIMIT BUY,NO,NO,0.97291703,1.438,3.523,-0.65,1.255,0.45201669,0.35623049,75.54565702,62.1886121,47.41992883,75.54565702,62.1886121,47.41992883,75.54565702,0,0,2026-09-30 18:43:07,IMPULSE_5S,NO
2026-09-30 18:44:00,83585.2,1.5,6.1,10.1,SELL,4,0.59259259,62.34567901,YES,-0.16262238,1,CONTROL LIMIT BUY,NO,NO,1.90350128,3.843,4.706,3.423,4.286,0.89071038,0.91075223,86.80248007,50.04424779,23.67256637,86.80248007,50.04424779,23.67256637,86.80248007,0,0,2026-09-30 18:44:31,IMPULSE_5S,NO
2026-09-30 18:45:00,83546.1,-39,1.9,24.2,SELL,22.3,3.45736434,92.72030651,YES,0.68937109,0,CONTROL MARKET SELL,NO,NO,1.31749829,3.888,4.6,-1.126,-0.834,0.28960905,0.18130435,80.84544254,45.7306338,24.21702691,80.84544254,45.7306338,24.21702691,80.84544254,0,0,2026-09-30 18:45:54,IMPULSE_5S,NO
2026-09-30 18:46:00,83542.3,-3.8,20.4,25.6,SELL,5.2,0.80620155,55.65217391,YES,0.31719046,0.68280954,CONTROL LIMIT BUY,NO,NO,1.53997019,5.184,9.331,0.116,-4.031,0.02237654,0.43200086,83.42128408,78.28947368,59.12280702,83.42128408,78.28947368,59.12280702,83.42128408,0,0,2026-09-30 18:46:20,IMPULSE_5S,NO
2026-09-30 18:47:00,83526.2,-16.1,12.5,14,SELL,1.5,0.26086957,52.83018868,NO,5.17762685,0,CONTROL UNCLEAR,NO,NO,3.51408451,7.613,9.565,-3.189,-1.237,0.41888874,0.12932567,94.00175131,71.83406114,60.80489939,94.00175131,71.83406114,60.80489939,94.00175131,0,0,2026-09-30 18:47:25,IMPULSE_5S,NO
2026-09-30 18:48:00,83531.6,5.4,12.2,19.2,SELL,7,1.2173913,61.14649682,YES,-0.40403337,1,CONTROL LIMIT BUY,NO,NO,1.59227468,4.609,6.906,4.609,4.65,1,0.67332754,84.46475196,53.57766143,57.25490196,84.46475196,53.57766143,57.25490196,84.46475196,0,0,2026-09-30 18:48:54,IMPULSE_5S,NO
2026-09-30 18:49:00,83538.3,6.6,8.4,6.2,BUY,2.2,0.37288136,57.53424658,YES,3.79909471,0,CONTROL MARKET BUY,NO,NO,0.98989899,1.129,4.315,1.129,4.297,1,0.99582851,75.60869565,54.19382877,38.4180791,75.60869565,54.19382877,38.4180791,75.60869565,0,0,2026-09-30 18:49:06,IMPULSE_5S,NO
2026-09-30 18:50:00,83532.6,-5.8,77.2,76.2,BUY,1,0.20833333,50.32594524,NO,-5.23482905,0,CONTROL UNCLEAR,NO,NO,4.08208955,12.259,13.789,9.781,11.311,0.79786279,0.82029154,95.15989628,89.98705222,72.63703064,95.15989628,89.98705222,72.63703064,95.15989628,1,0,2026-09-30 18:50:36,IMPULSE_5S,NO
2026-09-30 18:51:00,83544.9,12.4,196.4,135.7,BUY,60.7,14.45238095,59.13881361,YES,0.18440337,0.81559663,CONTROL LIMIT SELL,YES,NO,37.7158516,57.636,62.963,-34.984,-39.869,0.60698175,0.63321316,99.78513107,98.62542955,97.50859107,99.78513107,98.62542955,97.50859107,99.78513107,2,1,2026-09-30 18:51:59,IMPULSE_5S,NO
2026-09-30 18:52:00,83562.9,17.9,110.6,132,SELL,21.4,5.0952381,54.41055235,YES,-0.43789027,1,CONTROL LIMIT BUY,NO,NO,7.55788406,17.709,72.955,17.709,-34.395,1,0.47145501,97.93814433,98.88459888,97.68538363,97.93814433,98.88459888,97.68538363,98.88459888,8,0,2026-09-30 18:52:24,BURST_30S,NO
2026-09-30 18:53:00,83580.2,17.4,62.5,82.6,SELL,20.1,4.1875,56.92625775,YES,-0.45299581,1,CONTROL LIMIT BUY,NO,NO,5.09002058,14.107,24.924,-7.391,-17.634,0.52392429,0.70751083,96.20145113,94.75255973,92.13675214,96.20145113,94.75255973,92.13675214,96.20145113,1,0,2026-09-30 18:53:48,IMPULSE_5S,NO
2026-09-30 18:54:00,83555.3,-24.9,72.6,45.5,BUY,27.1,5.64583333,61.47332769,YES,-2.42063452,1,CONTROL LIMIT SELL,NO,NO,5.03646201,3.392,17.161,1.196,-12.533,0.35259434,0.73031875,96.20792501,93.35887612,96.12436116,96.20792501,93.35887612,96.12436116,96.20792501,1,0,2026-09-30 18:54:18,IMPULSE_5S,NO
2026-09-30 18:55:00,83549.4,-5.9,8.7,6.7,BUY,2,0.32786885,56.49350649,YES,-7.77642503,1,CONTROL LIMIT SELL,NO,NO,2.41832803,6.206,7.883,-6.118,-4.441,0.98582017,0.5633642,90.14382403,65.28541226,80.83121289,90.14382403,65.28541226,80.83121289,90.14382403,0,0,2026-09-30 18:55:59,IMPULSE_5S,NO
2026-09-30 18:56:00,83544.8,-4.6,4.9,5.8,SELL,0.9,0.14754098,54.20560748,NO,2.67544247,0,CONTROL UNCLEAR,NO,NO,2.59670425,2.845,12.262,-0.421,-3.85,0.14797891,0.31397814,90.90524535,85.59357837,72.37452552,90.90524535,85.59357837,72.37452552,90.90524535,0,0,2026-09-30 18:56:05,IMPULSE_5S,NO
2026-09-30 18:57:00,83546.8,2,21,18.1,BUY,2.9,0.60416667,53.7084399,NO,0.62235756,0,CONTROL UNCLEAR,NO,NO,1.80243526,5.831,6.718,1.083,1.112,0.18573144,0.16552545,86.32154882,63.39210747,54.33866891,86.32154882,63.39210747,54.33866891,86.32154882,0,0,2026-09-30 18:57:28,IMPULSE_5S,NO
2026-09-30 18:58:00,83565.4,18.7,5.6,3.4,BUY,2.2,0.45833333,62.22222222,YES,7.67020799,0,CONTROL MARKET BUY,NO,NO,0.50115397,0.833,3.169,0.081,-0.365,0.0972389,0.11517829,62.85115304,46.26677852,36.16932104,62.85115304,46.26677852,36.16932104,62.85115304,0,0,2026-09-30 18:58:23,IMPULSE_5S,NO
2026-09-30 18:59:00,83576.9,11.5,6.4,8.9,SELL,2.5,0.5952381,58.16993464,YES,-2.21775632,1,CONTROL LIMIT BUY,NO,NO,2.6141115,4.746,6.309,-2.994,-3.211,0.63084703,0.50895546,90.9545644,54.76884631,31.65347772,90.9545644,54.76884631,31.65347772,90.9545644,0,0,2026-09-30 18:59:51,IMPULSE_5S,NO
2026-09-30 19:00:00,83536.5,-40.3,73.9,91.6,SELL,17.7,4.72,55.34743202,YES,1.09741095,0,CONTROL MARKET SELL,NO,NO,3.31546323,6.997,13.413,-4.931,-0.871,0.7047306,0.064937,93.38602329,82.61954262,77.30673317,93.38602329,82.61954262,77.30673317,93.38602329,0,0,2026-09-30 19:00:27,IMPULSE_5S,NO
2026-09-30 19:01:00,83514.8,-21.7,28.4,46,SELL,17.6,4.19047619,61.82795699,YES,0.56721795,0,CONTROL MARKET SELL,NO,NO,4.14174589,8.465,17.723,8.249,8.371,0.97448317,0.4723241,95.03516756,80.43928719,81.96517413,95.03516756,80.43928719,81.96517413,95.03516756,1,0,2026-09-30 19:01:55,IMPULSE_5S,NO
2026-09-30 19:02:00,83500.1,-14.6,20.1,18.5,BUY,1.6,0.38095238,52.07253886,NO,-4.97089124,0,CONTROL UNCLEAR,NO,NO,1.51046699,4.886,5.678,0.984,0.196,0.20139173,0.0345192,83.27828241,76.06448946,78.91690781,83.27828241,76.06448946,78.91690781,83.27828241,0,0,2026-09-30 19:02:32,IMPULSE_5S,NO
2026-09-30 19:03:00,83519.2,19.1,15.2,10.5,BUY,4.7,1.11904762,59.14396887,YES,2.21456666,0,CONTROL MARKET BUY,NO,NO,3.06794959,7.717,13.275,0.511,6.069,0.06621744,0.45717514,92.72801972,75.94728171,72.23819302,92.72801972,75.94728171,72.23819302,92.72801972,0,0,2026-09-30 19:03:51,IMPULSE_5S,NO
2026-09-30 19:04:00,83493.5,-25.8,13.1,23.8,SELL,10.7,2.54761905,64.49864499,YES,1.06047866,0,CONTROL MARKET SELL,NO,NO,2.2690148,4.329,8.724,3.497,7.892,0.80780781,0.9046309,89.31641424,71.44029545,67.48566749,89.31641424,71.44029545,67.48566749,89.31641424,0,0,2026-09-30 19:04:50,IMPULSE_5S,NO
2026-09-30 19:05:00,83493.3,-0.1,12.6,17.4,SELL,4.8,1.14285714,58,YES,0.0088993,0.9911007,CONTROL LIMIT BUY,NO,NO,1.09322164,2.877,6.918,2.065,-1.118,0.71776156,0.1616074,77.11483449,63.88888889,49.85708452,77.11483449,63.88888889,49.85708452,77.11483449,0,0,2026-09-30 19:05:15,IMPULSE_5S,NO
2026-09-30 19:06:00,83480.6,-12.7,22.5,37.7,SELL,15.2,3.61904762,62.62458472,YES,0.3677025,0.6322975,CONTROL LIMIT BUY,NO,NO,3.76299199,8.288,19.682,7.19,6.004,0.86751931,0.3050503,94.62759463,92.80780171,84.92482731,94.62759463,92.80780171,84.92482731,94.62759463,0,0,2026-09-30 19:06:27,IMPULSE_5S,NO
2026-09-30 19:07:00,83508.3,27.7,16.6,6.1,BUY,10.5,2.5,73.1277533,YES,0.88044196,0,CONTROL MARKET BUY,NO,NO,1.12813166,1.379,5.626,-0.823,3.424,0.59680928,0.60860292,77.89046653,57.81376518,83.11688312,77.89046653,57.81376518,83.11688312,83.11688312,0,0,2026-09-30 19:07:02,BURST_60S,NO
2026-09-30 19:08:00,83508.5,0.1,6.8,9.7,SELL,2.9,0.69047619,58.78787879,YES,-0.0171608,1,CONTROL LIMIT BUY,NO,NO,1.81003275,1.518,4.226,0.02,1.944,0.01317523,0.46000947,86.12459547,38.25313385,39.54710877,86.12459547,38.25313385,39.54710877,86.12459547,0,0,2026-09-30 19:08:03,IMPULSE_5S,NO
2026-09-30 19:09:00,83440.5,-67.9,18.7,92.3,SELL,73.6,17.52380952,83.15315315,YES,0.45912141,0.54087859,CONTROL LIMIT BUY,NO,NO,16.58914729,24.191,25.877,24.043,22.745,0.99388202,0.87896588,99.23694779,95.50381373,90.12444801,99.23694779,95.50381373,90.12444801,99.23694779,2,1,2026-09-30 19:09:58,IMPULSE_5S,NO
2026-09-30 19:10:00,83431.1,-9.5,37,70.8,SELL,33.8,7.42857143,65.67717996,YES,0.18908081,0.81091919,CONTROL LIMIT BUY,NO,NO,7.69894126,17.822,39.516,17.736,39.43,0.9951745,0.99782367,97.79559118,95.5858748,96.79743795,97.79559118,95.5858748,96.79743795,97.79559118,6,0,2026-09-30 19:10:34,IMPULSE_5S,NO
2026-09-30 19:11:00,83495.7,64.7,66.6,17.7,BUY,48.9,10.29473684,79.00355872,YES,0.44210142,0.55789858,CONTROL LIMIT SELL,NO,NO,9.37744848,28.3,31.603,6.278,5.695,0.22183746,0.18020441,98.2428115,96.53248306,93.97205589,98.2428115,96.53248306,93.97205589,98.2428115,2,0,2026-09-30 19:11:33,IMPULSE_5S,NO
2026-09-30 19:12:00,83503.2,7.6,17.1,30.3,SELL,13.2,2.64,63.92405063,YES,-0.53458912,1,CONTROL LIMIT BUY,NO,NO,1.26131512,4.623,13.764,0.251,7.762,0.05429375,0.5639349,80.00794913,96.53386454,94.02628435,80.00794913,96.53386454,94.02628435,96.53386454,1,0,2026-09-30 19:12:03,BURST_30S,NO
2026-09-30 19:13:00,83498.3,-4.9,8.7,27.6,SELL,18.9,3.09836066,76.03305785,YES,0.28105829,0.71894171,CONTROL LIMIT BUY,NO,NO,1.61867642,2.872,3.493,-1.308,-0.987,0.45543175,0.28256513,85.14851485,49.324861,40.42891183,85.14851485,49.324861,40.42891183,85.14851485,0,0,2026-09-30 19:13:50,IMPULSE_5S,NO
2026-09-30 19:14:00,83463.7,-34.6,3.4,25.6,SELL,22.2,2.53714286,88.27586207,YES,1.77314693,0,CONTROL MARKET SELL,NO,NO,4.31145322,4.529,16.665,-4.097,-16.233,0.90461471,0.97407741,95.17214088,87.87519747,81.29439621,95.17214088,87.87519747,81.29439621,95.17214088,1,0,2026-09-30 19:14:02,IMPULSE_5S,NO
2026-09-30 19:15:00,83433.5,-29.7,65,23.2,BUY,41.8,3.94339623,73.69614512,YES,-0.25231412,1,CONTROL LIMIT SELL,NO,NO,6.60040949,10.637,17.692,10.341,17.396,0.97217261,0.98326927,97.16869839,92.21698113,81.80031447,97.16869839,92.21698113,81.80031447,97.16869839,1,0,2026-09-30 19:15:49,IMPULSE_5S,NO
2026-09-30 19:16:00,83419.5,-14,77,44.5,BUY,32.5,3.06603774,63.3744856,YES,-0.15307885,1,CONTROL LIMIT SELL,NO,NO,11.33982157,17.982,33.643,17.154,32.815,0.95395395,0.97538864,98.66562009,96.98275862,96.8247746,98.66562009,96.98275862,96.8247746,98.66562009,5,0,2026-09-30 19:16:26,IMPULSE_5S,NO
2026-09-30 19:17:00,83416.2,-3.3,38.5,19.5,BUY,19,1.58995816,66.37931034,YES,-0.06174142,1,CONTROL LIMIT SELL,NO,NO,2.7936427,9.825,18.759,1.627,10.561,0.16559796,0.5629831,91.7578125,89.18813427,95.06849315,91.7578125,89.18813427,95.06849315,95.06849315,1,0,2026-09-30 19:17:08,BURST_60S,NO
2026-09-30 19:18:00,83410.3,-6,117.4,125.5,SELL,8.1,0.57042254,51.66735282,NO,0.80469769,0,CONTROL UNCLEAR,NO,NO,17.8985627,43.622,59.914,42.022,43.09,0.96332126,0.71919752,99.33800623,98.44357977,97.66627771,99.33800623,98.44357977,97.66627771,99.33800623,7,2,2026-09-30 19:18:40,IMPULSE_5S,NO
2026-09-30 19:19:00,83413.3,3,40.8,19.3,BUY,21.5,1.51408451,67.88685524,YES,0.04961293,0.95038707,CONTROL LIMIT SELL,NO,NO,9.56503932,27.862,32.966,27.862,32.966,1,1,98.3701979,97.04624951,97.66809172,98.3701979,97.04624951,97.66809172,98.3701979,9,0,2026-09-30 19:19:41,IMPULSE_5S,NO
2026-09-30 19:20:00,83458.1,44.9,15.9,26.2,SELL,10.3,0.62804878,62.2327791,YES,-4.73595882,1,CONTROL LIMIT BUY,NO,NO,3.28112703,4.51,9.749,-4.106,0.171,0.91042129,0.01754026,93.45215033,96.90162665,94.61866047,93.45215033,96.90162665,94.61866047,96.90162665,1,0,2026-09-30 19:20:05,BURST_30S,NO
2026-09-30 19:21:00,83446.2,-11.9,11,30.6,SELL,19.6,1.19512195,73.55769231,YES,0.65890419,0,CONTROL MARKET SELL,NO,NO,4.75533356,4.197,12.629,-0.551,-8.213,0.13128425,0.65032861,95.94751061,81.32716049,75.70273392,95.94751061,81.32716049,75.70273392,95.94751061,1,0,2026-09-30 19:21:11,IMPULSE_5S,NO
2026-09-30 19:22:00,83432.4,-13.7,20.8,12.3,BUY,8.5,0.51829268,62.83987915,YES,-0.61146303,1,CONTROL LIMIT SELL,NO,NO,3.59079986,8.353,12.062,8.353,12.062,1,1,94.16954354,75.84355828,67.11538462,94.16954354,75.84355828,67.11538462,94.16954354,0,0,2026-09-30 19:22:59,IMPULSE_5S,NO
2026-09-30 19:23:00,83427.4,-5.1,65.6,28,BUY,37.6,2.64788732,70.08547009,YES,-0.05147454,1,CONTROL LIMIT SELL,NO,NO,12.117338,23.202,35.04,23.202,35.04,1,1,98.89101338,96.71253823,94.95605655,98.89101338,96.71253823,94.95605655,98.89101338,3,0,2026-09-30 19:23:53,IMPULSE_5S,NO
2026-09-30 19:24:00,83432.6,5.2,21.5,24.9,SELL,3.4,0.23943662,53.6637931,NO,-1.74294578,0,CONTROL UNCLEAR,NO,NO,5.4507427,7.261,13.903,4.401,10.837,0.60611486,0.77947206,96.36988919,96.52406417,95.68372804,96.36988919,96.52406417,95.68372804,96.52406417,2,0,2026-09-30 19:24:05,BURST_30S,NO
2026-09-30 19:25:00,83446.9,14.4,24.4,37.8,SELL,13.4,1.12133891,60.77170418,YES,-1.22451483,1,CONTROL LIMIT BUY,NO,NO,3.28770759,10.817,20.099,0.475,9.455,0.04391236,0.47042141,93.22678843,93.24221716,84.4402277,93.22678843,93.24221716,84.4402277,93.24221716,0,0,2026-09-30 19:25:49,BURST_30S,NO
2026-09-30 19:26:00,83433.7,-13.2,13.1,61.8,SELL,48.7,3.66165414,82.51001335,YES,0.30874606,0.69125394,CONTROL LIMIT BUY,NO,NO,7.12854474,20.864,24.331,-14.074,-16.213,0.67455905,0.66635157,97.53787879,94.36459909,89.40998487,97.53787879,94.36459909,89.40998487,97.53787879,1,0,2026-09-30 19:26:37,IMPULSE_5S,NO
2026-09-30 19:27:00,83441.1,7.3,7.4,3.4,BUY,4,0.27972028,68.51851852,YES,0.6925633,0,CONTROL MARKET BUY,NO,NO,2.06693919,4.428,4.911,-3.416,-3.345,0.77145438,0.68112401,87.9863997,93.27032136,89.14933837,87.9863997,93.27032136,89.14933837,93.27032136,0,0,2026-09-30 19:27:01,BURST_30S,NO
2026-09-30 19:28:00,83444.6,3.5,11,9,BUY,2,0.13986014,55,YES,0.78459175,0,CONTROL MARKET BUY,NO,NO,1.38091216,4.538,6.054,-1.518,-0.482,0.33450859,0.07961678,81.69860955,53.15552216,30.05259204,81.69860955,53.15552216,30.05259204,81.69860955,0,0,2026-09-30 19:28:55,IMPULSE_5S,NO
2026-09-30 19:29:00,83444,-0.7,46.7,21.1,BUY,25.6,1.79020979,68.87905605,YES,-0.01529452,1,CONTROL LIMIT SELL,NO,NO,4.8744819,7.007,21.839,3.127,-10.243,0.44626802,0.46902331,95.94594595,93.93258427,88.46009741,95.94594595,93.93258427,88.46009741,95.94594595,1,0,2026-09-30 19:29:19,IMPULSE_5S,NO
2026-09-30 19:30:00,83425.7,-18.2,53.9,38.2,BUY,15.7,0.95731707,58.52334419,YES,-0.648422,1,CONTROL LIMIT SELL,NO,NO,8.90625,25.861,26.535,22.489,22.037,0.86961061,0.83048803,98.28101644,95.89552239,90.59701493,98.28101644,95.89552239,90.59701493,98.28101644,5,0,2026-09-30 19:30:38,IMPULSE_5S,NO
2026-09-30 19:31:00,83457.1,31.4,21.7,15.9,BUY,5.8,0.37540453,57.71276596,YES,3.02954307,0,CONTROL MARKET BUY,NO,NO,2.54840839,6.535,15.429,5.617,10.621,0.85952563,0.68837903,90.57025717,94.14397613,94.93293592,90.57025717,94.14397613,94.93293592,94.93293592,0,0,2026-09-30 19:31:22,BURST_60S,NO
2026-09-30 19:32:00,83437,-20.1,10.1,32.1,SELL,22,1.53846154,76.06635071,YES,1.5048489,0,CONTROL MARKET SELL,NO,NO,2.10295634,6.078,11,-5.452,-10.374,0.89700559,0.94309091,88.39451242,83.09859155,76.29134151,88.39451242,83.09859155,76.29134151,88.39451242,0,0,2026-09-30 19:32:52,IMPULSE_5S,NO
2026-09-30 19:33:00,83442.7,5.6,10.2,6.1,BUY,4.1,0.26537217,62.57668712,YES,0.74835376,0,CONTROL MARKET BUY,NO,NO,1.7647565,4.09,5.513,3.81,5.233,0.93154034,0.94921096,85.93634345,64.2962963,64.30951499,85.93634345,64.2962963,64.30951499,85.93634345,0,0,2026-09-30 19:33:29,IMPULSE_5S,NO
2026-09-30 19:34:00,83419.7,-23.1,11.9,26.9,SELL,15,0.97087379,69.32989691,YES,2.13675781,0,CONTROL MARKET SELL,NO,NO,1.77674111,3.549,8.996,1.973,-2.534,0.55593125,0.28168075,85.97268365,75.69060773,55.29324972,85.97268365,75.69060773,55.29324972,85.97268365,0,0,2026-09-30 19:34:19,IMPULSE_5S,NO
2026-09-30 19:35:00,83423.5,3.9,14.5,9.5,BUY,5,0.3236246,60.41666667,YES,0.44594407,0.55405593,CONTROL LIMIT SELL,NO,NO,5.36470789,3.157,14.32,0.941,12.104,0.29806779,0.8452514,96.3930806,89.23190004,77.36126424,96.3930806,89.23190004,77.36126424,96.3930806,1,0,2026-09-30 19:35:06,IMPULSE_5S,NO
2026-09-30 19:36:00,83479.1,55.5,32.6,23.4,BUY,9.2,0.59546926,58.21428571,YES,3.87366476,0,CONTROL MARKET BUY,NO,NO,1.84215032,7.177,11.287,-2.147,-3.125,0.29915006,0.27686719,86.31540432,69.89758595,75.56859868,86.31540432,69.89758595,75.56859868,86.31540432,0,0,2026-09-30 19:36:56,IMPULSE_5S,NO
2026-09-30 19:37:00,83458.2,-20.9,12.9,37.5,SELL,24.6,1.60260586,74.4047619,YES,1.11673524,0,CONTROL MARKET SELL,NO,NO,3.80577195,4.879,21.64,-0.121,-16.882,0.02480016,0.78012939,94.80994152,93.75912409,90.25547445,94.80994152,93.75912409,90.25547445,94.80994152,0,0,2026-09-30 19:37:21,IMPULSE_5S,NO
2026-09-30 19:38:00,83464.2,5.9,6.2,11.4,SELL,5.2,0.30057803,64.77272727,YES,-1.33614607,1,CONTROL LIMIT BUY,NO,NO,2.5995594,6.756,10.828,-5.57,-9.642,0.82445234,0.89046915,90.87272727,82.55179935,85.68306011,90.87272727,82.55179935,85.68306011,90.87272727,0,0,2026-09-30 19:38:45,IMPULSE_5S,NO
2026-09-30 19:39:00,83474.1,9.9,51.2,74.9,SELL,23.7,1.3699422,59.39730373,YES,-0.49184778,1,CONTROL LIMIT BUY,NO,NO,13.25064823,27.861,31.971,-27.557,-27.153,0.98908869,0.84930093,99.09354605,96.66787396,93.98768562,99.09354605,96.66787396,93.98768562,99.09354605,3,1,2026-09-30 19:39:45,IMPULSE_5S,NO
2026-09-30 19:40:00,83478.9,4.9,29.5,42.4,SELL,12.9,0.74566474,58.97079277,YES,-0.52145565,1,CONTROL LIMIT BUY,NO,NO,4.89959156,8.474,24.952,-7.75,-21.454,0.91456219,0.85981084,96.05501267,96.70528602,96.74737983,96.05501267,96.70528602,96.74737983,96.74737983,6,0,2026-09-30 19:40:39,BURST_60S,NO
2026-09-30 19:41:00,83466.6,-12.2,22.9,64.2,SELL,41.3,2.69055375,73.70838117,YES,0.34769762,0.65230238,CONTROL LIMIT BUY,NO,NO,12.5120399,21.097,33.751,-8.897,-17.919,0.42171873,0.5309176,98.95495495,96.18430526,94.53040662,98.95495495,96.18430526,94.53040662,98.95495495,3,0,2026-09-30 19:41:38,IMPULSE_5S,NO
2026-09-30 19:42:00,83483.5,16.8,15.2,14.4,BUY,0.8,0.05211726,51.35135135,NO,11.99264011,0,CONTROL UNCLEAR,NO,NO,3.64655318,0.363,8.414,0.155,8.206,0.42699725,0.9752793,94.35048579,95.97122302,95.64748201,94.35048579,95.97122302,95.64748201,95.97122302,2,0,2026-09-30 19:42:02,BURST_30S,NO
2026-09-30 19:43:00,83491.3,7.9,9.2,5.1,BUY,4.1,0.26710098,64.33566434,YES,1.09992981,0,CONTROL MARKET BUY,NO,NO,2.58428889,3.698,8.846,-3.048,-0.84,0.82422931,0.09495817,90.609319,62.08378088,48.39170836,90.609319,62.08378088,48.39170836,90.609319,0,0,2026-09-30 19:43:07,IMPULSE_5S,NO
2026-09-30 19:44:00,83534.9,43.6,25,4.5,BUY,20.5,1.44366197,84.74576271,YES,1.18829803,0,CONTROL MARKET BUY,NO,NO,2.4428644,3.533,6.293,-2.855,-4.049,0.8080951,0.64341332,89.93576017,60.61362826,47.5561898,89.93576017,60.61362826,47.5561898,89.93576017,0,0,2026-09-30 19:44:34,IMPULSE_5S,NO
2026-09-30 19:45:00,83502.2,-32.8,39,39.7,SELL,0.7,0.04929577,50.44472681,NO,64.23212807,0,CONTROL UNCLEAR,NO,NO,4.44312394,10.741,21.114,5.435,-4.938,0.50600503,0.23387326,95.41251778,93.95877754,85.40482955,95.41251778,93.95877754,85.40482955,95.41251778,1,0,2026-09-30 19:45:41,IMPULSE_5S,NO
2026-09-30 19:46:00,83481.6,-20.7,18.7,20.9,SELL,2.2,0.16730038,52.77777778,NO,12.90815732,0,CONTROL UNCLEAR,NO,NO,3.8041958,9.628,10.869,1.972,0.777,0.20481928,0.07148772,94.53706988,83.24477506,85.33901313,94.53706988,83.24477506,85.33901313,94.53706988,0,0,2026-09-30 19:46:30,IMPULSE_5S,NO
2026-09-30 19:47:00,83464.8,-16.8,20.4,31.1,SELL,10.7,0.92241379,60.38834951,YES,2.15505043,0,CONTROL MARKET SELL,NO,NO,1.29393534,3.03,7.574,0.21,4.754,0.06930693,0.62767362,80.07784855,65.92514124,72.26742129,80.07784855,65.92514124,72.26742129,80.07784855,0,0,2026-09-30 19:47:20,IMPULSE_5S,NO
2026-09-30 19:48:00,83480.5,15.6,5.7,3.1,BUY,2.6,0.24761905,64.77272727,YES,3.28522164,0,CONTROL MARKET BUY,NO,NO,0.4617889,0.776,1.557,-0.336,-0.601,0.43298969,0.38599872,60.09869581,20.60691602,41.53140438,60.09869581,20.60691602,41.53140438,60.09869581,0,0,2026-09-30 19:48:33,IMPULSE_5S,NO
2026-09-30 19:49:00,83495.8,15.2,10.2,2.9,BUY,7.3,0.6952381,77.86259542,YES,1.10939349,0,CONTROL MARKET BUY,NO,NO,2.16137837,3.9,6.593,-1.222,1.471,0.31333333,0.22311543,88.26835265,44.96667836,33.77762189,88.26835265,44.96667836,33.77762189,88.26835265,0,0,2026-09-30 19:49:40,IMPULSE_5S,NO
2026-09-30 19:50:00,83461,-34.7,7.9,24.6,SELL,16.7,1.71282051,75.69230769,YES,2.44471997,0,CONTROL MARKET SELL,NO,NO,2.21991356,5.615,8.454,1.873,-0.73,0.33357079,0.08634966,88.50332983,72.12311997,45.41958042,88.50332983,72.12311997,45.41958042,88.50332983,0,0,2026-09-30 19:50:23,IMPULSE_5S,NO
2026-09-30 19:51:00,83479.8,18.8,25.4,16.7,BUY,8.7,0.87437186,60.33254157,YES,1.07856969,0,CONTROL MARKET BUY,NO,NO,7.67340298,13.963,14.66,-13.615,-13.746,0.97507699,0.93765348,97.80104712,89.26455211,79.52563655,97.80104712,89.26455211,79.52563655,97.80104712,1,0,2026-09-30 19:51:37,IMPULSE_5S,NO
2026-09-30 19:52:00,83489.5,9.7,4.5,7.3,SELL,2.8,0.31284916,61.86440678,YES,-3.78969366,1,CONTROL LIMIT BUY,NO,NO,4.7739692,6.284,8.413,-5.802,-5.187,0.92329726,0.61654582,95.82318134,83.59456635,79.05358386,95.82318134,83.59456635,79.05358386,95.82318134,1,0,2026-09-30 19:52:32,IMPULSE_5S,NO
2026-09-30 19:53:00,83459,-30.5,2.3,23.9,SELL,21.6,2.41340782,91.22137405,YES,1.54431386,0,CONTROL MARKET SELL,NO,NO,3.09194608,10.188,11.771,8.732,7.863,0.85708677,0.66799762,92.40638003,84.58073458,62.33541234,92.40638003,84.58073458,62.33541234,92.40638003,0,0,2026-09-30 19:53:45,IMPULSE_5S,NO
2026-09-30 19:54:00,83453.8,-5.2,22.9,8.2,BUY,14.7,1.6424581,73.63344051,YES,-0.16997696,1,CONTROL LIMIT SELL,NO,NO,2.29894917,5.033,11.816,-4.697,-10.778,0.93324061,0.91215301,88.88504155,81.89058172,79.6123226,88.88504155,81.89058172,79.6123226,88.88504155,0,0,2026-09-30 19:54:17,IMPULSE_5S,NO
2026-09-30 19:55:00,83491.2,37.4,9.6,4.4,BUY,5.2,0.52261307,68.57142857,YES,3.4564193,0,CONTROL MARKET BUY,NO,NO,1.34098639,4.577,5.996,4.577,3.53,1,0.58872582,80.40703691,58.64687608,66.70117322,80.40703691,58.64687608,66.70117322,80.40703691,0,0,2026-09-30 19:55:30,IMPULSE_5S,NO
2026-09-30 19:56:00,83492.2,1.1,12,5.4,BUY,6.6,0.73743017,68.96551724,YES,0.07918532,0.92081468,CONTROL LIMIT SELL,NO,NO,0.65923784,2.231,3.688,0.793,2.17,0.35544599,0.58839479,66.59793814,40.10989011,29.23976608,66.59793814,40.10989011,29.23976608,66.59793814,0,0,2026-09-30 19:56:43,IMPULSE_5S,NO
2026-09-30 19:57:00,83492,-0.2,5.1,7.7,SELL,2.6,0.325,60.15625,YES,0.05447315,0.94552685,CONTROL LIMIT BUY,NO,NO,1.93193449,2.7,2.79,2.696,2.606,0.99851852,0.93405018,86.06164384,32.13552361,13.31046312,86.06164384,32.13552361,13.31046312,86.06164384,0,0,2026-09-30 19:57:45,IMPULSE_5S,NO
2026-09-30 19:58:00,83495.1,3.2,7.2,30.9,SELL,23.7,2.9625,81.1023622,YES,-0.11607146,1,CONTROL LIMIT BUY,NO,NO,2.80267673,1.784,12.434,0.47,11.12,0.26345291,0.89432202,91.17948718,84.73360656,71.20901639,91.17948718,84.73360656,71.20901639,91.17948718,0,0,2026-09-30 19:58:23,IMPULSE_5S,NO
2026-09-30 19:59:00,83460,-35,1.5,21.6,SELL,20.1,2.24581006,93.50649351,YES,1.49679927,0,CONTROL MARKET SELL,NO,NO,0.54698217,2.505,2.917,-2.261,-2.009,0.90259481,0.68872129,62.64035386,27.99319728,64.78008865,62.64035386,27.99319728,64.78008865,64.78008865,0,0,2026-09-30 19:59:05,BURST_60S,NO
2026-09-30 20:00:00,83481.5,21.4,49.3,28,BUY,21.3,2.37988827,63.7774903,YES,0.47274418,0.52725582,CONTROL LIMIT SELL,NO,NO,2.04094,6.01,13.622,0.264,-7.348,0.04392679,0.53942152,87.0540265,82.97728043,68.91525424,87.0540265,82.97728043,68.91525424,87.0540265,0,0,2026-09-30 20:00:21,IMPULSE_5S,NO
2026-09-30 20:01:00,83467.7,-13.7,19.7,14.1,BUY,5.6,0.62569832,58.28402367,YES,-1.16259744,1,CONTROL LIMIT SELL,NO,NO,2.84697509,4.372,11.44,4.076,3.446,0.93229643,0.30122378,91.29108777,81.09756098,79.74254743,91.29108777,81.09756098,79.74254743,91.29108777,0,0,2026-09-30 20:01:08,IMPULSE_5S,NO
2026-09-30 20:02:00,83495.1,27.4,15.2,17,SELL,1.8,0.20111732,52.79503106,NO,-10.78595979,0,CONTROL UNCLEAR,NO,NO,1.54063018,3.687,9.142,0.007,1.746,0.00189856,0.19098665,82.29131463,62.41134752,55.10135135,82.29131463,62.41134752,55.10135135,82.29131463,0,0,2026-09-30 20:02:05,IMPULSE_5S,NO
2026-09-30 20:03:00,83470.2,-24.8,63.5,28.6,BUY,34.9,4.3625,68.94679696,YES,-0.34115812,1,CONTROL LIMIT SELL,NO,NO,12.66380407,5.012,31.64,-3.034,3.324,0.60534717,0.10505689,98.98921833,97.03803433,94.24629879,98.98921833,97.03803433,94.24629879,98.98921833,4,0,2026-09-30 20:03:07,IMPULSE_5S,NO
2026-09-30 20:04:00,83486.2,16,16.2,11.4,BUY,4.8,0.53631285,58.69565217,YES,1.5844995,0,CONTROL MARKET BUY,NO,NO,2.1684064,4.679,11.008,2.277,8.606,0.48664244,0.78179506,87.97447094,77.0030171,92.64360094,87.97447094,77.0030171,92.64360094,92.64360094,0,0,2026-09-30 20:04:03,BURST_60S,NO
2026-09-30 20:05:00,83546.4,60.2,136,43.4,BUY,92.6,11.575,75.80824972,YES,0.30570739,0.69429261,CONTROL LIMIT SELL,YES,NO,65.71759259,79.593,84.202,76.959,76.088,0.96690664,0.90363649,99.93315508,99.26519706,98.19639279,99.93315508,99.26519706,98.19639279,99.93315508,2,2,2026-09-30 20:05:49,IMPULSE_5S,NO
2026-09-30 20:06:00,83547.7,1.3,15.2,30.8,SELL,15.6,1.74301676,66.95652174,YES,-0.05893603,1,CONTROL LIMIT BUY,NO,NO,2.13771737,4.931,11.587,-4.931,1.725,1,0.14887374,87.97996661,99.26568758,98.2005998,87.97996661,99.26568758,98.2005998,99.26568758,7,2,2026-09-30 20:06:16,BURST_30S,NO
2026-09-30 20:07:00,83548.5,0.8,35.7,14,BUY,21.7,2.2371134,71.83098592,YES,0.01749192,0.98250808,CONTROL LIMIT SELL,NO,NO,3.45824334,2.367,13.846,2.367,-9.112,1,0.6580962,93.34442596,87.0592149,75.6154358,93.34442596,87.0592149,75.6154358,93.34442596,0,0,2026-09-30 20:07:23,IMPULSE_5S,NO
2026-09-30 20:08:00,83564.3,15.8,15.4,16.2,SELL,0.8,0.08247423,51.26582278,NO,-13.22554513,0,CONTROL UNCLEAR,NO,NO,2.291489,5.978,7.789,-4.534,-3.329,0.75844764,0.42739761,88.73052701,65.51838357,67.02057067,88.73052701,65.51838357,67.02057067,88.73052701,0,0,2026-09-30 20:08:44,IMPULSE_5S,NO
2026-09-30 20:09:00,83553,-11.3,9.5,32,SELL,22.5,2.31958763,77.10843373,YES,0.33618487,0.66381513,CONTROL LIMIT BUY,NO,NO,2.23382702,4.068,10.845,-3.776,2.819,0.92822026,0.25993545,88.38517538,81.24174373,65.29937149,88.38517538,81.24174373,65.29937149,88.38517538,0,0,2026-09-30 20:09:21,IMPULSE_5S,NO
2026-09-30 20:10:00,83541.2,-11.9,14.2,23.6,SELL,9.4,0.96907216,62.43386243,YES,0.89518254,0,CONTROL MARKET SELL,NO,NO,2.95912807,2.949,13.554,2.437,13.042,0.82638182,0.96222517,91.75461741,84.62804477,74.11919658,91.75461741,84.62804477,74.11919658,91.75461741,0,0,2026-09-30 20:10:23,IMPULSE_5S,NO
2026-09-30 20:11:00,83536.1,-5.1,10.1,23,SELL,12.9,1.42541436,69.48640483,YES,0.29510436,0.70489564,CONTROL LIMIT BUY,NO,NO,4.29988859,1.925,14.46,-0.553,11.878,0.28727273,0.82143845,94.90131579,89.10045962,87.86583361,94.90131579,89.10045962,87.86583361,94.90131579,0,0,2026-09-30 20:11:19,IMPULSE_5S,NO
2026-09-30 20:12:00,83550,14,8.5,17.7,SELL,9.2,1.01657459,67.55725191,YES,-1.13602905,1,CONTROL LIMIT BUY,NO,NO,3.9496888,7.508,10.748,7.482,9.516,0.99653703,0.88537402,94.62823452,72.53682488,72.0144357,94.62823452,72.53682488,72.0144357,94.62823452,0,0,2026-09-30 20:12:43,IMPULSE_5S,NO
2026-09-30 20:13:00,83570.1,20.1,12.8,9.5,BUY,3.3,0.35483871,57.39910314,YES,2.92038161,0,CONTROL MARKET BUY,NO,NO,1.46355734,3.012,4.364,2.452,3.244,0.81407703,0.74335472,81.0130719,70.60170046,57.19882468,81.0130719,70.60170046,57.19882468,81.0130719,0,0,2026-09-30 20:13:27,IMPULSE_5S,NO
2026-09-30 20:14:00,83541.4,-28.7,8.5,30.2,SELL,21.7,2.33333333,78.03617571,YES,0.986545,0,CONTROL MARKET SELL,NO,NO,2.15708687,5.748,7.975,-0.038,2.189,0.006611,0.27448276,87.70331815,60.2601626,40.29268293,87.70331815,60.2601626,40.29268293,87.70331815,0,0,2026-09-30 20:14:59,IMPULSE_5S,NO
2026-09-30 20:15:00,83558.8,17.6,23,32.9,SELL,9.9,1.06451613,58.85509839,YES,-1.3451036,1,CONTROL LIMIT BUY,NO,NO,6.41253264,4.012,16.784,2.514,15.286,0.62662014,0.91074833,96.97560976,88.26779331,80.78545927,96.97560976,88.26779331,80.78545927,96.97560976,1,0,2026-09-30 20:15:05,IMPULSE_5S,NO
2026-09-30 20:16:00,83551.4,-7.5,7.5,16.8,SELL,9.3,0.96373057,69.13580247,YES,0.60991957,0,CONTROL MARKET SELL,NO,NO,2.50553946,2.403,6.978,-1.711,-6.286,0.71202663,0.90083118,89.49075576,67.22852512,76.6536965,89.49075576,67.22852512,76.6536965,89.49075576,0,0,2026-09-30 20:16:01,IMPULSE_5S,NO
2026-09-30 20:17:00,83584.6,33.3,29.7,15.4,BUY,14.3,1.48186528,65.85365854,YES,1.09550556,0,CONTROL MARKET BUY,NO,NO,2.78272124,8.898,12.532,-6.094,-9.728,0.68487301,0.77625279,90.89735313,75.70967742,63.83870968,90.89735313,75.70967742,63.83870968,90.89735313,0,0,2026-09-30 20:17:48,IMPULSE_5S,NO
2026-09-30 20:18:00,83595.1,10.6,45.5,25,BUY,20.5,2.12435233,64.53900709,YES,0.23857728,0.76142272,CONTROL LIMIT SELL,NO,NO,4.03872283,14.427,23.244,-10.145,-18.962,0.7031954,0.81578042,94.71989697,89.57864265,87.19021564,94.71989697,89.57864265,87.19021564,94.71989697,0,0,2026-09-30 20:18:44,IMPULSE_5S,NO
2026-09-30 20:19:00,83600.1,5,29.2,18.9,BUY,10.3,0.90350877,60.70686071,YES,0.23249924,0.76750076,CONTROL LIMIT SELL,NO,NO,4.11912752,9.283,9.875,-9.283,-9.477,1,0.9596962,94.77228993,89.74276527,82.54019293,94.77228993,89.74276527,82.54019293,94.77228993,0,0,2026-09-30 20:19:59,IMPULSE_5S,NO
2026-09-30 20:20:00,83647,46.9,49.6,33,BUY,16.6,1.43103448,60.04842615,YES,2.80268825,0,CONTROL MARKET BUY,NO,NO,5.55275946,16.21,27.613,-13.65,-12.067,0.84207279,0.43700431,96.44116704,91.41575913,90.4381196,96.44116704,91.41575913,90.4381196,96.44116704,2,0,2026-09-30 20:20:10,IMPULSE_5S,NO
2026-09-30 20:21:00,83613.5,-33.5,35.5,36.5,SELL,1,0.0862069,50.69444444,NO,32.2587235,0,CONTROL UNCLEAR,NO,NO,4.28008228,9.289,16.811,6.879,7.483,0.74055334,0.44512522,94.92822967,89.32566315,89.74113135,94.92822967,89.32566315,89.74113135,94.92822967,0,0,2026-09-30 20:21:57,IMPULSE_5S,NO
2026-09-30 20:22:00,83607.4,-6,12.5,20.5,SELL,8,0.68965517,62.12121212,YES,0.72279078,0,CONTROL MARKET SELL,NO,NO,1.75687285,3.24,5.799,-2.602,-5.161,0.80308642,0.88998103,84.43877551,83.10487727,79.91711827,84.43877551,83.10487727,79.91711827,84.43877551,0,0,2026-09-30 20:22:03,IMPULSE_5S,NO
2026-09-30 20:23:00,83640,32.5,34.1,7.1,BUY,27,2.32758621,82.76699029,YES,1.19385822,0,CONTROL MARKET BUY,NO,NO,8.51540145,16.967,19.59,-13.391,-12.936,0.78923793,0.66033691,98.09584259,92.3857868,82.89974619,98.09584259,92.3857868,82.89974619,98.09584259,1,0,2026-09-30 20:23:50,IMPULSE_5S,NO
2026-09-30 20:24:00,83633.7,-6.3,18.3,16.8,BUY,1.5,0.12931034,52.13675214,NO,-3.79460271,0,CONTROL UNCLEAR,NO,NO,4.91675076,10.569,10.978,-10.047,-9.638,0.95061028,0.87793769,95.91901297,87.60304375,81.57894737,95.91901297,87.60304375,81.57894737,95.91901297,1,0,2026-09-30 20:24:58,IMPULSE_5S,NO
2026-09-30 20:25:00,83631.2,-2.5,11.7,9.5,BUY,2.2,0.21782178,55.18867925,YES,-1.0268329,1,CONTROL LIMIT SELL,NO,NO,1.70875277,2.925,10.86,-2.729,-10.494,0.93299145,0.96629834,84.00252924,82.45891277,65.99241466,84.00252924,82.45891277,65.99241466,84.00252924,0,0,2026-09-30 20:25:10,IMPULSE_5S,NO
2026-09-30 20:26:00,83628.8,-2.5,9.4,12.5,SELL,3.1,0.30693069,57.07762557,YES,1.03512602,0,CONTROL MARKET SELL,NO,NO,2.16374766,5.722,7.645,0.246,2.169,0.04299196,0.28371485,87.71653543,64.92607738,39.16325889,87.71653543,64.92607738,39.16325889,87.71653543,0,0,2026-09-30 20:26:32,IMPULSE_5S,NO
2026-09-30 20:27:00,83607.4,-21.4,7.9,30.9,SELL,23,2.27722772,79.63917526,YES,1.15380811,0,CONTROL MARKET SELL,NO,NO,13.10261536,17.464,19.111,16.562,18.209,0.94835089,0.95280205,99.08976773,93.06557891,84.24850957,99.08976773,93.06557891,84.24850957,99.08976773,1,1,2026-09-30 20:27:47,IMPULSE_5S,NO
2026-09-30 20:28:00,83600.1,-7.4,12.1,6,BUY,6.1,0.52586207,66.85082873,YES,-1.09687334,1,CONTROL LIMIT SELL,NO,NO,2.01742137,2.245,8.955,-2.147,4.363,0.95634744,0.48721385,86.42633229,92.85266458,88.72886662,86.42633229,92.85266458,88.72886662,92.85266458,0,0,2026-09-30 20:28:05,BURST_30S,NO
2026-09-30 20:29:00,83589.1,-10.9,3.7,4.8,SELL,1.1,0.10891089,56.47058824,YES,12.27519419,0,CONTROL MARKET SELL,NO,NO,0.44757666,1.073,1.901,0.591,1.255,0.55079217,0.66017885,58.57009054,24.85928705,46.84177611,58.57009054,24.85928705,46.84177611,58.57009054,0,0,2026-09-30 20:29:45,IMPULSE_5S,NO
2026-09-30 20:30:00,83516.2,-72.9,13.8,41.5,SELL,27.7,2.87046632,75.04520796,YES,3.26103586,0,CONTROL MARKET SELL,NO,NO,4.08139142,10.071,14.668,-4.105,-5.738,0.407606,0.39119171,94.82704892,87.61282291,71.90416926,94.82704892,87.61282291,71.90416926,94.82704892,0,0,2026-09-30 20:30:30,IMPULSE_5S,NO
2026-09-30 20:31:00,83473.4,-42.7,61.6,142.5,SELL,80.9,8.38341969,69.81871632,YES,0.60893632,0,CONTROL MARKET SELL,YES,NO,16.26442849,28.59,77.691,-20.094,-63.605,0.70283316,0.818692,99.28482587,99.22408442,98.1073534,99.28482587,99.22408442,98.1073534,99.28482587,7,3,2026-09-30 20:31:20,IMPULSE_5S,NO
2026-09-30 20:32:00,83522.6,49.2,28.2,31.7,SELL,3.5,0.34653465,52.92153589,NO,-17.46658353,0,CONTROL UNCLEAR,NO,NO,9.38152877,14.032,21.659,8.6,4.007,0.61288483,0.18500392,98.35964098,96.9292804,98.23255814,98.35964098,96.9292804,98.23255814,98.35964098,4,0,2026-09-30 20:32:59,IMPULSE_5S,NO
2026-09-30 20:33:00,83519.6,-3.1,15.3,48.2,SELL,32.9,3.25742574,75.90551181,YES,0.11694021,0.88305979,CONTROL LIMIT BUY,NO,NO,5.17914756,9.746,25.051,7.734,18.615,0.79355633,0.74308411,96.22991347,92.27202473,90.30265596,96.22991347,92.27202473,90.30265596,96.22991347,1,0,2026-09-30 20:33:38,IMPULSE_5S,NO
2026-09-30 20:34:00,83527.1,7.5,52.9,10.9,BUY,42,4.15841584,82.9153605,YES,0.14866408,0.85133592,CONTROL LIMIT SELL,NO,NO,28.05761753,33.329,35.896,-33.249,-35.76,0.99759969,0.99621128,99.72282107,97.72237612,95.29085873,99.72282107,97.72237612,95.29085873,99.72282107,2,1,2026-09-30 20:34:53,IMPULSE_5S,NO
2026-09-30 20:35:00,83481.7,-45.4,11,41.8,SELL,30.8,2.65517241,79.16666667,YES,1.83076843,0,CONTROL MARKET SELL,NO,NO,9.80068435,15.446,16.747,8.86,10.105,0.57361129,0.60339165,98.43221642,97.72307692,97.41856177,98.43221642,97.72307692,97.41856177,98.43221642,7,0,2026-09-30 20:35:31,IMPULSE_5S,NO
2026-09-30 20:36:00,83461.2,-20.4,18.3,27.7,SELL,9.4,0.81034483,60.2173913,YES,2.69604973,0,CONTROL MARKET SELL,NO,NO,4.22980221,10.599,14.839,-4.857,-9.097,0.45825078,0.6130467,94.97086783,91.43646409,84.58001226,94.97086783,91.43646409,84.58001226,94.97086783,0,0,2026-09-30 20:36:28,IMPULSE_5S,NO
2026-09-30 20:37:00,83469.6,8.5,20.2,30,SELL,9.8,0.97029703,59.76095618,YES,-1.00197659,1,CONTROL LIMIT BUY,NO,NO,4.9471801,7.502,11.771,-6.426,-3.031,0.85657158,0.25749724,95.99755576,78.18237454,72.77454879,95.99755576,78.18237454,72.77454879,95.99755576,1,0,2026-09-30 20:37:48,IMPULSE_5S,NO
2026-09-30 20:38:00,83517.8,48.2,18.4,8.1,BUY,10.3,1.04568528,69.43396226,YES,3.90053363,0,CONTROL MARKET BUY,NO,NO,3.80329289,8.756,11.69,-4.13,-7.006,0.47167656,0.59931565,94.54434624,80.99299421,75.38086533,94.54434624,80.99299421,75.38086533,94.54434624,0,0,2026-09-30 20:38:46,IMPULSE_5S,NO
2026-09-30 20:39:00,83519,1.2,6.7,7.9,SELL,1.2,0.11881188,54.10958904,NO,-1.15365205,0,CONTROL UNCLEAR,NO,NO,1.048982,4.713,6.291,-4.193,-2.615,0.88966688,0.41567318,74.52830189,67.33637747,64.00973532,74.52830189,67.33637747,64.00973532,74.52830189,0,0,2026-09-30 20:39:26,IMPULSE_5S,NO
2026-09-30 20:40:00,83559.8,40.8,8.2,6.2,BUY,2,0.20304569,56.94444444,YES,11.56453417,0,CONTROL MARKET BUY,NO,NO,2.11892361,1.48,7.008,-1.156,-6.684,0.78108108,0.95376712,87.63669502,58.43446602,53.27669903,87.63669502,58.43446602,53.27669903,87.63669502,0,0,2026-09-30 20:40:01,IMPULSE_5S,NO
2026-09-30 20:41:00,83500.2,-59.5,3.5,11.9,SELL,8.4,0.85279188,77.27272727,YES,8.16350886,0,CONTROL MARKET SELL,NO,NO,0.58717949,1.248,3.458,-0.218,-1.692,0.17467949,0.48930017,63.65838886,26.96731235,36.43246517,63.65838886,26.96731235,36.43246517,63.65838886,0,0,2026-09-30 20:41:05,IMPULSE_5S,NO
2026-09-30 20:42:00,83560,59.8,22.3,9.4,BUY,12.9,1.34375,70.34700315,YES,1.99312561,0,CONTROL MARKET BUY,NO,NO,4.52011592,9.558,10.685,2.226,1.589,0.23289391,0.14871315,95.50256565,78.54775535,55.64929196,95.50256565,78.54775535,55.64929196,95.50256565,1,0,2026-09-30 20:42:26,IMPULSE_5S,NO
2026-09-30 20:43:00,83560.1,0.1,10.4,7.5,BUY,2.9,0.29441624,58.10055866,YES,0.01338682,0.98661318,CONTROL LIMIT SELL,NO,NO,1.84752747,3.842,5.81,2.204,3.444,0.57365955,0.59277108,85.23752255,60.37338151,61.08433735,85.23752255,60.37338151,61.08433735,85.23752255,0,0,2026-09-30 20:43:53,IMPULSE_5S,NO
2026-09-30 20:44:00,83560.1,-0.1,9.7,5.5,BUY,4.2,0.42639594,63.81578947,YES,-0.01348405,1,CONTROL LIMIT SELL,NO,NO,0.84754434,2.517,3.525,-1.095,-2.103,0.43504172,0.59659574,70.92219886,41.71171171,25.87811468,70.92219886,41.71171171,25.87811468,70.92219886,0,0,2026-09-30 20:44:11,IMPULSE_5S,NO
2026-09-30 20:45:00,83519.1,-41,6.8,17.4,SELL,10.6,1.10416667,71.90082645,YES,4.16395361,0,CONTROL MARKET SELL,NO,NO,4.37119675,5.023,12.518,3.585,-0.364,0.7137169,0.02907813,95.29376499,72.13900539,65.30062818,95.29376499,72.13900539,65.30062818,95.29376499,1,0,2026-09-30 20:45:03,IMPULSE_5S,NO
2026-09-30 20:46:00,83502.3,-16.8,0.8,7.6,SELL,6.8,0.70833333,90.47619048,YES,2.0573328,0,CONTROL MARKET SELL,NO,NO,1.09978452,2.278,2.709,-0.802,-1.233,0.35206321,0.4551495,75.56682578,55.03736921,61.79372197,75.56682578,55.03736921,61.79372197,75.56682578,0,0,2026-09-30 20:46:53,IMPULSE_5S,NO
2026-09-30 20:47:00,83499.3,-3.1,16.1,17.9,SELL,1.8,0.1875,52.64705882,NO,0.94512085,0,CONTROL UNCLEAR,NO,NO,2.86707883,10.819,12.752,8.795,9.156,0.81292171,0.71800502,91.60464424,85.36149955,69.29485272,91.60464424,85.36149955,69.29485272,91.60464424,0,0,2026-09-30 20:47:44,IMPULSE_5S,NO
2026-09-30 20:48:00,83491.1,-8.2,4.6,3.8,BUY,0.8,0.08988764,54.76190476,NO,-8.53746771,0,CONTROL UNCLEAR,NO,NO,0.45337206,1.067,1.513,-0.543,-0.585,0.50890347,0.38664904,58.56337192,76.39012786,64.85280999,58.56337192,76.39012786,64.85280999,76.39012786,0,0,2026-09-30 20:48:02,BURST_30S,NO
2026-09-30 20:49:00,83459.9,-31.3,3.8,16.4,SELL,12.6,1.53658537,81.18811881,YES,1.36360461,0,CONTROL MARKET SELL,NO,NO,1.43064571,4.889,5.088,-2.053,-2.238,0.41992227,0.43985849,80.5037037,53.0630364,21.27848476,80.5037037,53.0630364,21.27848476,80.5037037,0,0,2026-09-30 20:49:38,IMPULSE_5S,NO
2026-09-30 20:50:00,83527.5,67.5,14.2,0.6,BUY,13.6,1.65853659,95.94594595,YES,1.76261289,0,CONTROL MARKET BUY,NO,NO,1.06989892,1.406,4.046,0.946,3.008,0.67283073,0.74345032,74.8816568,61.07660455,40.1891253,74.8816568,61.07660455,40.1891253,74.8816568,0,0,2026-09-30 20:50:07,IMPULSE_5S,NO
2026-09-30 20:51:00,83533.3,5.9,12.1,9.6,BUY,2.5,0.30487805,55.76036866,YES,0.50876548,0,CONTROL MARKET BUY,NO,NO,1.09879725,5.021,6.16,-3.277,-4.416,0.65265883,0.71688312,75.30209254,57.70250368,27.70906949,75.30209254,57.70250368,27.70906949,75.30209254,0,0,2026-09-30 20:51:44,IMPULSE_5S,NO
2026-09-30 20:52:00,83488.2,-45,8.3,22.2,SELL,13.9,1.69512195,72.78688525,YES,1.48990539,0,CONTROL MARKET SELL,NO,NO,0.88515503,4.867,6.476,0.887,2.282,0.18224779,0.35237801,71.21034078,53.28230792,34.31430253,71.21034078,53.28230792,34.31430253,71.21034078,0,0,2026-09-30 20:52:59,IMPULSE_5S,NO
2026-09-30 20:53:00,83494.5,6.4,26.5,7.1,BUY,19.4,2.17977528,78.86904762,YES,0.09436282,0.90563718,CONTROL LIMIT SELL,NO,NO,5.83191706,8.241,10.656,7.981,8.352,0.96845043,0.78378378,96.80164319,77.32472866,66.95983583,96.80164319,77.32472866,66.95983583,96.80164319,1,0,2026-09-30 20:53:26,IMPULSE_5S,NO
2026-09-30 20:54:00,83494.6,0.1,5.9,3.9,BUY,2,0.2247191,60.20408163,YES,0.01429967,0.98570033,CONTROL LIMIT SELL,NO,NO,1.0699446,2.344,3.254,1.54,0.678,0.65699659,0.20835894,74.77319286,24.20251683,50.96660808,74.77319286,24.20251683,50.96660808,74.77319286,0,0,2026-09-30 20:54:58,IMPULSE_5S,NO
2026-09-30 20:55:00,83517.7,23.1,11.1,4.9,BUY,6.2,0.69662921,69.375,YES,1.57997217,0,CONTROL MARKET BUY,NO,NO,3.65457686,4.528,7.506,3.96,5.376,0.8745583,0.71622702,94.26229508,49.26814988,36.70960187,94.26229508,49.26814988,36.70960187,94.26229508,0,0,2026-09-30 20:55:56,IMPULSE_5S,NO
2026-09-30 20:56:00,83511.3,-6.4,6.7,3.3,BUY,3.4,0.38202247,67,YES,-0.61845044,1,CONTROL LIMIT SELL,NO,NO,2.18892453,3.07,7.541,2.566,6.643,0.83583062,0.88091765,87.90275337,50.23419204,37.08260105,87.90275337,50.23419204,37.08260105,87.90275337,0,0,2026-09-30 20:56:43,IMPULSE_5S,NO
2026-09-30 20:57:00,83484.6,-26.7,6.7,6.7,HELD,0,0,50,NO,,0,CONTROL UNCLEAR,NO,NO,0.30792787,0.37,1.453,0.102,0.205,0.27567568,0.14108741,50.7029877,39.13298184,15.7971864,50.7029877,39.13298184,15.7971864,50.7029877,0,0,2026-09-30 20:57:00,IMPULSE_5S,NO
2026-09-30 20:58:00,83484.6,0,17.7,10.1,BUY,7.6,1,63.66906475,YES,0,1,CONTROL LIMIT SELL,NO,NO,0.82362288,2.992,4.362,0.838,2.208,0.28008021,0.50618982,70.09674582,33.01084726,15.97771914,70.09674582,33.01084726,15.97771914,70.09674582,0,0,2026-09-30 20:58:53,IMPULSE_5S,NO
2026-09-30 20:59:00,83472.4,-12.3,3.6,4.6,SELL,1,0.125,56.09756098,YES,4.95220875,0,CONTROL MARKET SELL,NO,NO,2.31779162,4.079,5.476,1.429,1.154,0.35033096,0.21073776,88.7063655,45.26254033,31.68084482,88.7063655,45.26254033,31.68084482,88.7063655,0,0,2026-09-30 20:59:25,IMPULSE_5S,NO
2026-09-30 21:00:00,83521.3,49,18.3,14,BUY,4.3,0.5375,56.65634675,YES,3.74803607,0,CONTROL MARKET BUY,NO,NO,1.82137955,3.269,7.485,2.259,6.323,0.69103701,0.84475618,84.82981221,56.30868545,41.69600939,84.82981221,56.30868545,41.69600939,84.82981221,0,0,2026-09-30 21:00:56,IMPULSE_5S,NO
2026-09-30 21:01:00,83518,-3.2,9.9,9.4,BUY,0.5,0.06944444,51.29533679,NO,-1.71665495,0,CONTROL UNCLEAR,NO,NO,1.87361608,6.304,8.077,-1.808,-0.035,0.28680203,0.00433329,85.17322372,62.65413975,43.42337052,85.17322372,62.65413975,43.42337052,85.17322372,0,0,2026-09-30 21:01:46,IMPULSE_5S,NO
2026-09-30 21:02:00,83482,-36,10,11.7,SELL,1.7,0.26153846,53.91705069,NO,8.51924331,0,CONTROL UNCLEAR,NO,NO,0.76404303,1.052,2.613,-0.98,-0.751,0.93155894,0.28740911,68.61421022,59.92366412,47.81204112,68.61421022,59.92366412,47.81204112,68.61421022,0,0,2026-09-30 21:02:03,IMPULSE_5S,NO
2026-09-30 21:03:00,83476,-6,6.4,3.6,BUY,2.8,0.43076923,64,YES,-0.57531277,1,CONTROL LIMIT SELL,NO,NO,3.19921742,2.167,6.353,-0.665,2.671,0.30687587,0.42043129,92.56756757,48.91304348,28.7099618,92.56756757,48.91304348,28.7099618,92.56756757,0,0,2026-09-30 21:03:05,IMPULSE_5S,NO
2026-09-30 21:04:00,83489.4,13.4,10.4,11,SELL,0.6,0.11428571,51.40186916,NO,-7.81404831,0,CONTROL UNCLEAR,NO,NO,2.08362309,3.231,5.235,-1.653,-1.117,0.51160631,0.21337154,86.97441929,50.86739194,32.54925022,86.97441929,50.86739194,32.54925022,86.97441929,0,0,2026-09-30 21:04:27,IMPULSE_5S,NO
2026-09-30 21:05:00,83504.7,15.4,22.5,10.7,BUY,11.8,2.77647059,67.77108434,YES,0.31222937,0.68777063,CONTROL LIMIT SELL,NO,NO,5.35152241,10.29,11.053,-5.382,-6.025,0.52303207,0.54510088,96.20476611,79.99411592,56.86966755,96.20476611,79.99411592,56.86966755,96.20476611,1,0,2026-09-30 21:05:48,IMPULSE_5S,NO
2026-09-30 21:06:00,83518.7,14.1,6.3,15.4,SELL,9.1,2.14117647,70.96774194,YES,-0.47893596,1,CONTROL LIMIT BUY,NO,NO,0.7596992,2.494,4.268,-0.93,-1.902,0.37289495,0.44564199,68.49073257,79.99411592,62.13592233,68.49073257,79.99411592,62.13592233,79.99411592,0,0,2026-09-30 21:06:05,BURST_30S,NO
2026-09-30 21:07:00,83518.7,0,12.7,11.6,BUY,1.1,0.25882353,52.26337449,NO,0,0,CONTROL UNCLEAR,NO,NO,0.84022039,1.083,3.609,-0.541,-2.983,0.49953832,0.82654475,70.11189635,35.21790342,22.6442874,70.11189635,35.21790342,22.6442874,70.11189635,0,0,2026-09-30 21:07:21,IMPULSE_5S,NO
2026-09-30 21:08:00,83593.3,74.5,26.2,14.1,BUY,12.1,3.18421053,65.01240695,YES,1.65157727,0,CONTROL MARKET BUY,NO,NO,5.190056,8.739,10.548,-5.127,-3.318,0.5866804,0.314562,96.16971126,75.13258692,54.41956394,96.16971126,75.13258692,54.41956394,96.16971126,1,0,2026-09-30 21:08:47,IMPULSE_5S,NO
2026-09-30 21:09:00,83580.9,-12.4,8.4,17.7,SELL,9.3,2.44736842,67.81609195,YES,0.37489678,0.62510322,CONTROL LIMIT BUY,NO,NO,2.01575533,4.322,5.701,-2.074,-1.657,0.47987043,0.29065076,86.14386792,73.65939894,56.22051887,86.14386792,73.65939894,56.22051887,86.14386792,0,0,2026-09-30 21:09:57,IMPULSE_5S,NO
2026-09-30 21:10:00,83586.5,5.6,10.9,9.3,BUY,1.6,0.37647059,53.96039604,NO,0.93745503,0,CONTROL UNCLEAR,NO,NO,1.66956069,4.31,5.462,-0.464,-0.616,0.10765661,0.1127792,83.48082596,49.26253687,40.08849558,83.48082596,49.26253687,40.08849558,83.48082596,0,0,2026-09-30 21:10:53,IMPULSE_5S,NO
2026-09-30 21:11:00,83607.6,21,52.1,20,BUY,32.1,7.55294118,72.26074896,YES,0.21458623,0.78541377,CONTROL LIMIT SELL,NO,NO,1.95319374,5.48,6.689,3.372,4.549,0.61532847,0.68007176,85.6257379,59.44510035,48.28807556,85.6257379,59.44510035,48.28807556,85.6257379,0,0,2026-09-30 21:11:25,IMPULSE_5S,NO
2026-09-30 21:12:00,83592.1,-15.5,20.2,15.8,BUY,4.4,1.03529412,56.11111111,YES,-1.48981873,1,CONTROL LIMIT SELL,NO,NO,11.39864753,5.215,27.178,-1.287,4.394,0.24678811,0.16167488,98.67178276,94.83165978,90.25398701,98.67178276,94.83165978,90.25398701,98.67178276,1,0,2026-09-30 21:12:01,IMPULSE_5S,NO
2026-09-30 21:13:00,83581.1,-11.1,7.7,22.8,SELL,15.1,3.55294118,74.75409836,YES,0.25648403,0.74351597,CONTROL LIMIT BUY,NO,NO,1.44974446,4.365,6.643,-0.447,-0.727,0.1024055,0.10943851,80.53175775,53.48493798,69.0490254,80.53175775,53.48493798,69.0490254,80.53175775,0,0,2026-09-30 21:13:54,IMPULSE_5S,NO
2026-09-30 21:14:00,83551.6,-29.5,1.7,11.4,SELL,9.7,2.22988506,87.02290076,YES,1.22163574,0,CONTROL MARKET SELL,NO,NO,1.1881693,2.972,4.951,-0.134,1.845,0.04508748,0.37265199,76.82530299,40.88626292,30.20987289,76.82530299,40.88626292,30.20987289,76.82530299,0,0,2026-09-30 21:14:57,IMPULSE_5S,NO
2026-09-30 21:15:00,83539,-12.6,0.9,5.9,SELL,5,0.94339623,86.76470588,YES,0.91191793,0,CONTROL MARKET SELL,NO,NO,1.37632751,3.213,4.923,-1.347,0.363,0.41923436,0.07373553,79.82845312,35.81780538,21.38420586,79.82845312,35.81780538,21.38420586,79.82845312,0,0,2026-09-30 21:15:31,IMPULSE_5S,NO
2026-09-30 21:16:00,83528,-11,14.3,12.4,BUY,1.9,0.40425532,53.55805243,NO,-2.45248558,0,CONTROL UNCLEAR,NO,NO,0.45554059,1.456,2.942,-0.39,0.716,0.26785714,0.24337186,58.95235277,35.96569062,21.2488902,58.95235277,35.96569062,21.2488902,58.95235277,0,0,2026-09-30 21:16:41,IMPULSE_5S,NO
2026-09-30 21:17:00,83530,2,40.6,37.7,BUY,2.9,0.66666667,51.85185185,NO,0.29222257,0,CONTROL UNCLEAR,YES,NO,16.5163796,21.054,22.448,-20.936,-21.67,0.99439536,0.96534212,99.31892212,94.22564406,85.78620077,99.31892212,94.22564406,85.78620077,99.31892212,1,1,2026-09-30 21:17:34,IMPULSE_5S,NO
2026-09-30 21:18:00,83473,-57,13.6,27.6,SELL,14,3.2183908,66.99029126,YES,1.61648195,0,CONTROL MARKET SELL,NO,NO,2.98312091,4.892,8.587,3.948,5.515,0.80703189,0.64224991,92.05925926,94.22564406,88.41824645,92.05925926,94.22564406,88.41824645,94.22564406,0,0,2026-09-30 21:18:03,BURST_30S,NO
2026-09-30 21:19:00,83477.8,4.8,18,14.7,BUY,3.3,0.70212766,55.04587156,YES,0.61713642,0,CONTROL MARKET BUY,NO,NO,2.75780988,3.982,9.252,3.344,-0.826,0.83977901,0.08927799,90.87136929,74.39241257,66.6567872,90.87136929,74.39241257,66.6567872,90.87136929,0,0,2026-09-30 21:19:29,IMPULSE_5S,NO
2026-09-30 21:20:00,83450.3,-27.6,65.9,65.4,BUY,0.5,0.11494253,50.19040366,NO,-28.96178387,0,CONTROL UNCLEAR,NO,NO,8.10423729,17.474,19.104,-14.484,-12.854,0.82888863,0.67284338,98.1316726,92.79359431,81.5539739,98.1316726,92.79359431,81.5539739,98.1316726,1,0,2026-09-30 21:20:32,IMPULSE_5S,NO
2026-09-30 21:21:00,83409.6,-40.8,34.1,62.7,SELL,28.6,7.42857143,64.77272727,YES,0.47054717,0.52945283,CONTROL LIMIT BUY,NO,NO,7.37351062,14.98,31.476,12.632,29.128,0.84325768,0.92540348,97.98219585,93.67952522,94.89614243,97.98219585,93.67952522,94.89614243,97.98219585,1,0,2026-09-30 21:21:54,IMPULSE_5S,NO
2026-09-30 21:22:00,83448,38.4,43,28.3,BUY,14.7,3.37931034,60.3085554,YES,1.89641403,0,CONTROL MARKET BUY,NO,NO,2.85220398,4.015,9.567,4.015,2.967,1,0.31012857,91.75074184,93.17507418,93.59050445,91.75074184,93.17507418,93.59050445,93.59050445,0,0,2026-09-30 21:22:00,BURST_60S,NO
2026-09-30 21:23:00,83473,25,40.4,28.9,BUY,11.5,2.64367816,58.2972583,YES,1.49546086,0,CONTROL MARKET BUY,NO,NO,7.60902006,11.677,21.25,-10.549,-0.976,0.90339985,0.04592941,98.27688651,94.9197861,85.62091503,98.27688651,94.9197861,85.62091503,98.27688651,1,0,2026-09-30 21:23:52,IMPULSE_5S,NO
2026-09-30 21:24:00,83464.3,-8.7,9.1,6.4,BUY,2.7,0.62068966,58.70967742,YES,-1.48133451,1,CONTROL LIMIT SELL,NO,NO,1.73856323,2.789,7.401,-2.789,-7.401,1,1,84.94208494,89.84258984,89.68796434,84.94208494,89.84258984,89.68796434,89.84258984,0,0,2026-09-30 21:24:10,BURST_30S,NO
2026-09-30 21:25:00,83401.8,-62.5,2.5,37.7,SELL,35.2,8.09195402,93.78109453,YES,0.70606526,0,CONTROL MARKET SELL,NO,NO,3.14124094,5.319,8.768,-3.835,-7.284,0.72100019,0.83074818,93.22235434,64.77407848,48.12722949,93.22235434,64.77407848,48.12722949,93.22235434,0,0,2026-09-30 21:25:41,IMPULSE_5S,NO
2026-09-30 21:26:00,83399.4,-2.3,66.8,87.2,SELL,20.4,4.68965517,56.62337662,YES,0.05263701,0.94736299,CONTROL LIMIT BUY,NO,NO,16.71894382,39.626,46.96,35.516,41.158,0.89628022,0.87644804,99.7620464,99.4348602,98.60202261,99.7620464,99.4348602,98.60202261,99.7620464,5,3,2026-09-30 21:26:50,IMPULSE_5S,NO
2026-09-30 21:27:00,83385.8,-13.7,60.5,41.5,BUY,19,4.04255319,59.31372549,YES,-0.3320701,1,CONTROL LIMIT SELL,NO,NO,5.95345606,12.297,21.536,-5.185,4.054,0.42164756,0.18824294,97.59000298,99.3753718,98.92889021,97.59000298,99.3753718,98.92889021,99.3753718,8,1,2026-09-30 21:27:02,BURST_30S,NO
2026-09-30 21:28:00,83447,61.2,48.7,58.3,SELL,9.6,1.52380952,54.48598131,NO,-3.59716324,0,CONTROL UNCLEAR,NO,NO,3.53091467,3.927,11.654,-2.263,-4.854,0.57626687,0.41650935,94.61469801,90.3005058,90.86581375,94.61469801,90.3005058,90.86581375,94.61469801,0,0,2026-09-30 21:28:05,IMPULSE_5S,NO
2026-09-30 21:29:00,83505.6,58.7,13.6,8,BUY,5.6,0.79432624,62.96296296,YES,4.82191284,0,CONTROL MARKET BUY,NO,NO,0.68788683,1.831,2.305,-1.429,-1.575,0.78044784,0.68329718,68.03693774,44.74545996,57.87436737,68.03693774,44.74545996,57.87436737,68.03693774,0,0,2026-09-30 21:29:48,IMPULSE_5S,NO
2026-09-30 21:30:00,83518.1,12.6,66,39.3,BUY,26.7,3.63265306,62.67806268,YES,0.19682747,0.80317253,CONTROL LIMIT SELL,NO,NO,12.23142613,22.261,27.943,-10.841,-14.917,0.48699519,0.53383674,99.40405244,96.51370679,93.1466031,99.40405244,96.51370679,93.1466031,99.40405244,5,1,2026-09-30 21:30:35,IMPULSE_5S,NO
2026-09-30 21:31:00,83506.3,-11.7,25.2,44.8,SELL,19.6,2.13043478,64,YES,0.37230266,0.62769734,CONTROL LIMIT BUY,NO,NO,7.68188058,11.632,13.03,9.856,9.174,0.84731774,0.70406754,98.5092427,96.48390942,92.55065554,98.5092427,96.48390942,92.55065554,98.5092427,2,0,2026-09-30 21:31:57,IMPULSE_5S,NO
2026-09-30 21:32:00,83535.2,28.8,11.1,18.3,SELL,7.2,0.76190476,62.24489796,YES,-2.80016217,1,CONTROL LIMIT BUY,NO,NO,4.82353949,7.374,16.93,7.066,15.418,0.95823162,0.91069108,96.83865195,87.59689922,80.10736654,96.83865195,87.59689922,80.10736654,96.83865195,1,0,2026-09-30 21:32:55,IMPULSE_5S,NO
2026-09-30 21:33:00,83512.4,-22.9,4.6,4.3,BUY,0.3,0.03174603,51.68539326,NO,-41.99698708,0,CONTROL UNCLEAR,NO,NO,0.70527034,0.518,1.822,0.058,-1.246,0.11196911,0.68386389,68.84317233,71.13033105,48.4496124,68.84317233,71.13033105,48.4496124,71.13033105,0,0,2026-09-30 21:33:00,BURST_30S,NO
2026-09-30 21:34:00,83499.2,-13.3,15.1,30.7,SELL,15.6,1.65079365,67.03056769,YES,0.59674225,0,CONTROL MARKET SELL,NO,NO,4.45945946,9.284,12.394,6.488,3.572,0.69883671,0.28820397,96.3880597,80.68656716,67.19402985,96.3880597,80.68656716,67.19402985,96.3880597,1,0,2026-09-30 21:34:53,IMPULSE_5S,NO
2026-09-30 21:35:00,83491.1,-8.2,10.4,5.7,BUY,4.7,0.48704663,64.59627329,YES,-0.96071441,1,CONTROL LIMIT SELL,NO,NO,5.52273114,2.937,12.637,-2.425,7.227,0.82567245,0.57189206,97.55223881,92.29850746,83.94029851,97.55223881,92.29850746,83.94029851,97.55223881,1,0,2026-09-30 21:35:05,IMPULSE_5S,NO
2026-09-30 21:36:00,83453.4,-37.7,7.3,15.2,SELL,7.9,0.83597884,67.55555556,YES,3.46053809,0,CONTROL MARKET SELL,NO,NO,1.93844584,3.527,6.774,-1.243,2.004,0.35242416,0.29583702,87.42157156,55.54227667,56.58405494,87.42157156,55.54227667,56.58405494,87.42157156,0,0,2026-09-30 21:36:20,IMPULSE_5S,NO
2026-09-30 21:37:00,83424.8,-28.5,8.8,24.4,SELL,15.6,1.65079365,73.4939759,YES,1.28054825,0,CONTROL MARKET SELL,NO,NO,0.83319134,1.724,3.678,-0.458,-0.46,0.26566125,0.12506797,72.54257544,49.86555124,42.15715566,72.54257544,49.86555124,42.15715566,72.54257544,0,0,2026-09-30 21:37:01,IMPULSE_5S,NO
2026-09-30 21:38:00,83417.4,-7.3,32.7,36.2,SELL,3.5,0.3626943,52.53991292,NO,1.30374311,0,CONTROL UNCLEAR,NO,NO,5.9478965,16.578,23.114,15.104,8.956,0.91108698,0.3874708,97.84753363,94.46935725,90.25411061,97.84753363,94.46935725,90.25411061,97.84753363,3,0,2026-09-30 21:38:49,IMPULSE_5S,NO
2026-09-30 21:39:00,83401.9,-15.4,32.4,40.7,SELL,8.3,0.87830688,55.67715458,YES,1.15999706,0,CONTROL MARKET SELL,NO,NO,4.65696289,11.91,17.117,11.53,15.351,0.96809404,0.89682772,96.64971582,94.64872945,93.3293449,96.64971582,94.64872945,93.3293449,96.64971582,1,0,2026-09-30 21:39:35,IMPULSE_5S,NO
2026-09-30 21:40:00,83415.9,14,27.1,33.6,SELL,6.5,0.72625698,55.35420099,YES,-1.19738359,1,CONTROL LIMIT BUY,NO,NO,7.31533847,12.014,25.647,5.548,18.951,0.46179457,0.73891683,98.44357977,96.97695301,93.71445675,98.44357977,96.97695301,93.71445675,98.44357977,3,0,2026-09-30 21:40:46,IMPULSE_5S,NO
2026-09-30 21:41:00,83405,-10.9,16,22.2,SELL,6.2,0.69273743,58.11518325,YES,0.97702941,0,CONTROL MARKET SELL,NO,NO,1.55698101,4.327,9.229,-0.589,-5.491,0.13612202,0.59497237,84.36657682,88.80574678,93.86227545,84.36657682,88.80574678,93.86227545,93.86227545,0,0,2026-09-30 21:41:19,BURST_60S,NO
2026-09-30 21:42:00,83415.7,10.7,10.2,21,SELL,10.8,1.33333333,67.30769231,YES,-0.55877891,1,CONTROL LIMIT BUY,NO,NO,2.47554488,6.449,10.343,-5.049,-8.441,0.78291208,0.81610751,91.04522312,72.56663672,58.93980234,91.04522312,72.56663672,58.93980234,91.04522312,0,0,2026-09-30 21:42:40,IMPULSE_5S,NO
2026-09-30 21:43:00,83410.8,-4.8,9.1,27.9,SELL,18.8,2.10055866,75.40540541,YES,0.1439637,0.8560363,CONTROL LIMIT BUY,NO,NO,4.09021015,10.4,14.604,-10.242,-14.348,0.98480769,0.98247056,95.98441714,85.31615223,76.86544801,95.98441714,85.31615223,76.86544801,95.98441714,1,0,2026-09-30 21:43:43,IMPULSE_5S,NO
2026-09-30 21:44:00,83398,-12.8,8.3,25.6,SELL,17.3,1.93296089,75.51622419,YES,0.41723761,0.58276239,CONTROL LIMIT BUY,NO,NO,2.19282979,6.218,10.327,-1.228,-3.511,0.19749115,0.33998257,89.65517241,85.94545999,83.05847076,89.65517241,85.94545999,83.05847076,89.65517241,0,0,2026-09-30 21:44:46,IMPULSE_5S,NO
2026-09-30 21:45:00,83384,-13.9,10.9,32.5,SELL,21.6,2.41340782,74.88479263,YES,0.36619608,0.63380392,CONTROL LIMIT BUY,NO,NO,2.31193416,4.78,8.999,-0.538,-2.039,0.1125523,0.22658073,90.25487256,75.44227886,71.24437781,90.25487256,75.44227886,71.24437781,90.25487256,0,0,2026-09-30 21:45:04,IMPULSE_5S,NO
2026-09-30 21:46:00,83378.8,-5.3,10.1,25.6,SELL,15.5,1.51960784,71.70868347,YES,0.24007138,0.75992862,CONTROL LIMIT BUY,NO,NO,1.61985515,9.77,10.944,-3.61,-2.436,0.36949846,0.22258772,85.31972381,83.36835785,62.6538577,85.31972381,83.36835785,62.6538577,85.31972381,0,0,2026-09-30 21:46:53,IMPULSE_5S,NO
2026-09-30 21:47:00,83387.3,8.5,21,20,BUY,1,0.0896861,51.2195122,NO,3.91649288,0,CONTROL UNCLEAR,NO,NO,2.55250128,11.169,16.414,-7.443,-7.748,0.66639807,0.47203607,91.61910484,87.56756757,80.86512466,91.61910484,87.56756757,80.86512466,91.61910484,0,0,2026-09-30 21:47:29,IMPULSE_5S,NO
2026-09-30 21:48:00,83376.5,-10.8,12.3,25.4,SELL,13.1,1.17488789,67.37400531,YES,0.72495413,0,CONTROL MARKET SELL,NO,NO,3.48792673,10.678,14.468,-7.068,-10.474,0.66192171,0.72394249,94.83017734,86.02344454,78.71956718,94.83017734,86.02344454,78.71956718,94.83017734,0,0,2026-09-30 21:48:35,IMPULSE_5S,NO
2026-09-30 21:49:00,83374.5,-1.9,18.9,32.4,SELL,13.5,1.21076233,63.15789474,YES,0.16814908,0.83185092,CONTROL LIMIT BUY,NO,NO,2.93038409,8.242,12.691,1.084,-3.365,0.13152148,0.26514853,93.08270677,83.46859032,73.81238725,93.08270677,83.46859032,73.81238725,93.08270677,0,0,2026-09-30 21:49:51,IMPULSE_5S,NO
2026-09-30 21:50:00,83401.2,26.7,29.2,21.7,BUY,7.5,0.6097561,57.36738703,YES,,0,CONTROL UNCLEAR,NO,NO,4.63631696,10.538,16.809,-0.336,5.735,0.03188461,0.34118627,96.63056558,93.2009627,84.35619735,96.63056558,93.2009627,84.35619735,96.63056558,1,0,2026-09-30 21:50:41,IMPULSE_5S,NO
2026-09-30 21:51:00,83409.3,8,19.6,17.5,BUY,2.1,0.17073171,52.83018868,NO,1.45862361,0,CONTROL UNCLEAR,NO,NO,2.59221136,6.072,8.665,-4.458,-3.237,0.73418972,0.37357184,91.63154726,87.45487365,83.98555087,91.63154726,87.45487365,83.98555087,91.63154726,0,0,2026-09-30 21:51:40,IMPULSE_5S,NO
2026-09-30 21:52:00,83428.3,19,10.5,16.9,SELL,6.4,0.57399103,61.67883212,YES,-3.7946078,1,CONTROL LIMIT BUY,NO,NO,2.03778573,3.987,7.965,1.363,3.349,0.34186105,0.42046453,88.43373494,72.21553281,67.10843373,88.43373494,72.21553281,67.10843373,88.43373494,0,0,2026-09-30 21:52:32,IMPULSE_5S,NO
2026-09-30 21:53:00,83453.3,25,57.6,36.1,BUY,21.5,2.10784314,61.47278549,YES,,0,CONTROL UNCLEAR,NO,NO,13.21553592,20.965,25.765,-20.337,-19.095,0.97004531,0.74112168,99.60831576,96.77516576,92.43520193,99.60831576,96.77516576,92.43520193,99.60831576,3,1,2026-09-30 21:53:47,IMPULSE_5S,NO
2026-09-30 21:54:00,83449.6,-3.7,20.1,27.9,SELL,7.8,0.76470588,58.125,YES,0.60567872,0,CONTROL MARKET SELL,NO,NO,4.7160748,14.311,19.64,7.531,12.86,0.52623856,0.65478615,96.65360265,96.23267028,97.76906844,96.65360265,96.23267028,97.76906844,97.76906844,5,0,2026-09-30 21:54:43,BURST_60S,NO
2026-09-30 21:55:00,83446.4,-3.3,23.8,30.8,SELL,7,0.68627451,56.41025641,YES,0.63657129,0,CONTROL MARKET SELL,NO,NO,7.20682663,11.686,19.671,8.56,16.073,0.73250043,0.81709115,98.28157974,92.07114863,93.4277962,98.28157974,92.07114863,93.4277962,98.28157974,2,0,2026-09-30 21:55:39,IMPULSE_5S,NO
2026-09-30 21:56:00,83475.6,29.2,10.5,3.6,BUY,6.9,0.77094972,74.46808511,YES,,0,CONTROL UNCLEAR,NO,NO,2.31339468,2.367,6.97,-2.351,-6.954,0.99324039,0.99770445,90.23213747,90.20198975,85.7358263,90.23213747,90.20198975,85.7358263,90.23213747,0,0,2026-09-30 21:56:08,IMPULSE_5S,NO
2026-09-30 21:57:00,83486.3,10.8,17.1,28.1,SELL,11,1.35802469,62.16814159,YES,-1.41702136,1,CONTROL LIMIT BUY,NO,NO,6.77723887,3.539,15.129,2.721,14.311,0.76886126,0.94593165,97.97949337,90.67873303,78.82352941,97.97949337,90.67873303,78.82352941,97.97949337,1,0,2026-09-30 21:57:03,IMPULSE_5S,NO
2026-09-30 21:58:00,83475,-11.3,10.3,25.1,SELL,14.8,1.82716049,70.9039548,YES,1.10166534,0,CONTROL MARKET SELL,NO,NO,4.82268258,6.674,9.448,5.306,8.08,0.79502547,0.85520745,96.77127339,69.34218467,77.586727,96.77127339,69.34218467,77.586727,96.77127339,1,0,2026-09-30 21:58:58,IMPULSE_5S,NO
2026-09-30 21:59:00,83446.3,-28.7,5.5,12.7,SELL,7.2,0.88888889,69.78021978,YES,5.37919455,0,CONTROL MARKET SELL,NO,NO,2.06117247,4.915,12.068,-3.633,0.202,0.73916582,0.01673848,88.55676329,74.33574879,66.99879227,88.55676329,74.33574879,66.99879227,88.55676329,0,0,2026-09-30 21:59:43,IMPULSE_5S,NO
2026-09-30 22:00:00,83479.7,33.4,25.4,18.9,BUY,6.5,0.80246914,57.33634312,YES,,0,CONTROL UNCLEAR,NO,NO,3.54699348,5.383,9.609,-5.083,-3.871,0.94426899,0.40285149,94.74161378,71.98067633,56.14989423,94.74161378,71.98067633,56.14989423,94.74161378,0,0,2026-09-30 22:00:58,IMPULSE_5S,NO
2026-09-30 22:01:00,83474.1,-5.5,14.8,23.9,SELL,9.1,1.15923567,61.75710594,YES,0.80345236,0,CONTROL MARKET SELL,NO,NO,6.94780128,8.787,26.632,7.879,17.678,0.89666553,0.66378792,98.12632215,94.64933495,93.65175333,98.12632215,94.64933495,93.65175333,98.12632215,2,0,2026-09-30 22:01:04,IMPULSE_5S,NO
2026-09-30 22:02:00,83463.6,-10.4,17.5,43.7,SELL,26.2,3.33757962,71.40522876,YES,0.5277511,0,CONTROL MARKET SELL,NO,NO,5.27442969,3.624,20.517,-0.226,13.863,0.06236203,0.67568358,97.24742892,95.28130672,94.5553539,97.24742892,95.28130672,94.5553539,97.24742892,3,0,2026-09-30 22:02:21,IMPULSE_5S,NO
2026-09-30 22:03:00,83440,-23.6,5.7,7.6,SELL,1.9,0.2345679,57.14285714,YES,16.76659533,0,CONTROL MARKET SELL,NO,NO,3.38104217,4.492,6.743,-3.996,-2.657,0.88958148,0.39403826,94.1301059,55.46142209,87.41681791,94.1301059,55.46142209,87.41681791,94.1301059,0,0,2026-09-30 22:03:53,IMPULSE_5S,NO
2026-09-30 22:04:00,83417,-23,5.2,13.8,SELL,8.6,1.0617284,72.63157895,YES,3.55860961,0,CONTROL MARKET SELL,NO,NO,1.4773904,2.667,3.058,1.045,0.746,0.39182602,0.24395029,83.34847109,51.52891311,33.68644068,83.34847109,51.52891311,33.68644068,83.34847109,0,0,2026-09-30 22:04:58,IMPULSE_5S,NO
2026-09-30 22:05:00,83430.5,13.5,6,7.6,SELL,1.6,0.19753086,55.88235294,YES,-11.23321847,1,CONTROL LIMIT BUY,NO,NO,1.40279196,2.119,4.995,1.817,2.487,0.85747994,0.4978979,82.55602665,45.1105056,28.4675954,82.55602665,45.1105056,28.4675954,82.55602665,0,0,2026-09-30 22:05:32,IMPULSE_5S,NO
2026-09-30 22:06:00,83386.4,-44.1,5.3,29.8,SELL,24.5,3.02469136,84.9002849,YES,2.39564447,0,CONTROL MARKET SELL,NO,NO,3.31067126,7.347,12.651,4.871,10.175,0.6629917,0.80428425,93.94122993,82.94456225,69.34262345,93.94122993,82.94456225,69.34262345,93.94122993,0,0,2026-09-30 22:06:47,IMPULSE_5S,NO
2026-09-30 22:07:00,83419.1,32.7,27.1,8.9,BUY,18.2,2.15384615,75.27777778,YES,,0,CONTROL UNCLEAR,NO,NO,1.22909445,1.24,6.468,1.006,-4.222,0.81129032,0.65275201,80.27272727,72.58406543,77.60606061,80.27272727,72.58406543,77.60606061,80.27272727,0,0,2026-09-30 22:07:20,IMPULSE_5S,NO
2026-09-30 22:08:00,83430.1,11,21.4,3,BUY,18.4,2.17751479,87.70491803,YES,0.16774916,0.83225084,CONTROL LIMIT SELL,NO,NO,4.21082142,10.285,10.754,4.633,4.384,0.45046184,0.40766227,95.78532444,83.71740449,63.70527592,95.78532444,83.71740449,63.70527592,95.78532444,1,0,2026-09-30 22:08:26,IMPULSE_5S,NO
2026-09-30 22:09:00,83436.2,6.1,12.8,4.3,BUY,8.5,0.96045198,74.85380117,YES,0.26761216,0.73238784,CONTROL LIMIT SELL,NO,NO,1.09042706,1.859,5.702,-1.019,-4.828,0.54814416,0.84672045,77.85865939,63.28883495,75.09857446,77.85865939,63.28883495,75.09857446,77.85865939,0,0,2026-09-30 22:09:24,IMPULSE_5S,NO
2026-09-30 22:10:00,83462.8,26.6,19.1,4.1,BUY,15,1.69491525,82.32758621,YES,0.98581502,0,CONTROL MARKET BUY,NO,NO,2.52426343,8.32,8.634,2.418,2.72,0.290625,0.31503359,90.95324833,76.53309047,52.79295689,90.95324833,76.53309047,52.79295689,90.95324833,0,0,2026-09-30 22:10:49,IMPULSE_5S,NO
2026-09-30 22:11:00,83452,-10.8,11.5,66.1,SELL,54.6,5.48743719,85.18041237,YES,0.28556738,0.71443262,CONTROL LIMIT BUY,NO,NO,4.68744818,18.283,19.031,16.107,16.507,0.88098233,0.86737428,96.41664136,94.74483597,84.2345079,96.41664136,94.74483597,84.2345079,96.41664136,1,0,2026-09-30 22:11:33,IMPULSE_5S,NO
2026-09-30 22:12:00,83451.3,-0.7,15.9,33.1,SELL,17.2,1.57798165,67.55102041,YES,0.06520236,0.93479764,CONTROL LIMIT BUY,NO,NO,4.61072221,7.057,16.889,6.355,14.011,0.9005243,0.82959323,96.32442284,95.65613609,93.74050441,96.32442284,95.65613609,93.74050441,96.32442284,1,0,2026-09-30 22:12:03,IMPULSE_5S,NO
2026-09-30 22:13:00,83439.9,-11.4,5.1,15,SELL,9.9,0.82157676,74.62686567,YES,1.90652658,0,CONTROL MARKET SELL,NO,NO,1.49384429,2.407,4.929,-2.277,0.191,0.94599086,0.03875025,83.19148936,66.65653495,78.29787234,83.19148936,66.65653495,78.29787234,83.19148936,0,0,2026-09-30 22:13:08,IMPULSE_5S,NO
2026-09-30 22:14:00,83437.4,-2.6,4.1,18.3,SELL,14.2,1.35885167,81.69642857,YES,0.28424026,0.71575974,CONTROL LIMIT BUY,NO,NO,1.08511697,2.967,3.661,-1.741,-1.185,0.586788,0.32368205,77.55474453,36.52676399,22.17153285,77.55474453,36.52676399,22.17153285,77.55474453,0,0,2026-09-30 22:14:47,IMPULSE_5S,NO
2026-09-30 22:15:00,83447.5,10.1,6.3,1.8,BUY,4.5,0.43062201,77.77777778,YES,1.25658718,0,CONTROL MARKET BUY,NO,NO,7.57201646,1.235,10.149,-0.393,-9.307,0.31821862,0.91703616,98.35766423,86.83090024,66.1089139,98.35766423,86.83090024,66.1089139,98.35766423,1,0,2026-09-30 22:15:05,IMPULSE_5S,NO
2026-09-30 22:16:00,83468.7,21.2,20.1,16.8,BUY,3.3,0.34736842,54.47154472,NO,3.57033811,0,CONTROL UNCLEAR,NO,NO,2.71331946,9.647,10.035,3.913,3.581,0.40561833,0.35685102,91.71993912,81.61339422,58.35616438,91.71993912,81.61339422,58.35616438,91.71993912,0,0,2026-09-30 22:16:30,IMPULSE_5S,NO
2026-09-30 22:17:00,83461.2,-7.5,55.7,14.7,BUY,41,4.63276836,79.11931818,YES,-0.10161181,1,CONTROL LIMIT SELL,NO,NO,9.6548171,15.396,19.663,7.284,3.017,0.4731099,0.15343539,98.90310786,92.71785497,85.46617916,98.90310786,92.71785497,85.46617916,98.90310786,1,0,2026-09-30 22:17:51,IMPULSE_5S,NO
2026-09-30 22:18:00,83436.4,-24.7,9,10.7,SELL,1.7,0.17894737,54.31472081,NO,24.0502306,0,CONTROL UNCLEAR,NO,NO,2.72242299,3.841,9.439,-2.133,-7.731,0.55532413,0.81904863,91.74283973,94.88117002,87.32480195,91.74283973,94.88117002,87.32480195,94.88117002,0,0,2026-09-30 22:18:08,BURST_30S,NO
2026-09-30 22:19:00,83439.2,2.8,4.1,1.6,BUY,2.5,0.28248588,71.92982456,YES,0.62261703,0,CONTROL MARKET BUY,NO,NO,0.45066513,0.635,2.381,-0.521,1.225,0.82047244,0.51448971,60.10978957,44.590064,48.39987809,60.10978957,44.590064,48.39987809,60.10978957,0,0,2026-09-30 22:19:19,IMPULSE_5S,NO
2026-09-30 22:20:00,83421.1,-18,3.4,13.5,SELL,10.1,1.18128655,79.8816568,YES,2.95155806,0,CONTROL MARKET SELL,NO,NO,2.00120919,3.212,4.079,2.52,1.721,0.78455791,0.42191714,87.4923734,38.25503356,16.47345943,87.4923734,38.25503356,16.47345943,87.4923734,0,0,2026-09-30 22:20:37,IMPULSE_5S,NO
2026-09-30 22:21:00,83400,-21,4.9,11.1,SELL,6.2,0.70056497,69.375,YES,4.9596291,0,CONTROL MARKET SELL,NO,NO,1.46478394,3.26,4.139,2.068,2.465,0.63435583,0.59555448,82.63125763,44.50884686,27.77777778,82.63125763,44.50884686,27.77777778,82.63125763,0,0,2026-09-30 22:21:34,IMPULSE_5S,NO
2026-09-30 22:22:00,83407.7,7.6,8.6,3.8,BUY,4.8,0.54237288,69.35483871,YES,0.89363026,0,CONTROL MARKET BUY,NO,NO,0.73436161,2.87,3.586,1.832,1.854,0.63832753,0.5170106,69.38588451,40.68986569,22.2731439,69.38588451,40.68986569,22.2731439,69.38588451,0,0,2026-09-30 22:22:37,IMPULSE_5S,NO
2026-09-30 22:23:00,83422.9,15.3,10.4,13.2,SELL,2.8,0.31638418,55.93220339,YES,-7.17027562,1,CONTROL LIMIT BUY,NO,NO,1.7999653,4.124,4.236,1.19,1.078,0.2885548,0.25448536,85.84963325,47.70782396,17.3594132,85.84963325,47.70782396,17.3594132,85.84963325,0,0,2026-09-30 22:23:50,IMPULSE_5S,NO
2026-09-30 22:24:00,83407.7,-15.3,4.5,9,SELL,4.5,0.52631579,66.66666667,YES,4.45985778,0,CONTROL MARKET SELL,NO,NO,1.17273766,0.314,5.468,-0.214,-4.516,0.68152866,0.82589612,78.71559633,70.64220183,51.86544343,78.71559633,70.64220183,51.86544343,78.71559633,0,0,2026-09-30 22:24:17,IMPULSE_5S,NO
2026-09-30 22:25:00,83410.3,2.6,11,6,BUY,5,0.58479532,64.70588235,YES,0.29343351,0.70656649,CONTROL LIMIT SELL,NO,NO,1.31317458,2.932,5.243,-0.386,-1.723,0.13165075,0.32862865,80.63628021,56.68400122,32.48699908,80.63628021,56.68400122,32.48699908,80.63628021,0,0,2026-09-30 22:25:34,IMPULSE_5S,NO
2026-09-30 22:26:00,83464.2,53.9,68.9,0.8,BUY,68.1,7.96491228,98.85222382,YES,0.471689,0.528311,CONTROL LIMIT SELL,NO,NO,10.97467055,13.519,13.894,-12.713,-12.882,0.94038021,0.9271628,99.02050811,89.71533517,74.56382002,99.02050811,89.71533517,74.56382002,99.02050811,1,1,2026-09-30 22:26:40,IMPULSE_5S,NO
2026-09-30 22:27:00,83465.3,1.2,47.5,17.2,BUY,30.3,3.42372881,73.41576507,YES,0.02926572,0.97073428,CONTROL LIMIT SELL,NO,NO,17.15467258,23.638,25.3,-17.376,-18.232,0.73508757,0.72063241,99.84690753,97.21371709,96.60134721,99.84690753,97.21371709,96.60134721,99.84690753,5,1,2026-09-30 22:27:32,IMPULSE_5S,NO
2026-09-30 22:28:00,83466,0.7,8.6,7.3,BUY,1.3,0.14689266,54.08805031,NO,0.48043635,0,CONTROL UNCLEAR,NO,NO,0.3287884,1.222,1.629,-1.04,-1.395,0.85106383,0.85635359,52.54133497,97.21371709,91.15125536,52.54133497,97.21371709,91.15125536,97.21371709,1,0,2026-09-30 22:28:01,BURST_30S,NO
2026-09-30 22:29:00,83481.3,15.4,22,27.8,SELL,5.8,0.67836257,55.82329317,YES,-1.48889015,1,CONTROL LIMIT BUY,NO,NO,4.99833694,10.459,11.207,1.563,2.229,0.14944067,0.19889355,96.90374004,84.79460454,61.4040466,96.90374004,84.79460454,61.4040466,96.90374004,1,0,2026-09-30 22:29:39,IMPULSE_5S,NO
2026-09-30 22:30:00,83460,-21.3,3.2,12.3,SELL,9.1,1.06432749,79.35483871,YES,1.59427833,0,CONTROL MARKET SELL,NO,NO,2.52633339,3.409,7.012,2.933,6.536,0.86036961,0.93211637,90.77253219,87.55364807,75.26057633,90.77253219,87.55364807,75.26057633,90.77253219,0,0,2026-09-30 22:30:03,IMPULSE_5S,NO
2026-09-30 22:31:00,83421.1,-38.9,4.1,7,SELL,2.9,0.32768362,63.06306306,YES,7.5228592,0,CONTROL MARKET SELL,NO,NO,0.81576218,1.421,3.987,1.205,3.771,0.84799437,0.94582393,71.25766871,42.08588957,28.89570552,71.25766871,42.08588957,28.89570552,71.25766871,0,0,2026-09-30 22:31:49,IMPULSE_5S,NO
2026-09-30 22:32:00,83462.2,41,14.6,11.8,BUY,2.8,0.32748538,55.3030303,YES,15.32255052,0,CONTROL MARKET BUY,NO,NO,1.12557821,3.448,3.908,0.778,1.238,0.22563805,0.31678608,77.90055249,43.21669736,15.09665542,77.90055249,43.21669736,15.09665542,77.90055249,0,0,2026-09-30 22:32:49,IMPULSE_5S,NO
2026-09-30 22:33:00,83485,22.8,6,12.1,SELL,6.1,0.82993197,66.85082873,YES,-1.80523747,1,CONTROL LIMIT BUY,NO,NO,2.77201617,3.762,4.391,2.61,2.101,0.6937799,0.47847871,91.55405405,43.24324324,17.90540541,91.55405405,43.24324324,17.90540541,91.55405405,0,0,2026-09-30 22:33:58,IMPULSE_5S,NO
2026-09-30 22:34:00,83496.9,12,7.7,15,SELL,7.3,0.99319728,66.07929515,YES,-0.91205223,1,CONTROL LIMIT BUY,NO,NO,2.84552149,7.683,11.136,5.165,8.618,0.67226344,0.77388649,91.92012289,72.25806452,60.98310292,91.92012289,72.25806452,60.98310292,91.92012289,0,0,2026-09-30 22:34:43,IMPULSE_5S,NO
2026-09-30 22:35:00,83497.1,0.1,15.4,14.9,BUY,0.5,0.07407407,50.82508251,NO,0.17831232,0,CONTROL UNCLEAR,NO,NO,5.78372333,7.659,8.235,7.659,7.457,1,0.9055252,97.5399754,72.29397294,72.26322263,97.5399754,72.29397294,72.26322263,97.5399754,1,0,2026-09-30 22:35:43,IMPULSE_5S,NO
2026-09-30 22:36:00,83538.9,41.9,18.4,10.7,BUY,7.7,1.14074074,63.23024055,YES,4.85148448,0,CONTROL MARKET BUY,NO,NO,1.69482131,9.279,11.371,-8.469,-10.059,0.91270611,0.88461877,84.86619502,79.55733169,78.16056598,84.86619502,79.55733169,78.16056598,84.86619502,0,0,2026-09-30 22:36:25,IMPULSE_5S,NO
2026-09-30 22:37:00,83543.1,4.1,79.6,35.1,BUY,44.5,6.59259259,69.39843069,YES,0.06796188,0.93203812,CONTROL LIMIT SELL,YES,NO,36.375,61.347,68.033,30.649,23.963,0.49960063,0.35222613,99.9384426,99.75377039,99.32286857,99.9384426,99.75377039,99.32286857,99.9384426,5,5,2026-09-30 22:37:36,IMPULSE_5S,NO
2026-09-30 22:38:00,83546.3,3.3,6.2,7.4,SELL,1.2,0.17777778,54.41176471,NO,-1.53921984,0,CONTROL UNCLEAR,NO,NO,0.95337509,1.636,3.853,1.294,-0.455,0.79095355,0.1180898,74.53817734,99.44598338,99.29208987,74.53817734,99.44598338,99.29208987,99.44598338,5,4,2026-09-30 22:38:00,BURST_30S,NO
2026-09-30 22:39:00,83590,43.6,94.9,30.3,BUY,64.6,10.50406504,75.79872204,YES,0.60102368,0,CONTROL MARKET BUY,YES,NO,40.49449619,53.663,55.547,41.985,40.909,0.78238265,0.73647542,99.96918336,99.63020031,98.85978428,99.96918336,99.63020031,98.85978428,99.96918336,6,6,2026-09-30 22:39:28,IMPULSE_5S,NO
2026-09-30 22:40:00,83576.3,-13.6,9.2,30.2,SELL,21,3.41463415,76.64974619,YES,0.3620763,0.6379237,CONTROL LIMIT BUY,NO,NO,9.12910016,17.683,18.842,-5.155,-6.314,0.29152293,0.33510243,98.73573851,94.26456984,98.85978428,98.73573851,94.26456984,98.85978428,98.85978428,4,0,2026-09-30 22:40:03,BURST_60S,NO
2026-09-30 22:41:00,83602.7,26.5,27.4,15.6,BUY,11.8,1.91869919,63.72093023,YES,2.34129818,0,CONTROL MARKET BUY,NO,NO,7.74910577,13.367,15.183,-12.497,-10.885,0.93491434,0.71692024,98.61196792,94.20289855,85.07094386,98.61196792,94.20289855,85.07094386,98.61196792,1,0,2026-09-30 22:41:40,IMPULSE_5S,NO
2026-09-30 22:42:00,83650,47.3,63.3,44.8,BUY,18.5,3.00813008,58.55689177,YES,2.27374574,0,CONTROL MARKET BUY,NO,NO,10.05656109,20.053,23.957,-11.585,-12.271,0.57771904,0.51220938,98.9502933,96.2345679,90.21604938,98.9502933,96.2345679,90.21604938,98.9502933,3,0,2026-09-30 22:42:44,IMPULSE_5S,NO
2026-09-30 22:43:00,83676.8,26.8,54.9,40.5,BUY,14.4,2.34146341,57.54716981,YES,1.36917987,0,CONTROL MARKET BUY,NO,NO,7.88674497,15.412,25.449,4.446,13.211,0.28847651,0.51911666,98.64197531,97.87037037,97.34321903,98.64197531,97.87037037,97.34321903,98.64197531,5,0,2026-09-30 22:43:08,IMPULSE_5S,NO
2026-09-30 22:44:00,83676.7,-0.1,91.4,50.6,BUY,40.8,6.63414634,64.36619718,YES,-0.00153777,1,CONTROL LIMIT SELL,YES,NO,23.87118876,38.828,44.084,-38.828,-39.086,1,0.88662553,99.9072643,99.31993818,98.26893354,99.9072643,99.31993818,98.26893354,99.9072643,4,4,2026-09-30 22:44:38,IMPULSE_5S,NO
2026-09-30 22:45:00,83635.3,-41.4,44.5,56.3,SELL,11.8,1.91869919,55.8531746,YES,1.21832141,0,CONTROL MARKET SELL,NO,NO,10.82224497,19.79,23.299,11.772,9.743,0.59484588,0.41817245,99.01020724,99.07264297,98.29984544,99.01020724,99.07264297,98.29984544,99.07264297,6,2,2026-09-30 22:45:01,BURST_30S,NO
2026-09-30 22:46:00,83660.7,25.4,41,23.2,BUY,17.8,2.63703704,63.86292835,YES,1.05015782,0,CONTROL MARKET BUY,NO,NO,1.05747911,3.541,18.526,0.863,15.848,0.24371646,0.8554464,76.43055985,95.23662233,89.57624497,76.43055985,95.23662233,89.57624497,95.23662233,2,0,2026-09-30 22:46:07,BURST_30S,NO
2026-09-30 22:47:00,83640.9,-19.9,7,27.5,SELL,20.5,2.73333333,79.71014493,YES,0.28495637,0.71504363,CONTROL LIMIT BUY,NO,NO,4.66160221,5.083,11.488,2.313,8.718,0.45504623,0.75887883,96.38107021,76.95638726,64.69678218,96.38107021,76.95638726,64.69678218,96.38107021,1,0,2026-09-30 22:47:06,IMPULSE_5S,NO
2026-09-30 22:48:00,83606.1,-34.8,9.5,29.4,SELL,19.9,2.65333333,75.57840617,YES,0.607773,0,CONTROL MARKET SELL,NO,NO,5.98508498,3.607,12.175,0.659,9.227,0.1827003,0.75786448,97.74133663,84.375,81.09529703,97.74133663,84.375,81.09529703,97.74133663,1,0,2026-09-30 22:48:03,IMPULSE_5S,NO
2026-09-30 22:49:00,83624.5,18.3,16.3,16.9,SELL,0.6,0.07142857,50.90361446,NO,-12.99161272,0,CONTROL UNCLEAR,NO,NO,3.39638158,7.658,9.546,7.658,7.146,1,0.7485858,93.92812887,72.55266419,53.84138786,93.92812887,72.55266419,53.84138786,93.92812887,0,0,2026-09-30 22:49:39,IMPULSE_5S,NO
2026-09-30 22:50:00,83699.7,75.1,84.9,35.6,BUY,49.3,5.86904762,70.45643154,YES,1.00933684,0,CONTROL MARKET BUY,NO,NO,3.51617399,3.378,17.387,-1.77,12.239,0.52397869,0.70391672,94.32909823,92.10037175,87.4186551,94.32909823,92.10037175,87.4186551,94.32909823,0,0,2026-09-30 22:50:19,IMPULSE_5S,NO
2026-09-30 22:51:00,83690.1,-9.5,74.3,45.3,BUY,29,3.45238095,62.12374582,YES,-0.21466139,1,CONTROL LIMIT SELL,NO,NO,10.10352498,36.054,41.041,-25.6,-20.803,0.71004604,0.50688336,98.97737837,99.07034397,98.01673381,98.97737837,99.07034397,98.01673381,99.07034397,5,1,2026-09-30 22:51:55,BURST_30S,NO
2026-09-30 22:52:00,83707.4,17.2,34.3,63.5,SELL,29.2,2.79425837,64.92842536,YES,-0.2504013,1,CONTROL LIMIT BUY,NO,NO,15.36676902,23.472,25.459,23.288,23.055,0.99216087,0.90557367,99.72101674,98.26464208,98.54308741,99.72101674,98.26464208,98.54308741,99.72101674,9,1,2026-09-30 22:52:26,IMPULSE_5S,NO
2026-09-30 22:53:00,83700.1,-7.2,11.7,15,SELL,3.3,0.27966102,56.17977528,YES,0.92711175,0,CONTROL MARKET SELL,NO,NO,2.07419465,5.053,9.434,4.381,3.92,0.8670097,0.41551834,87.97272164,73.71357719,93.82945736,87.97272164,73.71357719,93.82945736,93.82945736,0,0,2026-09-30 22:53:24,BURST_60S,NO
2026-09-30 22:54:00,83719.9,19.8,21.5,22.4,SELL,0.9,0.07627119,51.02505695,NO,-9.70362533,0,CONTROL UNCLEAR,NO,NO,0.98979654,1.779,6.391,-1.107,-5.719,0.6222597,0.89485214,75.18610422,54.06327543,54.43548387,75.18610422,54.06327543,54.43548387,75.18610422,0,0,2026-09-30 22:54:22,IMPULSE_5S,NO
2026-09-30 22:55:00,83688,-31.8,24.1,88,SELL,63.9,5.41525424,78.50133809,YES,0.22802266,0.77197734,CONTROL LIMIT BUY,NO,NO,11.59817106,6.794,31.641,-0.996,17.279,0.14659994,0.54609526,99.25535216,97.45578653,95.12876202,99.25535216,97.45578653,95.12876202,99.25535216,7,1,2026-09-30 22:55:17,IMPULSE_5S,NO
2026-09-30 22:56:00,83714.1,26.1,38.7,26.1,BUY,12.6,0.96183206,59.72222222,YES,1.35774644,0,CONTROL MARKET BUY,NO,NO,7.75513789,12.15,19.738,-10.918,-13.316,0.89860082,0.67463775,98.60335196,89.1682185,96.21470679,98.60335196,89.1682185,96.21470679,98.60335196,3,0,2026-09-30 22:56:46,IMPULSE_5S,NO
2026-09-30 22:57:00,83743.8,29.6,41.8,15.2,BUY,26.6,2.18032787,73.33333333,YES,0.59699597,0,CONTROL MARKET BUY,NO,NO,4.17791193,6.212,8.173,-5.092,-6.327,0.8197038,0.77413434,95.65217391,87.55431409,81.78150217,95.65217391,87.55431409,81.78150217,95.65217391,1,0,2026-09-30 22:57:42,IMPULSE_5S,NO
2026-09-30 22:58:00,83728.5,-15.3,21.1,44.6,SELL,23.5,1.92622951,67.88432268,YES,0.33076037,0.66923963,CONTROL LIMIT BUY,NO,NO,11.94894147,32.01,36.312,-7.906,-11.388,0.24698532,0.31361533,99.28504818,98.94344313,97.41995648,99.28504818,98.94344313,97.41995648,99.28504818,6,1,2026-09-30 22:58:33,IMPULSE_5S,NO
2026-09-30 22:59:00,83724.5,-3.9,22.2,27.5,SELL,5.3,0.39259259,55.33199195,YES,0.41990822,0.58009178,CONTROL LIMIT BUY,NO,NO,3.76908058,6.167,13.939,1.815,-5.957,0.29430842,0.42736208,94.99378109,97.85581106,97.82338308,94.99378109,97.85581106,97.82338308,97.85581106,5,0,2026-09-30 22:59:01,BURST_30S,NO
2026-09-30 23:00:00,83736.6,12,19.4,18.5,BUY,0.9,0.06666667,51.18733509,NO,7.15141799,0,CONTROL UNCLEAR,NO,NO,2.78915769,5.73,11.236,-2.926,-8.092,0.51064572,0.72018512,91.57076205,83.36442786,82.43159204,91.57076205,83.36442786,82.43159204,91.57076205,0,0,2026-09-30 23:00:55,IMPULSE_5S,NO
2026-09-30 23:01:00,83732.9,-3.7,48.3,40.8,BUY,7.5,0.55555556,54.20875421,NO,-0.26452663,0,CONTROL UNCLEAR,NO,NO,5.40748997,12.377,29.08,8.213,-1.432,0.66356952,0.04924347,97.26197884,96.54635968,94.30616055,97.26197884,96.54635968,94.30616055,97.26197884,7,0,2026-09-30 23:01:18,IMPULSE_5S,NO
2026-09-30 23:02:00,83720,-12.9,11.8,20.6,SELL,8.8,0.65185185,63.58024691,YES,1.71618582,0,CONTROL MARKET SELL,NO,NO,4.22273371,7.568,14.349,7.568,13.797,1,0.96153042,95.67517113,85.59427505,94.24393279,95.67517113,85.59427505,94.24393279,95.67517113,1,0,2026-09-30 23:02:27,IMPULSE_5S,NO
2026-09-30 23:03:00,83725.6,5.6,25.8,7.6,BUY,18.2,1.34814815,77.24550898,YES,0.18147417,0.81852583,CONTROL LIMIT SELL,NO,NO,4.35910924,6.556,9.682,3.388,5.018,0.51677852,0.51828135,95.82814446,75.90286426,59.3837535,95.82814446,75.90286426,59.3837535,95.82814446,1,0,2026-09-30 23:03:46,IMPULSE_5S,NO
2026-09-30 23:04:00,83743.9,18.3,24.9,37.7,SELL,12.8,0.79503106,60.22364217,YES,-1.47051478,1,CONTROL LIMIT BUY,NO,NO,8.97755391,12.224,22.443,-9.992,-18.487,0.81740838,0.82373123,98.72313921,89.3557423,88.75739645,98.72313921,89.3557423,88.75739645,98.72313921,1,0,2026-09-30 23:04:47,IMPULSE_5S,NO
2026-09-30 23:05:00,83749.1,5.2,11.4,9.4,BUY,2,0.1242236,54.80769231,NO,1.70193148,0,CONTROL UNCLEAR,NO,NO,0.83494804,2.528,4.974,0.476,-1.97,0.18829114,0.39605951,71.83800623,86.85767674,89.09996886,71.83800623,86.85767674,89.09996886,89.09996886,0,0,2026-09-30 23:05:13,BURST_60S,NO
2026-09-30 23:06:00,83782.9,33.9,78,23.9,BUY,54.1,3.36024845,76.54563297,YES,0.41012691,0.58987309,CONTROL LIMIT SELL,NO,NO,8.81237877,22.817,31.875,-21.371,-30.429,0.9366262,0.95463529,98.69118105,96.88376441,95.04518542,98.69118105,96.88376441,95.04518542,98.69118105,3,0,2026-09-30 23:06:59,IMPULSE_5S,NO
2026-09-30 23:07:00,83748.1,-34.9,9.9,23.9,SELL,14,0.77777778,70.71005917,YES,2.56053306,0,CONTROL MARKET SELL,NO,NO,8.45528455,3.382,23.729,3.382,2.529,1,0.10657845,98.59769399,96.97725148,97.97444687,98.59769399,96.97725148,97.97444687,98.59769399,4,0,2026-09-30 23:07:05,IMPULSE_5S,NO
2026-09-30 23:08:00,83720.1,-27.9,18,17.5,BUY,0.5,0.0310559,50.70422535,NO,-37.72003014,0,CONTROL UNCLEAR,NO,NO,4.60119466,8.756,12.426,7.248,10.918,0.82777524,0.87864156,96.10349127,79.27057357,71.19700748,96.10349127,79.27057357,71.19700748,96.10349127,1,0,2026-09-30 23:08:34,IMPULSE_5S,NO
2026-09-30 23:09:00,83826.5,106.3,194.3,27.1,BUY,167.2,10.38509317,87.75971093,YES,0.4300542,0.5699458,CONTROL LIMIT SELL,NO,NO,7.83960431,17.847,20.926,-14.777,-11.72,0.82798229,0.56006881,98.4720923,93.8571874,85.96819457,98.4720923,93.8571874,85.96819457,98.4720923,1,0,2026-09-30 23:09:47,IMPULSE_5S,NO
2026-09-30 23:10:00,83836.5,10.4,86.7,65.2,BUY,21.5,1.33540373,57.07702436,YES,0.32637965,0.67362035,CONTROL LIMIT SELL,NO,NO,18.8109478,8.55,51.379,-6.618,-38.371,0.77403509,0.74682263,99.84404242,99.37616968,99.12636505,99.84404242,99.37616968,99.12636505,99.84404242,9,6,2026-09-30 23:10:14,IMPULSE_5S,NO
