TIME,PRICE,PRICE_CHANGE,OI_NET,OI_ADD,OI_EXIT,OI_ACT,OI_MAX_JUMP,NET_X,ACT_X,JUMP_X,OI_ACT_3M,OI_ACT_3M_X,STRONG,MEGA,ELEVATED,TAKER_BUY,TAKER_SELL,AGGR_SIDE,AGGR_MAG,AGGR_SHARE,AGGR_MAG_X,MEANINGFUL_AGGR,EFF_RATIO,ABSORPTION_RATIO,CONTROL,CTX_3M_2X,CTX_3M_3X,CTX_3M_4X,CTX_3M_5X
2026-09-30 14:24:00,,,3.188,3.188,0,3.188,1.808,0,0,0,,,NO,NO,NO,,,,,,,NO,,,,NO,NO,NO,NO
2026-09-30 14:25:00,,,-2.557,3.832,7.184,11.016,2.601,0.80207026,3.45545797,1.43860619,,,NO,NO,NO,,,,,,,NO,,,,NO,NO,NO,NO
2026-09-30 14:26:00,,,-2.636,2.793,11.883,14.676,6.454,0.91766754,2.06646015,2.92764799,28.88,,NO,NO,NO,,,,,,,NO,,,,NO,NO,NO,NO
2026-09-30 14:27:00,,,-9.4,0.508,9.915,10.423,8.073,3.5660091,0.94616921,3.10380623,36.115,1.25051939,NO,NO,NO,,,,,,,NO,,,,NO,NO,NO,NO
2026-09-30 14:28:00,,,2.714,3.048,1.169,4.217,1.814,0.93200549,0.39339521,0.40066262,29.316,0.90210016,NO,NO,NO,,,,,,,NO,,,,NO,NO,NO,NO
2026-09-30 14:29:00,,,-4.039,1.697,7.176,8.873,3.167,1.48820929,0.85129042,1.21760861,23.513,0.80205349,NO,NO,NO,,,,,,,NO,,,,NO,NO,NO,NO
2026-09-30 14:30:00,,,0.092,3.487,2.698,6.185,1.584,0.03117587,0.64106551,0.54923717,19.275,0.66241666,NO,NO,NO,,,,,,,NO,,,,NO,NO,NO,NO
2026-09-30 14:31:00,,,-11.644,1.063,13.229,14.292,4.966,4.29034635,1.61072918,1.90926567,29.35,1.01627424,NO,NO,NO,,,,,,,NO,,,,NO,NO,NO,NO
2026-09-30 14:32:00,,,-2.719,1.272,11.29,12.562,7.299,0.92138258,1.30203151,2.53085992,33.039,1.13543886,NO,NO,NO,,,,,,,NO,,,,NO,NO,NO,NO
2026-09-30 14:33:00,,,5.07,6.547,1.523,8.07,2.804,1.86465612,0.77424926,0.88538049,34.924,1.19129486,NO,NO,NO,,,,,,,NO,,,,NO,NO,NO,NO
2026-09-30 14:34:00,,,-4.925,1.641,8.475,10.116,3.07,1.66751312,1.04850746,1.02830347,30.748,1.04823918,NO,NO,NO,,,,,,,NO,,,,NO,NO,NO,NO
2026-09-30 14:35:00,,,2.484,7.508,3.151,10.659,3.986,0.77917189,1.05367734,1.29837134,28.845,0.98279387,NO,NO,NO,,,,,,,NO,,,,NO,NO,NO,NO
2026-09-30 14:36:00,,,4.198,5.154,0.151,5.305,1.788,1.42136448,0.51657822,0.57335257,26.08,0.88910101,NO,NO,NO,,,,,,,NO,,,,NO,NO,NO,NO
2026-09-30 14:37:00,,,-13.383,1.033,15.239,16.272,8.907,4.19792974,1.60854093,2.90130293,32.236,1.09960431,NO,NO,YES,,,,,,,NO,,,,NO,NO,NO,NO
2026-09-30 14:38:00,,,1.066,5.657,4.276,9.933,2.426,0.29500484,0.96723307,0.77793811,31.51,1.07421675,NO,NO,NO,,,,,,,NO,,,,NO,NO,NO,NO
2026-09-30 14:39:00,,,-24.016,6.362,28.171,34.533,21.694,7.53324969,3.41370107,7.06644951,60.738,2.06943782,NO,NO,YES,,,,,,,NO,,,,YES,NO,NO,NO
2026-09-30 14:40:00,,,13.711,14.774,4.93,19.704,9.264,3.79438218,1.91869127,2.97065897,64.17,2.135512,NO,NO,YES,,,,,,,NO,,,,YES,NO,NO,NO
2026-09-30 14:41:00,,,-0.415,2.54,2.644,5.184,1.644,0.10274821,0.4973616,0.51910325,59.421,1.93251594,NO,NO,NO,,,,,,,NO,,,,NO,NO,NO,NO
2026-09-30 14:42:00,,,-3.454,1.107,4.401,5.508,3.022,0.95585997,0.53634549,0.96905564,30.396,0.97645283,NO,NO,NO,,,,,,,NO,,,,NO,NO,NO,NO
2026-09-30 14:43:00,,,-5.918,1.363,7.302,8.665,2.897,1.7133758,0.85656386,0.94364821,19.357,0.62953688,NO,NO,NO,,,,,,,NO,,,,NO,NO,NO,NO
2026-09-30 14:44:00,,,-6.331,4.39,11.077,15.467,9.028,1.68984385,1.54291985,2.96388707,29.64,0.96951459,NO,NO,YES,,,,,,,NO,,,,NO,NO,NO,NO
2026-09-30 14:45:00,83782.7,-12.5,4.074,6.599,3.062,9.661,3.437,1.00866551,0.95502175,1.11954397,33.793,1.11175813,NO,NO,NO,7,20.3,SELL,13.3,74.35897436,0.96091323,YES,1.14741196,0,CONTROL MARKET SELL,NO,NO,NO,NO
2026-09-30 14:46:00,83789.3,6.6,17.233,18.257,0.996,19.253,6.328,4.24824356,1.92059454,2.0291807,44.381,1.45168782,NO,NO,YES,28.9,16.7,BUY,12.2,63.37719298,0.90173325,YES,0.3591021,0.6408979,CONTROL LIMIT SELL,NO,NO,NO,NO
2026-09-30 14:47:00,83689.3,-99.9,189.255,208.121,18.716,226.837,197.872,46.45434462,22.4235864,62.47931797,255.751,8.31764668,YES,YES,YES,258,370.1,SELL,112.1,58.92373826,8.3797421,YES,1.04061521,0,CONTROL MARKET SELL,YES,YES,YES,YES
2026-09-30 14:48:00,83652.3,-36.9,105.883,109.802,3.216,113.018,41.549,25.60033849,11.0052096,12.58298001,359.108,11.53612387,YES,NO,YES,209.2,206.8,BUY,2.4,50.28846154,0.17940572,NO,-10.22866205,0,CONTROL UNCLEAR,YES,YES,YES,YES
2026-09-30 14:49:00,83667.9,15.5,4.159,6.906,2.785,9.691,4.084,0.99070986,0.9297707,1.18824556,349.546,11.09317677,NO,NO,NO,29.9,24.1,BUY,5.8,55.37037037,0.45490196,YES,1.77946492,0,CONTROL MARKET BUY,YES,YES,YES,YES
2026-09-30 14:50:00,83607.8,-60,-6.842,13.107,10.042,23.149,9.907,1.6374297,2.25415064,2.66927118,145.858,4.57622439,NO,NO,YES,48.2,81.4,SELL,33.2,62.80864198,2.8883379,YES,2.07430075,0,CONTROL MARKET SELL,YES,YES,YES,NO
2026-09-30 14:51:00,83520.5,-87.3,290.711,298.02,8.696,306.716,214.143,69.2498809,29.42684448,53.72378324,339.556,10.53344087,YES,YES,YES,484.3,585.7,SELL,101.4,54.73831776,8.82161034,YES,0.97028409,0,CONTROL MARKET SELL,YES,YES,YES,YES
2026-09-30 14:52:00,83507.1,-13.4,70.066,89.312,10.914,100.226,32.794,15.36029815,9.50820605,8.12738538,430.091,13.17781693,YES,NO,YES,118.4,118.1,BUY,0.3,50.06342495,0.02352941,NO,-29.45820962,0,CONTROL UNCLEAR,YES,YES,YES,YES
2026-09-30 14:53:00,83469.6,-37.5,18.316,86.817,69.112,155.929,63.448,3.71898477,14.62885824,15.53574927,562.871,17.03656285,YES,NO,YES,191.6,155.2,BUY,36.4,55.24798155,3.16673192,YES,-0.67966054,1,CONTROL LIMIT SELL,YES,YES,YES,YES
2026-09-30 14:54:00,83474.3,4.6,33.76,78.998,21.033,100.031,46.83,6.75537769,9.23008074,10.34917127,356.186,10.65914532,YES,NO,YES,159.5,96.9,BUY,62.6,62.2074883,4.90980392,YES,0.04852156,0.95147844,CONTROL LIMIT SELL,YES,YES,YES,YES
2026-09-30 14:55:00,83566.6,92.4,-23.038,7.514,25.601,33.115,10.863,4.19330178,2.80897447,1.92367629,289.075,8.55428639,NO,NO,YES,77.6,51.3,BUY,26.3,60.20170675,1.96598767,YES,3.40650765,0,CONTROL MARKET BUY,YES,YES,YES,YES
2026-09-30 14:56:00,83538,-28.6,1.775,12.688,4.185,16.873,6.728,0.28981958,1.25664705,1.0527304,150.019,4.36628491,NO,NO,NO,34.8,24,BUY,10.8,59.18367347,0.80732573,YES,-1.74455951,1,CONTROL LIMIT SELL,YES,YES,YES,NO
2026-09-30 14:57:00,83532.8,-5.2,0.205,2.317,2.206,4.523,1.134,0.03347212,0.33685857,0.17371324,54.511,1.53467813,NO,NO,NO,29.4,15.8,BUY,13.6,65.04424779,1.01663241,YES,-0.37016382,1,CONTROL LIMIT SELL,NO,NO,NO,NO
2026-09-30 14:58:00,83549.9,17.1,7.942,12.828,6.613,19.441,7.377,1.44557699,1.44790348,1.30635736,40.837,1.02987201,NO,NO,NO,36.7,14.9,BUY,21.8,71.12403101,1.61153206,YES,0.75949202,0,CONTROL MARKET BUY,NO,NO,NO,NO
2026-09-30 14:59:00,83568.6,18.6,8.065,31.985,4.168,36.153,19.752,1.31684219,2.42971874,3.02573529,60.117,1.41089911,NO,NO,YES,104.5,44.8,BUY,59.7,69.99330208,4.31389551,YES,0.39702711,0.60297289,CONTROL LIMIT SELL,NO,NO,NO,NO
2026-09-30 15:00:00,83585.9,17.2,-7.792,11.747,19.609,31.356,11.321,1.18302589,1.97586565,1.61417267,86.95,1.758484,NO,NO,NO,151.7,75.3,BUY,76.4,66.82819383,5.5206301,YES,0.33741834,0.66258166,CONTROL LIMIT SELL,NO,NO,NO,NO
2026-09-30 15:01:00,83563,-22.9,0.816,9.352,7.041,16.393,5.256,0.11152112,0.9891688,0.71627146,83.902,1.47284345,NO,NO,NO,34.5,42.9,SELL,8.4,55.42635659,0.60698027,YES,2.9542399,0,CONTROL MARKET SELL,NO,NO,NO,NO
2026-09-30 15:02:00,83531.5,-31.4,-0.895,10.568,12.824,23.392,7.306,0.13588401,1.40636085,0.99563914,71.141,1.19026586,NO,NO,NO,33.4,53,SELL,19.6,61.34259259,1.4162873,YES,1.72545934,0,CONTROL MARKET SELL,NO,NO,NO,NO
2026-09-30 15:03:00,83562.9,31.5,0.681,3.786,3.092,6.878,1.926,0.1033933,0.38077839,0.26234421,46.663,0.77221464,NO,NO,NO,31,16.6,BUY,14.4,65.12605042,1.04053761,YES,3.98550819,0,CONTROL MARKET BUY,NO,NO,NO,NO
2026-09-30 15:04:00,83551.7,-11.2,-19.242,4.349,24.313,28.662,7.662,2.9214302,1.5867796,1.04365593,58.932,0.97525133,NO,NO,YES,56.7,41,BUY,15.7,58.03480041,1.13447503,YES,-1.06933125,1,CONTROL LIMIT SELL,NO,NO,NO,NO
2026-09-30 15:05:00,83571.8,20.1,-6.913,7.337,11.225,18.562,10.744,0.94478611,0.95942523,1.42881841,54.102,0.89532084,NO,NO,NO,40.1,12.9,BUY,27.2,75.66037736,1.91024651,YES,1.10799415,0,CONTROL MARKET BUY,NO,NO,NO,NO
2026-09-30 15:06:00,83558.4,-13.5,-11.539,8.31,19.938,28.248,12.277,1.56939816,1.46007133,1.48192408,75.472,1.24896777,NO,NO,NO,81.7,62.6,BUY,19.1,56.61815662,1.28046123,YES,-0.95601185,1,CONTROL LIMIT SELL,NO,NO,NO,NO
2026-09-30 15:07:00,83582.6,24.2,-8.258,7.812,14.572,22.384,7.122,1.04970128,1.14364542,0.79420128,69.194,1.10791943,NO,NO,NO,51.7,21,BUY,30.7,71.11416781,2.03986711,YES,1.06654747,0,CONTROL MARKET BUY,NO,NO,NO,NO
2026-09-30 15:08:00,83563.5,-19.1,5.486,9.976,4.96,14.936,4.346,0.69734333,0.709751,0.52079089,65.568,0.98329384,NO,NO,NO,27.7,16.3,BUY,11.4,62.95454545,0.65517241,YES,-2.19750329,1,CONTROL LIMIT SELL,NO,NO,NO,NO
2026-09-30 15:09:00,83560.7,-2.8,-0.373,5.256,4.113,9.369,3.484,0.04741325,0.44521004,0.41749551,46.689,0.69291046,NO,NO,NO,34.1,53.2,SELL,19.1,60.93928981,1.09770115,YES,0.12507694,0.87492306,CONTROL LIMIT BUY,NO,NO,NO,NO
2026-09-30 15:10:00,83599.4,38.6,6.262,34.575,3.667,38.242,24.646,0.8516831,1.95386384,3.27761154,62.547,0.92825871,NO,NO,YES,39.8,13.5,BUY,26.3,74.67166979,1.37696335,YES,1.92601271,0,CONTROL MARKET BUY,NO,NO,NO,NO
2026-09-30 15:11:00,83585.8,-13.5,-7.685,2.631,10.305,12.936,6.945,1.11741185,0.61857741,0.92359864,60.547,0.89857675,NO,NO,NO,45,30.7,BUY,14.3,59.44517834,0.73901809,YES,-1.20161934,1,CONTROL LIMIT SELL,NO,NO,NO,NO
2026-09-30 15:12:00,83586,0.1,0.81,1.539,0.953,2.492,1.244,0.11097411,0.11916318,0.16543653,53.67,0.79651534,NO,NO,NO,9.9,3.4,BUY,6.5,74.43609023,0.34031414,YES,0.02017685,0.97982315,CONTROL LIMIT SELL,NO,NO,NO,NO
2026-09-30 15:13:00,83585.1,-0.9,4.772,7.932,2.951,10.883,3.909,0.65378819,0.52040646,0.51984839,26.311,0.390481,NO,NO,NO,12.2,18.1,SELL,5.9,59.7359736,0.33908046,YES,0.13007961,0.86992039,CONTROL LIMIT BUY,NO,NO,NO,NO
2026-09-30 15:14:00,83624.3,39.2,-1.835,1.543,3.35,4.893,1.764,0.2514043,0.2339749,0.23459007,18.268,0.271115,NO,NO,NO,13.7,6.9,BUY,6.8,66.50485437,0.3908046,YES,7.56052917,0,CONTROL MARKET BUY,NO,NO,NO,NO
2026-09-30 15:15:00,83600.3,-24.1,-3.922,0.612,6.06,6.672,2.441,0.53733388,0.31904363,0.33249336,22.448,0.33315029,NO,NO,NO,6.8,11.9,SELL,5.1,63.63636364,0.29310345,YES,5.18234328,0,CONTROL MARKET SELL,NO,NO,NO,NO
2026-09-30 15:16:00,83576,-24.2,2.807,5.026,1.991,7.017,1.827,0.38457323,0.33554094,0.24885922,18.582,0.27577507,NO,NO,NO,8.2,15.9,SELL,7.7,65.97510373,0.44252874,YES,2.52375066,0,CONTROL MARKET SELL,NO,NO,NO,NO
2026-09-30 15:17:00,83574.3,-1.6,0.935,5.288,4.919,10.207,4.939,0.13595056,0.48808129,0.6727508,23.896,0.35464003,NO,NO,NO,19.2,19.6,SELL,0.4,50.51546392,0.02298851,NO,2.4960386,0,CONTROL UNCLEAR,NO,NO,NO,NO
2026-09-30 15:18:00,83577.8,3.4,-2.388,0.197,2.949,3.146,1.084,0.36446886,0.16556588,0.15026338,20.37,0.31799555,NO,NO,NO,7.8,15.2,SELL,7.4,66.08695652,0.49169435,YES,-0.26981967,1,CONTROL LIMIT BUY,NO,NO,NO,NO
2026-09-30 15:19:00,83621.2,43.5,0.616,3.346,3.247,6.593,1.458,0.10486891,0.37211796,0.20729367,19.946,0.32407753,NO,NO,NO,29.1,10.9,BUY,18.2,72.75,1.20930233,YES,3.03721042,0,CONTROL MARKET BUY,NO,NO,NO,NO
2026-09-30 15:20:00,83618.2,-2.9,3.621,5.815,5.46,11.275,3.342,0.61644535,0.63637646,0.47515462,21.014,0.34830604,NO,NO,NO,22.2,24,SELL,1.8,51.94805195,0.10619469,NO,0.94507588,0,CONTROL UNCLEAR,NO,NO,NO,NO
2026-09-30 15:21:00,83649.8,31.7,-3.251,5.034,8.498,13.532,2.983,0.63384675,0.8135634,0.43633438,31.4,0.52751388,NO,NO,NO,33.9,14.8,BUY,19.1,69.60985626,1.26910299,YES,2.10699327,0,CONTROL MARKET BUY,NO,NO,NO,NO
2026-09-30 15:22:00,83674,24.2,-9.943,0.545,13.416,13.961,5.103,2.28732459,0.89125092,0.85163551,38.768,0.68347981,NO,NO,YES,27,15.8,BUY,11.2,63.08411215,0.74418605,YES,2.73508463,0,CONTROL MARKET BUY,NO,NO,NO,NO
2026-09-30 15:23:00,83698.1,24.2,-3.821,2.029,24.484,26.513,18.634,0.87899701,1.83500017,3.59764456,54.006,0.99446659,NO,NO,YES,69.3,8.5,BUY,60.8,89.07455013,4.03986711,YES,0.35190703,0.64809297,CONTROL LIMIT SELL,NO,NO,NO,NO
2026-09-30 15:24:00,83695.5,-2.6,-5.464,5.019,10.605,15.624,4.077,1.41133927,1.08135793,0.78714162,56.098,1.03781404,NO,NO,NO,29.2,34.6,SELL,5.4,54.23197492,0.35880399,NO,0.22184287,0,CONTROL UNCLEAR,NO,NO,NO,NO
2026-09-30 15:25:00,83713.7,18.2,2.196,3.94,3.465,7.405,1.721,0.56722201,0.51250995,0.34276041,49.542,0.91652792,NO,NO,NO,11.6,7.9,BUY,3.7,59.48717949,0.25783972,YES,4.34671956,0,CONTROL MARKET BUY,NO,NO,NO,NO
2026-09-30 15:26:00,83713.9,0.2,1.065,6.771,6.131,12.902,4.577,0.28621338,0.93856618,0.98589122,35.931,0.66739106,NO,NO,NO,35.6,20.6,BUY,15,63.34519573,1.07526882,YES,0.01177719,0.98822281,CONTROL LIMIT SELL,NO,NO,NO,NO
2026-09-30 15:27:00,83730.7,16.8,13.488,26.572,12.909,39.481,25.792,3.62483203,2.98330059,5.78101535,59.788,1.15854746,NO,NO,YES,89.8,20.4,BUY,69.4,81.48820327,4.83623693,YES,0.30595524,0.69404476,CONTROL LIMIT SELL,NO,NO,NO,NO
2026-09-30 15:28:00,83719.8,-10.9,-0.602,3.184,3.778,6.962,1.771,0.15549529,0.50645619,0.37221522,59.345,1.14996318,NO,NO,NO,15.3,19.6,SELL,4.3,56.16045845,0.29251701,YES,1.16703985,0,CONTROL MARKET SELL,NO,NO,NO,NO
2026-09-30 15:29:00,83692.2,-27.7,-0.793,2.742,5.844,8.586,2.309,0.21311475,0.64878344,0.51753894,55.029,1.02212192,NO,NO,NO,16.4,24.7,SELL,8.3,60.0973236,0.57839721,YES,1.31690873,0,CONTROL MARKET SELL,NO,NO,NO,NO
2026-09-30 15:30:00,83666.5,-25.7,0.665,4.864,1.803,6.667,2.396,0.193539,0.51606161,0.56891844,22.215,0.41262677,NO,NO,NO,2,11.2,SELL,9.2,84.84848485,0.71595331,YES,1.06101289,0,CONTROL MARKET SELL,NO,NO,NO,NO
2026-09-30 15:31:00,83622,-44.6,-6.704,0.411,7.681,8.092,3.421,2.21327171,0.66939653,0.85674931,23.345,0.45236988,NO,NO,YES,9.4,24.8,SELL,15.4,72.51461988,1.36283186,YES,1.06027799,0,CONTROL MARKET SELL,NO,NO,NO,NO
2026-09-30 15:32:00,83620.1,-1.9,-3.812,1.799,4.833,6.632,2.767,1.10942957,0.59860998,0.74854592,21.391,0.44457607,NO,NO,NO,10.5,11.1,SELL,0.6,51.38888889,0.04669261,NO,1.13549682,0,CONTROL UNCLEAR,NO,NO,NO,NO
2026-09-30 15:33:00,83625.6,5.4,8.138,9.41,4.544,13.954,4.069,2.18969461,1.32328118,1.17856626,28.678,0.61440569,NO,NO,YES,26.2,22.5,BUY,3.7,53.79876797,0.32743363,NO,0.99298629,0,CONTROL UNCLEAR,NO,NO,NO,NO
2026-09-30 15:34:00,83624.3,-1.3,-7.86,4.568,12.418,16.986,11.371,2.05947858,1.53317086,3.07615312,37.572,0.87931942,NO,NO,YES,9.4,42.5,SELL,33.1,81.88824663,3.24509804,YES,0.0138236,0.9861764,CONTROL LIMIT BUY,NO,NO,NO,NO
2026-09-30 15:35:00,83632.3,7.6,-2.382,2.082,6.721,8.803,2.257,0.62413206,0.7945663,0.61057757,39.743,1.04121037,NO,NO,NO,18.7,33.9,SELL,15.2,64.4486692,1.49019608,YES,-0.17927739,1,CONTROL LIMIT BUY,NO,NO,NO,NO
2026-09-30 15:36:00,83627.3,-4.9,-5.243,2.204,7.298,9.502,3.124,1.41073591,0.90109056,0.90485156,35.291,0.92457427,NO,NO,NO,12.7,15.4,SELL,2.7,54.80427046,0.26470588,NO,0.65059384,0,CONTROL UNCLEAR,NO,NO,NO,NO
2026-09-30 15:37:00,83657.7,30.4,-7.936,0.377,8.321,8.698,3.662,2.13534239,0.88264245,1.08295135,27.003,0.73474552,NO,NO,YES,9.8,15.4,SELL,5.6,61.11111111,0.64,YES,-1.94631925,1,CONTROL LIMIT BUY,NO,NO,NO,NO
2026-09-30 15:38:00,83662.1,4.4,-15.69,0.543,16.976,17.519,5.65,4.22171398,1.85671136,1.67085613,35.719,1.00303277,NO,NO,YES,15.4,21.5,SELL,6.1,58.26558266,0.7625,YES,-0.25842568,1,CONTROL LIMIT BUY,NO,NO,NO,NO
2026-09-30 15:39:00,83688.4,26.4,-9.767,2.137,11.076,13.213,8.23,2.62801022,1.40034974,2.43383114,39.43,1.11054781,NO,NO,YES,21.9,18.4,BUY,3.5,54.34243176,0.46357616,NO,4.8156141,0,CONTROL UNCLEAR,NO,NO,NO,NO
2026-09-30 15:40:00,83699.7,11.3,-0.781,1.116,2.074,3.19,1.068,0.20463776,0.32370998,0.31583617,33.922,0.95541473,NO,NO,NO,8.3,2,BUY,6.3,80.58252427,0.88732394,YES,1.14440473,0,CONTROL MARKET BUY,NO,NO,NO,NO
2026-09-30 15:41:00,83697.2,-2.5,1.408,2.976,1.427,4.403,1.595,0.37885107,0.48107075,0.49334983,20.806,0.60121653,NO,NO,NO,8.1,7.9,BUY,0.2,50.625,0.03007519,NO,-7.23157429,0,CONTROL UNCLEAR,NO,NO,NO,NO
2026-09-30 15:42:00,83653.8,-43.3,6.183,6.183,0.173,6.356,2.539,1.79947614,0.72635849,0.83150483,13.949,0.42708429,NO,NO,NO,5,21.5,SELL,16.5,81.13207547,2.578125,YES,0.92207754,0,CONTROL MARKET SELL,NO,NO,NO,NO
2026-09-30 15:43:00,83653.7,-0.1,6.011,7.066,0.83,7.896,4.918,1.61738195,0.90234844,1.61061077,18.655,0.621026,NO,NO,NO,10.8,11.8,SELL,1,52.21238938,0.15267176,NO,0.03583054,0,CONTROL UNCLEAR,NO,NO,NO,NO
2026-09-30 15:44:00,83653.7,0,-0.193,0.265,0.386,0.651,0.172,0.05193058,0.07532978,0.0563288,14.903,0.49612171,NO,NO,NO,5.1,1.7,BUY,3.4,75,0.51908397,YES,0,1,CONTROL LIMIT SELL,NO,NO,NO,NO
2026-09-30 15:45:00,83653.8,0.1,23.221,23.335,0.011,23.346,12.648,6.24808287,2.701458,4.14213198,31.893,1.06171976,NO,NO,YES,51,10.7,BUY,40.3,82.65802269,6.5,YES,0.00143713,0.99856287,CONTROL LIMIT SELL,NO,NO,NO,NO
2026-09-30 15:46:00,83639,-14.8,-2.981,1.504,4.551,6.055,4.433,0.80209875,0.69196046,1.37117229,30.052,0.94961528,NO,NO,NO,3.5,11.2,SELL,7.7,76.19047619,1.12408759,YES,0.68869085,0,CONTROL MARKET SELL,NO,NO,NO,NO
2026-09-30 15:47:00,83649.5,10.5,-1.253,1.371,2.624,3.995,1.04,0.33714516,0.45654534,0.30755582,33.396,1.05528257,NO,NO,NO,8.3,3.8,BUY,4.5,68.59504132,0.65693431,YES,1.40518601,0,CONTROL MARKET BUY,NO,NO,NO,NO
2026-09-30 15:48:00,83632.6,-16.9,-0.667,1.649,2.722,4.371,1.482,0.17946993,0.5057857,0.45839777,14.421,0.44175895,NO,NO,NO,7.9,9.4,SELL,1.5,54.33526012,0.2189781,NO,4.29819006,0,CONTROL UNCLEAR,NO,NO,NO,NO
2026-09-30 15:49:00,83631.3,-1.2,-3.917,0.076,3.993,4.069,2.036,1.05394861,0.47084008,0.62975564,12.435,0.38092175,NO,NO,NO,11.2,13.9,SELL,2.7,55.37848606,0.43548387,YES,0.16962279,0.83037721,CONTROL LIMIT BUY,NO,NO,NO,NO
2026-09-30 15:50:00,83631.9,0.6,-4.7,2.519,9.579,12.098,6.161,1.23149483,1.39990743,1.90566038,20.538,0.6291412,NO,NO,NO,15.1,15.8,SELL,0.7,51.13268608,0.11965812,NO,-0.33293652,0,CONTROL UNCLEAR,NO,NO,NO,NO
2026-09-30 15:51:00,83663.7,31.7,4.48,9.486,5.068,14.554,8.597,1.15792194,1.6841009,2.62704354,30.721,0.94107736,NO,NO,YES,28.7,7.4,BUY,21.3,79.50138504,3.64102564,YES,0.89641556,0,CONTROL MARKET BUY,NO,NO,NO,NO
2026-09-30 15:52:00,83690.6,27,-2.373,0.604,4.893,5.497,1.916,0.56520186,0.63607961,0.54101369,32.149,0.98482133,NO,NO,NO,13.8,1.4,BUY,12.4,90.78947368,2.11965812,YES,1.46195596,0,CONTROL MARKET BUY,NO,NO,NO,NO
2026-09-30 15:53:00,83676.8,-13.8,-1.246,0.359,1.562,1.921,1.455,0.32204704,0.23036335,0.44461421,21.972,0.6861747,NO,NO,NO,6.5,29.7,SELL,23.2,82.0441989,3.96581197,YES,0.23071916,0.76928084,CONTROL LIMIT BUY,NO,NO,NO,NO
2026-09-30 15:54:00,83664.8,-12.1,-1.925,1.396,9.307,10.703,5.986,0.49812395,1.33887916,2.03225259,18.121,0.57881624,NO,NO,YES,5.4,8.5,SELL,3.1,61.15107914,0.52991453,YES,1.54178534,0,CONTROL MARKET SELL,NO,NO,NO,NO
2026-09-30 15:55:00,83632.2,-32.7,-0.403,0.618,1.234,1.852,0.457,0.11865155,0.23167376,0.15515193,14.476,0.47639577,NO,NO,NO,5.2,11.4,SELL,6.2,68.6746988,1.05982906,YES,2.04698848,0,CONTROL MARKET SELL,NO,NO,NO,NO
2026-09-30 15:56:00,83610.1,-22,-12.183,0,15.065,15.065,4.877,3.58692772,1.8845384,1.65574605,27.62,0.94057552,NO,NO,YES,4.1,30.4,SELL,26.3,88.11594203,4.27642276,YES,0.31925507,0.68074493,CONTROL LIMIT BUY,NO,NO,NO,NO
2026-09-30 15:57:00,83611.7,1.6,-7.92,0,8.178,8.178,4.727,2.04942425,1.02301726,1.60482091,25.095,0.89150591,NO,NO,YES,8.5,18.5,SELL,10,68.51851852,1.62601626,YES,-0.06217967,1,CONTROL LIMIT BUY,NO,NO,NO,NO
2026-09-30 15:58:00,83624.2,12.4,-14.373,0.16,15.043,15.203,7.003,3.71923923,1.90180135,2.37752504,38.446,1.40768541,NO,NO,YES,25.4,10.5,BUY,14.9,70.75208914,2.42276423,YES,0.46482867,0.53517133,CONTROL LIMIT SELL,NO,NO,NO,NO
2026-09-30 15:59:00,83636.4,12.1,1.182,5.723,3.919,9.642,5.099,0.28152912,1.18524892,1.55813598,33.023,1.20912436,NO,NO,NO,10.2,8.5,BUY,1.7,54.54545455,0.272,NO,4.34149385,0,CONTROL UNCLEAR,NO,NO,NO,NO
2026-09-30 16:00:00,83682.6,46.2,-1.122,0.346,5.394,5.74,3.926,0.2672383,0.70559312,1.10856982,30.585,1.11985794,NO,NO,NO,21.1,1.6,BUY,19.5,92.95154185,3.17073171,YES,1.44472249,0,CONTROL MARKET BUY,NO,NO,NO,NO
2026-09-30 16:01:00,83668.2,-14.4,3.617,3.643,0.011,3.654,2.259,0.86149815,0.44917025,0.59541381,19.036,0.67625848,NO,NO,NO,12.3,17.1,SELL,4.8,58.16326531,0.7804878,YES,1.55973667,0,CONTROL MARKET SELL,NO,NO,NO,NO
2026-09-30 16:02:00,83681.8,13.5,-0.136,4.415,4.691,9.106,2.319,0.03519213,1.13300983,0.61122826,18.5,0.65721695,NO,NO,NO,29.3,5,BUY,24.3,85.42274052,4.15384615,YES,0.30988335,0.69011665,CONTROL LIMIT SELL,NO,NO,NO,NO
2026-09-30 16:03:00,83714.5,32.8,6.326,8.745,0.229,8.974,5.12,1.67932041,1.06352216,1.34949921,21.734,0.77210558,NO,NO,NO,20.7,5.3,BUY,15.4,79.61538462,2.50406504,YES,1.2973581,0,CONTROL MARKET BUY,NO,NO,NO,NO
2026-09-30 16:04:00,83723,8.5,-8.723,2.848,11.022,13.87,3.106,2.31563578,1.64375444,0.81866104,31.95,1.16983688,NO,NO,YES,19.5,16.5,BUY,3,54.16666667,0.48,NO,1.57866119,0,CONTROL UNCLEAR,NO,NO,NO,NO
2026-09-30 16:05:00,83702.6,-20.4,-1.315,1.797,1.888,3.685,1.379,0.34908415,0.43671486,0.40642499,26.529,0.97134907,NO,NO,NO,6.7,10.9,SELL,4.2,61.93181818,0.68292683,YES,2.13447962,0,CONTROL MARKET SELL,NO,NO,NO,NO
2026-09-30 16:06:00,83710.5,7.9,-1.558,0.207,4.461,4.668,2.696,0.41359172,0.58081374,0.79457707,22.223,0.83026975,NO,NO,NO,9.5,4.1,BUY,5.4,69.85294118,0.92307692,YES,0.8153575,0,CONTROL MARKET BUY,NO,NO,NO,NO
2026-09-30 16:07:00,83696.5,-14,-2.75,0.941,3.662,4.603,1.988,0.83358594,0.64594443,0.58747045,12.956,0.50193708,NO,NO,NO,7.2,8.2,SELL,1,53.24675325,0.17094017,NO,5.33316515,0,CONTROL UNCLEAR,NO,NO,NO,NO
2026-09-30 16:08:00,83698.5,2.1,-1.661,1.239,2.945,4.184,2.257,0.57965451,0.67424059,0.77800758,13.455,0.56870536,NO,NO,NO,9.9,2.2,BUY,7.7,81.81818182,1.33913043,YES,0.16606677,0.83393323,CONTROL LIMIT SELL,NO,NO,NO,NO
2026-09-30 16:09:00,83707.7,9.2,8.24,8.761,0.113,8.874,7.062,3.21686512,1.50470538,2.69799427,17.661,0.79923068,NO,NO,YES,8,17.5,SELL,9.5,68.62745098,1.63793103,YES,-0.36901646,1,CONTROL LIMIT BUY,NO,NO,NO,NO
2026-09-30 16:10:00,83707.7,0,-6.264,5.676,9.809,15.485,3.545,2.44544212,2.62568885,1.35434575,28.543,1.30613646,NO,NO,YES,23.5,21.3,BUY,2.2,52.45535714,0.352,NO,0,0,CONTROL UNCLEAR,NO,NO,NO,NO
2026-09-30 16:11:00,83724,16.3,-0.973,2.627,17.929,20.556,14.329,0.3395568,3.31254532,4.93933127,44.915,2.05532421,NO,NO,YES,12.5,33.5,SELL,21,72.82608696,3.62068966,YES,-0.29570207,1,CONTROL LIMIT BUY,YES,NO,NO,NO
2026-09-30 16:12:00,83742.6,18.6,-20.334,3.187,23.299,26.486,18.927,7.09614378,3.71681168,5.69147497,62.527,2.82959611,NO,NO,YES,54.5,32.1,BUY,22.4,62.9330254,3.22302158,YES,0.56195387,0,CONTROL MARKET BUY,YES,NO,NO,NO
2026-09-30 16:13:00,83713.4,-29.1,3.385,5.893,2.514,8.407,2.952,1.18129471,1.04603708,0.79025566,55.449,2.34367471,NO,NO,NO,12.7,18.9,SELL,6.2,59.81012658,0.89208633,YES,1.90390169,0,CONTROL MARKET SELL,YES,NO,NO,NO
2026-09-30 16:14:00,83724.6,11.1,-2.585,0.911,4.11,5.021,2.978,0.90211132,0.60548689,0.89550444,39.914,1.54633504,NO,NO,NO,7.3,4.9,BUY,2.4,59.83606557,0.34532374,YES,3.16056919,0,CONTROL MARKET BUY,NO,NO,NO,NO
2026-09-30 16:15:00,83703.7,-20.9,-1.808,2.849,3.261,6.11,2.604,0.63095446,0.73681037,0.78304014,19.538,0.72163844,NO,NO,NO,4.4,5.6,SELL,1.2,56,0.17266187,YES,5.79973236,0,CONTROL MARKET SELL,NO,NO,NO,NO
2026-09-30 16:16:00,83742.9,39.2,-14.622,0.45,23.126,23.576,8.159,5.48153702,3.30011198,2.68211703,34.707,1.34460716,NO,NO,YES,35.2,18,BUY,17.2,66.16541353,2.77419355,YES,1.52873995,0,CONTROL MARKET BUY,NO,NO,NO,NO
2026-09-30 16:17:00,83753,10.1,0.287,3.349,8.726,12.075,5.664,0.10759138,1.45613506,1.86193294,41.761,1.6178909,NO,NO,NO,8.9,16.6,SELL,7.7,65.09803922,1.24193548,YES,-0.33552288,1,CONTROL LIMIT BUY,NO,NO,NO,NO
2026-09-30 16:18:00,83771,17.9,-3.099,1.98,10.863,12.843,5.784,1.16176195,1.48637232,1.73928733,48.494,1.87873857,NO,NO,NO,17.8,17,BUY,0.8,51.14942529,0.11510791,NO,14.99086072,0,CONTROL UNCLEAR,NO,NO,NO,NO
2026-09-30 16:19:00,83752.8,-18.3,-9.572,1.417,13.159,14.576,6.04,3.27303813,1.63334827,1.61691875,39.494,1.45871577,NO,NO,YES,30.1,13.8,BUY,16.3,68.56492027,2.34532374,YES,-0.75186584,1,CONTROL LIMIT SELL,NO,NO,NO,NO
2026-09-30 16:20:00,83762.8,10,0.439,2.196,0.044,2.24,1.713,0.15011113,0.24778761,0.39593205,29.659,1.05617577,NO,NO,NO,7,1.1,BUY,5.9,86.41975309,0.76623377,YES,1.13557187,0,CONTROL MARKET BUY,NO,NO,NO,NO
2026-09-30 16:21:00,83751.9,-11,-0.44,1.585,2.254,3.839,1.577,0.16494845,0.43018826,0.42216571,20.655,0.70976942,NO,NO,NO,7.7,6,BUY,1.7,56.20437956,0.22077922,YES,-4.05902256,1,CONTROL LIMIT SELL,NO,NO,NO,NO
2026-09-30 16:22:00,83744.2,-7.6,-0.395,1.158,0.834,1.992,0.719,0.15933844,0.23054221,0.21620809,8.071,0.28741342,NO,NO,NO,0.9,4.2,SELL,3.3,82.35294118,0.47482014,YES,0.53528921,0,CONTROL MARKET SELL,NO,NO,NO,NO
2026-09-30 16:23:00,83739.3,-4.8,4.272,4.359,0.042,4.401,2.438,1.89445676,0.50934552,0.73312284,10.232,0.37792018,NO,NO,NO,8.7,2.6,BUY,6.1,76.99115044,0.98387097,YES,-0.49818989,1,CONTROL LIMIT SELL,NO,NO,NO,NO
2026-09-30 16:24:00,83684.3,-54.9,-2.104,1.401,3.526,4.927,2.155,0.78875351,0.57022163,0.64802285,11.32,0.4181056,NO,NO,NO,1,23.5,SELL,22.5,95.91836735,3.65853659,YES,0.56729551,0,CONTROL MARKET SELL,NO,NO,NO,NO
2026-09-30 16:25:00,83684.4,0.1,-14.797,2.536,17.85,20.386,13.695,5.54714152,2.45836599,4.50197239,29.714,1.09749026,NO,NO,YES,24.9,12.2,BUY,12.7,67.11590296,2.0483871,YES,0.0049923,0.9950077,CONTROL LIMIT SELL,NO,NO,NO,NO
2026-09-30 16:26:00,83715.7,31.4,-1.542,0.397,4.591,4.988,2.652,0.52726962,0.57728141,0.79747406,30.301,1.0790378,NO,NO,NO,13.6,3,BUY,10.6,81.92771084,1.52517986,YES,2.02572446,0,CONTROL MARKET BUY,NO,NO,NO,NO
2026-09-30 16:27:00,83715.8,0.1,-0.558,0.268,0.826,1.094,0.602,0.20918463,0.13192644,0.19789612,26.468,0.90952201,NO,NO,NO,3.2,3.8,SELL,0.6,54.28571429,0.08633094,NO,-0.04332989,0,CONTROL UNCLEAR,NO,NO,NO,NO
2026-09-30 16:28:00,83709.6,-6.1,-0.11,1.78,1.562,3.342,0.96,0.04691832,0.46042571,0.3237774,9.424,0.32383767,NO,NO,NO,5.1,1.6,BUY,3.5,76.11940299,0.56910569,YES,-1.1041801,1,CONTROL LIMIT SELL,NO,NO,NO,NO
2026-09-30 16:29:00,83691.7,-17.9,-3.569,0.063,3.643,3.706,2.249,1.82464213,0.62548523,0.7963881,8.142,0.29568565,NO,NO,NO,5.8,13.4,SELL,7.6,69.79166667,1.26666667,YES,0.61240905,0,CONTROL MARKET SELL,NO,NO,NO,NO
2026-09-30 16:30:00,83688.8,-2.9,6.141,12.478,3.539,16.017,9.059,2.61932182,2.97686089,3.38780853,23.065,0.87042663,NO,NO,YES,26.3,15.9,BUY,10.4,62.32227488,1.69105691,YES,-0.16475954,1,CONTROL LIMIT SELL,NO,NO,NO,NO
2026-09-30 16:31:00,83719.4,30.6,-2.843,0.721,4.641,5.362,1.862,1.06579194,0.96343545,0.69633508,25.085,1.01286011,NO,NO,NO,13.3,1.2,BUY,12.1,91.72413793,1.96747967,YES,1.60322075,0,CONTROL MARKET BUY,NO,NO,NO,NO
2026-09-30 16:32:00,83716.7,-2.7,-0.524,4.301,6.091,10.392,3.785,0.19643861,1.81171548,1.41548242,31.771,1.23255679,NO,NO,NO,10.5,18,SELL,7.5,63.15789474,1.08695652,YES,0.10098452,0.89901548,CONTROL LIMIT BUY,NO,NO,NO,NO
2026-09-30 16:33:00,83739,22.4,-2.803,1.397,3.471,4.868,1.53,1.05079663,0.84867503,0.5417847,20.622,0.77823273,NO,NO,NO,11.4,3.1,BUY,8.3,78.62068966,1.21167883,YES,1.41109878,0,CONTROL MARKET BUY,NO,NO,NO,NO
2026-09-30 16:34:00,83751.5,12.5,0.212,1.167,2.312,3.479,1.357,0.07947516,0.67013387,0.50747943,18.739,0.7071721,NO,NO,NO,11,0.8,BUY,10.2,93.22033898,1.48905109,YES,0.61654468,0,CONTROL MARKET BUY,NO,NO,NO,NO
2026-09-30 16:35:00,83763.1,11.6,-1.658,0.941,2.676,3.617,1.291,0.70718703,0.72274953,0.4912481,11.964,0.4641437,NO,NO,NO,9.4,6.6,BUY,2.8,58.75,0.37086093,YES,2.4443616,0,CONTROL MARKET BUY,NO,NO,NO,NO
2026-09-30 16:36:00,83769.3,6.1,0.891,1.454,1.677,3.131,1.288,0.38003839,0.62563693,0.49010654,10.227,0.42479751,NO,NO,NO,26.8,6.2,BUY,20.6,81.21212121,2.72847682,YES,0.14889028,0.85110972,CONTROL LIMIT SELL,NO,NO,NO,NO
2026-09-30 16:37:00,83744.5,-24.9,-0.94,1.379,2.236,3.615,1.128,0.40093837,0.72234989,0.44744149,10.363,0.43044652,NO,NO,NO,13.6,9.5,BUY,4.1,58.87445887,0.53594771,YES,-3.05319774,1,CONTROL LIMIT SELL,NO,NO,NO,NO
2026-09-30 16:38:00,83745.7,1.2,-0.887,1.049,7.1,8.149,5.164,0.45347648,1.6283345,2.04839349,14.895,0.61869159,NO,NO,YES,14,8.6,BUY,5.4,61.94690265,0.70588235,YES,0.11178542,0.88821458,CONTROL LIMIT SELL,NO,NO,NO,NO
2026-09-30 16:39:00,83716.8,-28.8,-0.622,0.492,1.045,1.537,0.507,0.31799591,0.29606087,0.19292237,13.301,0.55248183,NO,NO,NO,2.9,7.3,SELL,4.4,71.56862745,0.58278146,YES,2.72860157,0,CONTROL MARKET SELL,NO,NO,NO,NO
2026-09-30 16:40:00,83725.4,8.5,-4.466,1.755,4.868,6.623,3.625,2.57703405,1.32340893,1.43792146,16.309,0.67742471,NO,NO,YES,11.3,3,BUY,8.3,79.02097902,1.21167883,YES,0.51549542,0,CONTROL MARKET BUY,NO,NO,NO,NO
2026-09-30 16:41:00,83704.9,-20.6,1.08,1.995,1.061,3.056,1.508,0.62319677,0.61065041,0.59817533,11.216,0.51308326,NO,NO,NO,3.2,3.3,SELL,0.1,50.76923077,0.01324503,NO,84.45386109,0,CONTROL UNCLEAR,NO,NO,NO,NO
2026-09-30 16:42:00,83702,-2.8,11.643,12.586,0.654,13.24,4.208,6.71840739,2.67070096,1.79560486,22.919,1.11049737,NO,NO,YES,19.2,11.3,BUY,7.9,62.95081967,1.15328467,YES,-0.20935382,1,CONTROL LIMIT SELL,NO,NO,NO,NO
2026-09-30 16:43:00,83700,-2,-0.054,1.784,1.697,3.481,1.588,0.03115984,0.70216843,0.67761895,19.777,0.95825763,NO,NO,NO,6,14.2,SELL,8.2,70.2970297,1.19708029,YES,0.10004889,0.89995111,CONTROL LIMIT BUY,NO,NO,NO,NO
2026-09-30 16:44:00,83664.9,-35.1,4.328,8.142,0.62,8.762,3.194,2.705,1.78907606,1.45049955,25.483,1.26156588,NO,NO,YES,1.3,12.1,SELL,10.8,90.29850746,1.43046358,YES,1.38020482,0,CONTROL MARKET SELL,NO,NO,NO,NO
2026-09-30 16:45:00,83688.9,24.1,-1.932,2.112,2.162,4.274,2.066,1.2075,0.87269015,0.93823797,16.517,0.81769351,NO,NO,NO,15.1,6.7,BUY,8.4,69.26605505,1.09803922,YES,1.69630087,0,CONTROL MARKET BUY,NO,NO,NO,NO
2026-09-30 16:46:00,83710.6,21.6,0.253,0.504,0.425,0.929,0.222,0.158125,0.20045312,0.10518834,13.965,0.69135375,NO,NO,NO,5.3,0.8,BUY,4.5,86.8852459,0.57692308,YES,2.41776859,0,CONTROL MARKET BUY,NO,NO,NO,NO
2026-09-30 16:47:00,83719.2,8.6,0.424,1.559,0.632,2.191,0.631,0.32341724,0.50512968,0.3212831,7.394,0.38394433,NO,NO,NO,5.3,0.4,BUY,4.9,92.98245614,0.64052288,YES,0.83112225,0,CONTROL MARKET BUY,NO,NO,NO,NO
2026-09-30 16:48:00,83700.6,-18.6,7.128,8.543,1.413,9.956,7.931,5.43707094,2.45433255,4.43692308,13.076,0.74177445,NO,NO,YES,19.8,15.4,BUY,4.4,56.25,0.58278146,YES,-2.40806756,1,CONTROL LIMIT SELL,NO,NO,NO,NO
2026-09-30 16:49:00,83690.7,-9.8,-2.644,1.675,4.319,5.994,3.602,2.01678108,1.4776285,2.0151049,18.141,1.1052824,NO,NO,YES,5.4,5.9,SELL,0.5,52.21238938,0.06622517,NO,8.32359731,0,CONTROL UNCLEAR,NO,NO,NO,NO
2026-09-30 16:50:00,83713.3,22.6,0.888,1.732,0.906,2.638,1.654,0.67734554,0.65031431,0.92531469,18.588,1.13251691,NO,NO,NO,11.4,9.7,BUY,1.7,54.02843602,0.25,NO,7.57815799,0,CONTROL UNCLEAR,NO,NO,NO,NO
2026-09-30 16:51:00,83689.1,-24.1,-5.805,3.051,6.969,10.02,3.691,4.42791762,2.4701097,2.09954494,18.652,1.13641626,NO,NO,YES,14.1,23.9,SELL,9.8,62.89473684,1.44117647,YES,1.04403288,0,CONTROL MARKET SELL,NO,NO,NO,NO
2026-09-30 16:52:00,83704.5,15.4,3.648,3.789,0.051,3.84,1.686,2.28,0.88530259,0.85845214,16.498,1.00517882,NO,NO,YES,12.8,7.5,BUY,5.3,63.05418719,0.70198675,YES,1.35678844,0,CONTROL MARKET BUY,NO,NO,NO,NO
2026-09-30 16:53:00,83696.4,-8.1,-0.731,1.692,2.512,4.204,1.419,0.40724234,0.9692219,0.72250509,18.064,1.09429047,NO,NO,NO,3.7,3.2,BUY,0.5,53.62318841,0.06622517,NO,-6.40347954,0,CONTROL UNCLEAR,NO,NO,NO,NO
2026-09-30 16:54:00,83710.1,13.7,2.649,3.548,0.837,4.385,1.693,1.655625,1.03444209,0.95434047,12.429,0.71883404,NO,NO,NO,8.9,2.4,BUY,6.5,78.76106195,0.86092715,YES,0.83328253,0,CONTROL MARKET BUY,NO,NO,NO,NO
2026-09-30 16:55:00,83710.1,-0.1,0.519,0.937,0.399,1.336,0.324,0.324375,0.31516867,0.19177271,9.925,0.57401463,NO,NO,NO,2.3,1.6,BUY,0.7,58.97435897,0.1,YES,-0.06159485,1,CONTROL LIMIT SELL,NO,NO,NO,NO
2026-09-30 16:56:00,83715,4.9,0.432,1.528,1.141,2.669,1.096,0.32951945,0.6636002,0.65628743,8.39,0.50825382,NO,NO,NO,6.2,2.7,BUY,3.5,69.66292135,0.58823529,YES,0.55331308,0,CONTROL MARKET BUY,NO,NO,NO,NO
2026-09-30 16:57:00,83720,5,-1.291,0,1.475,1.475,0.88,1.27821782,0.3909356,0.54287477,5.48,0.33407504,NO,NO,NO,2.9,0.3,BUY,2.6,90.625,0.48598131,YES,0.91200336,0,CONTROL MARKET BUY,NO,NO,NO,NO
2026-09-30 16:58:00,83720,0.1,-3.365,0.005,3.643,3.648,1.059,2.83846478,0.96686986,0.65330043,7.792,0.49942315,NO,NO,YES,4.7,0.4,BUY,4.3,92.15686275,0.80373832,YES,0.01153511,0.98846489,CONTROL LIMIT SELL,NO,NO,NO,NO
2026-09-30 16:59:00,83720,0,2.876,3.714,1.393,5.107,2.509,1.95049169,1.3535648,1.54780999,10.23,0.65568517,NO,NO,NO,5.2,8.1,SELL,2.9,60.90225564,0.54205607,YES,-0,1,CONTROL LIMIT BUY,NO,NO,NO,NO
2026-09-30 17:00:00,83731.1,11.1,-8.725,0.513,9.238,9.751,5.219,5.91726009,2.42441571,3.21961752,18.506,1.18612998,NO,NO,YES,16.3,8.5,BUY,7.8,65.72580645,1.52941176,YES,0.73991161,0,CONTROL MARKET BUY,NO,NO,NO,NO
2026-09-30 17:01:00,83717.1,-14.1,2.241,3.708,2.771,6.479,2.347,1.51983723,1.6108901,1.44787168,21.337,1.36758108,NO,NO,NO,6.1,10,SELL,3.9,62.11180124,0.76470588,YES,1.46952438,0,CONTROL MARKET SELL,NO,NO,NO,NO
2026-09-30 17:02:00,83711.8,-5.3,-2.335,5.41,3.457,8.867,4.288,1.58358766,2.20462456,2.64528069,25.097,1.60857582,NO,NO,YES,4.7,5.7,SELL,1,54.80769231,0.21276596,NO,1.85615145,0,CONTROL UNCLEAR,NO,NO,NO,NO
2026-09-30 17:03:00,83672,-39.9,12.167,15.793,1.715,17.508,9.209,6.77827298,4.35305818,5.68106107,32.854,2.10575567,NO,NO,YES,29.6,18.2,BUY,11.4,61.92468619,2.56179775,YES,-1.99412411,1,CONTROL LIMIT SELL,YES,NO,NO,NO
2026-09-30 17:04:00,83678,5.9,2.518,2.92,2.384,5.304,1.982,1.40278552,1.31874689,1.18682635,31.679,2.03044481,NO,NO,NO,17.3,27.8,SELL,10.5,61.64079823,2.35955056,YES,-0.17300909,1,CONTROL LIMIT BUY,YES,NO,NO,NO
2026-09-30 17:05:00,83689.8,11.8,-0.548,2.437,2.919,5.356,2.133,0.26264079,1.26350554,1.2625037,28.168,1.80540956,NO,NO,NO,18.8,13.2,BUY,5.6,58.75,1.25842697,YES,1.20151704,0,CONTROL MARKET BUY,NO,NO,NO,NO
2026-09-30 17:06:00,83616,-73.8,0.355,2.265,6.064,8.329,4.154,0.17014139,1.92377873,2.26068027,18.989,1.1576188,NO,NO,YES,1.6,25,SELL,23.4,93.98496241,4.9787234,YES,0.97065076,0,CONTROL MARKET SELL,NO,NO,NO,NO
2026-09-30 17:07:00,83553.8,-62.2,-14.073,14.336,28.299,42.635,27.225,6.74478792,8.9833544,13.45108696,56.32,3.41178252,YES,NO,YES,35.5,150.2,SELL,114.7,80.88314486,24.40425532,YES,0.16968212,0.83031788,CONTROL LIMIT BUY,YES,YES,NO,NO
2026-09-30 17:08:00,83571.2,17.4,7.644,9.759,2.769,12.528,5.987,3.34090909,2.40668524,2.85163134,63.492,3.67207426,NO,NO,YES,23.1,46.2,SELL,23.1,66.66666667,4.52941176,YES,-0.23961247,1,CONTROL LIMIT BUY,YES,YES,NO,NO
2026-09-30 17:09:00,83569.9,-1.2,15.635,15.835,0.093,15.928,6.263,6.44343705,3.05984055,2.98309121,71.091,3.92713714,NO,NO,YES,5.2,27.8,SELL,22.6,84.24242424,4.43137255,YES,0.0168836,0.9831164,CONTROL LIMIT BUY,YES,YES,NO,NO
2026-09-30 17:10:00,83603.8,33.9,-2.959,0.394,3.453,3.847,1.072,1.14645486,0.7217636,0.47857143,32.303,1.76292739,NO,NO,NO,13.9,4.7,BUY,9.2,74.7311828,1.68807339,YES,1.92274643,0,CONTROL MARKET BUY,NO,NO,NO,NO
2026-09-30 17:11:00,83616.1,12.2,3.438,5.272,1.313,6.585,1.562,1.33204184,1.26500816,0.74398666,26.36,1.42125411,NO,NO,NO,8.5,10.1,SELL,1.6,54.30107527,0.29357798,NO,-3.10873494,0,CONTROL UNCLEAR,NO,NO,NO,NO
2026-09-30 17:12:00,83633.9,17.8,3.239,3.631,0.331,3.962,2.029,1.2238806,0.74333959,0.96642058,14.394,0.77303974,NO,NO,NO,4.7,3,BUY,1.7,61.03896104,0.31192661,YES,4.97734348,0,CONTROL MARKET BUY,NO,NO,NO,NO
2026-09-30 17:13:00,83669.7,35.9,3.297,3.981,0.567,4.548,2.616,1.24579633,0.87369129,1.27765568,15.095,0.81387826,NO,NO,NO,6.2,1.3,BUY,4.9,82.66666667,0.96078431,YES,3.48098524,0,CONTROL MARKET BUY,NO,NO,NO,NO
2026-09-30 17:14:00,83691.1,21.5,-0.133,3.097,1.919,5.016,1.311,0.0481448,0.9635962,0.62443439,13.526,0.73817775,NO,NO,NO,8,10,SELL,2,55.55555556,0.40816327,YES,-3.83316183,1,CONTROL LIMIT BUY,NO,NO,NO,NO
2026-09-30 17:15:00,83709.5,18.5,2.244,3.816,1.528,5.344,3.383,0.84791234,1.05581349,1.65225885,14.908,0.82353266,NO,NO,NO,11.3,4.7,BUY,6.6,70.625,1.40425532,YES,1.32983844,0,CONTROL MARKET BUY,NO,NO,NO,NO
2026-09-30 17:16:00,83709.4,0,0.966,3.349,6.052,9.401,3.669,0.36501039,1.80597445,1.76309467,19.761,1.09161718,NO,NO,NO,4.7,12.7,SELL,8,72.98850575,1.70212766,YES,-0,1,CONTROL LIMIT BUY,NO,NO,NO,NO
2026-09-30 17:17:00,83715.8,6.5,1.142,4.779,0.82,5.599,2.817,0.43151332,1.05165289,1.25758929,20.344,1.11026823,NO,NO,NO,9.5,2.9,BUY,6.6,76.61290323,1.34693878,YES,0.46707807,0.53292193,CONTROL LIMIT SELL,NO,NO,NO,NO
2026-09-30 17:18:00,83696.6,-19.2,10.986,16.586,5.587,22.173,16.213,4.15114302,4.14448598,6.67751236,37.173,2.00425945,NO,NO,YES,17,35.4,SELL,18.4,67.55725191,3.60784314,YES,0.4242926,0.5757074,CONTROL LIMIT BUY,YES,NO,NO,NO
2026-09-30 17:19:00,83699.9,3.3,-3.029,0.247,3.139,3.386,1.036,1.14453051,0.6328972,0.42668863,31.158,1.67336198,NO,NO,NO,4.3,4.5,SELL,0.2,51.13636364,0.03669725,NO,-9.42531793,0,CONTROL UNCLEAR,NO,NO,NO,NO
2026-09-30 17:20:00,83693.4,-6.5,2.688,2.786,0.893,3.679,0.842,0.97303167,0.69102179,0.37589286,29.238,1.55351877,NO,NO,NO,4.7,6.2,SELL,1.5,56.88073394,0.27522936,YES,2.47514084,0,CONTROL MARKET SELL,NO,NO,NO,NO
2026-09-30 17:21:00,83695,1.6,-1.216,0.3,2.237,2.537,0.761,0.43709561,0.47652141,0.33973214,9.602,0.4955871,NO,NO,NO,3.7,0.9,BUY,2.8,80.43478261,0.51376147,YES,0.27111091,0.72888909,CONTROL LIMIT SELL,NO,NO,NO,NO
2026-09-30 17:22:00,83710.1,15.1,-1.249,0.074,1.423,1.497,1.129,0.46805321,0.28758044,0.54252763,7.713,0.39809032,NO,NO,NO,5.6,0.7,BUY,4.9,88.88888889,0.96078431,YES,1.4621374,0,CONTROL MARKET BUY,NO,NO,NO,NO
2026-09-30 17:23:00,83733.3,23.2,-3.875,0.1,4.331,4.431,1.403,1.49990323,0.85121506,0.6741951,8.465,0.43690323,NO,NO,NO,7.8,14.6,SELL,6.8,65.17857143,1.3877551,YES,-1.62514804,1,CONTROL LIMIT BUY,NO,NO,NO,NO
2026-09-30 17:24:00,83736.2,3,-0.532,3.294,1.152,4.446,2.674,0.19936294,0.85409663,1.28495915,10.374,0.53543226,NO,NO,NO,4.6,1.1,BUY,3.5,80.70175439,0.66666667,YES,0.40631624,0.59368376,CONTROL LIMIT SELL,NO,NO,NO,NO
2026-09-30 17:25:00,83768.7,32.5,-16.43,0.681,17.026,17.707,7.348,6.31194775,3.40159447,3.28035714,26.584,1.37207742,NO,NO,YES,42.7,23,BUY,19.7,64.99238965,4.02040816,YES,0.85743369,0,CONTROL MARKET BUY,NO,NO,NO,NO
2026-09-30 17:26:00,83779.7,11,-8.12,0.593,9.307,9.9,4.102,2.91876348,1.85950413,1.68945634,32.053,1.59845406,NO,NO,YES,24.4,3.9,BUY,20.5,86.21908127,3.9047619,YES,0.30005568,0.69994432,CONTROL LIMIT SELL,NO,NO,NO,NO
2026-09-30 17:27:00,83774,-5.7,1.702,3.495,1.804,5.299,2.567,0.58337618,0.99046729,1.0017561,32.906,1.57894484,NO,NO,NO,10.4,6.3,BUY,4.1,62.2754491,0.67213115,YES,-0.77721286,1,CONTROL LIMIT SELL,NO,NO,NO,NO
2026-09-30 17:28:00,83775.8,1.8,3.055,4.247,0.365,4.612,1.073,1.04712939,0.86205607,0.41404592,19.811,0.85329715,NO,NO,NO,13.8,4.9,BUY,8.9,73.79679144,1.45901639,YES,0.12248231,0.87751769,CONTROL LIMIT SELL,NO,NO,NO,NO
2026-09-30 17:29:00,83789.2,13.5,-15.663,1.962,15.711,17.673,8.663,5.36863753,3.30336449,3.34285163,27.584,1.18809493,NO,NO,YES,34.6,23.8,BUY,10.8,59.24657534,1.63636364,YES,0.75697798,0,CONTROL MARKET BUY,NO,NO,NO,NO
2026-09-30 17:30:00,83793.8,4.6,-4.239,2.831,12.614,15.445,6.189,1.41583166,2.81971702,2.33988658,37.73,1.46646715,NO,NO,YES,18.4,16.2,BUY,2.2,53.17919075,0.32835821,NO,1.35893961,0,CONTROL UNCLEAR,NO,NO,NO,NO
2026-09-30 17:31:00,83800.1,6.3,1.082,2.411,5.381,7.792,4.052,0.36138945,1.42254678,1.53194707,40.91,1.54540647,NO,NO,NO,24.7,12.2,BUY,12.5,66.93766938,1.89393939,YES,0.30508168,0.69491832,CONTROL LIMIT SELL,NO,NO,NO,NO
2026-09-30 17:32:00,83785,-15,6.851,6.981,2.66,9.641,2.53,2.28824315,1.76010954,0.92150792,32.878,1.21392704,NO,NO,YES,6.6,20.8,SELL,14.2,75.91240876,2.11940299,YES,1.01029065,0,CONTROL MARKET SELL,NO,NO,NO,NO
2026-09-30 17:33:00,83800,15.1,-1.736,4.142,4.066,8.208,3.831,0.57067719,1.49849384,1.44839319,25.641,0.9198235,NO,NO,NO,16.8,17.8,SELL,1,51.44508671,0.13513514,NO,-14.3730202,0,CONTROL UNCLEAR,NO,NO,NO,NO
2026-09-30 17:34:00,83800,0,-0.908,0.864,1.743,2.607,1.159,0.30327321,0.47594706,0.43818526,20.456,0.75527987,NO,NO,NO,3.1,2.1,BUY,1,59.61538462,0.14925373,YES,0,1,CONTROL LIMIT SELL,NO,NO,NO,NO
2026-09-30 17:35:00,83794.6,-5.4,6.3,7.041,1.142,8.183,6.422,2.10420842,1.49392971,2.42797732,18.998,0.71766395,NO,NO,YES,2.1,17,SELL,14.9,89.0052356,2.25757576,YES,0.34484351,0.65515649,CONTROL LIMIT BUY,NO,NO,NO,NO
2026-09-30 17:36:00,83800.1,5.5,-2.235,2.004,4.214,6.218,4.028,0.734714,1.02068286,1.46712803,17.008,0.65414127,NO,NO,NO,16.5,4.1,BUY,12.4,80.09708738,1.85074627,YES,0.35467866,0.64532134,CONTROL LIMIT SELL,NO,NO,NO,NO
2026-09-30 17:37:00,83795.8,-4.2,22.406,23.786,0.113,23.899,12.688,7.36554898,4.04485064,4.62138044,38.3,1.4730486,NO,NO,YES,22.9,20,BUY,2.9,53.37995338,0.43283582,NO,-1.2944273,0,CONTROL UNCLEAR,NO,NO,NO,NO
2026-09-30 17:38:00,83795.8,0.1,0.703,1.843,2.227,4.07,1.263,0.23109796,0.68883811,0.4600255,34.187,1.31485933,NO,NO,NO,7.9,0.3,BUY,7.6,96.34146341,1.15151515,YES,0.01176135,0.98823865,CONTROL LIMIT SELL,NO,NO,NO,NO
2026-09-30 17:39:00,83774,-21.8,-3.399,3.436,7.091,10.527,2.769,1.13527054,1.92396966,1.04688091,38.496,1.48058691,NO,NO,NO,4.7,18.8,SELL,14.1,80,2.13636364,YES,1.47885072,0,CONTROL MARKET SELL,NO,NO,NO,NO
2026-09-30 17:40:00,83793.3,19.2,-3.914,0.477,4.4,4.877,1.871,1.30728123,0.89134607,0.7073724,19.474,0.7489856,NO,NO,NO,8.4,2.6,BUY,5.8,76.36363636,0.87878788,YES,3.35607527,0,CONTROL MARKET BUY,NO,NO,NO,NO
2026-09-30 17:41:00,83796.8,3.5,2.571,5.337,2.926,8.263,3.491,0.84516765,1.51018916,1.31984877,23.667,1.02683472,NO,NO,NO,14.1,7.8,BUY,6.3,64.38356164,1.01612903,YES,0.56297214,0,CONTROL MARKET BUY,NO,NO,NO,NO
2026-09-30 17:42:00,83797.7,1,-4.51,1.228,5.629,6.857,3.516,1.57775057,1.25322124,1.29193459,19.997,0.90642069,NO,NO,NO,17.9,4.2,BUY,13.7,80.99547511,2.12403101,YES,0.07910989,0.92089011,CONTROL LIMIT SELL,NO,NO,NO,NO
2026-09-30 17:43:00,83758.9,-38.9,-5.855,5.819,11.674,17.493,11.674,2.04827707,2.96064991,4.17973505,32.613,1.47827664,NO,NO,YES,29.7,26.2,BUY,3.5,53.13059034,0.53030303,NO,-15.53010912,0,CONTROL UNCLEAR,NO,NO,NO,NO
2026-09-30 17:44:00,83775.2,16.2,-9.163,0.08,9.179,9.259,4.142,3.20552737,1.41629063,1.33612903,33.609,1.36322706,NO,NO,YES,14.6,5,BUY,9.6,74.48979592,1.45454545,YES,2.94850104,0,CONTROL MARKET BUY,NO,NO,NO,NO
2026-09-30 17:45:00,83771.4,-3.8,0.289,1.55,1.281,2.831,0.702,0.09500329,0.38651102,0.20424789,29.583,1.1329057,NO,NO,NO,5,1.7,BUY,3.3,74.62686567,0.49253731,YES,-1.60989256,1,CONTROL LIMIT SELL,NO,NO,NO,NO
2026-09-30 17:46:00,83760.2,-11.1,11.522,11.968,0.638,12.606,5.931,3.78763971,1.72107311,1.88046925,24.696,0.91182986,NO,NO,YES,8.6,43.4,SELL,34.8,83.46153846,5.19402985,YES,0.30216096,0.69783904,CONTROL LIMIT BUY,NO,NO,NO,NO
2026-09-30 17:47:00,83750.1,-10.1,-2.577,0.628,3.027,3.655,1.295,0.79857453,0.49901017,0.41058973,19.092,0.70491803,NO,NO,NO,1.7,13.7,SELL,12,88.96103896,1.79104478,YES,0.80161773,0,CONTROL MARKET SELL,NO,NO,NO,NO
2026-09-30 17:48:00,83738.5,-11.6,2.132,5.877,3.624,9.501,4.308,0.66067555,1.29715339,1.37635783,25.762,0.95118889,NO,NO,NO,19.7,18.4,BUY,1.3,51.70603675,0.18055556,NO,-15.83248424,0,CONTROL UNCLEAR,NO,NO,NO,NO
2026-09-30 17:49:00,83724.8,-13.7,6.81,10.045,3.052,13.097,6.984,2.23865878,1.7881084,2.2313099,26.253,1.00305659,NO,NO,YES,9.2,19.7,SELL,10.5,68.16608997,1.60305344,YES,1.37631752,0,CONTROL MARKET SELL,NO,NO,NO,NO
2026-09-30 17:50:00,83709.2,-15.5,1.147,3.516,2.196,5.712,2.397,0.35543849,0.71511737,0.68417297,28.31,1.08853215,NO,NO,NO,2.9,15.1,SELL,12.2,83.88888889,1.69444444,YES,1.20489663,0,CONTROL MARKET SELL,NO,NO,NO,NO
2026-09-30 17:51:00,83676.7,-32.5,-3.5,0.104,3.617,3.721,1.4,1.0845987,0.4658529,0.3996004,22.53,0.86628857,NO,NO,NO,12.1,19.7,SELL,7.6,61.94968553,0.92121212,YES,4.0570327,0,CONTROL MARKET SELL,NO,NO,NO,NO
2026-09-30 17:52:00,83712.8,36,12.263,12.384,1.428,13.812,4.249,3.55500797,1.72920188,1.21278721,23.245,0.89378064,NO,NO,YES,16.9,5.9,BUY,11,74.12280702,1.33333333,YES,5.90732388,0,CONTROL MARKET BUY,NO,NO,NO,NO
2026-09-30 17:53:00,83689.9,-22.9,-1.368,3.049,4.417,7.466,4.239,0.37098305,0.91098774,1.15394038,24.999,0.96122272,NO,NO,NO,9.4,22.1,SELL,12.7,70.15873016,1.37297297,YES,1.55158263,0,CONTROL MARKET SELL,NO,NO,NO,NO
2026-09-30 17:54:00,83694.1,4.2,5.457,5.552,0.053,5.605,2.286,1.5819684,0.6839119,0.5817534,26.883,1.03366337,NO,NO,NO,10.3,3.8,BUY,6.5,73.04964539,0.64676617,YES,1.16595269,0,CONTROL MARKET BUY,NO,NO,NO,NO
2026-09-30 17:55:00,83667.9,-26.1,5.531,6.962,0.213,7.175,2.894,1.49204208,0.87548045,0.73648047,20.246,0.76635691,NO,NO,NO,6.9,11.3,SELL,4.4,62.08791209,0.43781095,YES,4.67234082,0,CONTROL MARKET SELL,NO,NO,NO,NO
2026-09-30 17:56:00,83696.4,28.5,0.38,1.012,1.573,2.585,0.941,0.10250877,0.32363067,0.25615898,15.365,0.59079112,NO,NO,NO,4.9,1.9,BUY,3,72.05882353,0.32432432,YES,17.44417561,0,CONTROL MARKET BUY,NO,NO,NO,NO
2026-09-30 17:57:00,83666,-30.5,3.921,4.189,0.133,4.322,3.338,1.13668648,0.56652248,0.95276152,14.082,0.54790576,NO,NO,NO,2.6,9.9,SELL,7.3,79.2,0.88484848,YES,3.24752186,0,CONTROL MARKET SELL,NO,NO,NO,NO
2026-09-30 17:58:00,83670.1,4.1,-8.804,2.988,10.653,13.641,10.653,2.37496628,1.78804562,3.04067361,20.548,0.81153239,NO,NO,YES,23.5,12.5,BUY,11,65.27777778,1.33333333,YES,0.62139146,0,CONTROL MARKET BUY,NO,NO,NO,NO
2026-09-30 17:59:00,83648,-22,12.034,12.653,1.631,14.284,7.309,3.07185705,1.78829421,1.98965564,32.247,1.2735782,NO,NO,YES,6,21.1,SELL,15.1,77.8597786,1.75581395,YES,1.11847243,0,CONTROL MARKET SELL,NO,NO,NO,NO
2026-09-30 18:00:00,83678.9,31,1.769,7.367,10.11,17.477,4.563,0.4515635,2.18804382,1.24213965,45.402,1.79312796,NO,NO,YES,47.1,24.8,BUY,22.3,65.50764951,2.59302326,YES,2.5109487,0,CONTROL MARKET BUY,NO,NO,NO,NO
2026-09-30 18:01:00,83678.9,0,7.177,9.795,1.073,10.868,6.761,1.9360669,1.36062598,1.84047911,42.629,1.68360979,NO,NO,NO,24.8,7.3,BUY,17.5,77.25856698,1.74129353,YES,0,1,CONTROL LIMIT SELL,NO,NO,NO,NO
2026-09-30 18:02:00,83709.7,30.8,1.114,6.119,4.544,10.663,4.094,0.28436503,1.30107986,1.11446849,39.008,1.54060032,NO,NO,NO,11.5,18.8,SELL,7.3,62.04620462,0.72636816,YES,-3.05718836,1,CONTROL LIMIT BUY,NO,NO,NO,NO
2026-09-30 18:03:00,83716.2,6.6,12.58,16.765,2.679,19.444,7.582,3.39357971,2.37252151,1.92950757,40.975,1.61828594,NO,NO,YES,30.8,15,BUY,15.8,67.2489083,1.8372093,YES,0.64616954,0,CONTROL MARKET BUY,NO,NO,NO,NO
2026-09-30 18:04:00,83690.2,-26.1,3.082,3.295,0.253,3.548,1.7,0.78672623,0.4314727,0.4186161,33.655,1.32601801,NO,NO,NO,5.5,6.7,SELL,1.2,54.91803279,0.11940299,NO,14.91190109,0,CONTROL UNCLEAR,NO,NO,NO,NO
2026-09-30 18:05:00,83672.5,-17.7,5.922,6.232,0.324,6.556,5.009,1.51167837,0.79727593,1.23344004,29.548,1.13613381,NO,NO,NO,15.7,4.6,BUY,11.1,77.33990148,1.10447761,YES,-2.6568877,1,CONTROL LIMIT SELL,NO,NO,NO,NO
2026-09-30 18:06:00,83660.1,-12.3,4.527,4.834,0.683,5.517,2.487,1.15558392,0.70150677,0.61241074,15.621,0.58796296,NO,NO,NO,18.6,12.2,BUY,6.4,60.38961039,0.63681592,YES,-3.2035596,1,CONTROL LIMIT SELL,NO,NO,NO,NO
2026-09-30 18:07:00,83645.3,-14.8,12.498,13.281,7.865,21.146,11.677,2.96477286,2.6887914,3.06885677,33.219,1.25033875,NO,NO,YES,9.4,34.3,SELL,24.9,78.48970252,2.89534884,YES,0.39655508,0.60344492,CONTROL LIMIT BUY,NO,NO,NO,NO
2026-09-30 18:08:00,83609.9,-35.4,-32.07,2.143,33.013,35.156,17.433,7.60763848,4.47021425,4.58160315,61.819,2.32682174,NO,NO,YES,61.3,16.3,BUY,45,78.99484536,4.47761194,YES,-1.21875897,1,CONTROL LIMIT SELL,YES,NO,NO,NO
2026-09-30 18:09:00,83631.8,22,6.062,8.962,3.446,12.408,5.361,1.34159566,1.41627668,1.30184556,68.71,2.58619392,NO,NO,NO,27.8,10.3,BUY,17.5,72.96587927,1.62790698,YES,1.23625872,0,CONTROL MARKET BUY,YES,NO,NO,NO
2026-09-30 18:10:00,83617.1,-14.7,-0.613,2.762,1.275,4.037,2.1,0.12279647,0.46079215,0.50113352,51.601,1.94222373,NO,NO,NO,6.1,4.8,BUY,1.3,55.96330275,0.12093023,YES,-8.99002359,1,CONTROL LIMIT SELL,NO,NO,NO,NO
2026-09-30 18:11:00,83596.7,-20.4,-1.664,0.217,2.167,2.384,1.1,0.33333333,0.27211506,0.26249851,18.829,0.68229667,NO,NO,NO,5.2,16.1,SELL,10.9,75.58685446,1.01395349,YES,1.35812497,0,CONTROL MARKET SELL,NO,NO,NO,NO
2026-09-30 18:12:00,83625.2,28.5,-2.039,9.857,3.932,13.789,7.964,0.40845353,1.64890882,1.9004892,20.21,0.73233925,NO,NO,NO,9.4,7.4,BUY,2,55.95238095,0.1826484,YES,11.33878012,0,CONTROL MARKET BUY,NO,NO,NO,NO
2026-09-30 18:13:00,83666,40.9,25.942,32.942,6.405,39.347,17.065,5.19671474,4.19477612,4.02097078,55.52,2.01184933,NO,NO,YES,45.8,66.7,SELL,20.9,59.28888889,1.95327103,YES,-1.34461368,1,CONTROL LIMIT BUY,YES,NO,NO,NO
2026-09-30 18:14:00,83653.8,-12.2,4.773,7.04,2.299,9.339,4.051,0.95612981,0.995629,0.95452403,62.475,2.26387404,NO,NO,NO,17,26.6,SELL,9.6,61.00917431,0.87671233,YES,0.87233719,0,CONTROL MARKET SELL,YES,NO,NO,NO
2026-09-30 18:15:00,83638.6,-15.2,-2.949,1.939,4.895,6.834,3.073,0.63419355,0.72547771,0.72408106,55.52,2.01184933,NO,NO,NO,17.9,11,BUY,6.9,61.93771626,0.63013699,YES,-1.66332003,1,CONTROL LIMIT SELL,YES,NO,NO,NO
2026-09-30 18:16:00,83687.1,48.6,-5.653,1.348,7.051,8.399,2.796,1.21569892,0.89161359,0.65881244,24.572,0.89040277,NO,NO,NO,41.3,29.7,BUY,11.6,58.16901408,1.05936073,YES,3.16459747,0,CONTROL MARKET BUY,NO,NO,NO,NO
2026-09-30 18:17:00,83677.1,-10,0.835,1.292,0.509,1.801,0.67,0.17956989,0.20306686,0.16080643,17.034,0.61725219,NO,NO,NO,8.1,10.8,SELL,2.7,57.14285714,0.24657534,YES,2.54104879,0,CONTROL MARKET SELL,NO,NO,NO,NO
2026-09-30 18:18:00,83677.5,0.5,4.505,4.852,0.522,5.374,3.952,0.9688172,0.60593077,0.94851794,15.574,0.56434693,NO,NO,NO,15.8,9.5,BUY,6.3,62.45059289,0.58878505,YES,0.05705195,0.94294805,CONTROL LIMIT SELL,NO,NO,NO,NO
2026-09-30 18:19:00,83694,16.5,7.074,7.266,0.015,7.281,3.679,1.52129032,0.91786952,0.9033763,14.456,0.52383454,NO,NO,NO,15,1.3,BUY,13.7,92.02453988,1.28037383,YES,0.90886348,0,CONTROL MARKET BUY,NO,NO,NO,NO
2026-09-30 18:20:00,83687.6,-6.5,8.016,10.153,0.49,10.643,7.041,1.72387097,1.44341222,1.75959015,23.298,0.84423749,NO,NO,NO,14.4,7.8,BUY,6.6,64.86486486,0.60273973,YES,-0.78182485,1,CONTROL LIMIT SELL,NO,NO,NO,NO
2026-09-30 18:21:00,83708.4,20.7,-16.293,7.543,23.818,31.361,14.123,3.18533724,3.95348251,3.46789441,49.285,1.89988821,NO,NO,YES,110,50.2,BUY,59.8,68.66416979,5.83414634,YES,0.27483728,0.72516272,CONTROL LIMIT SELL,NO,NO,NO,NO
2026-09-30 18:22:00,83702.1,-6.4,3.469,4.372,0.156,4.528,2.302,0.63141609,0.51054234,0.5525021,46.532,1.64916447,NO,NO,NO,5.8,2,BUY,3.8,74.35897436,0.34703196,YES,-1.36628614,1,CONTROL LIMIT SELL,NO,NO,NO,NO
2026-09-30 18:23:00,83723.4,21.4,0.624,1.525,0.701,2.226,1.142,0.12199413,0.28061771,0.28041743,38.115,1.23359495,NO,NO,NO,12.4,1.5,BUY,10.9,89.20863309,1.06341463,YES,1.62918207,0,CONTROL MARKET BUY,NO,NO,NO,NO
2026-09-30 18:24:00,83723.3,-0.2,-3.987,2.849,6.314,9.163,4.271,0.77947214,1.16875,1.06734974,15.917,0.48626768,NO,NO,NO,13.5,14.6,SELL,1.1,51.95729537,0.10731707,NO,0.09690119,0,CONTROL UNCLEAR,NO,NO,NO,NO
2026-09-30 18:25:00,83721,-2.3,7.014,7.68,0.639,8.319,4.37,1.5083871,0.9473864,1.07305095,19.708,0.60208352,NO,NO,NO,7.8,7.3,BUY,0.5,51.65562914,0.04878049,NO,-3.6491767,0,CONTROL UNCLEAR,NO,NO,NO,NO
2026-09-30 18:26:00,83724.2,3.2,0.374,0.691,0.348,1.039,0.62,0.08043011,0.11832365,0.1482367,18.521,0.56582043,NO,NO,NO,14,3.1,BUY,10.9,81.87134503,1.06341463,YES,0.232908,0.767092,CONTROL LIMIT SELL,NO,NO,NO,NO
2026-09-30 18:27:00,83718.6,-5.7,0.364,0.784,0.077,0.861,0.343,0.07827957,0.09805261,0.08200837,10.219,0.31219259,NO,NO,NO,1.9,2.1,SELL,0.2,52.5,0.01834862,NO,17.09039434,0,CONTROL UNCLEAR,NO,NO,NO,NO
2026-09-30 18:28:00,83647.6,-71,-21.943,14.303,57.066,71.369,20.82,4.71892473,8.127662,4.97788404,73.269,2.23838328,NO,NO,YES,56.9,147.5,SELL,90.6,72.16242661,8.31192661,YES,0.53725447,0,CONTROL MARKET SELL,YES,NO,NO,NO
2026-09-30 18:29:00,83628,-19.7,11.249,12.579,1.415,13.994,8.615,2.41913978,1.59366815,2.05977286,86.224,2.57870024,NO,NO,YES,36,21.3,BUY,14.7,62.82722513,1.34862385,YES,-1.08874278,1,CONTROL LIMIT SELL,YES,NO,NO,NO
2026-09-30 18:30:00,83647.8,19.8,4.046,6.552,2.221,8.773,4.118,0.87010753,0.99908894,0.9845786,94.136,2.62326878,NO,NO,NO,19.4,22.9,SELL,3.5,54.13711584,0.32110092,NO,-4.45556865,0,CONTROL UNCLEAR,YES,NO,NO,NO
2026-09-30 18:31:00,83600,-47.8,2.958,4.041,0.828,4.869,1.996,0.63612903,0.56708595,0.48611788,27.636,0.77012679,NO,NO,NO,24.3,47.3,SELL,23,66.06145251,2.24390244,YES,1.63606453,0,CONTROL MARKET SELL,NO,NO,NO,NO
2026-09-30 18:32:00,83580.7,-19.4,1.985,6.987,3.306,10.293,2.239,0.43954827,1.23136739,0.54978514,23.935,0.71582379,NO,NO,NO,15.6,16.9,SELL,1.3,52,0.12682927,NO,9.50626207,0,CONTROL UNCLEAR,NO,NO,NO,NO
2026-09-30 18:33:00,83520.4,-60.3,-21.057,6.402,27.995,34.397,14.04,4.66275465,4.11496591,3.50868424,49.559,1.57914191,NO,NO,YES,71.2,230.4,SELL,159.2,76.39257294,15.53170732,YES,0.24139443,0.75860557,CONTROL LIMIT BUY,NO,NO,NO,NO
2026-09-30 18:34:00,83567.4,47,7.589,10.191,2.058,12.249,5.444,1.68046944,1.46536667,1.36048982,56.939,1.81429732,NO,NO,NO,43.2,17.6,BUY,25.6,71.05263158,2.49756098,YES,1.49608809,0,CONTROL MARKET BUY,NO,NO,NO,NO
2026-09-30 18:35:00,83569.3,1.8,8.257,13.2,0.486,13.686,5.846,1.77569892,1.59399022,1.43126454,60.332,1.92241146,NO,NO,NO,47.8,10.6,BUY,37.2,81.84931507,3.41284404,YES,0.03852871,0.96147129,CONTROL LIMIT SELL,NO,NO,NO,NO
2026-09-30 18:36:00,83592.6,23.3,-13.23,2.667,13.754,16.421,6.569,2.84516129,1.83106601,1.60827519,42.356,1.1875403,NO,NO,YES,77.2,15.8,BUY,61.4,83.01075269,5.63302752,YES,0.30887192,0.69112808,CONTROL LIMIT SELL,NO,NO,NO,NO
2026-09-30 18:37:00,83627.7,35,16.609,22.092,5.074,27.166,15.365,3.18607328,2.9365474,3.66313029,57.273,1.42344447,NO,NO,YES,43.1,24.2,BUY,18.9,64.04160475,1.73394495,YES,1.5407194,0,CONTROL MARKET BUY,NO,NO,NO,NO
2026-09-30 18:38:00,83620.5,-7.2,0.007,0.754,0.501,1.255,0.409,0.0013428,0.13566101,0.09750864,44.842,1.00895509,NO,NO,NO,10.5,9.3,BUY,1.2,53.03030303,0.11009174,NO,-4.87680454,0,CONTROL UNCLEAR,NO,NO,NO,NO
2026-09-30 18:39:00,83602.8,-17.8,1.636,2.476,0.003,2.479,0.837,0.35266221,0.2764273,0.20492104,30.9,0.70873185,NO,NO,NO,3.6,4.6,SELL,1,56.09756098,0.09174312,YES,11.3333537,0,CONTROL MARKET SELL,NO,NO,NO,NO
2026-09-30 18:40:00,83610.4,7.6,1.044,4.479,1.921,6.4,1.769,0.24418197,0.74539949,0.44208422,10.134,0.25186713,NO,NO,NO,9.7,10.1,SELL,0.4,51.01010101,0.03902439,NO,-10.155434,0,CONTROL UNCLEAR,NO,NO,NO,NO
2026-09-30 18:41:00,83603.9,-6.6,-0.946,0.712,1.531,2.243,0.736,0.22126067,0.26123923,0.18393103,11.122,0.32230674,NO,NO,NO,4.9,7.5,SELL,2.6,60.48387097,0.25365854,YES,1.35654898,0,CONTROL MARKET SELL,NO,NO,NO,NO
2026-09-30 18:42:00,83580.2,-23.6,-3.115,1.874,5.156,7.03,3.523,0.72856976,0.81877475,0.88041984,15.673,0.45419112,NO,NO,NO,7.7,12.1,SELL,4.4,61.11111111,0.53333333,YES,2.58354647,0,CONTROL MARKET SELL,NO,NO,NO,NO
2026-09-30 18:43:00,83583.7,3.4,1.202,2.389,1.044,3.433,1.128,0.28113671,0.41069506,0.29563622,12.706,0.36820981,NO,NO,NO,6.7,9.3,SELL,2.6,58.125,0.31515152,YES,-0.56713956,1,CONTROL LIMIT BUY,NO,NO,NO,NO
2026-09-30 18:44:00,83585.2,1.5,4.208,4.48,0.21,4.69,2.229,1.04767833,0.60128205,0.61899472,15.153,0.51773268,NO,NO,NO,6.1,10.1,SELL,4,62.34567901,0.59259259,YES,-0.16262238,1,CONTROL LIMIT BUY,NO,NO,NO,NO
2026-09-30 18:45:00,83546.1,-39,-0.638,1.883,2.507,4.39,1.542,0.15884477,0.61351408,0.46755609,12.513,0.47935182,NO,NO,NO,1.9,24.2,SELL,22.3,92.72030651,3.45736434,YES,0.68937109,0,CONTROL MARKET SELL,NO,NO,NO,NO
2026-09-30 18:46:00,83542.3,-3.8,-3.813,2.65,6.681,9.331,3.926,0.949334,1.30403186,1.24260168,18.411,0.75910693,NO,NO,NO,20.4,25.6,SELL,5.2,55.65217391,0.80620155,YES,0.31719046,0.68280954,CONTROL LIMIT BUY,NO,NO,NO,NO
2026-09-30 18:47:00,83526.2,-16.1,-1.734,3.96,5.401,9.361,3.992,0.44461538,1.30822444,1.10858095,23.082,0.97736752,NO,NO,NO,12.5,14,SELL,1.5,52.83018868,0.26086957,NO,5.17762685,0,CONTROL UNCLEAR,NO,NO,NO,NO
2026-09-30 18:48:00,83531.6,5.4,4.603,5.157,1.128,6.285,1.855,1.18025641,0.80576923,0.48783695,24.977,1.05760803,NO,NO,NO,12.2,19.2,SELL,7,61.14649682,1.2173913,YES,-0.40403337,1,CONTROL LIMIT BUY,NO,NO,NO,NO
2026-09-30 18:49:00,83538.3,6.6,2.296,2.451,0.009,2.46,1.176,0.58871795,0.31538462,0.32657595,18.106,0.74035002,NO,NO,NO,8.4,6.2,BUY,2.2,57.53424658,0.37288136,YES,3.79909471,0,CONTROL MARKET BUY,NO,NO,NO,NO
2026-09-30 18:50:00,83532.6,-5.8,11.012,12.55,1.239,13.789,4.923,3.02444383,1.79672943,1.69030043,22.534,0.92140988,NO,NO,YES,77.2,76.2,BUY,1,50.32594524,0.20833333,NO,-5.23482905,0,CONTROL UNCLEAR,NO,NO,NO,NO
2026-09-30 18:51:00,83544.9,12.4,-35.856,11.547,51.416,62.963,44.731,9.847844,8.20418268,15.35828326,79.212,3.23895976,YES,NO,YES,196.4,135.7,BUY,60.7,59.13881361,14.45238095,YES,0.18440337,0.81559663,CONTROL LIMIT SELL,YES,YES,NO,NO
2026-09-30 18:52:00,83562.9,17.9,19.28,19.28,8.944,28.224,12.779,5.29524856,3.67763372,4.38763948,104.976,4.29244357,NO,NO,YES,110.6,132,SELL,21.4,54.41055235,5.0952381,YES,-0.43789027,1,CONTROL LIMIT BUY,YES,YES,YES,NO
2026-09-30 18:53:00,83580.2,17.4,-17.613,3.645,21.279,24.924,8.607,4.51615385,2.91645214,2.31091422,116.111,4.74775106,NO,NO,YES,62.5,82.6,SELL,20.1,56.92625775,4.1875,YES,-0.45299581,1,CONTROL LIMIT BUY,YES,YES,YES,NO
2026-09-30 18:54:00,83555.3,-24.9,-11.63,2.314,14.847,17.161,12.846,2.89555583,1.91358162,3.24475878,70.309,2.87491822,NO,NO,YES,72.6,45.5,BUY,27.1,61.47332769,5.64583333,YES,-2.42063452,1,CONTROL LIMIT SELL,YES,NO,NO,NO
2026-09-30 18:55:00,83549.4,-5.9,-5.21,1.721,6.162,7.883,2.887,1.26241822,0.87085727,0.72922455,49.968,1.89945451,NO,NO,NO,8.7,6.7,BUY,2,56.49350649,0.32786885,YES,-7.77642503,1,CONTROL LIMIT SELL,NO,NO,NO,NO
2026-09-30 18:56:00,83544.8,-4.6,-3.957,4.206,5.169,9.375,3.129,0.95880785,1.03568272,0.84011277,34.419,1.17599426,NO,NO,NO,4.9,5.8,SELL,0.9,54.20560748,0.14754098,NO,2.67544247,0,CONTROL UNCLEAR,NO,NO,NO,NO
2026-09-30 18:57:00,83546.8,2,0.966,3.457,2.803,6.26,2.102,0.23406833,0.66980526,0.56437106,23.518,0.72009676,NO,NO,NO,21,18.1,BUY,2.9,53.7084399,0.60416667,NO,0.62235756,0,CONTROL UNCLEAR,NO,NO,NO,NO
2026-09-30 18:58:00,83565.4,18.7,0.876,1.402,0.376,1.778,0.608,0.21226072,0.19024181,0.16324339,17.413,0.53316799,NO,NO,NO,5.6,3.4,BUY,2.2,62.22222222,0.45833333,YES,7.67020799,0,CONTROL MARKET BUY,NO,NO,NO,NO
2026-09-30 18:59:00,83576.9,11.5,-3.884,1.268,4.76,6.028,3.001,0.97063601,0.66593018,0.90228503,14.066,0.48059314,NO,NO,NO,6.4,8.9,SELL,2.5,58.16993464,0.5952381,YES,-2.21775632,1,CONTROL LIMIT BUY,NO,NO,NO,NO
2026-09-30 19:00:00,83536.5,-40.3,-2.766,6.271,6.835,13.106,3.958,0.70552225,1.57372719,1.291354,20.912,0.79493661,NO,NO,NO,73.9,91.6,SELL,17.7,55.34743202,4.72,YES,1.09741095,0,CONTROL MARKET SELL,NO,NO,NO,NO
2026-09-30 19:01:00,83514.8,-21.7,5.773,12.07,4.676,16.746,4.792,1.50006496,1.94562565,1.5634584,35.88,1.46712463,NO,NO,NO,28.4,46,SELL,17.6,61.82795699,4.19047619,YES,0.56721795,0,CONTROL MARKET SELL,NO,NO,NO,NO
2026-09-30 19:02:00,83500.1,-14.6,0.207,2.937,2.741,5.678,1.876,0.05279939,0.60753263,0.56404089,35.53,1.45281322,NO,NO,NO,20.1,18.5,BUY,1.6,52.07253886,0.38095238,NO,-4.97089124,0,CONTROL UNCLEAR,NO,NO,NO,NO
2026-09-30 19:03:00,83519.2,19.1,2.631,9.672,3.603,13.275,3.603,0.67108787,1.54234925,1.08328322,35.699,1.27777082,NO,NO,NO,15.2,10.5,BUY,4.7,59.14396887,1.11904762,YES,2.21456666,0,CONTROL MARKET BUY,NO,NO,NO,NO
2026-09-30 19:04:00,83493.5,-25.8,7.49,8.108,0.416,8.524,3.329,1.94621281,0.99035669,1.00090198,27.477,0.98348158,NO,NO,NO,13.1,23.8,SELL,10.7,64.49864499,2.54761905,YES,1.06047866,0,CONTROL MARKET SELL,NO,NO,NO,NO
2026-09-30 19:05:00,83493.3,-0.1,-1.547,2.9,4.018,6.918,2.845,0.4019748,0.84329859,0.88107773,28.717,1.09494033,NO,NO,NO,12.6,17.4,SELL,4.8,58,1.14285714,YES,0.0088993,0.9911007,CONTROL LIMIT BUY,NO,NO,NO,NO
2026-09-30 19:06:00,83480.6,-12.7,3.136,11.984,6.839,18.823,6.29,0.90531178,2.52437471,2.05220228,34.265,1.30647806,NO,NO,YES,22.5,37.7,SELL,15.2,62.62458472,3.61904762,YES,0.3677025,0.6322975,CONTROL LIMIT BUY,NO,NO,NO,NO
2026-09-30 19:07:00,83508.3,27.7,3.084,4.525,1.101,5.626,3.071,0.98672212,0.75450949,1.00195759,31.367,1.19598124,NO,NO,NO,16.6,6.1,BUY,10.5,73.1277533,2.5,YES,0.88044196,0,CONTROL MARKET BUY,NO,NO,NO,NO
2026-09-30 19:08:00,83508.5,0.1,-0.156,3.085,1.141,4.226,2.1,0.0503307,0.60596501,0.6916996,28.675,1.09333893,NO,NO,NO,6.8,9.7,SELL,2.9,58.78787879,0.69047619,YES,-0.0171608,1,CONTROL LIMIT BUY,NO,NO,NO,NO
2026-09-30 19:09:00,83440.5,-67.9,22.84,24.311,1.566,25.877,18.832,7.36893047,3.71049613,6.20289855,35.729,1.36229839,NO,NO,YES,18.7,92.3,SELL,73.6,83.15315315,17.52380952,YES,0.45912141,0.54087859,CONTROL LIMIT BUY,NO,NO,NO,NO
2026-09-30 19:10:00,83431.1,-9.5,20.122,20.641,0.043,20.684,9.017,6.43800992,2.77395561,2.90870968,50.787,1.93643955,NO,NO,YES,37,70.8,SELL,33.8,65.67717996,7.42857143,YES,0.18908081,0.81091919,CONTROL LIMIT BUY,NO,NO,NO,NO
2026-09-30 19:11:00,83495.7,64.7,5.978,17.862,12.954,30.816,11.011,1.72053533,3.75644542,3.41003407,77.377,2.75598376,NO,NO,YES,66.6,17.7,BUY,48.9,79.00355872,10.29473684,YES,0.44210142,0.55789858,CONTROL LIMIT SELL,YES,NO,NO,NO
2026-09-30 19:12:00,83503.2,7.6,1.957,4.335,3.001,7.336,1.898,0.50850981,0.82173061,0.55399883,58.836,2.0503206,NO,NO,NO,17.1,30.3,SELL,13.2,63.92405063,2.64,YES,-0.53458912,1,CONTROL LIMIT BUY,YES,NO,NO,NO
2026-09-30 19:13:00,83498.3,-4.9,-1.09,1.253,2.24,3.493,2.035,0.28322723,0.39126295,0.63022608,41.645,1.38622595,NO,NO,NO,8.7,27.6,SELL,18.9,76.03305785,3.09836066,YES,0.28105829,0.71894171,CONTROL LIMIT BUY,NO,NO,NO,NO
2026-09-30 19:14:00,83463.7,-34.6,-11.136,0.216,16.449,16.665,5.097,2.89359491,1.866704,1.57850728,27.494,0.83782301,NO,NO,YES,3.4,25.6,SELL,22.2,88.27586207,2.53714286,YES,1.77314693,0,CONTROL MARKET SELL,NO,NO,NO,NO
2026-09-30 19:15:00,83433.5,-29.7,17,17.544,0.148,17.692,7.737,4.41730544,1.89300235,2.2322562,37.85,1.15340078,NO,NO,YES,65,23.2,BUY,41.8,73.69614512,3.94339623,YES,-0.25231412,1,CONTROL LIMIT SELL,NO,NO,NO,NO
2026-09-30 19:16:00,83419.5,-14,30.336,33.229,0.414,33.643,13.982,7.73778855,3.59126815,3.71417187,68,1.9800827,NO,NO,YES,77,44.5,BUY,32.5,63.3744856,3.06603774,YES,-0.15307885,1,CONTROL LIMIT SELL,NO,NO,NO,NO
2026-09-30 19:17:00,83416.2,-3.3,9.275,14.66,4.099,18.759,5.465,2.16705607,1.66887594,1.44557598,70.094,2.00414588,NO,NO,YES,38.5,19.5,BUY,19,66.37931034,1.58995816,YES,-0.06174142,1,CONTROL LIMIT SELL,YES,NO,NO,NO
2026-09-30 19:18:00,83410.3,-6,42.043,51.502,8.412,59.914,21.668,8.56883726,4.54220841,5.731517,112.316,3.15365932,NO,NO,YES,117.4,125.5,SELL,8.1,51.66735282,0.57042254,NO,0.80469769,0,CONTROL UNCLEAR,YES,YES,NO,NO
2026-09-30 19:19:00,83413.3,3,29.028,32.966,0,32.966,11.677,5.28598744,2.43615134,2.66902857,111.639,3.12591701,NO,NO,YES,40.8,19.3,BUY,21.5,67.88685524,1.51408451,YES,0.04961293,0.95038707,CONTROL LIMIT SELL,YES,YES,NO,NO
2026-09-30 19:20:00,83458.1,44.9,-3.998,4.96,4.789,9.749,4.169,0.68045273,0.6402443,0.85826042,102.629,2.86637155,NO,NO,NO,15.9,26.2,SELL,10.3,62.2327791,0.62804878,YES,-4.73595882,1,CONTROL LIMIT BUY,YES,NO,NO,NO
2026-09-30 19:21:00,83446.2,-11.9,-8.598,2.208,10.421,12.629,5.617,1.56569243,0.84362057,1.25365473,55.344,1.50126136,NO,NO,NO,11,30.6,SELL,19.6,73.55769231,1.19512195,YES,0.65890419,0,CONTROL MARKET SELL,NO,NO,NO,NO
2026-09-30 19:22:00,83432.4,-13.7,11.544,11.664,0,11.664,4.184,2.10215788,0.88427277,0.93382435,34.042,0.9234233,NO,NO,YES,20.8,12.3,BUY,8.5,62.83987915,0.51829268,YES,-0.61146303,1,CONTROL LIMIT SELL,NO,NO,NO,NO
2026-09-30 19:23:00,83427.4,-5.1,30.842,30.856,0,30.856,13.838,5.61631612,2.39797941,3.31330061,55.149,1.54028125,NO,NO,YES,65.6,28,BUY,37.6,70.08547009,2.64788732,YES,-0.05147454,1,CONTROL LIMIT SELL,NO,NO,NO,NO
2026-09-30 19:24:00,83432.6,5.2,4.298,12.216,1.533,13.749,6.385,0.78266412,1.06850593,1.52879205,56.269,1.57156223,NO,NO,NO,21.5,24.9,SELL,3.4,53.6637931,0.23943662,NO,-1.74294578,0,CONTROL UNCLEAR,NO,NO,NO,NO
2026-09-30 19:25:00,83446.9,14.4,9.606,14.777,5.322,20.099,8.671,2.02061422,1.56199728,2.07614031,64.704,1.80714715,NO,NO,YES,24.4,37.8,SELL,13.4,60.77170418,1.12133891,YES,-1.22451483,1,CONTROL LIMIT BUY,NO,NO,NO,NO
2026-09-30 19:26:00,83433.7,-13.2,-16.554,4.059,20.272,24.331,8.396,3.28745904,1.84458512,1.87076649,58.179,1.62490748,NO,NO,YES,13.1,61.8,SELL,48.7,82.51001335,3.66165414,YES,0.30874606,0.69125394,CONTROL LIMIT BUY,NO,NO,NO,NO
2026-09-30 19:27:00,83441.1,7.3,-3.415,0.783,4.128,4.911,2.427,0.58122713,0.36345471,0.49084842,49.341,1.33842398,NO,NO,NO,7.4,3.4,BUY,4,68.51851852,0.27972028,YES,0.6925633,0,CONTROL MARKET BUY,NO,NO,NO,NO
2026-09-30 19:28:00,83444.6,3.5,-0.247,2.786,3.028,5.814,1.635,0.04203898,0.43028419,0.33067044,35.056,0.88196742,NO,NO,NO,11,9,BUY,2,55,0.13986014,YES,0.78459175,0,CONTROL MARKET BUY,NO,NO,NO,NO
2026-09-30 19:29:00,83444,-0.7,-8.631,5.798,14.406,20.204,12.466,1.46898136,1.49526347,2.52118516,30.929,0.77813699,NO,NO,YES,46.7,21.1,BUY,25.6,68.87905605,1.79020979,YES,-0.01529452,1,CONTROL LIMIT SELL,NO,NO,NO,NO
2026-09-30 19:30:00,83425.7,-18.2,22.046,24.286,2.249,26.535,10.431,3.27383427,1.7449201,1.97519409,52.553,1.32217121,NO,NO,YES,53.9,38.2,BUY,15.7,58.52334419,0.95731707,YES,-0.648422,1,CONTROL LIMIT SELL,NO,NO,NO,NO
2026-09-30 19:31:00,83457.1,31.4,10.806,13.025,2.404,15.429,6.949,1.34336151,0.92358804,1.25410576,62.168,1.36653991,NO,NO,NO,21.7,15.9,BUY,5.8,57.71276596,0.37540453,YES,3.02954307,0,CONTROL MARKET BUY,NO,NO,NO,NO
2026-09-30 19:32:00,83437,-20.1,-9.917,0.313,10.687,11,4.356,1.15119856,0.68548638,0.73167045,52.964,1.05792585,NO,NO,NO,10.1,32.1,SELL,22,76.06635071,1.53846154,YES,1.5048489,0,CONTROL MARKET SELL,NO,NO,NO,NO
2026-09-30 19:33:00,83442.7,5.6,5.02,5.373,0.14,5.513,2.051,0.56070591,0.34355331,0.34450323,31.942,0.61819237,NO,NO,NO,10.2,6.1,BUY,4.1,62.57668712,0.26537217,YES,0.74835376,0,CONTROL MARKET BUY,NO,NO,NO,NO
2026-09-30 19:34:00,83419.7,-23.1,-2.864,3.231,5.625,8.856,4.837,0.31989277,0.55187886,0.81246326,25.369,0.49098123,NO,NO,NO,11.9,26.9,SELL,15,69.32989691,0.97087379,YES,2.13675781,0,CONTROL MARKET SELL,NO,NO,NO,NO
2026-09-30 19:35:00,83423.5,3.9,12.096,13.212,1.108,14.32,6.281,1.35105551,0.89237864,1.05500966,28.689,0.55523515,NO,NO,NO,14.5,9.5,BUY,5,60.41666667,0.3236246,YES,0.44594407,0.55405593,CONTROL LIMIT SELL,NO,NO,NO,NO
2026-09-30 19:36:00,83479.1,55.5,-2.26,4.081,7.206,11.287,2.152,0.2393941,0.70337135,0.34237531,34.463,0.66698278,NO,NO,NO,32.6,23.4,BUY,9.2,58.21428571,0.59546926,YES,3.87366476,0,CONTROL MARKET BUY,NO,NO,NO,NO
2026-09-30 19:37:00,83458.2,-20.9,-15.667,2.379,19.261,21.64,7.542,1.65955193,1.45483882,1.2677761,47.247,0.91439907,NO,NO,NO,12.9,37.5,SELL,24.6,74.4047619,1.60260586,YES,1.11673524,0,CONTROL MARKET SELL,NO,NO,NO,NO
2026-09-30 19:38:00,83464.2,5.9,-9.457,0.593,10.235,10.828,3.068,0.96880602,0.67476787,0.48444655,43.755,0.84681633,NO,NO,NO,6.2,11.4,SELL,5.2,64.77272727,0.30057803,YES,-1.33614607,1,CONTROL LIMIT BUY,NO,NO,NO,NO
2026-09-30 19:39:00,83474.1,9.9,-28.993,1.922,29.562,31.484,15.331,2.97013779,1.96198666,2.42081162,63.952,1.23770079,NO,NO,YES,51.2,74.9,SELL,23.7,59.39730373,1.3699422,YES,-0.49184778,1,CONTROL LIMIT BUY,NO,NO,NO,NO
2026-09-30 19:40:00,83478.9,4.9,-12.121,1.749,16.614,18.363,5.758,1.2417149,1.14432604,0.90920575,60.675,1.15005165,NO,NO,NO,29.5,42.4,SELL,12.9,58.97079277,0.74566474,YES,-0.52145565,1,CONTROL LIMIT BUY,NO,NO,NO,NO
2026-09-30 19:41:00,83466.6,-12.2,-15.153,7.916,24.552,32.468,14.549,1.5523229,2.02330654,2.41697815,82.315,1.5227586,NO,NO,YES,22.9,64.2,SELL,41.3,73.70838117,2.69055375,YES,0.34769762,0.65230238,CONTROL LIMIT BUY,NO,NO,NO,NO
2026-09-30 19:42:00,83483.5,16.8,0.982,5.413,0.104,5.517,4.327,0.09477392,0.34380258,0.71883047,56.348,1.04239083,NO,NO,NO,15.2,14.4,BUY,0.8,51.35135135,0.05211726,NO,11.99264011,0,CONTROL UNCLEAR,NO,NO,NO,NO
2026-09-30 19:43:00,83491.3,7.9,0.63,4.003,4.843,8.846,3.02,0.06080201,0.55125569,0.5017028,46.831,0.8663343,NO,NO,NO,9.2,5.1,BUY,4.1,64.33566434,0.26710098,YES,1.09992981,0,CONTROL MARKET BUY,NO,NO,NO,NO
2026-09-30 19:44:00,83534.9,43.6,-4.302,1.122,5.171,6.293,2.886,0.41519085,0.39216053,0.47944181,20.656,0.38211871,NO,NO,NO,25,4.5,BUY,20.5,84.74576271,1.44366197,YES,1.18829803,0,CONTROL MARKET BUY,NO,NO,NO,NO
2026-09-30 19:45:00,83502.2,-32.8,-4.652,8.088,13.026,21.114,9.591,0.4765661,1.41947628,1.5933217,36.253,0.67065015,NO,NO,NO,39,39.7,SELL,0.7,50.44472681,0.04929577,NO,64.23212807,0,CONTROL UNCLEAR,NO,NO,NO,NO
2026-09-30 19:46:00,83481.6,-20.7,0.819,5.823,4.981,10.804,4.352,0.08592562,0.72634374,0.72298364,38.211,0.70687151,NO,NO,NO,18.7,20.9,SELL,2.2,52.77777778,0.16730038,NO,12.90815732,0,CONTROL UNCLEAR,NO,NO,NO,NO
2026-09-30 19:47:00,83464.8,-16.8,4.747,6.164,1.41,7.574,3.674,0.50683323,0.5396701,0.64597802,39.492,0.74854289,NO,NO,NO,20.4,31.1,SELL,10.7,60.38834951,0.92241379,YES,2.15505043,0,CONTROL MARKET SELL,NO,NO,NO,NO
2026-09-30 19:48:00,83480.5,15.6,-0.288,0.478,1.079,1.557,0.539,0.03184432,0.11805292,0.09476923,19.935,0.39128899,NO,NO,NO,5.7,3.1,BUY,2.6,64.77272727,0.24761905,YES,3.28522164,0,CONTROL MARKET BUY,NO,NO,NO,NO
2026-09-30 19:49:00,83495.8,15.2,-0.359,4.032,2.561,6.593,2.534,0.04167392,0.5427901,0.48479051,15.724,0.3255891,NO,NO,NO,10.2,2.9,BUY,7.3,77.86259542,0.6952381,YES,1.10939349,0,CONTROL MARKET BUY,NO,NO,NO,NO
2026-09-30 19:50:00,83461,-34.7,-0.848,3.862,4.592,8.454,2.671,0.12454105,0.73669993,0.58109431,16.604,0.35298369,NO,NO,NO,7.9,24.6,SELL,16.7,75.69230769,1.71282051,YES,2.44471997,0,CONTROL MARKET SELL,NO,NO,NO,NO
2026-09-30 19:51:00,83479.8,18.8,-13.402,0.457,13.789,14.246,8.961,1.96827728,1.24142739,1.94952681,29.293,0.64674453,NO,NO,NO,25.4,16.7,BUY,8.7,60.33254157,0.87437186,YES,1.07856969,0,CONTROL MARKET BUY,NO,NO,NO,NO
2026-09-30 19:52:00,83489.5,9.7,-5.207,1.613,6.8,8.413,5.766,0.76287451,0.7331271,1.25443272,31.113,0.7474864,NO,NO,NO,4.5,7.3,SELL,2.8,61.86440678,0.31284916,YES,-3.78969366,1,CONTROL LIMIT BUY,NO,NO,NO,NO
2026-09-30 19:53:00,83459,-30.5,7.753,9.817,1.954,11.771,3.578,1.51618265,1.05631085,0.67541293,34.43,0.82717696,NO,NO,NO,2.3,23.9,SELL,21.6,91.22137405,2.41340782,YES,1.54431386,0,CONTROL MARKET SELL,NO,NO,NO,NO
2026-09-30 19:54:00,83453.8,-5.2,-10.883,0.519,11.297,11.816,6.432,2.12828787,1.06034908,1.39932557,32,0.82364902,NO,NO,YES,22.9,8.2,BUY,14.7,73.63344051,1.6424581,YES,-0.16997696,1,CONTROL LIMIT SELL,NO,NO,NO,NO
2026-09-30 19:55:00,83491.2,37.4,3.927,4.763,1.233,5.996,1.577,0.60601852,0.53807152,0.34308713,29.583,0.79455844,NO,NO,NO,9.6,4.4,BUY,5.2,68.57142857,0.52261307,YES,3.4564193,0,CONTROL MARKET BUY,NO,NO,NO,NO
2026-09-30 19:56:00,83492.2,1.1,2.114,2.833,0.759,3.592,1.321,0.41341547,0.32911856,0.30339917,21.404,0.60031693,NO,NO,NO,12,5.4,BUY,6.6,68.96551724,0.73743017,YES,0.07918532,0.92081468,CONTROL LIMIT SELL,NO,NO,NO,NO
2026-09-30 19:57:00,83492,-0.2,2.611,2.698,0.092,2.79,2.265,0.53465752,0.25795118,0.52194953,12.378,0.35610409,NO,NO,NO,5.1,7.7,SELL,2.6,60.15625,0.325,YES,0.05447315,0.94552685,CONTROL LIMIT BUY,NO,NO,NO,NO
2026-09-30 19:58:00,83495.1,3.2,10.864,11.777,0.657,12.434,8.167,2.22463397,1.1495932,1.88201406,18.816,0.54623837,NO,NO,YES,7.2,30.9,SELL,23.7,81.1023622,2.9625,YES,-0.11607146,1,CONTROL LIMIT BUY,NO,NO,NO,NO
2026-09-30 19:59:00,83460,-35,-2.294,0.454,2.416,2.87,1.184,0.44861641,0.262965,0.27193385,18.094,0.54475388,NO,NO,NO,1.5,21.6,SELL,20.1,93.50649351,2.24581006,YES,1.49679927,0,CONTROL MARKET SELL,NO,NO,NO,NO
2026-09-30 20:00:00,83481.5,21.4,-6.478,3.137,10.485,13.622,6.062,1.32650763,1.25943047,1.39693513,28.926,0.87087159,NO,NO,NO,49.3,28,BUY,21.3,63.7774903,2.37988827,YES,0.47274418,0.52725582,CONTROL LIMIT SELL,NO,NO,NO,NO
2026-09-30 20:01:00,83467.7,-13.7,0.557,7.443,3.997,11.44,3.36,0.11405754,1.05769231,0.77428275,27.932,0.87366676,NO,NO,NO,19.7,14.1,BUY,5.6,58.28402367,0.62569832,YES,-1.16259744,1,CONTROL LIMIT SELL,NO,NO,NO,NO
2026-09-30 20:02:00,83495.1,27.4,1.446,3.286,3.698,6.984,1.858,0.30769231,0.64571006,0.46444194,32.046,1.01644596,NO,NO,NO,15.2,17,SELL,1.8,52.79503106,0.20111732,NO,-10.78595979,0,CONTROL UNCLEAR,NO,NO,NO,NO
2026-09-30 20:03:00,83470.2,-24.8,2.757,17.482,14.158,31.64,15.926,0.61581416,3.21871821,4.39216768,50.064,1.58794703,NO,NO,YES,63.5,28.6,BUY,34.9,68.94679696,4.3625,YES,-0.34115812,1,CONTROL LIMIT SELL,NO,NO,NO,NO
2026-09-30 20:04:00,83486.2,16,8.549,9.807,1.201,11.008,6.232,2.07777373,1.01775148,1.55780527,49.632,1.572798,NO,NO,YES,16.2,11.4,BUY,4.8,58.69565217,0.53631285,YES,1.5844995,0,CONTROL MARKET BUY,NO,NO,NO,NO
2026-09-30 20:05:00,83546.4,60.2,74.7,78.276,4.057,82.333,76.653,16.68528032,7.54103316,19.16085489,124.981,3.90285108,YES,NO,YES,136,43.4,BUY,92.6,75.80824972,11.575,YES,0.30570739,0.69429261,CONTROL LIMIT SELL,YES,YES,NO,NO
2026-09-30 20:06:00,83547.7,1.3,1.725,6.656,4.931,11.587,6.417,0.38530266,1.06127496,1.60404949,104.928,3.15686864,NO,NO,NO,15.2,30.8,SELL,15.6,66.95652174,1.74301676,YES,-0.05893603,1,CONTROL LIMIT BUY,YES,YES,NO,NO
2026-09-30 20:07:00,83548.5,0.8,-7.31,2.367,11.479,13.846,9.607,1.63278981,1.26818099,2.21384952,107.766,3.24225284,NO,NO,YES,35.7,14,BUY,21.7,71.83098592,2.2371134,YES,0.01749192,0.98250808,CONTROL LIMIT SELL,YES,YES,NO,NO
2026-09-30 20:08:00,83564.3,15.8,-3.691,1.565,5.559,7.124,2.687,0.82443601,0.65250046,0.61919576,32.557,0.9795114,NO,NO,NO,15.4,16.2,SELL,0.8,51.26582278,0.08247423,NO,-13.22554513,0,CONTROL UNCLEAR,NO,NO,NO,NO
2026-09-30 20:09:00,83553,-11.3,2.91,6.832,4.013,10.845,6.395,0.70725483,0.99440675,1.47367208,31.815,0.98493878,NO,NO,NO,9.5,32,SELL,22.5,77.10843373,2.31958763,YES,0.33618487,0.66381513,CONTROL LIMIT BUY,NO,NO,NO,NO
2026-09-30 20:10:00,83541.2,-11.9,12.652,13.298,0.256,13.554,8.688,3.32160672,1.25215945,2.00207397,31.523,0.98438622,NO,NO,YES,14.2,23.6,SELL,9.4,62.43386243,0.96907216,YES,0.89518254,0,CONTROL MARKET SELL,NO,NO,NO,NO
2026-09-30 20:11:00,83536.1,-5.1,11.798,13.169,1.239,14.408,12.351,3.09740089,1.33105455,2.84618044,38.807,1.21623443,NO,NO,YES,10.1,23,SELL,12.9,69.48640483,1.42541436,YES,0.29510436,0.70489564,CONTROL LIMIT BUY,NO,NO,NO,NO
2026-09-30 20:12:00,83550,14,10.119,10.132,0.616,10.748,4.569,2.65660278,0.9929327,1.05288628,38.71,1.21319439,NO,NO,YES,8.5,17.7,SELL,9.2,67.55725191,1.01657459,YES,-1.13602905,1,CONTROL LIMIT BUY,NO,NO,NO,NO
2026-09-30 20:13:00,83570.1,20.1,3.228,3.804,0.56,4.364,1.751,0.78454247,0.4031595,0.39255689,29.52,0.92517433,NO,NO,NO,12.8,9.5,BUY,3.3,57.39910314,0.35483871,YES,2.92038161,0,CONTROL MARKET BUY,NO,NO,NO,NO
2026-09-30 20:14:00,83541.4,-28.7,1.731,5.082,2.893,7.975,2.642,0.42070725,0.73675458,0.59231028,23.087,0.72900944,NO,NO,NO,8.5,30.2,SELL,21.7,78.03617571,2.33333333,YES,0.986545,0,CONTROL MARKET SELL,NO,NO,NO,NO
2026-09-30 20:15:00,83558.8,17.6,5.276,13.393,0.749,14.142,7.368,1.38514046,1.30648067,1.65183275,26.481,0.83618049,NO,NO,NO,23,32.9,SELL,9.9,58.85509839,1.06451613,YES,-1.3451036,1,CONTROL LIMIT BUY,NO,NO,NO,NO
2026-09-30 20:16:00,83551.4,-7.5,-3.346,0.346,6.632,6.978,2.94,0.87844579,0.64464871,0.65911893,29.095,0.92901846,NO,NO,NO,7.5,16.8,SELL,9.3,69.13580247,0.96373057,YES,0.60991957,0,CONTROL MARKET SELL,NO,NO,NO,NO
2026-09-30 20:17:00,83584.6,33.3,-6.879,1.402,10.205,11.607,3.44,1.80598582,1.07507062,0.83464758,32.727,1.07839067,NO,NO,NO,29.7,15.4,BUY,14.3,65.85365854,1.48186528,YES,1.09550556,0,CONTROL MARKET BUY,NO,NO,NO,NO
2026-09-30 20:18:00,83595.1,10.6,-15.597,2.141,21.103,23.244,4.756,4.09477553,2.12730518,1.16754634,41.829,1.37831159,NO,NO,YES,45.5,25,BUY,20.5,64.53900709,2.12435233,YES,0.23857728,0.76142272,CONTROL LIMIT SELL,NO,NO,NO,NO
2026-09-30 20:19:00,83600.1,5,-9.221,0.199,9.676,9.875,4.91,2.0190497,0.87981112,1.05308311,44.726,1.4281244,NO,NO,YES,29.2,18.9,BUY,10.3,60.70686071,0.90350877,YES,0.23249924,0.76750076,CONTROL LIMIT SELL,NO,NO,NO,NO
2026-09-30 20:20:00,83647,46.9,-7.251,7.773,14.93,22.703,6.399,1.38338262,2.02271917,1.32402235,55.822,1.76267012,NO,NO,YES,49.6,33,BUY,16.6,60.04842615,1.43103448,YES,2.80268825,0,CONTROL MARKET BUY,NO,NO,NO,NO
2026-09-30 20:21:00,83613.5,-33.5,7.155,12.147,4.664,16.811,4.994,1.21745789,1.46011204,0.93555639,49.389,1.54788059,NO,NO,NO,35.5,36.5,SELL,1,50.69444444,0.0862069,NO,32.2587235,0,CONTROL UNCLEAR,NO,NO,NO,NO
2026-09-30 20:22:00,83607.4,-6,-3.116,0.319,5.48,5.799,2.045,0.53020248,0.50366961,0.41296446,45.313,1.41501421,NO,NO,NO,12.5,20.5,SELL,8,62.12121212,0.68965517,YES,0.72279078,0,CONTROL MARKET SELL,NO,NO,NO,NO
2026-09-30 20:23:00,83640,32.5,-14.475,3.057,16.263,19.32,10.118,2.46299132,1.67803014,2.09352369,41.93,1.29808213,NO,NO,YES,34.1,7.1,BUY,27,82.76699029,2.32758621,YES,1.19385822,0,CONTROL MARKET BUY,NO,NO,NO,NO
2026-09-30 20:24:00,83633.7,-6.3,-9.671,0.67,10.308,10.978,5.847,1.64556747,0.95348938,1.18073506,36.097,1.11750228,NO,NO,NO,18.3,16.8,BUY,1.5,52.13675214,0.12931034,NO,-3.79460271,0,CONTROL UNCLEAR,NO,NO,NO,NO
2026-09-30 20:25:00,83631.2,-2.5,-4.732,0.183,4.83,5.013,2.003,0.80517271,0.44663222,0.40448304,35.311,1.08176582,NO,NO,NO,11.7,9.5,BUY,2.2,55.18867925,0.21782178,YES,-1.0268329,1,CONTROL LIMIT SELL,NO,NO,NO,NO
2026-09-30 20:26:00,83628.8,-2.5,2.162,4.907,2.738,7.645,2.545,0.36787477,0.68112972,0.51393376,23.636,0.69478821,NO,NO,NO,9.4,12.5,SELL,3.1,57.07762557,0.30693069,YES,1.03512602,0,CONTROL MARKET SELL,NO,NO,NO,NO
2026-09-30 20:27:00,83607.4,-21.4,18.186,18.66,0.451,19.111,15.731,3.09443594,1.70269066,3.17669628,31.769,0.93386049,NO,NO,YES,7.9,30.9,SELL,23,79.63917526,2.27722772,YES,1.15380811,0,CONTROL MARKET SELL,NO,NO,NO,NO
2026-09-30 20:28:00,83600.1,-7.4,3.921,6.659,2.196,8.855,6.068,0.58710788,0.76909715,1.11945392,35.611,1.04679738,NO,NO,NO,12.1,6,BUY,6.1,66.85082873,0.52586207,YES,-1.09687334,1,CONTROL LIMIT SELL,NO,NO,NO,NO
2026-09-30 20:29:00,83589.1,-10.9,1.337,1.578,0.323,1.901,0.733,0.22749702,0.16936921,0.13522738,29.867,0.84224923,NO,NO,NO,3.7,4.8,SELL,1.1,56.47058824,0.10891089,YES,12.27519419,0,CONTROL MARKET SELL,NO,NO,NO,NO
2026-09-30 20:30:00,83516.2,-72.9,-7.218,4.465,10.201,14.666,4.834,1.22817764,1.30666429,0.89179965,25.422,0.71690026,NO,NO,NO,13.8,41.5,SELL,27.7,75.04520796,2.87046632,YES,3.26103586,0,CONTROL MARKET SELL,NO,NO,NO,NO
2026-09-30 20:31:00,83473.4,-42.7,-66.4,7.043,70.648,77.691,46.217,10.92554504,6.92186386,9.33299677,94.258,2.65807507,YES,NO,YES,61.6,142.5,SELL,80.9,69.81871632,8.38341969,YES,0.60893632,0,CONTROL MARKET SELL,YES,NO,NO,NO
2026-09-30 20:32:00,83522.6,49.2,2.499,12.833,8.826,21.659,11.316,0.3561351,1.91714981,2.08763029,114.016,3.18000781,NO,NO,YES,28.2,31.7,SELL,3.5,52.92153589,0.34653465,NO,-17.46658353,0,CONTROL UNCLEAR,YES,YES,NO,NO
2026-09-30 20:33:00,83519.6,-3.1,9.511,10.517,3.218,13.735,6.1,1.35542255,1.18435802,1.02391943,113.085,3.02338016,NO,NO,NO,15.3,48.2,SELL,32.9,75.90551181,3.25742574,YES,0.11694021,0.88305979,CONTROL LIMIT BUY,YES,YES,NO,NO
2026-09-30 20:34:00,83527.1,7.5,-35.19,0.068,35.828,35.896,31.75,4.89668128,3.09528326,5.3294167,71.29,1.90597137,NO,NO,YES,52.9,10.9,BUY,42,82.9153605,4.15841584,YES,0.14866408,0.85133592,CONTROL LIMIT SELL,NO,NO,NO,NO
2026-09-30 20:35:00,83481.7,-45.4,10.129,13.422,3.321,16.743,11.457,1.40944827,1.3308692,1.92312211,66.374,1.77453982,NO,NO,NO,11,41.8,SELL,30.8,79.16666667,2.65517241,YES,1.83076843,0,CONTROL MARKET SELL,NO,NO,NO,NO
2026-09-30 20:36:00,83461.2,-20.4,-5.383,2.871,11.968,14.839,5.047,0.74904335,1.17952387,0.84716744,67.478,1.80405577,NO,NO,NO,18.3,27.7,SELL,9.4,60.2173913,0.81034483,YES,2.69604973,0,CONTROL MARKET SELL,NO,NO,NO,NO
2026-09-30 20:37:00,83469.6,8.5,-6.58,4.37,7.118,11.488,5.807,0.91560565,0.84195097,1.06609143,43.07,1.15149652,NO,NO,NO,20.2,30,SELL,9.8,59.76095618,0.97029703,YES,-1.00197659,1,CONTROL LIMIT BUY,NO,NO,NO,NO
2026-09-30 20:38:00,83517.8,48.2,-7.035,2.342,9.348,11.69,4.389,1.0025652,0.92921585,0.80873411,38.017,1.01640221,NO,NO,NO,18.4,8.1,BUY,10.3,69.43396226,1.04568528,YES,3.90053363,0,CONTROL MARKET BUY,NO,NO,NO,NO
2026-09-30 20:39:00,83519,1.2,-4.117,0.434,4.453,4.887,3.555,0.58026779,0.38718111,0.65505804,28.065,0.73155473,NO,NO,NO,6.7,7.9,SELL,1.2,54.10958904,0.11881188,NO,-1.15365205,0,CONTROL UNCLEAR,NO,NO,NO,NO
2026-09-30 20:40:00,83559.8,40.8,-4.139,0.162,6.742,6.904,2.528,0.58336857,0.54698146,0.5035355,23.481,0.61206616,NO,NO,NO,8.2,6.2,BUY,2,56.94444444,0.20304569,YES,11.56453417,0,CONTROL MARKET BUY,NO,NO,NO,NO
2026-09-30 20:41:00,83500.2,-59.5,-2.06,0.883,2.575,3.458,1.155,0.29610464,0.29686226,0.2332391,15.249,0.39748719,NO,NO,NO,3.5,11.9,SELL,8.4,77.27272727,0.85279188,YES,8.16350886,0,CONTROL MARKET SELL,NO,NO,NO,NO
2026-09-30 20:42:00,83560,59.8,2.471,6.137,4.142,10.279,5.303,0.36718924,0.89014938,1.0884647,20.641,0.55700677,NO,NO,NO,22.3,9.4,BUY,12.9,70.34700315,1.34375,YES,1.99312561,0,CONTROL MARKET BUY,NO,NO,NO,NO
2026-09-30 20:43:00,83560.1,0.1,1.84,4.627,1.183,5.81,2.152,0.30761515,0.50313921,0.43457189,19.547,0.54518324,NO,NO,NO,10.4,7.5,BUY,2.9,58.10055866,0.29441624,YES,0.01338682,0.98661318,CONTROL LIMIT SELL,NO,NO,NO,NO
2026-09-30 20:44:00,83560.1,-0.1,-2.089,0.711,2.814,3.525,0.994,0.3492435,0.30526088,0.20072698,19.614,0.54705193,NO,NO,NO,9.7,5.5,BUY,4.2,63.81578947,0.42639594,YES,-0.01348405,1,CONTROL LIMIT SELL,NO,NO,NO,NO
2026-09-30 20:45:00,83519.1,-41,5.358,6.077,5.891,11.968,5.172,0.89576193,1.03641481,1.04442649,21.303,0.59415965,NO,NO,NO,6.8,17.4,SELL,10.6,71.90082645,1.10416667,YES,4.16395361,0,CONTROL MARKET SELL,NO,NO,NO,NO
2026-09-30 20:46:00,83502.3,-16.8,-1.146,0.738,1.971,2.709,1.327,0.19159074,0.23459623,0.26797254,18.202,0.50766999,NO,NO,NO,0.8,7.6,SELL,6.8,90.47619048,0.70833333,YES,2.0573328,0,CONTROL MARKET SELL,NO,NO,NO,NO
2026-09-30 20:47:00,83499.3,-3.1,9.942,10.954,1.717,12.671,3.339,1.66212489,1.09729379,0.67427302,27.348,0.76276008,NO,NO,NO,16.1,17.9,SELL,1.8,52.64705882,0.1875,NO,0.94512085,0,CONTROL UNCLEAR,NO,NO,NO,NO
2026-09-30 20:48:00,83491.1,-8.2,-0.585,0.464,1.049,1.513,0.562,0.09780155,0.13055484,0.1134895,16.893,0.47116082,NO,NO,NO,4.6,3.8,BUY,0.8,54.76190476,0.08988764,NO,-8.53746771,0,CONTROL UNCLEAR,NO,NO,NO,NO
2026-09-30 20:49:00,83459.9,-31.3,-2.046,1.425,3.613,5.038,1.675,0.38097011,0.44849996,0.33824717,19.222,0.54206029,NO,NO,NO,3.8,16.4,SELL,12.6,81.18811881,1.53658537,YES,1.36360461,0,CONTROL MARKET SELL,NO,NO,NO,NO
2026-09-30 20:50:00,83527.5,67.5,3.297,3.527,0.519,4.046,1.249,0.65351833,0.36018873,0.25417175,10.597,0.3159511,NO,NO,NO,14.2,0.6,BUY,13.6,95.94594595,1.65853659,YES,1.76261289,0,CONTROL MARKET BUY,NO,NO,NO,NO
2026-09-30 20:51:00,83533.3,5.9,-4.33,0.872,5.26,6.132,1.279,0.97621463,0.57693936,0.2773501,15.216,0.49373743,NO,NO,NO,12.1,9.6,BUY,2.5,55.76036866,0.30487805,YES,0.50876548,0,CONTROL MARKET BUY,NO,NO,NO,NO
2026-09-30 20:52:00,83488.2,-45,1.485,4.379,2.097,6.476,1.022,0.35069075,0.67691021,0.25730111,16.654,0.57494994,NO,NO,NO,8.3,22.2,SELL,13.9,72.78688525,1.69512195,YES,1.48990539,0,CONTROL MARKET SELL,NO,NO,NO,NO
2026-09-30 20:53:00,83494.5,6.4,8.147,9.504,0.13,9.634,6.863,1.92395796,1.00700324,1.72784491,22.242,0.80277191,NO,NO,NO,26.5,7.1,BUY,19.4,78.86904762,2.17977528,YES,0.09436282,0.90563718,CONTROL LIMIT SELL,NO,NO,NO,NO
2026-09-30 20:54:00,83494.6,0.1,0.818,1.966,1.288,3.254,1.236,0.19317511,0.35199308,0.31117825,19.364,0.73390184,NO,NO,NO,5.9,3.9,BUY,2,60.20408163,0.2247191,YES,0.01429967,0.98570033,CONTROL LIMIT SELL,NO,NO,NO,NO
2026-09-30 20:55:00,83517.7,23.1,4.451,5.205,1.065,6.27,4.232,1.07824612,0.76,1.22773426,19.158,0.78103469,NO,NO,NO,11.1,4.9,BUY,6.2,69.375,0.69662921,YES,1.57997217,0,CONTROL MARKET BUY,NO,NO,NO,NO
2026-09-30 20:56:00,83511.3,-6.4,2.608,2.86,0.449,3.309,2.593,0.63178295,0.40109091,0.66598176,12.833,0.54472908,NO,NO,NO,6.7,3.3,BUY,3.4,67,0.38202247,YES,-0.61845044,1,CONTROL LIMIT SELL,NO,NO,NO,NO
2026-09-30 20:57:00,83484.6,-26.7,0.567,0.829,0.624,1.453,0.593,0.13735465,0.18440256,0.15230512,11.032,0.48255801,NO,NO,NO,6.7,6.7,HELD,0,50,0,NO,,0,CONTROL UNCLEAR,NO,NO,NO,NO
2026-09-30 20:58:00,83484.6,0,2.021,3.285,1.077,4.362,0.933,0.50286141,0.65201794,0.27067015,9.124,0.41906074,NO,NO,NO,17.7,10.1,BUY,7.6,63.66906475,1,YES,0,1,CONTROL LIMIT SELL,NO,NO,NO,NO
2026-09-30 20:59:00,83472.4,-12.3,1.392,3.315,1.362,4.677,2.754,0.3755058,0.73387729,0.92852326,10.492,0.5002861,NO,NO,NO,3.6,4.6,SELL,1,56.09756098,0.125,YES,4.95220875,0,CONTROL MARKET SELL,NO,NO,NO,NO
2026-09-30 21:00:00,83521.3,49,6.329,6.904,0.581,7.485,4.14,1.70731049,1.17448611,1.35893648,16.524,0.82096634,NO,NO,NO,18.3,14,BUY,4.3,56.65634675,0.5375,YES,3.74803607,0,CONTROL MARKET BUY,NO,NO,NO,NO
2026-09-30 21:01:00,83518,-3.2,-0.035,4.021,4.056,8.077,2.2,0.0094416,1.267378,0.72214016,20.239,1.0336304,NO,NO,NO,9.9,9.4,BUY,0.5,51.29533679,0.06944444,NO,-1.71665495,0,CONTROL UNCLEAR,NO,NO,NO,NO
2026-09-30 21:02:00,83482,-36,-1.646,0.931,1.682,2.613,0.895,0.55749365,0.41001098,0.33476716,18.175,0.9282194,NO,NO,NO,10,11.7,SELL,1.7,53.91705069,0.26153846,NO,8.51924331,0,CONTROL UNCLEAR,NO,NO,NO,NO
2026-09-30 21:03:00,83476,-6,-1.078,4.512,1.829,6.341,3.761,0.36511431,1.022577,1.46885374,17.031,0.87538228,NO,NO,NO,6.4,3.6,BUY,2.8,64,0.43076923,YES,-0.57531277,1,CONTROL LIMIT SELL,NO,NO,NO,NO
2026-09-30 21:04:00,83489.4,13.4,-1.268,2.059,3.176,5.235,2.397,0.49931089,0.84421867,0.93614528,14.189,0.73544809,NO,NO,NO,10.4,11,SELL,0.6,51.40186916,0.11428571,NO,-7.81404831,0,CONTROL UNCLEAR,NO,NO,NO,NO
2026-09-30 21:05:00,83504.7,15.4,-6,2.514,8.524,11.038,6.257,2.63157895,1.84860157,2.54091371,22.614,1.17842626,NO,NO,YES,22.5,10.7,BUY,11.8,67.77108434,2.77647059,YES,0.31222937,0.68777063,CONTROL LIMIT SELL,NO,NO,NO,NO
2026-09-30 21:06:00,83518.7,14.1,-1.013,1.183,3.085,4.268,0.889,0.44429825,0.71478814,0.36101523,20.541,1.07040125,NO,NO,NO,6.3,15.4,SELL,9.1,70.96774194,2.14117647,YES,-0.47893596,1,CONTROL LIMIT BUY,NO,NO,NO,NO
2026-09-30 21:07:00,83518.7,0,-2.498,0.271,3.296,3.567,0.981,1.20414558,0.64590312,0.42680009,18.873,0.98348098,NO,NO,NO,12.7,11.6,BUY,1.1,52.26337449,0.25882353,NO,0,0,CONTROL UNCLEAR,NO,NO,NO,NO
2026-09-30 21:08:00,83593.3,74.5,-4.305,3.615,6.933,10.548,6.117,2.07519884,2.0535384,2.81112132,18.383,0.96673766,NO,NO,YES,26.2,14.1,BUY,12.1,65.01240695,3.18421053,YES,1.65157727,0,CONTROL MARKET BUY,NO,NO,NO,NO
2026-09-30 21:09:00,83580.9,-12.4,-2.193,2.005,3.679,5.684,2.61,1.0571222,1.10659009,1.19944853,19.799,1.06286236,NO,NO,NO,8.4,17.7,SELL,9.3,67.81609195,2.44736842,YES,0.37489678,0.62510322,CONTROL LIMIT BUY,NO,NO,NO,NO
2026-09-30 21:10:00,83586.5,5.6,-0.215,2.423,3.039,5.462,1.923,0.10363943,1.00045792,0.88373162,21.694,1.16459094,NO,NO,NO,10.9,9.3,BUY,1.6,53.96039604,0.37647059,NO,0.93745503,0,CONTROL UNCLEAR,NO,NO,NO,NO
2026-09-30 21:11:00,83607.6,21,3.763,5.619,1.054,6.673,2.22,1.83292742,1.24763953,1.08957055,17.819,0.95657075,NO,NO,NO,52.1,20,BUY,32.1,72.26074896,7.55294118,YES,0.21458623,0.78541377,CONTROL LIMIT SELL,NO,NO,NO,NO
2026-09-30 21:12:00,83592.1,-15.5,-9.428,15.786,11.392,27.178,13.822,4.56009674,4.87672708,6.35202206,39.313,2.11042517,NO,NO,YES,20.2,15.8,BUY,4.4,56.11111111,1.03529412,YES,-1.48981873,1,CONTROL LIMIT SELL,YES,NO,NO,NO
2026-09-30 21:13:00,83581.1,-11.1,-1.368,2.958,3.685,6.643,1.702,0.66166868,1.19199713,0.78216912,40.494,2.17382435,NO,NO,NO,7.7,22.8,SELL,15.1,74.75409836,3.55294118,YES,0.25648403,0.74351597,CONTROL LIMIT BUY,YES,NO,NO,NO
2026-09-30 21:14:00,83551.6,-29.5,1.481,3.233,1.553,4.786,1.615,0.71632406,0.85878342,0.78341014,38.607,2.07252523,NO,NO,NO,1.7,11.4,SELL,9.7,87.02290076,2.22988506,YES,1.22163574,0,CONTROL MARKET SELL,YES,NO,NO,NO
2026-09-30 21:15:00,83539,-12.6,-1.238,1.245,2.28,3.525,1.607,0.60880256,0.63251391,0.77952947,14.954,0.80277002,NO,NO,NO,0.9,5.9,SELL,5,86.76470588,0.94339623,YES,0.91191793,0,CONTROL MARKET SELL,NO,NO,NO,NO
2026-09-30 21:16:00,83528,-11,0.743,1.829,1.113,2.942,1.296,0.40523589,0.55006076,0.71503448,11.253,0.61517015,NO,NO,NO,14.3,12.4,BUY,1.9,53.55805243,0.40425532,NO,-2.45248558,0,CONTROL UNCLEAR,NO,NO,NO,NO
2026-09-30 21:17:00,83530,2,-22,0.372,22.059,22.431,19.562,11.99890919,4.19388614,10.79282759,28.898,1.58093988,YES,NO,YES,40.6,37.7,BUY,2.9,51.85185185,0.66666667,NO,0.29222257,0,CONTROL UNCLEAR,NO,NO,NO,NO
2026-09-30 21:18:00,83473,-57,6.252,7.051,0.472,7.523,3.464,3.40987183,1.40656259,1.91117241,32.896,1.79966081,NO,NO,YES,13.6,27.6,SELL,14,66.99029126,3.2183908,YES,1.61648195,0,CONTROL MARKET SELL,NO,NO,NO,NO
2026-09-30 21:19:00,83477.8,4.8,0.954,4.213,5.039,9.252,3.284,0.46914187,1.66014714,1.5930148,39.206,2.10468113,NO,NO,NO,18,14.7,BUY,3.3,55.04587156,0.70212766,YES,0.61713642,0,CONTROL MARKET BUY,YES,NO,NO,NO
2026-09-30 21:20:00,83450.3,-27.6,-14.454,2.939,15.979,18.918,9.563,7.88328334,3.20209885,4.32714932,35.693,1.91609405,NO,NO,YES,65.9,65.4,BUY,0.5,50.19040366,0.11494253,NO,-28.96178387,0,CONTROL UNCLEAR,NO,NO,NO,NO
2026-09-30 21:21:00,83409.6,-40.8,24.978,30.218,1.174,31.392,12.346,13.62312517,5.06240929,5.34806151,59.562,3.13228682,NO,NO,YES,34.1,62.7,SELL,28.6,64.77272727,7.42857143,YES,0.47054717,0.52945283,CONTROL LIMIT BUY,YES,YES,NO,NO
2026-09-30 21:22:00,83448,38.4,2.399,6.267,3.3,9.567,3.3,1.30842651,1.51724685,1.32264529,59.877,3.1087171,NO,NO,NO,43,28.3,BUY,14.7,60.3085554,3.37931034,YES,1.89641403,0,CONTROL MARKET BUY,YES,YES,NO,NO
2026-09-30 21:23:00,83473,25,-1.475,10.137,11.113,21.25,9.178,0.70004746,3.37007375,3.52796464,62.209,3.1769272,NO,NO,YES,40.4,28.9,BUY,11.5,58.2972583,2.64367816,YES,1.49546086,0,CONTROL MARKET BUY,YES,YES,NO,NO
2026-09-30 21:24:00,83464.3,-8.7,-5.579,0,6.418,6.418,1.999,3.04281429,1.01784157,0.76840284,37.235,1.90153972,NO,NO,YES,9.1,6.4,BUY,2.7,58.70967742,0.62068966,YES,-1.48133451,1,CONTROL LIMIT SELL,NO,NO,NO,NO
2026-09-30 21:25:00,83401.8,-62.5,-6.189,0.742,8.026,8.768,3.554,2.93735168,1.37440238,1.36613492,36.436,1.82007093,NO,NO,YES,2.5,37.7,SELL,35.2,93.78109453,8.09195402,YES,0.70606526,0,CONTROL MARKET SELL,NO,NO,NO,NO
2026-09-30 21:26:00,83399.4,-2.3,41.54,43.595,2.901,46.496,18.869,19.71523493,7.11982237,7.2531232,61.682,3.02511035,NO,NO,YES,66.8,87.2,SELL,20.4,56.62337662,4.68965517,YES,0.05263701,0.94736299,CONTROL LIMIT BUY,YES,YES,NO,NO
2026-09-30 21:27:00,83385.8,-13.7,3.557,12.795,8.741,21.536,6.856,1.68818225,3.23460499,2.55630127,76.8,3.63679413,NO,NO,YES,60.5,41.5,BUY,19,59.31372549,4.04255319,YES,-0.3320701,1,CONTROL LIMIT SELL,YES,YES,NO,NO
2026-09-30 21:28:00,83447,61.2,0.305,3.4,7.241,10.641,4.146,0.13283972,1.50317842,1.37330242,78.673,3.55118714,NO,NO,NO,48.7,58.3,SELL,9.6,54.48598131,1.52380952,NO,-3.59716324,0,CONTROL UNCLEAR,YES,YES,NO,NO
2026-09-30 21:29:00,83505.6,58.7,-1.327,0.365,1.63,1.995,0.778,0.57796167,0.26585821,0.2363305,34.172,1.32675881,NO,NO,NO,13.6,8,BUY,5.6,62.96296296,0.79432624,YES,4.82191284,0,CONTROL MARKET BUY,NO,NO,NO,NO
2026-09-30 21:30:00,83518.1,12.6,-13.848,6.513,21.43,27.943,14.323,6.03135889,3.72374733,4.35085055,40.579,1.31336376,NO,NO,YES,66,39.3,BUY,26.7,62.67806268,3.63265306,YES,0.19682747,0.80317253,CONTROL LIMIT SELL,NO,NO,NO,NO
2026-09-30 21:31:00,83506.3,-11.7,10.214,11.102,0.893,11.995,8.954,4.44860627,1.53782051,2.7199271,41.933,1.25046222,NO,NO,YES,25.2,44.8,SELL,19.6,64,2.13043478,YES,0.37230266,0.62769734,CONTROL LIMIT BUY,NO,NO,NO,NO
2026-09-30 21:32:00,83535.2,28.8,6.558,7.22,0.756,7.976,5.631,2.67837452,0.97919096,1.66499113,47.914,1.37161669,NO,NO,YES,11.1,18.3,SELL,7.2,62.24489796,0.76190476,YES,-2.80016217,1,CONTROL LIMIT BUY,NO,NO,NO,NO
2026-09-30 21:33:00,83512.4,-22.9,-1.246,0.288,1.534,1.822,0.827,0.41156069,0.2176302,0.23567968,21.793,0.60427845,NO,NO,NO,4.6,4.3,BUY,0.3,51.68539326,0.03174603,NO,-41.99698708,0,CONTROL UNCLEAR,NO,NO,NO,NO
2026-09-30 21:34:00,83499.2,-13.3,3.475,7.983,4.411,12.394,5.214,1.14781173,1.48041089,1.54169131,22.192,0.61534196,NO,NO,NO,15.1,30.7,SELL,15.6,67.03056769,1.65079365,YES,0.59674225,0,CONTROL MARKET SELL,NO,NO,NO,NO
2026-09-30 21:35:00,83491.1,-8.2,-1.858,7.334,2.705,10.039,6.487,0.52844141,1.11420644,1.84867484,24.255,0.67254502,NO,NO,NO,10.4,5.7,BUY,4.7,64.59627329,0.48704663,YES,-0.96071441,1,CONTROL LIMIT SELL,NO,NO,NO,NO
2026-09-30 21:36:00,83453.4,-37.7,1.77,4.164,2.385,6.549,2.28,0.592667,0.72685905,0.64975777,28.982,0.80361574,NO,NO,NO,7.3,15.2,SELL,7.9,67.55555556,0.83597884,YES,3.46053809,0,CONTROL MARKET SELL,NO,NO,NO,NO
2026-09-30 21:37:00,83424.8,-28.5,0.518,1.609,2.069,3.678,0.978,0.17344718,0.4082131,0.27871188,20.266,0.56193764,NO,NO,NO,8.8,24.4,SELL,15.6,73.4939759,1.65079365,YES,1.28054825,0,CONTROL MARKET SELL,NO,NO,NO,NO
2026-09-30 21:38:00,83417.4,-7.3,13.355,15.841,7.079,22.92,6.758,4.54715696,2.54384018,1.92590482,33.147,0.91910327,NO,NO,YES,32.7,36.2,SELL,3.5,52.53991292,0.3626943,NO,1.30374311,0,CONTROL UNCLEAR,NO,NO,NO,NO
2026-09-30 21:39:00,83401.9,-15.4,16.044,16.234,0.883,17.117,5.471,5.46271706,1.89977802,1.55913366,43.715,1.21213382,NO,NO,YES,32.4,40.7,SELL,8.3,55.67715458,0.87830688,YES,1.15999706,0,CONTROL MARKET SELL,NO,NO,NO,NO
2026-09-30 21:40:00,83415.9,14,19.066,22.299,3.306,25.605,13.518,5.42263936,2.72118604,3.51116883,65.642,1.78203092,NO,NO,YES,27.1,33.6,SELL,6.5,55.35420099,0.72625698,YES,-1.19738359,1,CONTROL LIMIT BUY,NO,NO,NO,NO
2026-09-30 21:41:00,83405,-10.9,-2.891,1.869,4.76,6.629,2.302,0.78989071,0.67622156,0.49188034,49.351,1.3014161,NO,NO,NO,16,22.2,SELL,6.2,58.11518325,0.69273743,YES,0.97702941,0,CONTROL MARKET SELL,NO,NO,NO,NO
2026-09-30 21:42:00,83415.7,10.7,-8.692,0.951,9.392,10.343,2.885,2.47212742,1.05508518,0.61645299,42.577,1.09434156,NO,NO,YES,10.2,21,SELL,10.8,67.30769231,1.33333333,YES,-0.55877891,1,CONTROL LIMIT BUY,NO,NO,NO,NO
2026-09-30 21:43:00,83410.8,-4.8,-11.742,0.128,11.821,11.949,4.788,3.33959044,1.21891258,1.24363636,28.921,0.74334623,NO,NO,YES,9.1,27.9,SELL,18.8,75.40540541,2.10055866,YES,0.1439637,0.8560363,CONTROL LIMIT BUY,NO,NO,NO,NO
2026-09-30 21:44:00,83398,-12.8,-3.343,3.408,6.919,10.327,2.912,0.73183012,1.01334511,0.65189165,32.619,0.86018301,NO,NO,NO,8.3,25.6,SELL,17.3,75.51622419,1.93296089,YES,0.41723761,0.58276239,CONTROL LIMIT BUY,NO,NO,NO,NO
2026-09-30 21:45:00,83384,-13.9,0.77,3.48,5.519,8.999,2.809,0.16856392,0.87073053,0.62883367,31.275,0.84904508,NO,NO,NO,10.9,32.5,SELL,21.6,74.88479263,2.41340782,YES,0.36619608,0.63380392,CONTROL LIMIT BUY,NO,NO,NO,NO
2026-09-30 21:46:00,83378.8,-5.3,-3.018,4.254,6.69,10.944,4.034,0.66068301,1.05892598,0.90306694,30.27,0.82176162,NO,NO,NO,10.1,25.6,SELL,15.5,71.70868347,1.51960784,YES,0.24007138,0.75992862,CONTROL LIMIT BUY,NO,NO,NO,NO
2026-09-30 21:47:00,83387.3,8.5,-10.218,2.681,12.081,14.762,2.99,2.23686515,1.40697674,0.66935303,34.705,0.94216177,NO,NO,YES,21,20,BUY,1,51.2195122,0.0896861,NO,3.91649288,0,CONTROL UNCLEAR,NO,NO,NO,NO
2026-09-30 21:48:00,83376.5,-10.8,-7.697,1.997,9.973,11.97,4.189,1.68498249,1.14086923,1.02420538,37.676,1.02281766,NO,NO,NO,12.3,25.4,SELL,13.1,67.37400531,1.17488789,YES,0.72495413,0,CONTROL MARKET SELL,NO,NO,NO,NO
2026-09-30 21:49:00,83374.5,-1.9,-0.496,4.663,5.438,10.101,3.418,0.10858144,0.93592773,0.82015597,36.833,0.98338028,NO,NO,NO,18.9,32.4,SELL,13.5,63.15789474,1.21076233,YES,0.16814908,0.83185092,CONTROL LIMIT BUY,NO,NO,NO,NO
2026-09-30 21:50:00,83401.2,26.7,5.691,11.272,5.537,16.809,6.127,1.24584063,1.55747047,1.47018596,38.88,1.04984609,NO,NO,NO,29.2,21.7,BUY,7.5,57.36738703,0.6097561,YES,,0,CONTROL UNCLEAR,NO,NO,NO,NO
2026-09-30 21:51:00,83409.3,8,-5.144,1.777,5.951,7.728,3.022,1.12609457,0.71605281,0.72513497,34.638,0.9247774,NO,NO,NO,19.6,17.5,BUY,2.1,52.83018868,0.17073171,NO,1.45862361,0,CONTROL UNCLEAR,NO,NO,NO,NO
2026-09-30 21:52:00,83428.3,19,3.581,4.893,2.308,7.201,2.621,0.82312378,0.68633244,0.6408313,31.738,0.85699627,NO,NO,NO,10.5,16.9,SELL,6.4,61.67883212,0.57399103,YES,-3.7946078,1,CONTROL LIMIT BUY,NO,NO,NO,NO
2026-09-30 21:53:00,83453.3,25,-22.116,3.335,22.43,25.765,15.856,5.0695702,2.45568052,3.87677262,40.694,1.11081085,NO,NO,YES,57.6,36.1,BUY,21.5,61.47278549,2.10784314,YES,,0,CONTROL UNCLEAR,NO,NO,NO,NO
2026-09-30 21:54:00,83449.6,-3.7,12.423,15.959,3.39,19.349,5.498,2.31707545,1.84416698,1.34425428,52.315,1.4280255,NO,NO,YES,20.1,27.9,SELL,7.8,58.125,0.76470588,YES,0.60567872,0,CONTROL MARKET SELL,NO,NO,NO,NO
2026-09-30 21:55:00,83446.4,-3.3,16.309,17.872,1.799,19.671,8.53,3.01042916,1.82265462,2.04679064,64.785,1.76841502,NO,NO,YES,23.8,30.8,SELL,7,56.41025641,0.68627451,YES,0.63657129,0,CONTROL MARKET SELL,NO,NO,NO,NO
2026-09-30 21:56:00,83475.6,29.2,-6.896,0.008,6.962,6.97,2.715,1.27291186,0.60891976,0.60487914,45.99,1.23448174,NO,NO,NO,10.5,3.6,BUY,6.9,74.46808511,0.77094972,YES,,0,CONTROL UNCLEAR,NO,NO,NO,NO
2026-09-30 21:57:00,83486.3,10.8,6.478,14.712,0.409,15.121,7.825,1.1957545,1.40106555,1.87762448,41.762,1.12099209,NO,NO,NO,17.1,28.1,SELL,11,62.16814159,1.35802469,YES,-1.41702136,1,CONTROL LIMIT BUY,NO,NO,NO,NO
2026-09-30 21:58:00,83475,-11.3,8.08,8.764,0.684,9.448,5.494,1.3279645,0.87542275,1.31829634,31.539,0.84658229,NO,NO,NO,10.3,25.1,SELL,14.8,70.9039548,1.82716049,YES,1.10166534,0,CONTROL MARKET SELL,NO,NO,NO,NO
2026-09-30 21:59:00,83446.3,-28.7,-5.04,0.641,5.933,6.574,2.426,0.77324333,0.61765397,0.54049237,31.143,0.87067013,NO,NO,NO,5.5,12.7,SELL,7.2,69.78021978,0.88888889,YES,5.37919455,0,CONTROL MARKET SELL,NO,NO,NO,NO
2026-09-30 22:00:00,83479.7,33.4,-6.094,2.869,6.74,9.609,4.023,0.93494937,0.90280453,0.89629052,25.631,0.71657021,NO,NO,NO,25.4,18.9,BUY,6.5,57.33634312,0.80246914,YES,,0,CONTROL UNCLEAR,NO,NO,NO,NO
2026-09-30 22:01:00,83474.1,-5.5,13.422,22.155,0.454,22.609,8.279,2.13522113,2.1876149,2.01362033,38.792,1.11884401,NO,NO,YES,14.8,23.9,SELL,9.1,61.75710594,1.15923567,YES,0.80345236,0,CONTROL MARKET SELL,NO,NO,NO,NO
2026-09-30 22:02:00,83463.6,-10.4,13.934,17.19,3.327,20.517,15.491,2.21667197,1.98519594,3.76772467,52.735,1.52098986,NO,NO,YES,17.5,43.7,SELL,26.2,71.40522876,3.33757962,YES,0.5277511,0,CONTROL MARKET SELL,NO,NO,NO,NO
2026-09-30 22:03:00,83440,-23.6,-2.201,2.043,4.7,6.743,3.945,0.35014318,0.6335322,0.95950383,49.869,1.43832831,NO,NO,NO,5.7,7.6,SELL,1.9,57.14285714,0.2345679,YES,16.76659533,0,CONTROL MARKET SELL,NO,NO,NO,NO
2026-09-30 22:04:00,83417,-23,0.7,1.894,1.156,3.05,1.712,0.11135857,0.28655987,0.41639304,30.31,0.84738181,NO,NO,NO,5.2,13.8,SELL,8.6,72.63157895,1.0617284,YES,3.55860961,0,CONTROL MARKET SELL,NO,NO,NO,NO
2026-09-30 22:05:00,83430.5,13.5,1.878,2.029,1.254,3.283,1.648,0.29875915,0.31765844,0.40908527,13.076,0.36556795,NO,NO,NO,6,7.6,SELL,1.6,55.88235294,0.19753086,YES,-11.23321847,1,CONTROL LIMIT BUY,NO,NO,NO,NO
2026-09-30 22:06:00,83386.4,-44.1,10.166,11.413,1.238,12.651,3.847,1.61724467,1.22409289,0.96561245,18.984,0.53073891,NO,NO,NO,5.3,29.8,SELL,24.5,84.9002849,3.02469136,YES,2.39564447,0,CONTROL MARKET SELL,NO,NO,NO,NO
2026-09-30 22:07:00,83419.1,32.7,-3.036,1.123,4.27,5.393,4.042,0.45401525,0.50669423,1.01455823,21.327,0.59624256,NO,NO,NO,27.1,8.9,BUY,18.2,75.27777778,2.15384615,YES,,0,CONTROL UNCLEAR,NO,NO,NO,NO
2026-09-30 22:08:00,83430.1,11,4.684,7.51,3.185,10.695,6.008,0.70046359,1.00483863,1.49137396,28.739,0.8034611,NO,NO,NO,21.4,3,BUY,18.4,87.70491803,2.17751479,YES,0.16774916,0.83225084,CONTROL LIMIT SELL,NO,NO,NO,NO
2026-09-30 22:09:00,83436.2,6.1,-4.845,0.437,5.265,5.702,3.784,0.77076042,0.54206674,0.93930743,21.79,0.60918673,NO,NO,NO,12.8,4.3,BUY,8.5,74.85380117,0.96045198,YES,0.26761216,0.73238784,CONTROL LIMIT SELL,NO,NO,NO,NO
2026-09-30 22:10:00,83462.8,26.6,2.418,5.677,2.951,8.628,2.933,0.41035214,0.83483309,0.73619478,25.025,0.72177437,NO,NO,NO,19.1,4.1,BUY,15,82.32758621,1.69491525,YES,0.98581502,0,CONTROL MARKET BUY,NO,NO,NO,NO
2026-09-30 22:11:00,83452,-10.8,16.508,17.769,1.262,19.031,5.654,3.04716198,1.86322694,1.45123203,33.361,0.99204544,NO,NO,YES,11.5,66.1,SELL,54.6,85.18041237,5.48743719,YES,0.28556738,0.71443262,CONTROL LIMIT BUY,NO,NO,NO,NO
2026-09-30 22:12:00,83451.3,-0.7,9.698,15.45,0.351,15.801,5.401,1.64582096,1.52888244,1.35567269,43.46,1.3173689,NO,NO,NO,15.9,33.1,SELL,17.2,67.55102041,1.57798165,YES,0.06520236,0.93479764,CONTROL LIMIT BUY,NO,NO,NO,NO
2026-09-30 22:13:00,83439.9,-11.4,-0.554,1.788,2.369,4.157,1.723,0.09401782,0.39549044,0.42770262,38.989,1.18184298,NO,NO,NO,5.1,15,SELL,9.9,74.62686567,0.82157676,YES,1.90652658,0,CONTROL MARKET SELL,NO,NO,NO,NO
2026-09-30 22:14:00,83437.4,-2.6,-1.81,1.238,2.423,3.661,1.308,0.33410245,0.35842961,0.32831325,23.619,0.69468669,NO,NO,NO,4.1,18.3,SELL,14.2,81.69642857,1.35885167,YES,0.28424026,0.71575974,CONTROL LIMIT BUY,NO,NO,NO,NO
2026-09-30 22:15:00,83447.5,10.1,-0.421,0.421,9.674,10.095,8.832,0.07771112,1.02435312,2.21686747,17.913,0.52686069,NO,NO,YES,6.3,1.8,BUY,4.5,77.77777778,0.43062201,YES,1.25658718,0,CONTROL MARKET BUY,NO,NO,NO,NO
2026-09-30 22:16:00,83468.7,21.2,3.913,6.808,2.867,9.675,3.129,0.72228888,0.95811052,0.7767159,23.431,0.68915719,NO,NO,NO,20.1,16.8,BUY,3.3,54.47154472,0.34736842,NO,3.57033811,0,CONTROL UNCLEAR,NO,NO,NO,NO
2026-09-30 22:17:00,83461.2,-7.5,5.771,11.34,8.323,19.663,11.244,1.0652515,1.98917552,2.82228916,39.433,1.15981117,NO,NO,YES,55.7,14.7,BUY,41,79.11931818,4.63276836,YES,-0.10161181,1,CONTROL LIMIT SELL,NO,NO,NO,NO
2026-09-30 22:18:00,83436.4,-24.7,-5.297,0.854,7.689,8.543,3.164,0.97775727,0.86423875,0.78462492,37.881,1.11416344,NO,NO,NO,9,10.7,SELL,1.7,54.31472081,0.17894737,NO,24.0502306,0,CONTROL UNCLEAR,NO,NO,NO,NO
2026-09-30 22:19:00,83439.2,2.8,1.2,1.803,0.578,2.381,1.721,0.22986304,0.24694047,0.43197791,30.587,0.89963088,NO,NO,NO,4.1,1.6,BUY,2.5,71.92982456,0.28248588,YES,0.62261703,0,CONTROL MARKET BUY,NO,NO,NO,NO
2026-09-30 22:20:00,83421.1,-18,1.687,2.889,1.179,4.068,2.317,0.32314912,0.42692974,0.58157631,14.992,0.46059079,NO,NO,NO,3.4,13.5,SELL,10.1,79.8816568,1.18128655,YES,2.95155806,0,CONTROL MARKET SELL,NO,NO,NO,NO
2026-09-30 22:21:00,83400,-21,1.851,3.302,0.837,4.139,1.722,0.36351139,0.4579553,0.44199179,10.588,0.33465556,NO,NO,NO,4.9,11.1,SELL,6.2,69.375,0.70056497,YES,4.9596291,0,CONTROL MARKET SELL,NO,NO,NO,NO
2026-09-30 22:22:00,83407.7,7.6,1.982,2.501,0.866,3.367,0.892,0.40101163,0.37253817,0.22895277,11.574,0.36929262,NO,NO,NO,8.6,3.8,BUY,4.8,69.35483871,0.54237288,YES,0.89363026,0,CONTROL MARKET BUY,NO,NO,NO,NO
2026-09-30 22:23:00,83422.9,15.3,1.094,2.657,1.579,4.236,2.075,0.22134547,0.46868776,0.53259754,11.742,0.38043091,NO,NO,NO,10.4,13.2,SELL,2.8,55.93220339,0.31638418,YES,-7.17027562,1,CONTROL LIMIT BUY,NO,NO,NO,NO
2026-09-30 22:24:00,83407.7,-15.3,-3.484,0.476,4.992,5.468,3.696,0.73124147,0.63688778,0.96868038,13.071,0.42928223,NO,NO,NO,4.5,9,SELL,4.5,66.66666667,0.52631579,YES,4.45985778,0,CONTROL MARKET SELL,NO,NO,NO,NO
2026-09-30 22:25:00,83410.3,2.6,-1.847,1.737,3.483,5.22,1.824,0.42968477,0.67298395,0.48770053,14.924,0.5054785,NO,NO,NO,11,6,BUY,5,64.70588235,0.58479532,YES,0.29343351,0.70656649,CONTROL LIMIT SELL,NO,NO,NO,NO
2026-09-30 22:26:00,83464.2,53.9,-12.985,0.412,13.388,13.8,12.825,3.51088279,2.01268869,3.73906706,24.488,0.90079088,NO,NO,YES,68.9,0.8,BUY,68.1,98.85222382,7.96491228,YES,0.471689,0.528311,CONTROL LIMIT SELL,NO,NO,NO,NO
2026-09-30 22:27:00,83465.3,1.2,-17.709,3.131,21.766,24.897,20.119,4.78815736,3.25749051,5.37941176,43.917,1.73393083,NO,NO,YES,47.5,17.2,BUY,30.3,73.41576507,3.42372881,YES,0.02926572,0.97073428,CONTROL LIMIT SELL,NO,NO,NO,NO
2026-09-30 22:28:00,83466,0.7,-1.421,0.117,1.512,1.629,0.713,0.38420981,0.2131362,0.19064171,40.326,1.59215098,NO,NO,NO,8.6,7.3,BUY,1.3,54.08805031,0.14689266,NO,0.48043635,0,CONTROL UNCLEAR,NO,NO,NO,NO
2026-09-30 22:29:00,83481.3,15.4,2.27,6.718,4.457,11.175,6.011,0.69631902,1.67830592,1.75247813,37.701,1.48851074,NO,NO,NO,22,27.8,SELL,5.8,55.82329317,0.67836257,YES,-1.48889015,1,CONTROL LIMIT BUY,NO,NO,NO,NO
2026-09-30 22:30:00,83460,-21.3,3.514,6.774,0.238,7.012,3.022,1.28859553,0.9174408,0.80802139,19.816,0.78237524,NO,NO,NO,3.2,12.3,SELL,9.1,79.35483871,1.06432749,YES,1.59427833,0,CONTROL MARKET SELL,NO,NO,NO,NO
2026-09-30 22:31:00,83421.1,-38.9,2.88,3.729,0.108,3.837,1.675,1.05610561,0.55790622,0.48833819,22.024,0.88962495,NO,NO,NO,4.1,7,SELL,2.9,63.06306306,0.32768362,YES,7.5228592,0,CONTROL MARKET SELL,NO,NO,NO,NO
2026-09-30 22:32:00,83462.2,41,1.135,2.573,1.335,3.908,1.314,0.42846357,0.62804339,0.41760686,14.757,0.61350739,NO,NO,NO,14.6,11.8,BUY,2.8,55.3030303,0.32748538,YES,15.32255052,0,CONTROL MARKET BUY,NO,NO,NO,NO
2026-09-30 22:33:00,83485,22.8,2.041,3.246,1.145,4.391,3.154,0.87073379,0.78621307,1.0255243,12.136,0.51587673,NO,NO,NO,6,12.1,SELL,6.1,66.85082873,0.82993197,YES,-1.80523747,1,CONTROL LIMIT BUY,NO,NO,NO,NO
2026-09-30 22:34:00,83496.9,12,5.375,6.723,1.259,7.982,3.323,2.29308874,1.46984624,1.08047472,16.281,0.71635684,NO,NO,YES,7.7,15,SELL,7.3,66.07929515,0.99319728,YES,-0.91205223,1,CONTROL LIMIT BUY,NO,NO,NO,NO
2026-09-30 22:35:00,83497.1,0.1,7.846,7.846,0.389,8.235,6.723,2.9618724,1.47448523,2.14006048,20.608,0.94070388,NO,NO,YES,15.4,14.9,BUY,0.5,50.82508251,0.07407407,NO,0.17831232,0,CONTROL UNCLEAR,NO,NO,NO,NO
2026-09-30 22:36:00,83538.9,41.9,-10.31,0.47,10.715,11.185,6.421,3.48546315,1.75947774,2.03260525,27.402,1.25083307,NO,NO,YES,18.4,10.7,BUY,7.7,63.23024055,1.14074074,YES,4.85148448,0,CONTROL MARKET BUY,NO,NO,NO,NO
2026-09-30 22:37:00,83543.1,4.1,26.595,45.998,20.199,66.197,45.687,8.99087221,10.41324524,14.46248813,85.617,3.76711033,YES,NO,YES,79.6,35.1,BUY,44.5,69.39843069,6.59259259,YES,0.06796188,0.93203812,CONTROL LIMIT SELL,YES,YES,NO,NO
2026-09-30 22:38:00,83546.3,3.3,-0.606,1.699,2.154,3.853,1.983,0.19044626,0.51393891,0.62773029,81.235,3.45313496,NO,NO,NO,6.2,7.4,SELL,1.2,54.41176471,0.17777778,NO,-1.53921984,0,CONTROL UNCLEAR,YES,YES,NO,NO
2026-09-30 22:39:00,83590,43.6,40.806,48.228,7.319,55.547,47.824,15.40430351,8.73792669,15.22330097,125.597,5.33887354,YES,NO,YES,94.9,30.3,BUY,64.6,75.79872204,10.50406504,YES,0.60102368,0,CONTROL MARKET BUY,YES,YES,YES,YES
2026-09-30 22:40:00,83576.3,-13.6,-5.362,6.264,12.04,18.304,10.409,2.02416006,2.44150994,3.31338533,77.704,3.23046542,NO,NO,YES,9.2,30.2,SELL,21,76.64974619,3.41463415,YES,0.3620763,0.6379237,CONTROL LIMIT BUY,YES,YES,NO,NO
2026-09-30 22:41:00,83602.7,26.5,-10.943,2.149,13.034,15.183,9.099,3.43903206,2.02521008,2.88034188,89.034,3.70149874,NO,NO,YES,27.4,15.6,BUY,11.8,63.72093023,1.91869919,YES,2.34129818,0,CONTROL MARKET BUY,YES,YES,NO,NO
2026-09-30 22:42:00,83650,47.3,-10.199,5.843,15.819,21.662,11.557,3.20521684,2.88942244,3.65843621,55.149,2.29276405,NO,NO,YES,63.3,44.8,BUY,18.5,58.55689177,3.00813008,YES,2.27374574,0,CONTROL MARKET BUY,YES,NO,NO,NO
2026-09-30 22:43:00,83676.8,26.8,13.847,19.33,6.119,25.449,9.401,4.35166562,3.39455782,2.97594175,62.294,2.58981021,NO,NO,YES,54.9,40.5,BUY,14.4,57.54716981,2.34146341,YES,1.36917987,0,CONTROL MARKET BUY,YES,NO,NO,NO
2026-09-30 22:44:00,83676.7,-0.1,-41.532,2.499,41.532,44.031,27.872,11.86967705,5.43022754,8.59318637,91.142,3.78913672,YES,NO,YES,91.4,50.6,BUY,40.8,64.36619718,6.63414634,YES,-0.00153777,1,CONTROL LIMIT SELL,YES,YES,NO,NO
2026-09-30 22:45:00,83635.3,-41.4,10.805,16.521,4.976,21.497,12.688,2.90965397,2.56252235,3.61532982,90.977,3.50653305,NO,NO,YES,44.5,56.3,SELL,11.8,55.8531746,1.91869919,YES,1.21832141,0,CONTROL MARKET SELL,YES,YES,NO,NO
2026-09-30 22:46:00,83660.7,25.4,2.103,4.499,1.339,5.838,1.24,0.45667752,0.69591131,0.35332668,71.366,2.46136336,NO,NO,NO,41,23.2,BUY,17.8,63.86292835,2.63703704,YES,1.05015782,0,CONTROL MARKET BUY,YES,NO,NO,NO
2026-09-30 22:47:00,83640.9,-19.9,7.886,10.103,1.385,11.488,5.4,1.79003518,1.41678486,1.53868072,38.823,1.13703725,NO,NO,NO,7,27.5,SELL,20.5,79.71014493,2.73333333,YES,0.28495637,0.71504363,CONTROL LIMIT BUY,NO,NO,NO,NO
2026-09-30 22:48:00,83606.1,-34.8,2.325,10.701,1.474,12.175,6.902,0.5277494,1.50151076,1.96666192,29.501,0.8640171,NO,NO,NO,9.5,29.4,SELL,19.9,75.57840617,2.65333333,YES,0.607773,0,CONTROL MARKET SELL,NO,NO,NO,NO
2026-09-30 22:49:00,83624.5,18.3,8.105,8.346,0,8.346,4.13,2.31637611,1.02929025,0.90809147,32.009,1.06540407,NO,NO,YES,16.3,16.9,SELL,0.6,50.90361446,0.07142857,NO,-12.99161272,0,CONTROL UNCLEAR,NO,NO,NO,NO
2026-09-30 22:50:00,83699.7,75.1,10.339,14.103,2.574,16.677,12.109,2.329653,2.01157952,2.5412382,37.198,1.20949439,NO,NO,YES,84.9,35.6,BUY,49.3,70.45643154,5.86904762,YES,1.00933684,0,CONTROL MARKET BUY,NO,NO,NO,NO
2026-09-30 22:51:00,83690.1,-9.5,-24.081,10.119,30.827,40.946,11.809,4.48561051,4.19507197,2.06975725,65.969,1.90642565,NO,NO,YES,74.3,45.3,BUY,29,62.12374582,3.45238095,YES,-0.21466139,1,CONTROL LIMIT SELL,NO,NO,NO,NO
2026-09-30 22:52:00,83707.4,17.2,23.397,24.257,1.202,25.459,18.016,3.53936919,2.27719141,2.8983269,83.082,2.21850759,NO,NO,YES,34.3,63.5,SELL,29.2,64.92842536,2.79425837,YES,-0.2504013,1,CONTROL LIMIT BUY,YES,NO,NO,NO
2026-09-30 22:53:00,83700.1,-7.2,4.433,4.769,2.757,7.526,2.421,0.56356471,0.66387333,0.36838101,73.931,1.93223041,NO,NO,NO,11.7,15,SELL,3.3,56.17977528,0.27966102,YES,0.92711175,0,CONTROL MARKET SELL,NO,NO,NO,NO
2026-09-30 22:54:00,83719.9,19.8,-5.141,0.336,6.055,6.391,3.24,0.65357234,0.56375425,0.49300061,39.376,0.99498414,NO,NO,NO,21.5,22.4,SELL,0.9,51.02505695,0.07627119,NO,-9.70362533,0,CONTROL UNCLEAR,NO,NO,NO,NO
2026-09-30 22:55:00,83688,-31.8,17.279,24.46,7.181,31.641,21.561,2.19666921,2.79107308,3.28073646,45.558,1.14320845,NO,NO,YES,24.1,88,SELL,63.9,78.50133809,5.41525424,YES,0.22802266,0.77197734,CONTROL LIMIT BUY,NO,NO,NO,NO
2026-09-30 22:56:00,83714.1,26.1,-15.911,3.211,16.527,19.738,8.83,1.98999437,1.66825846,1.29614679,57.77,1.37150861,NO,NO,NO,38.7,26.1,BUY,12.6,59.72222222,0.96183206,YES,1.35774644,0,CONTROL MARKET BUY,NO,NO,NO,NO
2026-09-30 22:57:00,83743.8,29.6,-5.595,0.923,7.25,8.173,4.706,0.69976862,0.69078308,0.69078899,59.552,1.33114278,NO,NO,NO,41.8,15.2,BUY,26.6,73.33333333,2.18032787,YES,0.59699597,0,CONTROL MARKET BUY,NO,NO,NO,NO
2026-09-30 22:58:00,83728.5,-15.3,-11.172,12.104,23.85,35.954,13.433,1.42028986,3.1715256,2.04397444,63.865,1.26833289,NO,NO,YES,21.1,44.6,SELL,23.5,67.88432268,1.92622951,YES,0.33076037,0.66923963,CONTROL LIMIT BUY,NO,NO,NO,NO
2026-09-30 22:59:00,83724.5,-3.9,-5.889,3.991,9.948,13.939,4.247,0.7365393,1.17812619,0.62341284,58.066,1.02845402,NO,NO,NO,22.2,27.5,SELL,5.3,55.33199195,0.39259259,YES,0.41990822,0.58009178,CONTROL LIMIT BUY,NO,NO,NO,NO
2026-09-30 23:00:00,83736.6,12,-8.252,1.421,9.664,11.085,5.336,1.03208055,0.8489699,0.78326606,60.978,1.05283332,NO,NO,NO,19.4,18.5,BUY,0.9,51.18733509,0.06666667,NO,7.15141799,0,CONTROL UNCLEAR,NO,NO,NO,NO
2026-09-30 23:01:00,83732.9,-3.7,-1.047,13.824,15.256,29.08,12.129,0.12801859,2.22715785,1.78040367,54.104,0.91999524,NO,NO,YES,48.3,40.8,BUY,7.5,54.20875421,0.55555556,NO,-0.26452663,0,CONTROL UNCLEAR,NO,NO,NO,NO
2026-09-30 23:02:00,83720,-12.9,8.25,8.25,0.276,8.526,4.77,1.00874243,0.58553671,0.60640732,48.691,0.8279515,NO,NO,NO,11.8,20.6,SELL,8.8,63.58024691,0.65185185,YES,1.71618582,0,CONTROL MARKET SELL,NO,NO,NO,NO
2026-09-30 23:03:00,83725.6,5.6,5.041,7.35,2.332,9.682,4.972,0.61095625,0.66492686,0.63208747,47.288,0.80409461,NO,NO,NO,25.8,7.6,BUY,18.2,77.24550898,1.34814815,YES,0.18147417,0.81852583,CONTROL LIMIT SELL,NO,NO,NO,NO
2026-09-30 23:04:00,83743.9,18.3,-17.838,1.978,20.465,22.443,10.159,2.16191977,1.54130898,1.29150775,40.651,0.69123774,NO,NO,YES,24.9,37.7,SELL,12.8,60.22364217,0.79503106,YES,-1.47051478,1,CONTROL LIMIT BUY,NO,NO,NO,NO
2026-09-30 23:05:00,83749.1,5.2,-1.142,1.502,2.665,4.167,1.057,0.12378733,0.26158192,0.11790953,36.292,0.61711643,NO,NO,NO,11.4,9.4,BUY,2,54.80769231,0.1242236,NO,1.70193148,0,CONTROL UNCLEAR,NO,NO,NO,NO
2026-09-30 23:06:00,83782.9,33.9,-29.579,0.723,31.152,31.875,9.995,3.20622188,2.00094162,1.11495343,58.485,0.99449064,NO,NO,YES,78,23.9,BUY,54.1,76.54563297,3.36024845,YES,0.41012691,0.58987309,CONTROL LIMIT SELL,NO,NO,NO,NO
2026-09-30 23:07:00,83748.1,-34.9,2.956,13.129,0.605,13.734,9.568,0.32041624,0.78522627,1.03437838,49.776,0.84339656,NO,NO,NO,9.9,23.9,SELL,14,70.71005917,0.77777778,YES,2.56053306,0,CONTROL MARKET SELL,NO,NO,NO,NO
2026-09-30 23:08:00,83720.1,-27.9,10.918,11.672,0.754,12.426,5.238,1.32323355,0.78003766,0.56627027,58.035,0.99587305,NO,NO,NO,18,17.5,BUY,0.5,50.70422535,0.0310559,NO,-37.72003014,0,CONTROL UNCLEAR,NO,NO,NO,NO
2026-09-30 23:09:00,83826.5,106.3,-11.726,4.603,16.323,20.926,8.876,1.27104222,1.3136221,0.95956757,47.086,0.81112135,NO,NO,NO,194.3,27.1,BUY,167.2,87.75971093,10.38509317,YES,0.4300542,0.5699458,CONTROL LIMIT SELL,NO,NO,NO,NO
2026-09-30 23:10:00,83836.5,10.4,-38.194,6.504,44.875,51.379,37.114,4.14004661,3.22529818,4.12951321,84.731,1.46333923,NO,NO,YES,86.7,65.2,BUY,21.5,57.07702436,1.33540373,YES,0.32637965,0.67362035,CONTROL LIMIT SELL,NO,NO,NO,NO
