minute,first,last,net,add,exit,activity,max_pos,max_neg,max_jump,samples,history_n,median_abs_net,median_activity,median_max_jump,net_x,activity_x,jump_x,strong_dimensions,mega_dimensions,strong,mega,elevated
2026-09-30T14:24:00-05:00,94896.571,94899.759,3.188000000009197,3.188000000009197,0,3.188000000009197,1.8080000000045402,0.0,1.8080000000045402,5,0,0.0,0.0,0.0,0.0,0.0,0.0,0,0,False,False,False
2026-09-30T14:25:00-05:00,94898.964,94896.407,-2.5570000000006985,3.8319999999948777,7.18399999999383,11.015999999988708,2.50700000001234,2.6009999999951106,2.6009999999951106,11,1,3.188000000009197,3.188000000009197,1.8080000000045402,0.8020702634859855,3.455457967364156,1.4386061946839486,0,0,False,False,False
2026-09-30T14:26:00-05:00,94889.953,94887.317,-2.635999999998603,2.7930000000051223,11.883000000016182,14.676000000021304,2.077000000004773,6.454000000012456,6.454000000012456,10,2,2.8725000000049477,7.101999999998952,2.2044999999998254,0.9176675369866188,2.066460152073144,2.9276479927480006,0,0,False,False,False
2026-09-30T14:27:00-05:00,94887.31,94877.91,-9.39999999999418,0.5080000000016298,9.914999999993597,10.422999999995227,0.3110000000015134,8.073000000003958,8.073000000003958,10,3,2.635999999998603,11.015999999988708,2.6009999999951106,3.5660091047037787,0.946169208424647,3.103806228381059,0,0,False,False,False
2026-09-30T14:28:00-05:00,94877.075,94879.789,2.7140000000072177,3.048000000009779,1.169000000008964,4.217000000018743,1.8139999999984866,0.8350000000064028,1.8139999999984866,10,4,2.9120000000039,10.719499999991967,4.5275000000037835,0.932005494506725,0.39339521433106983,0.40066261733781794,0,0,False,False,False
2026-09-30T14:29:00-05:00,94878.349,94874.31,-4.039000000004307,1.6970000000146683,7.176000000021304,8.873000000035972,1.2850000000034925,3.1670000000012806,3.1670000000012806,11,5,2.7140000000072177,10.422999999995227,2.6009999999951106,1.4882092851855437,0.8512904154312612,1.217608612075061,0,0,False,False,False
2026-09-30T14:30:00-05:00,94875.007,94875.099,0.09200000000419095,3.4869999999937136,2.697999999989406,6.18499999998312,1.5839999999880092,1.205999999991036,1.5839999999880092,10,6,2.9510000000082073,9.6480000000156,2.8839999999981956,0.03117587258689769,0.6410655058015257,0.5492371705925798,0,0,False,False,False
2026-09-30T14:31:00-05:00,94874.577,94862.933,-11.644000000000233,1.062999999994645,13.228999999992084,14.291999999986729,0.9489999999932479,4.966000000000349,4.966000000000349,10,7,2.7140000000072177,8.873000000035972,2.6009999999951106,4.290346352236281,1.6107291783983757,1.9092656670548576,0,0,False,False,False
2026-09-30T14:32:00-05:00,94855.634,94852.915,-2.7190000000118744,1.271999999997206,11.290000000008149,12.562000000005355,1.1980000000039581,7.298999999999069,7.298999999999069,10,8,2.9510000000082073,9.6480000000156,2.8839999999981956,0.921382582176995,1.3020315091195112,2.5308599167835073,0,0,False,False,False
2026-09-30T14:33:00-05:00,94852.869,94857.939,5.069999999992433,6.546999999991385,1.5229999999864958,8.069999999977881,2.8039999999891734,0.6269999999931315,2.8039999999891734,11,9,2.7190000000118744,10.422999999995227,3.1670000000012806,1.8646561235639174,0.7742492564503096,0.8853804862608271,0,0,False,False,False
2026-09-30T14:34:00-05:00,94856.03,94851.105,-4.92500000000291,1.6410000000032596,8.47500000000582,10.11600000000908,0.7050000000017462,3.070000000006985,3.070000000006985,10,10,2.9535000000105356,9.6480000000156,2.985499999995227,1.6675131200221236,1.048507462685813,1.0283034667599709,0,0,False,False,False
2026-09-30T14:35:00-05:00,94852.978,94855.462,2.4839999999967404,7.507999999987078,3.150999999983469,10.658999999970547,3.985999999989872,1.6169999999983702,3.985999999989872,10,11,3.188000000009197,10.11600000000908,3.070000000006985,0.7791718946014976,1.0536773428193928,1.2983713354986328,0,0,False,False,False
2026-09-30T14:36:00-05:00,94856.267,94860.465,4.197999999989406,5.153999999994994,0.15099999999802094,5.304999999993015,1.7880000000004657,0.15099999999802094,1.7880000000004657,10,12,2.9535000000105356,10.269500000002154,3.1185000000041327,1.4213644828083396,0.5165782170497009,0.5733525733519629,0,0,False,False,False
2026-09-30T14:37:00-05:00,94859.642,94846.259,-13.38300000000163,1.0329999999812571,15.238999999972293,16.27199999995355,0.5319999999919673,8.906999999991967,8.906999999991967,11,13,3.188000000009197,10.11600000000908,3.070000000006985,4.1979297365003205,1.6085409252608682,2.9013029315868737,0,0,False,False,True
2026-09-30T14:38:00-05:00,94846.574,94847.64,1.06600000000617,5.657000000006519,4.276000000012573,9.933000000019092,2.4259999999922,1.8210000000108266,2.4259999999922,10,14,3.613500000006752,10.269500000002154,3.1185000000041327,0.29500484295120466,0.9672330687976054,0.7779381112679125,0,0,False,False,False
2026-09-30T14:39:00-05:00,94849.847,94825.831,-24.015999999988708,6.361999999993714,28.170999999987544,34.53299999998126,3.668999999994412,21.694000000003143,21.694000000003143,10,15,3.188000000009197,10.11600000000908,3.070000000006985,7.53324968629844,3.4137010676107415,7.066449511385597,0,0,False,False,True
2026-09-30T14:40:00-05:00,94821.964,94835.675,13.710999999995693,14.77400000000489,4.930000000007567,19.704000000012456,9.264000000010128,3.86699999999837,9.264000000010128,11,16,3.613500000006752,10.269500000002154,3.1185000000041327,3.79438217793554,1.9186912702671333,2.9706589706582816,0,0,False,False,True
2026-09-30T14:41:00-05:00,94835.986,94835.571,-0.4150000000081491,2.540000000008149,2.6440000000147847,5.184000000022934,1.6440000000002328,1.2630000000062864,1.6440000000002328,10,17,4.039000000004307,10.422999999995227,3.1670000000012806,0.10274820500314595,0.4973616041471081,0.5191032522890964,0,0,False,False,False
2026-09-30T14:42:00-05:00,94835.731,94832.277,-3.4539999999979045,1.106999999989057,4.400999999983469,5.507999999972526,0.5279999999911524,3.021999999997206,3.021999999997206,10,18,3.613500000006752,10.269500000002154,3.1185000000041327,0.9558599695562336,0.5363454890667871,0.9690556357201222,0,0,False,False,False
2026-09-30T14:43:00-05:00,94832.256,94826.338,-5.91799999999057,1.3630000000121072,7.302000000010594,8.665000000022701,0.5,2.897000000011758,2.897000000011758,10,19,3.4539999999979045,10.11600000000908,3.070000000006985,1.7133757961766534,0.8565638592343736,0.9436482084707383,0,0,False,False,False
2026-09-30T14:44:00-05:00,94825.982,94819.651,-6.331000000005588,4.389999999999418,11.077000000004773,15.467000000004191,3.7339999999967404,9.028000000005704,9.028000000005704,11,20,3.746500000001106,10.024500000014086,3.0460000000020955,1.6898438542649723,1.5429198463746279,2.963887065003117,0,0,False,False,True
2026-09-30T14:45:00-05:00,94819.114,94823.188,4.073999999993248,6.599000000001979,3.062000000005355,9.661000000007334,3.437000000005355,0.6680000000051223,3.437000000005355,10,21,4.039000000004307,10.11600000000908,3.070000000006985,1.0086655112624172,0.9550217477262418,1.1195439739405653,0,0,False,False,False
2026-09-30T14:46:00-05:00,94823.216,94840.449,17.2329999999929,18.256999999997788,0.9959999999991851,19.252999999996973,6.327999999994063,0.746000000013737,6.327999999994063,10,22,4.056499999998778,10.024500000014086,3.1185000000041327,4.248243559718499,1.9205945433657459,2.0291806958427694,0,0,False,False,True
2026-09-30T14:47:00-05:00,94840.599,95029.854,189.25500000000466,208.12100000001374,18.71600000000035,226.8370000000141,197.87200000000303,17.405000000013388,197.87200000000303,10,23,4.073999999993248,10.11600000000908,3.1670000000012806,46.45434462452585,22.42358639776695,62.47931796650553,3,3,True,True,True
2026-09-30T14:48:00-05:00,95030.557,95136.44,105.88300000000163,109.80199999999604,3.2160000000003492,113.01799999999639,41.54899999999907,2.8910000000032596,41.54899999999907,10,24,4.135999999991327,10.269500000002154,3.302000000003318,25.600338491350016,11.00520960124375,12.582980012100945,3,1,True,False,True
2026-09-30T14:49:00-05:00,95136.402,95140.561,4.158999999999651,6.9060000000026776,2.7850000000034925,9.69100000000617,4.084000000002561,1.224000000001979,4.084000000002561,11,25,4.197999999989406,10.422999999995227,3.437000000005355,0.9907098618413879,0.9297706994157736,1.1882455629898743,0,0,False,False,False
2026-09-30T14:50:00-05:00,95150.468,95143.626,-6.841999999989639,13.106999999989057,10.041999999986729,23.148999999975786,9.906999999991967,8.326000000000931,9.906999999991967,10,26,4.1784999999945285,10.269500000002154,3.7114999999976135,1.63742969965265,2.2541506402425564,2.669271184156901,0,0,False,False,True
2026-09-30T14:51:00-05:00,95142.239,95432.95,290.7109999999957,298.0200000000041,8.696000000010827,306.7160000000149,214.14300000001094,5.987999999997555,214.14300000001094,10,27,4.197999999989406,10.422999999995227,3.985999999989872,69.24988089583833,29.426844478571944,53.72378324148396,3,3,True,True,True
2026-09-30T14:52:00-05:00,95441.282,95511.348,70.06599999999162,89.3119999999908,10.913999999989755,100.22599999998056,32.79399999999441,4.3179999999993015,32.79399999999441,11,28,4.561499999996158,10.540999999982887,4.0349999999962165,15.360298147550285,9.508206052570275,8.127385377949235,3,0,True,False,True
2026-09-30T14:53:00-05:00,95510.737,95529.053,18.31600000000617,86.81699999999546,69.11199999999371,155.92899999998917,36.6359999999986,63.44800000000396,63.44800000000396,10,29,4.92500000000291,10.658999999970547,4.084000000002561,3.718984771572659,14.628858241900744,15.53574926541728,2,0,True,False,True
2026-09-30T14:54:00-05:00,95553.258,95587.018,33.75999999999476,78.99800000000687,21.03300000001036,100.03100000001723,46.830000000001746,16.778000000005704,46.830000000001746,10,30,4.997499999997672,10.837499999979627,4.525000000001455,6.755377688846521,9.230080738196564,10.34917127071529,2,0,True,False,True
2026-09-30T14:55:00-05:00,95591.969,95568.931,-23.038000000000466,7.513999999995576,25.60099999999511,33.11499999999069,4.951000000000931,10.862999999997555,10.862999999997555,10,30,5.493999999991502,11.788999999997031,5.646999999997206,4.193301783770678,2.808974467724067,1.9236762882951886,0,0,False,False,True
2026-09-30T14:56:00-05:00,95575.659,95577.434,1.7749999999941792,12.687999999994645,4.184999999997672,16.872999999992317,6.728000000002794,4.184999999997672,6.728000000002794,10,30,6.124499999998079,13.426999999996042,6.39100000000326,0.28981957710747586,1.2566470544423394,1.0527304021278927,0,0,False,False,False
2026-09-30T14:57:00-05:00,95577.34,95577.545,0.20500000000174623,2.31699999999546,2.205999999991036,4.522999999986496,1.1339999999909196,0.8020000000105938,1.1339999999909196,10,30,6.124499999998079,13.426999999996042,6.527999999998428,0.03347212017337097,0.3368585685549884,0.17371323529276847,0,0,False,False,False
2026-09-30T14:58:00-05:00,95575.818,95583.76,7.94199999999546,12.828000000008615,6.613000000012107,19.441000000020722,7.377000000007683,2.735999999989872,7.377000000007683,11,30,5.493999999991502,13.426999999996042,5.646999999997206,1.4455769930847733,1.4479034780685525,1.3063573578911516,0,0,False,False,False
2026-09-30T14:59:00-05:00,95603.512,95611.577,8.065000000002328,31.985000000000582,4.16799999999057,36.15299999999115,19.752000000007683,2.3919999999925494,19.752000000007683,10,30,6.124499999998079,14.87949999999546,6.527999999998428,1.3168421912000747,2.4297187405492244,3.0257352941195523,0,0,False,False,True
2026-09-30T15:00:00-05:00,95611.507,95603.715,-7.792000000001281,11.747000000003027,19.609000000011292,31.35600000001432,11.320999999996275,9.497999999992317,11.320999999996275,10,30,6.5864999999976135,15.86949999997887,7.013500000000931,1.1830258862831706,1.9758656542459478,1.614172666998613,0,0,False,False,False
2026-09-30T15:01:00-05:00,95605.21,95606.026,0.8159999999916181,9.351999999998952,7.040999999997439,16.39299999999639,3.8170000000100117,5.255999999993946,5.255999999993946,10,30,7.31699999999546,16.572499999972933,7.338000000003376,0.11152111521007577,0.9891688037425352,0.7162714636129093,0,0,False,False,False
2026-09-30T15:02:00-05:00,95604.665,95603.77,-0.8949999999895226,10.567999999999302,12.823999999993248,23.39199999999255,7.305999999996857,6.50899999999092,7.305999999996857,10,30,6.5864999999976135,16.632999999994354,7.338000000003376,0.13588400516053245,1.4063608489148374,0.9956391387290128,0,0,False,False,False
2026-09-30T15:03:00-05:00,95603.783,95604.464,0.6810000000114087,3.7859999999927823,3.091999999989639,6.877999999982421,1.6089999999967404,1.926000000006752,1.926000000006752,11,30,6.5864999999976135,18.062999999994645,7.34150000000227,0.10339330448821915,0.3807783867565997,0.262344207587844,0,0,False,False,False
2026-09-30T15:04:00-05:00,95603.742,95584.5,-19.24199999999837,4.349000000001979,24.313000000009197,28.662000000011176,1.8110000000015134,7.662000000011176,7.662000000011176,10,30,6.5864999999976135,18.062999999994645,7.34150000000227,2.921430198133355,1.5867796047179137,1.04365592862614,0,0,False,False,True
2026-09-30T15:05:00-05:00,95587.525,95580.612,-6.913000000000466,7.336999999984982,11.224999999991269,18.56199999997625,3.0249999999941792,10.743999999991502,10.743999999991502,10,30,7.31699999999546,19.347000000008848,7.51950000000943,0.9447861145284618,0.9594252338847243,1.4288184054761657,0,0,False,False,False
2026-09-30T15:06:00-05:00,95580.523,95568.984,-11.539000000004307,8.310000000012224,19.938000000009197,28.24800000002142,3.135999999998603,12.277000000001863,12.277000000001863,11,30,7.352500000000873,19.347000000008848,8.284500000001572,1.5693981638902328,1.460071328888639,1.4819240750799123,0,0,False,False,False
2026-09-30T15:07:00-05:00,95570.482,95562.224,-8.25800000000163,7.812000000005355,14.572000000000116,22.38400000000547,3.9909999999945285,7.122000000003027,7.122000000003027,10,30,7.86699999999837,19.57250000001659,8.967499999998836,1.0497012838443296,1.1436454208704305,0.7942012824091387,0,0,False,False,False
2026-09-30T15:08:00-05:00,95561.754,95567.24,5.486000000004424,9.976000000009662,4.960000000006403,14.936000000016065,4.346000000005006,2.385999999998603,4.346000000005006,10,30,7.86699999999837,21.044000000008964,8.34500000000844,0.6973433329103292,0.7097509979096038,0.520790892750223,0,0,False,False,False
2026-09-30T15:09:00-05:00,95568.756,95568.383,-0.3729999999923166,5.255999999993946,4.112999999997555,9.368999999991502,2.279999999998836,3.4839999999967404,3.4839999999967404,10,30,7.86699999999837,21.044000000008964,8.34500000000844,0.04741324520050767,0.4452100361142136,0.41749550629037946,0,0,False,False,False
2026-09-30T15:10:00-05:00,95593.029,95599.291,6.262000000002445,34.57500000001164,3.6670000000158325,38.242000000027474,24.645999999993364,2.297000000005937,24.645999999993364,10,30,7.352500000000873,19.57250000001659,7.51950000000943,0.8516831009862905,1.953863839570574,3.277611543315707,0,0,False,False,True
2026-09-30T15:11:00-05:00,95599.302,95591.617,-7.684999999997672,2.6310000000084983,10.305000000007567,12.936000000016065,1.180000000007567,6.945000000006985,6.945000000006985,11,30,6.877499999995052,20.912500000013097,7.51950000000943,1.117411850236743,0.6185774058581214,0.9235986435266009,0,0,False,False,False
2026-09-30T15:12:00-05:00,95591.393,95592.203,0.8099999999976717,1.5390000000043074,0.9530000000086147,2.492000000012922,1.2440000000060536,0.47299999999813735,1.2440000000060536,10,30,7.298999999999069,20.912500000013097,7.51950000000943,0.11097410604161873,0.11916317991686128,0.16543653168488512,0,0,False,False,False
2026-09-30T15:13:00-05:00,95592.412,95597.184,4.771999999997206,7.9320000000006985,2.9510000000009313,10.88300000000163,3.9089999999996508,2.877999999996973,3.9089999999996508,10,30,7.298999999999069,20.912500000013097,7.51950000000943,0.6537881901627367,0.520406455468969,0.5198483941744463,0,0,False,False,False
2026-09-30T15:14:00-05:00,95597.212,95595.377,-1.8350000000064028,1.5430000000051223,3.3500000000058208,4.893000000010943,0.7459999999991851,1.7640000000101281,1.7640000000101281,10,30,7.298999999999069,20.912500000013097,7.51950000000943,0.2514043019600818,0.23397489539786628,0.23459006582989775,0,0,False,False,False
2026-09-30T15:15:00-05:00,95593.851,95589.929,-3.9219999999913853,0.6120000000082655,6.059999999997672,6.672000000005937,0.44100000000617,2.440999999991618,2.440999999991618,10,30,7.298999999999069,20.912500000013097,7.34150000000227,0.5373338813524984,0.3190436341901618,0.3324933596663983,0,0,False,False,False
2026-09-30T15:16:00-05:00,95590.157,95592.964,2.8070000000006985,5.026000000012573,1.9910000000090804,7.017000000021653,1.7340000000112923,1.827000000004773,1.827000000004773,11,30,7.298999999999069,20.912500000013097,7.34150000000227,0.3845732292096255,0.33554094441206256,0.24885922495460167,0,0,False,False,False
2026-09-30T15:17:00-05:00,95592.398,95593.333,0.9349999999976717,5.288000000000466,4.919000000008964,10.20700000000943,4.938999999998487,3.2559999999939464,4.938999999998487,10,30,6.877499999995052,20.912500000013097,7.34150000000227,0.13595056343123874,0.4880812910939886,0.6727508002447673,0,0,False,False,False
2026-09-30T15:18:00-05:00,95592.969,95590.581,-2.3879999999917345,0.19700000000011642,2.948999999993248,3.1459999999933643,0.14800000000104774,1.0839999999880092,1.0839999999880092,10,30,6.551999999996042,19.001499999998487,7.213999999999942,0.3644688644678231,0.16556587637784465,0.15026337676573578,0,0,False,False,False
2026-09-30T15:19:00-05:00,95590.064,95590.68,0.6159999999945285,3.346000000005006,3.2470000000175787,6.593000000022585,1.2799999999988358,1.4579999999987194,1.4579999999987194,10,30,5.874000000003434,17.717499999984284,7.033500000005006,0.1048689138566851,0.3721179624680927,0.2072936660265418,0,0,False,False,False
2026-09-30T15:20:00-05:00,95587.414,95591.035,3.620999999999185,5.814999999987776,5.459999999977299,11.274999999965075,3.341999999989639,3.2659999999887077,3.341999999989639,10,30,5.874000000003434,17.717499999984284,7.033500000005006,0.6164453523999095,0.6363764639466672,0.47515461718735486,0,0,False,False,False
2026-09-30T15:21:00-05:00,95590.822,95587.571,-3.2510000000038417,5.033999999985099,8.497999999992317,13.531999999977415,2.9829999999928987,2.768000000010943,2.9829999999928987,11,30,5.129000000000815,16.632999999994354,6.836500000004889,0.6338467537538166,0.8135633980630078,0.43633438162667526,0,0,False,False,False
2026-09-30T15:22:00-05:00,95584.643,95574.7,-9.942999999999302,0.5449999999982538,13.415999999997439,13.960999999995693,0.3889999999955762,5.103000000002794,5.103000000002794,10,30,4.346999999994296,15.664500000006228,5.99199999999837,2.2873245916752585,0.8912509176794754,0.8516355140193895,0,0,False,False,True
2026-09-30T15:23:00-05:00,95556.066,95552.245,-3.8210000000108266,2.028999999994994,24.48399999999674,26.512999999991735,1.8260000000009313,18.63399999999092,18.63399999999092,10,30,4.346999999994296,14.448500000005879,5.17949999999837,0.8789970094354361,1.8350001730270233,3.597644560285121,0,0,False,False,True
2026-09-30T15:24:00-05:00,95552.123,95546.659,-5.464000000007218,5.019000000000233,10.604999999995925,15.623999999996158,3.625,4.077000000004773,4.077000000004773,10,30,3.871500000001106,14.448500000005879,5.17949999999837,1.4113392741845943,1.0813579264276432,0.7871416159872683,0,0,False,False,False
2026-09-30T15:25:00-05:00,95544.938,95547.134,2.1960000000108266,3.94000000001688,3.4650000000110595,7.40500000002794,1.2380000000121072,1.7210000000050059,1.7210000000050059,10,30,3.871500000001106,14.448500000005879,5.02100000000064,0.5672220069766756,0.5125099491313927,0.3427604062945203,0,0,False,False,False
2026-09-30T15:26:00-05:00,95546.709,95547.774,1.0650000000023283,6.771000000007916,6.131000000008498,12.902000000016415,4.576999999990221,1.8000000000029104,4.576999999990221,10,30,3.721000000005006,13.746499999986554,4.642500000001746,0.2862133834993001,0.9385661804844168,0.985891222399246,0,0,False,False,False
2026-09-30T15:27:00-05:00,95547.949,95561.437,13.488000000012107,26.571999999985565,12.908999999985099,39.48099999997066,25.79200000000128,10.464999999996508,25.79200000000128,10,30,3.721000000005006,13.23399999999674,4.4614999999976135,3.6248320343977323,2.9833005893894806,5.781015353584014,0,0,False,False,True
2026-09-30T15:28:00-05:00,95561.445,95560.843,-0.6020000000135042,3.184000000008382,3.7780000000202563,6.962000000028638,1.7709999999933643,1.3240000000077998,1.7709999999933643,11,30,3.871500000001106,13.746499999986554,4.757999999994354,0.15549528606827642,0.5064561888506491,0.37221521647655864,0,0,False,False,False
2026-09-30T15:29:00-05:00,95558.534,95557.741,-0.7930000000051223,2.742000000012922,5.844000000011874,8.586000000024796,2.180000000007567,2.30899999999383,2.30899999999383,10,30,3.721000000005006,13.23399999999674,4.4614999999976135,0.21311475409945055,0.6487834366047235,0.5175389443001379,0,0,False,False,False
2026-09-30T15:30:00-05:00,95560.137,95560.802,0.6649999999935972,4.864000000015949,1.8030000000144355,6.667000000030384,2.3960000000079162,1.7860000000073342,2.3960000000079162,10,30,3.4360000000015134,12.91900000001624,4.211500000004889,0.19353899883390693,0.5160616146777617,0.5689184376125216,0,0,False,False,False
2026-09-30T15:31:00-05:00,95560.236,95553.532,-6.7039999999979045,0.41100000000733417,7.680999999996857,8.092000000004191,0.41100000000733417,3.4210000000020955,3.4210000000020955,10,30,3.02900000000227,12.088499999990745,3.993000000002212,2.213271706831588,0.6693965338967106,0.856749311294816,0,0,False,False,True
2026-09-30T15:32:00-05:00,95554.31,95550.498,-3.811999999990803,1.7989999999990687,4.832999999998719,6.631999999997788,0.7779999999911524,2.7670000000071013,2.7670000000071013,10,30,3.4360000000015134,11.078999999983353,3.6964999999981956,1.1094295692634237,0.5986099828511376,0.7485459218202224,0,0,False,False,False
2026-09-30T15:33:00-05:00,95547.226,95555.364,8.138000000006286,9.410000000003492,4.544000000008964,13.954000000012456,4.068999999988591,3.272000000011758,4.068999999988591,11,30,3.716499999994994,10.54500000000553,3.452499999999418,2.1896946051438846,1.3232811759132421,1.1785662563328827,0,0,False,False,True
2026-09-30T15:34:00-05:00,95555.374,95547.514,-7.860000000000582,4.568000000013853,12.418000000019674,16.986000000033528,2.1600000000034925,11.370999999999185,11.370999999999185,10,30,3.816500000000815,11.078999999983353,3.6964999999981956,2.0594785798503614,1.5331708638017014,3.0761531178154295,0,0,False,False,True
2026-09-30T15:35:00-05:00,95545.257,95542.875,-2.381999999997788,2.0820000000094296,6.721000000005006,8.803000000014435,1.2290000000066357,2.256999999997788,2.256999999997788,10,30,3.816500000000815,11.078999999983353,3.6964999999981956,0.6241320581677662,0.7945662965996627,0.6105775733799242,0,0,False,False,False
2026-09-30T15:36:00-05:00,95543.024,95537.781,-5.243000000002212,2.2040000000124564,7.298000000009779,9.502000000022235,1.3519999999989523,3.12400000001071,3.12400000001071,10,30,3.716499999994994,10.54500000000553,3.452499999999418,1.4107359074422907,0.901090564250095,0.9048515568461222,0,0,False,False,False
2026-09-30T15:37:00-05:00,95537.773,95529.837,-7.936000000001513,0.3769999999931315,8.320999999996275,8.697999999989406,0.3769999999931315,3.661999999996624,3.661999999996624,10,30,3.716499999994994,9.854500000015832,3.3814999999958673,2.1353423920388006,0.8826424476102727,1.0829513529501995,0,0,False,False,True
2026-09-30T15:38:00-05:00,95529.094,95513.404,-15.690000000002328,0.5429999999905704,16.97599999999511,17.51899999998568,0.5429999999905704,5.649999999994179,5.649999999994179,10,30,3.716499999994994,9.435500000006869,3.3814999999958673,4.221713978211613,1.8567113560460948,1.670856128937183,0,0,False,False,True
2026-09-30T15:39:00-05:00,95514.232,95504.465,-9.767000000007101,2.1370000000024447,11.076000000000931,13.213000000003376,0.8280000000086147,8.230000000010477,8.230000000010477,11,30,3.716499999994994,9.435500000006869,3.3814999999958673,2.6280102246792025,1.4003497429912308,2.433831140032688,0,0,False,False,True
2026-09-30T15:40:00-05:00,95504.288,95503.507,-0.7810000000026776,1.1159999999945285,2.073999999993248,3.1899999999877764,0.33299999999871943,1.0679999999993015,1.0679999999993015,10,30,3.816500000000815,9.854500000015832,3.3814999999958673,0.20463775710795515,0.3237099802103254,0.3158361673815191,0,0,False,False,False
2026-09-30T15:41:00-05:00,95503.648,95505.056,1.407999999995809,2.9759999999951106,1.4269999999960419,4.402999999991152,1.5950000000011642,1.168999999994412,1.5950000000011642,10,30,3.716499999994994,9.152500000018335,3.2330000000001746,0.37885106955407116,0.4810707456959663,0.49334982987970244,0,0,False,False,False
2026-09-30T15:42:00-05:00,95504.883,95511.066,6.18300000000454,6.18300000000454,0.17299999999522697,6.355999999999767,2.5390000000043074,0.17299999999522697,2.5390000000043074,10,30,3.4360000000015134,8.75050000000192,3.0535000000018044,1.7994761350412738,0.7263584938001683,0.8315048305232706,0,0,False,False,False
2026-09-30T15:43:00-05:00,95511.291,95517.302,6.010999999998603,7.065999999991618,0.8300000000017462,7.895999999993364,4.918000000005122,0.39500000000407454,4.918000000005122,10,30,3.716499999994994,8.75050000000192,3.0535000000018044,1.6173819453805192,0.9023484372312017,1.6106107745217673,0,0,False,False,False
2026-09-30T15:44:00-05:00,95517.374,95517.181,-0.1929999999993015,0.26500000001396984,0.38600000001315493,0.6510000000271248,0.13700000000244472,0.17200000000593718,0.17200000000593718,11,30,3.716499999994994,8.642000000007101,3.0535000000018044,0.0519305798465119,0.07532978477512033,0.05632880301484707,0,0,False,False,False
2026-09-30T15:45:00-05:00,95517.284,95540.505,23.221000000005006,23.335000000006403,0.010999999998603016,23.346000000005006,12.648000000001048,0.010999999998603016,12.648000000001048,10,30,3.716499999994994,8.642000000007101,3.0535000000018044,6.248082873681228,2.701457995832657,4.1421319796933265,0,0,False,False,True
2026-09-30T15:46:00-05:00,95540.439,95537.458,-2.980999999999767,1.5040000000153668,4.551000000021304,6.055000000036671,0.6770000000105938,4.43300000000454,4.43300000000454,10,30,3.716499999994994,8.75050000000192,3.2330000000001746,0.8020987488238349,0.6919604594063586,1.3711722858039903,0,0,False,False,False
2026-09-30T15:47:00-05:00,95537.458,95536.205,-1.2529999999969732,1.3709999999846332,2.6239999999816064,3.9949999999662396,1.0399999999935972,0.8730000000068685,1.0399999999935972,11,30,3.716499999994994,8.75050000000192,3.3814999999958673,0.33714516345988454,0.45654534026231214,0.3075558184222588,0,0,False,False,False
2026-09-30T15:48:00-05:00,95535.799,95535.132,-0.6670000000012806,1.6490000000048894,2.7220000000088476,4.371000000013737,0.8570000000036089,1.4820000000036089,1.4820000000036089,10,30,3.716499999994994,8.642000000007101,3.2330000000001746,0.179469931387644,0.5057856977563232,0.45839777296737666,0,0,False,False,False
2026-09-30T15:49:00-05:00,95535.132,95531.215,-3.9170000000012806,0.07600000000093132,3.993000000002212,4.069000000003143,0.07600000000093132,2.0359999999927823,2.0359999999927823,10,30,3.716499999994994,8.642000000007101,3.2330000000001746,1.0539486075626414,0.4708400833140245,0.62975564490958,0,0,False,False,False
2026-09-30T15:50:00-05:00,95528.855,95524.155,-4.69999999999709,2.519000000000233,9.578999999997905,12.097999999998137,2.338000000003376,6.161000000007334,6.161000000007334,10,30,3.816500000000815,8.642000000007101,3.2330000000001746,1.2314948251005073,1.3999074288345517,1.9056603773606562,0,0,False,False,False
2026-09-30T15:51:00-05:00,95524.093,95528.573,4.480000000010477,9.486000000004424,5.0679999999993015,14.554000000003725,8.597000000008848,3.3110000000015134,8.597000000008848,11,30,3.8690000000060536,8.642000000007101,3.272500000006403,1.1579219436555874,1.684100902567897,2.627043544688167,0,0,False,False,True
2026-09-30T15:52:00-05:00,95526.657,95524.284,-2.3730000000068685,0.6039999999920838,4.892999999996391,5.496999999988475,0.34100000000034925,1.9159999999974389,1.9159999999974389,10,30,4.198500000005879,8.642000000007101,3.5414999999993597,0.5652018578072039,0.6360796111992546,0.5410136947614811,0,0,False,False,False
2026-09-30T15:53:00-05:00,95524.327,95523.081,-1.245999999999185,0.35899999999674037,1.5619999999908032,1.9209999999875436,0.15499999999883585,1.4550000000017462,1.4550000000017462,10,30,3.8690000000060536,8.339000000014494,3.272500000006403,0.32204704057824646,0.23036335291812024,0.44461420931975537,0,0,False,False,False
2026-09-30T15:54:00-05:00,95517.095,95515.17,-1.9250000000029104,1.3960000000079162,9.30700000001525,10.703000000023167,0.9220000000059372,5.986000000004424,5.986000000004424,10,30,3.864499999996042,7.993999999998778,2.9455000000089058,0.49812394876565713,1.33887915937263,2.032252588689976,0,0,False,False,True
2026-09-30T15:55:00-05:00,95514.957,95514.554,-0.40299999999115244,0.6180000000167638,1.2340000000112923,1.852000000028056,0.45700000000942964,0.2989999999990687,0.45700000000942964,10,30,3.396499999995285,7.993999999998778,2.9455000000089058,0.11865155306689588,0.23167375532003243,0.1551519266705306,0,0,False,False,False
2026-09-30T15:56:00-05:00,95511.672,95499.489,-12.18300000000454,0,15.065000000002328,15.065000000002328,0.0,4.8769999999931315,4.8769999999931315,11,30,3.396499999995285,7.993999999998778,2.9455000000089058,3.586927719717784,1.8845384038034316,1.6557460532943085,0,0,False,False,True
2026-09-30T15:57:00-05:00,95499.231,95491.311,-7.919999999998254,0,8.177999999999884,8.177999999999884,0.0,4.726999999998952,4.726999999998952,10,30,3.864499999996042,7.993999999998778,2.9455000000089058,2.049424246346582,1.0230172629473522,1.6048209132523035,0,0,False,False,True
2026-09-30T15:58:00-05:00,95490.801,95476.428,-14.373000000006869,0.16000000000349246,15.043000000005122,15.203000000008615,0.14600000000791624,7.002999999996973,7.002999999996973,10,30,3.864499999996042,7.993999999998778,2.9455000000089058,3.7192392288838376,1.9018013510146283,2.377525038185639,0,0,False,False,True
2026-09-30T15:59:00-05:00,95477.05,95478.232,1.1820000000006985,5.723000000012689,3.919000000008964,9.642000000021653,5.099000000001979,2.271999999997206,5.099000000001979,10,30,4.198500000005879,8.135000000002037,3.272500000006403,0.2815291175417514,1.1852489244031024,1.5581359816629496,0,0,False,False,False
2026-09-30T16:00:00-05:00,95474.306,95473.184,-1.1220000000030268,0.34600000000500586,5.394000000014785,5.740000000019791,0.20300000000861473,3.926000000006752,3.926000000006752,11,30,4.198500000005879,8.135000000002037,3.5414999999993597,0.26723829939298693,0.7055931161669764,1.108569815052227,0,0,False,False,False
2026-09-30T16:01:00-05:00,95473.199,95476.816,3.617000000012922,3.643000000010943,0.010999999998603016,3.654000000009546,2.2589999999909196,0.010999999998603016,2.2589999999909196,10,30,4.198500000005879,8.135000000002037,3.794000000001688,0.8614981541045272,0.44917025199860244,0.5954138112783117,0,0,False,False,False
2026-09-30T16:02:00-05:00,95476.676,95476.54,-0.13600000001315493,4.414999999993597,4.69100000000617,9.105999999999767,2.319000000003143,2.2699999999895226,2.319000000003143,10,30,3.864499999996042,8.036999999996624,3.794000000001688,0.03519213352653493,1.133009829538832,0.6112282551402508,0,0,False,False,False
2026-09-30T16:03:00-05:00,95478.73,95485.056,6.326000000000931,8.745000000009895,0.22900000000663567,8.974000000016531,5.120000000009895,0.22900000000663567,5.120000000009895,10,30,3.7670000000071013,8.437999999994645,3.794000000001688,1.6793204141197255,1.063522161652314,1.3494992092798148,0,0,False,False,False
2026-09-30T16:04:00-05:00,95485.605,95476.882,-8.722999999998137,2.8479999999981374,11.021999999997206,13.869999999995343,1.3779999999969732,3.105999999999767,3.105999999999767,10,30,3.7670000000071013,8.437999999994645,3.794000000001688,2.3156357844389945,1.6437544441815768,0.8186610437528691,0,0,False,False,True
2026-09-30T16:05:00-05:00,95478.106,95476.791,-1.3150000000023283,1.7969999999913853,1.8879999999917345,3.68499999998312,1.224000000001979,1.379000000000815,1.379000000000815,11,30,3.7670000000071013,8.437999999994645,3.393000000003667,0.34908415184492947,0.4367148613398268,0.4064249926316901,0,0,False,False,False
2026-09-30T16:06:00-05:00,95474.095,95472.537,-1.5580000000045402,0.20699999999487773,4.460999999995693,4.66799999999057,0.09799999999813735,2.6959999999962747,2.6959999999962747,10,30,3.7670000000071013,8.036999999996624,3.393000000003667,0.4135917175475453,0.5808137364679024,0.7945770704371827,0,0,False,False,False
2026-09-30T16:07:00-05:00,95472.566,95469.816,-2.75,0.9410000000207219,3.662000000011176,4.603000000031898,0.5489999999990687,1.9879999999975553,1.9879999999975553,10,30,3.2990000000063446,7.125999999996566,3.3839999999981956,0.833585935130255,0.6459444288568785,0.5874704491721676,0,0,False,False,False
2026-09-30T16:08:00-05:00,95469.771,95468.11,-1.6609999999927823,1.239000000001397,2.945000000006985,4.184000000008382,0.8849999999947613,2.256999999997788,2.256999999997788,10,30,2.8654999999998836,6.205500000018219,2.900999999998021,0.5796545105541265,0.6742405930216901,0.7780075835916331,0,0,False,False,False
2026-09-30T16:09:00-05:00,95468.518,95476.758,8.240000000005239,8.760999999984051,0.11299999998300336,8.873999999967054,7.062000000005355,0.08899999999266583,7.062000000005355,10,30,2.5615000000034343,5.897500000028231,2.617500000000291,3.2168651180925987,1.5047053836243451,2.69799426934272,0,0,False,False,True
2026-09-30T16:10:00-05:00,95478.889,95472.625,-6.263999999995576,5.6759999999922,9.80899999999383,15.48499999998603,3.5449999999982538,3.1779999999998836,3.5449999999982538,11,30,2.5615000000034343,5.897500000028231,2.617500000000291,2.445442123750606,2.6256888511932015,1.3543457497604048,0,0,False,False,True
2026-09-30T16:11:00-05:00,95458.296,95457.323,-0.9729999999981374,2.6270000000222353,17.929000000018277,20.556000000040513,2.4500000000116415,14.328999999997905,14.328999999997905,10,30,2.8654999999998836,6.205500000018219,2.900999999998021,0.3395567963699797,3.31254532269441,4.939331265083654,0,0,False,False,True
2026-09-30T16:12:00-05:00,95457.545,95437.211,-20.33400000000256,3.186999999990803,23.29899999999907,26.485999999989872,2.6929999999993015,18.926999999996042,18.926999999996042,10,30,2.8654999999998836,7.125999999996566,3.3254999999990105,7.096143779446305,3.7168116755546783,5.691474966171004,0,0,False,False,True
2026-09-30T16:13:00-05:00,95437.205,95440.59,3.3849999999947613,5.892999999996391,2.513999999995576,8.406999999991967,2.952000000004773,1.3240000000077998,2.952000000004773,10,30,2.8654999999998836,8.036999999996624,3.735500000002503,1.1812947129627984,1.0460370785113224,0.7902556552008553,0,0,False,False,False
2026-09-30T16:14:00-05:00,95439.976,95437.391,-2.584999999991851,0.9110000000073342,4.110000000000582,5.021000000007916,0.7070000000094296,2.978000000002794,2.978000000002794,10,30,2.8654999999998836,8.292499999995925,3.3254999999990105,0.9021113243733924,0.6054868857413788,0.8955044354243512,0,0,False,False,False
2026-09-30T16:15:00-05:00,95438.787,95436.979,-1.8079999999899883,2.848999999987427,3.260999999984051,6.109999999971478,1.3959999999933643,2.6040000000066357,2.6040000000066357,11,30,2.8654999999998836,8.292499999995925,3.3254999999990105,0.6309544582062683,0.7368103708139259,0.7830401443414255,0,0,False,False,False
2026-09-30T16:16:00-05:00,95428.925,95414.303,-14.622000000003027,0.45000000001164153,23.126000000018394,23.576000000030035,0.40600000000267755,8.15899999999965,8.15899999999965,9,30,2.6674999999959255,7.143999999985681,3.0420000000012806,5.481537019690857,3.3001119820936857,2.6821170282696305,0,0,False,False,True
2026-09-30T16:17:00-05:00,95408.639,95408.926,0.28700000001117587,3.349000000001979,8.72599999999511,12.07499999999709,2.989000000001397,5.664000000004307,5.664000000004307,10,30,2.6674999999959255,8.292499999995925,3.0420000000012806,0.10759137769882446,1.4561350618031983,1.861932938856648,0,0,False,False,False
2026-09-30T16:18:00-05:00,95403.142,95400.043,-3.099000000001979,1.9800000000104774,10.863000000012107,12.843000000022585,1.559000000008382,5.783999999999651,5.783999999999651,10,30,2.6674999999959255,8.640499999979511,3.3254999999990105,1.1617619493933318,1.4863723164230125,1.7392873252146661,0,0,False,False,False
2026-09-30T16:19:00-05:00,95397.873,95388.301,-9.572000000000116,1.4170000000158325,13.159000000014203,14.576000000030035,0.783000000010361,6.040000000008149,6.040000000008149,9,30,2.9245000000009895,8.923999999991793,3.735500000002503,3.273038126174347,1.633348274321318,1.6169187525108024,0,0,False,False,True
2026-09-30T16:20:00-05:00,95390.014,95390.453,0.4389999999984866,2.1959999999962747,0.04400000000896398,2.2400000000052387,1.7129999999888241,0.01800000001094304,1.7129999999888241,10,30,2.9245000000009895,9.040000000008149,4.326500000002852,0.15011113010714244,0.24778761061982515,0.39593204668616544,0,0,False,False,False
2026-09-30T16:21:00-05:00,95390.224,95389.784,-0.4400000000023283,1.5850000000064028,2.254000000000815,3.8390000000072177,1.0050000000046566,1.577000000004773,1.577000000004773,9,30,2.6674999999959255,8.923999999991793,3.735500000002503,0.16494845360937221,0.43018825638847474,0.4221657074029491,0,0,False,False,False
2026-09-30T16:22:00-05:00,95390.503,95390.108,-0.39500000000407454,1.157999999995809,0.8340000000025611,1.9919999999983702,0.7189999999973224,0.6670000000012806,0.7189999999973224,9,30,2.4789999999993597,8.640499999979511,3.3254999999990105,0.15933844292221724,0.23054221399260388,0.21620808900843072,0,0,False,False,False
2026-09-30T16:23:00-05:00,95390.153,95394.425,4.271999999997206,4.35899999999674,0.04199999998672865,4.400999999983469,2.437999999994645,0.024999999994179234,2.437999999994645,10,30,2.2549999999973807,8.640499999979511,3.3254999999990105,1.8944567627504072,0.5093455239851751,0.7331228386694844,0,0,False,False,False
2026-09-30T16:24:00-05:00,95394.404,95392.3,-2.1039999999920838,1.400999999998021,3.525999999998021,4.926999999996042,1.293999999994412,2.154999999998836,2.154999999998836,10,30,2.6674999999959255,8.640499999979511,3.3254999999990105,0.7887535145249476,0.5702216306935624,0.6480228537060524,0,0,False,False,False
2026-09-30T16:25:00-05:00,95391.783,95376.986,-14.796999999991385,2.5359999999927823,17.84999999999127,20.38599999998405,2.0249999999941792,13.694999999992433,13.694999999992433,10,30,2.6674999999959255,8.292499999995925,3.0420000000012806,5.547141518280783,2.4583659933667854,4.501972386583389,0,0,False,False,True
2026-09-30T16:26:00-05:00,95374.334,95372.792,-1.5420000000012806,0.39699999999720603,4.591000000000349,4.987999999997555,0.2620000000024447,2.6520000000018626,2.6520000000018626,9,30,2.9245000000009895,8.640499999979511,3.3254999999990105,0.5272696187385053,0.5772814073270509,0.7974740640513162,0,0,False,False,False
2026-09-30T16:27:00-05:00,95372.792,95372.234,-0.5580000000045402,0.2679999999963911,0.8260000000009313,1.0939999999973224,0.18599999998696148,0.6019999999989523,0.6019999999989523,10,30,2.6674999999959255,8.292499999995925,3.0420000000012806,0.20918462980520808,0.13192643955355562,0.19789612097261633,0,0,False,False,False
2026-09-30T16:28:00-05:00,95372.562,95372.452,-0.11000000000058208,1.7799999999988358,1.5619999999908032,3.341999999989639,0.9599999999918509,0.8519999999989523,0.9599999999918509,10,30,2.3444999999919673,7.258499999981723,2.9650000000037835,0.0469183194715116,0.4604257077905978,0.32377740303225155,0,0,False,False,False
2026-09-30T16:29:00-05:00,95372.441,95368.872,-3.569000000003143,0.0629999999946449,3.642999999996391,3.705999999991036,0.04799999999522697,2.2489999999961583,2.2489999999961583,10,30,1.955999999991036,5.924999999995634,2.824000000000524,1.824642126799335,0.6254852320664585,0.7963881019814947,0,0,False,False,False
2026-09-30T16:30:00-05:00,95371.67,95377.811,6.14100000000326,12.478000000002794,3.5390000000043074,16.0170000000071,9.059000000008382,1.5170000000071013,9.059000000008382,9,30,2.3444999999919673,5.380500000013853,2.6739999999990687,2.6193218170289185,2.976860886528364,3.3878085265562965,0,0,False,False,True
2026-09-30T16:31:00-05:00,95376.734,95373.891,-2.8429999999934807,0.7210000000050059,4.64100000000326,5.3620000000082655,0.41899999999441206,1.8620000000082655,1.8620000000082655,9,30,2.6674999999959255,5.565499999989697,2.6739999999990687,1.065791940017928,0.9634354505467957,0.696335078537365,0,0,False,False,False
2026-09-30T16:32:00-05:00,95372.625,95372.101,-0.5240000000048894,4.301000000006752,6.091000000014901,10.392000000021653,3.7730000000010477,3.7850000000034925,3.7850000000034925,10,30,2.6674999999959255,5.735999999989872,2.6739999999990687,0.1964386129355913,1.811715481178522,1.4154824233376255,0,0,False,False,False
2026-09-30T16:33:00-05:00,95372.83,95370.027,-2.8029999999998836,1.397000000011758,3.471000000005006,4.868000000016764,0.7290000000066357,1.5299999999988358,1.5299999999988358,9,30,2.6674999999959255,5.735999999989872,2.824000000000524,1.0507966260559194,0.8486750348719245,0.5417847025490623,0,0,False,False,False
2026-09-30T16:34:00-05:00,95368.67,95368.882,0.21199999999953434,1.1670000000012806,2.312000000005355,3.4790000000066357,0.6290000000008149,1.3570000000036089,1.3570000000036089,10,30,2.6674999999959255,5.191500000008091,2.6739999999990687,0.07947516401119331,0.6701338726767242,0.5074794315647275,0,0,False,False,False
2026-09-30T16:35:00-05:00,95368.805,95367.147,-1.657999999995809,0.9410000000207219,2.676000000021304,3.617000000042026,0.5200000000040745,1.2910000000119908,1.2910000000119908,9,30,2.3444999999919673,5.004500000002736,2.628000000004249,0.7071870334832543,0.7227495254351182,0.49124809741624936,0,0,False,False,False
2026-09-30T16:36:00-05:00,95366.033,95366.924,0.8910000000032596,1.4540000000124564,1.6770000000105938,3.1310000000230502,1.2880000000004657,1.114000000001397,1.2880000000004657,9,30,2.3444999999919673,5.004500000002736,2.628000000004249,0.3800383877186233,0.6256369267701746,0.4901065449004502,0,0,False,False,False
2026-09-30T16:37:00-05:00,95367.007,95366.067,-0.9400000000023283,1.379000000000815,2.236000000004424,3.6150000000052387,0.9879999999975553,1.1279999999969732,1.1279999999969732,10,30,2.3444999999919673,5.004500000002736,2.5210000000006403,0.4009383663917888,0.7223498851040588,0.44744149147032397,0,0,False,False,False
2026-09-30T16:38:00-05:00,95360.903,95360.016,-0.8870000000024447,1.0489999999990687,7.099999999991269,8.148999999990338,0.7360000000044238,5.1639999999897555,5.1639999999897555,9,30,1.955999999991036,5.004500000002736,2.5210000000006403,0.45347648262091494,1.6283344989481232,2.0483934946403983,0,0,False,False,True
2026-09-30T16:39:00-05:00,95360.085,95359.463,-0.6220000000030268,0.4919999999983702,1.0449999999982538,1.536999999996624,0.2479999999923166,0.50700000001234,0.50700000001234,9,30,1.955999999991036,5.191500000008091,2.628000000004249,0.3179959100234547,0.2960608687266163,0.1929223744336074,0,0,False,False,False
2026-09-30T16:40:00-05:00,95360.816,95356.35,-4.466000000000349,1.7549999999901047,4.86799999998766,6.622999999977765,1.353000000002794,3.625,3.625,10,30,1.7329999999928987,5.004500000002736,2.5210000000006403,2.577034045019417,1.3234089319560685,1.437921459737834,0,0,False,False,True
2026-09-30T16:41:00-05:00,95356.204,95357.284,1.0800000000017462,1.9949999999953434,1.0610000000015134,3.055999999996857,1.5080000000016298,0.5209999999933643,1.5080000000016298,10,30,1.7329999999928987,5.004500000002736,2.5210000000006403,0.6231967686129093,0.610650414625874,0.5981753272515854,0,0,False,False,False
2026-09-30T16:42:00-05:00,95357.573,95369.216,11.642999999996391,12.585999999995693,0.6539999999949941,13.239999999990687,4.207999999998719,0.5549999999930151,4.207999999998719,9,30,1.7329999999928987,4.957499999996799,2.3434999999954016,6.718407386061224,2.670700958144072,1.795604864521859,0,0,False,False,True
2026-09-30T16:43:00-05:00,95369.357,95369.303,-0.05400000000372529,1.7839999999996508,1.6970000000001164,3.480999999999767,0.8959999999933643,1.588000000003376,1.588000000003376,10,30,1.7329999999928987,4.957499999996799,2.3434999999954016,0.0311598384327447,0.7021684316695945,0.6776189460236791,0,0,False,False,False
2026-09-30T16:44:00-05:00,95372.497,95376.825,4.327999999994063,8.14199999999255,0.6199999999953434,8.761999999987893,3.194000000003143,0.27899999999499414,3.194000000003143,10,30,1.5999999999985448,4.897500000006403,2.201999999997497,2.7049999999987495,1.7890760592090735,1.4504995458704695,0,0,False,False,True
2026-09-30T16:45:00-05:00,95378.707,95376.775,-1.9320000000006985,2.1119999999937136,2.161999999996624,4.2739999999903375,1.881999999997788,2.065999999991618,2.065999999991618,9,30,1.5999999999985448,4.897500000006403,2.201999999997497,1.2075000000015348,0.8726901480315977,0.9382379654831818,0,0,False,False,False
2026-09-30T16:46:00-05:00,95376.601,95376.854,0.2530000000115251,0.5040000000008149,0.42499999998835847,0.9289999999891734,0.22199999999429565,0.17499999998835847,0.22199999999429565,9,30,1.5999999999985448,4.634500000000116,2.110499999995227,0.158125000007347,0.20045312331193227,0.10518834399184919,0,0,False,False,False
2026-09-30T16:47:00-05:00,95377.357,95377.781,0.4239999999990687,1.559000000008382,0.63200000001234,2.191000000020722,0.5059999999939464,0.6310000000084983,0.6310000000084983,9,30,1.3110000000015134,4.337499999986903,1.9639999999999418,0.3234172387479628,0.5051296830034208,0.3212830957273508,0,0,False,False,False
2026-09-30T16:48:00-05:00,95377.783,95384.911,7.127999999996973,8.54299999999057,1.4130000000004657,9.955999999991036,7.931000000011409,0.635999999998603,7.931000000011409,10,30,1.3110000000015134,4.056499999998778,1.7874999999985448,5.437070938206518,2.454332552691738,4.436923076933072,0,0,False,False,True
2026-09-30T16:49:00-05:00,95384.911,95382.267,-2.643999999985681,1.6750000000029104,4.318999999988591,5.993999999991502,1.1860000000015134,3.6019999999989523,3.6019999999989523,9,30,1.3110000000015134,4.056499999998778,1.7874999999985448,2.0167810831293886,1.4776284974715415,2.0151048951059494,0,0,False,False,True
2026-09-30T16:50:00-05:00,95382.205,95383.093,0.8879999999917345,1.731999999989057,0.9060000000026776,2.6379999999917345,1.6539999999949941,0.8110000000015134,1.6539999999949941,9,30,1.3110000000015134,4.056499999998778,1.7874999999985448,0.6773455377503504,0.6503143103642375,0.9253146853126382,0,0,False,False,False
2026-09-30T16:51:00-05:00,95384.98,95379.175,-5.804999999993015,3.0509999999922,6.9689999999827705,10.01999999997497,1.8870000000024447,3.690999999991618,3.690999999991618,10,30,1.3110000000015134,4.056499999998778,1.7580000000016298,4.42791762012686,2.4701097004752843,2.099544937422182,0,0,False,False,True
2026-09-30T16:52:00-05:00,95379.265,95382.913,3.6480000000010477,3.7889999999897555,0.05099999999220017,3.8399999999819556,1.6859999999869615,0.037999999985913746,1.6859999999869615,9,30,1.5999999999985448,4.337499999986903,1.9639999999999418,2.2800000000027283,0.8853025936584554,0.8584521384862583,0,0,False,False,True
2026-09-30T16:53:00-05:00,95382.824,95382.093,-0.7309999999997672,1.6920000000100117,2.5120000000169966,4.204000000027008,1.418999999994412,1.006999999997788,1.418999999994412,9,30,1.7949999999982538,4.337499999986903,1.9639999999999418,0.40724233983313557,0.9692219020264443,0.7225050916468707,0,0,False,False,False
2026-09-30T16:54:00-05:00,95382.155,95384.804,2.6490000000048894,3.548000000009779,0.8369999999995343,4.385000000009313,1.6929999999993015,0.827000000004773,1.6929999999993015,9,30,1.5999999999985448,4.239000000008673,1.7739999999976135,1.6556250000045616,1.03444208539758,0.9543404735070908,0,0,False,False,False
2026-09-30T16:55:00-05:00,95384.823,95385.342,0.5190000000002328,0.9370000000053551,0.39900000000488944,1.3360000000102445,0.3240000000077998,0.19700000000011642,0.3240000000077998,10,30,1.5999999999985448,4.239000000008673,1.6894999999931315,0.32437500000044056,0.31516867185834185,0.1917727138260533,0,0,False,False,False
2026-09-30T16:56:00-05:00,95385.297,95385.729,0.4320000000006985,1.5279999999911524,1.1409999999887077,2.66899999997986,0.6190000000060536,1.095999999990454,1.095999999990454,9,30,1.3110000000015134,4.022000000004482,1.6699999999909778,0.32951945080106776,0.66360019890027,0.65628742514753,0,0,False,False,False
2026-09-30T16:57:00-05:00,95385.545,95384.254,-1.2909999999974389,0,1.4750000000058208,1.4750000000058208,0.0,0.8800000000046566,0.8800000000046566,9,30,1.0100000000020373,3.772999999986496,1.620999999999185,1.2782178217770641,0.3909355950201696,0.5428747686644657,0,0,False,False,False
2026-09-30T16:58:00-05:00,95383.981,95380.616,-3.3650000000052387,0.005000000004656613,3.643000000010943,3.6480000000155997,0.005000000004656613,1.059000000008382,1.059000000008382,10,30,1.1854999999995925,3.772999999986496,1.620999999999185,2.8384647827974656,0.9668698648366436,0.6533004318377016,0,0,False,False,True
2026-09-30T16:59:00-05:00,95380.061,95382.937,2.8760000000038417,3.7140000000072177,1.3929999999963911,5.107000000003609,2.5090000000054715,0.838000000003376,2.5090000000054715,9,30,1.474499999996624,3.772999999986496,1.620999999999185,1.950491692106088,1.3535648025501954,1.547809993835122,0,0,False,False,False
2026-09-30T17:00:00-05:00,95382.937,95374.212,-8.72500000000582,0.5130000000062864,9.238000000012107,9.751000000018394,0.4979999999923166,5.219000000011874,5.219000000011874,10,30,1.474499999996624,4.022000000004482,1.620999999999185,5.917260088182975,2.4244157135772073,3.219617520058296,0,0,False,False,True
2026-09-30T17:01:00-05:00,95372.908,95375.149,2.2410000000090804,3.7080000000132713,2.7710000000079162,6.479000000021188,2.3470000000088476,1.3040000000037253,2.3470000000088476,9,30,1.474499999996624,4.022000000004482,1.620999999999185,1.5198372329699636,1.6108901044291317,1.4478716841517751,0,0,False,False,False
2026-09-30T17:02:00-05:00,95379.437,95377.102,-2.335000000006403,5.4100000000034925,3.4570000000094296,8.867000000012922,4.288000000000466,3.2600000000093132,4.288000000000466,10,30,1.474499999996624,4.022000000004482,1.620999999999185,1.583587656840793,2.204624564893844,2.645280690933141,0,0,False,False,True
2026-09-30T17:03:00-05:00,95379.013,95391.18,12.166999999986729,15.793000000005122,1.7150000000110595,17.50800000001618,9.20899999998801,1.6790000000037253,9.20899999998801,9,30,1.7949999999982538,4.022000000004482,1.620999999999185,6.778272980500593,4.353058180009118,5.681061073406934,0,0,False,False,True
2026-09-30T17:04:00-05:00,95389.198,95391.716,2.517999999996391,2.9199999999982538,2.3839999999909196,5.303999999989173,1.6739999999990687,1.981999999989057,1.981999999989057,9,30,1.7949999999982538,4.022000000004482,1.6699999999909778,1.4027855153196884,1.3187468920893244,1.1868263473052483,0,0,False,False,False
2026-09-30T17:05:00-05:00,95391.782,95391.234,-0.5480000000097789,2.437000000005355,2.919000000008964,5.356000000014319,1.3059999999968568,2.13300000000163,2.13300000000163,10,30,2.0865000000048894,4.239000000008673,1.6894999999931315,0.26264078600934326,1.2635055437611136,1.2625036993254226,0,0,False,False,False
2026-09-30T17:06:00-05:00,95387.08,95387.435,0.35499999999592546,2.264999999999418,6.063999999998487,8.328999999997905,0.9470000000001164,4.153999999994994,4.153999999994994,9,30,2.0865000000048894,4.329499999999825,1.8374999999941792,0.17014138509230461,1.9237787273353137,2.2606802721132806,0,0,False,False,True
2026-09-30T17:07:00-05:00,95387.545,95373.472,-14.073000000003958,14.33599999998114,28.298999999984517,42.63499999996566,5.349999999991269,27.22499999999127,27.22499999999127,10,30,2.0865000000048894,4.746000000006461,2.0239999999903375,6.744787922344107,8.98335440368892,13.45108695658164,2,0,True,False,True
2026-09-30T17:08:00-05:00,95372.818,95380.462,7.644000000000233,9.75899999999092,2.768999999985681,12.5279999999766,5.986999999993714,1.6869999999908032,5.986999999993714,9,30,2.2880000000077416,5.205499999996391,2.099499999996624,3.3409090908978882,2.4066852367659757,2.851631340797019,0,0,False,False,True
2026-09-30T17:09:00-05:00,95380.569,95396.204,15.634999999994761,15.835000000006403,0.09300000000803266,15.928000000014435,6.2629999999917345,0.09300000000803266,6.2629999999917345,10,30,2.426500000001397,5.205499999996391,2.099499999996624,6.44343704924202,3.0598405532658686,2.9830912121942394,0,0,False,False,True
2026-09-30T17:10:00-05:00,95396.104,95393.145,-2.959000000002561,0.39400000000023283,3.452999999994063,3.8469999999942956,0.39400000000023283,1.0720000000001164,1.0720000000001164,9,30,2.580999999991036,5.330000000001746,2.2400000000052387,1.1464548624613862,0.7217636022501004,0.47857142857036133,0,0,False,False,False
2026-09-30T17:11:00-05:00,95393.666,95397.104,3.438000000009197,5.272000000011758,1.3130000000091968,6.585000000020955,1.562000000005355,1.0979999999981374,1.562000000005355,9,30,2.580999999991036,5.205499999996391,2.099499999996624,1.3320418442546056,1.2650081644463587,0.7439866634950545,0,0,False,False,False
2026-09-30T17:12:00-05:00,95397.165,95400.404,3.239000000001397,3.6310000000084983,0.33100000002013985,3.962000000028638,2.029000000009546,0.15000000000873115,2.029000000009546,10,30,2.646499999995285,5.330000000001746,2.099499999996624,1.2238805970176336,0.7433395872471558,0.966420576333798,0,0,False,False,False
2026-09-30T17:13:00-05:00,95400.521,95403.818,3.297000000005937,3.980999999999767,0.5669999999954598,4.547999999995227,2.6159999999945285,0.28599999999278225,2.6159999999945285,10,30,2.646499999995285,5.205499999996391,2.047500000000582,1.2457963347862502,0.8736912880603939,1.2776556776526422,0,0,False,False,False
2026-09-30T17:14:00-05:00,95405.129,95404.996,-0.13300000000162981,3.0969999999942956,1.918999999994412,5.015999999988708,1.3110000000015134,1.0250000000087311,1.3110000000015134,9,30,2.7625000000043656,5.205499999996391,2.099499999996624,0.04814479638060439,0.9635961963293027,0.6244343891419964,0,0,False,False,False
2026-09-30T17:15:00-05:00,95405.04,95407.284,2.2440000000060536,3.81600000000617,1.5280000000057044,5.344000000011874,3.38300000000163,1.0199999999895226,3.38300000000163,9,30,2.646499999995285,5.061499999996158,2.047500000000582,0.8479123370527305,1.0558134940266581,1.6522588522591786,0,0,False,False,False
2026-09-30T17:16:00-05:00,95403.615,95404.581,0.9660000000003492,3.349000000001979,6.051999999996042,9.400999999998021,1.1869999999908032,3.668999999994412,3.668999999994412,10,30,2.646499999995285,5.205499999996391,2.081000000005588,0.3650103910833441,1.8059744501017267,1.7630946660185296,0,0,False,False,False
2026-09-30T17:17:00-05:00,95407.398,95408.54,1.1419999999925494,4.778999999994994,0.8200000000069849,5.599000000001979,2.81699999999546,0.521999999997206,2.81699999999546,9,30,2.646499999995285,5.324000000000524,2.2400000000052387,0.43151331947651006,1.0516528925622517,1.2575892857093176,0,0,False,False,False
2026-09-30T17:18:00-05:00,95408.553,95419.539,10.986000000004424,16.586000000010245,5.586999999999534,22.17300000000978,16.213000000003376,4.641999999992549,16.213000000003376,9,30,2.646499999995285,5.350000000013097,2.4280000000071595,4.151143019090873,4.144485981300093,6.677512355830135,0,0,False,False,True
2026-09-30T17:19:00-05:00,95419.676,95416.647,-3.029000000009546,0.2470000000030268,3.139000000010128,3.386000000013155,0.13700000000244472,1.0359999999927823,1.0359999999927823,10,30,2.646499999995285,5.350000000013097,2.4280000000071595,1.1445305120026232,0.6328971962625918,0.42668863261520895,0,0,False,False,False
2026-09-30T17:20:00-05:00,95415.852,95418.54,2.687999999994645,2.786000000007334,0.893000000010943,3.679000000018277,0.842000000004191,0.7949999999982538,0.842000000004191,9,30,2.7625000000043656,5.324000000000524,2.2400000000052387,0.9730316742046686,0.6910217881325912,0.375892857143849,0,0,False,False,False
2026-09-30T17:21:00-05:00,95417.819,95416.603,-1.2160000000003492,0.3000000000029104,2.2369999999937136,2.536999999996624,0.2970000000059372,0.760999999998603,0.760999999998603,10,30,2.7819999999992433,5.324000000000524,2.2400000000052387,0.43709561466595254,0.4765214124711447,0.3397321428557247,0,0,False,False,False
2026-09-30T17:22:00-05:00,95416.503,95415.254,-1.2489999999961583,0.07399999999324791,1.422999999995227,1.4969999999884749,0.07399999999324791,1.128999999986263,1.128999999986263,10,30,2.668499999999767,5.205499999996391,2.081000000005588,0.46805321341437783,0.28758044375939157,0.5425276309386023,0,0,False,False,False
2026-09-30T17:23:00-05:00,95414.898,95411.023,-3.875,0.09999999999126885,4.330999999991036,4.430999999982305,0.08899999999266583,1.4030000000057044,1.4030000000057044,9,30,2.5835000000006403,5.205499999996391,2.081000000005588,1.4999032320491734,0.8512150609903711,0.6741950985112624,0,0,False,False,False
2026-09-30T17:24:00-05:00,95413.697,95413.165,-0.5320000000065193,3.293999999994412,1.1520000000018626,4.445999999996275,2.6739999999990687,0.569999999992433,2.6739999999990687,10,30,2.668499999999767,5.205499999996391,2.081000000005588,0.1993629379825991,0.8540966285658164,1.2849591542488652,0,0,False,False,False
2026-09-30T17:25:00-05:00,95413.25,95396.82,-16.429999999993015,0.6810000000114087,17.02599999999802,17.70700000000943,0.4380000000091968,7.347999999998137,7.347999999998137,10,30,2.602999999995518,5.205499999996391,2.2400000000052387,6.3119477526013466,3.40159446739443,3.2803571428486396,0,0,False,False,True
2026-09-30T17:26:00-05:00,95396.226,95388.106,-8.119999999995343,0.5929999999934807,9.307000000000698,9.89999999999418,0.5529999999998836,4.101999999998952,4.101999999998952,9,30,2.7819999999992433,5.324000000000524,2.4280000000071595,2.9187634795102633,1.8595041322301287,1.68945634266345,0,0,False,False,True
2026-09-30T17:27:00-05:00,95388.095,95389.797,1.702000000004773,3.495000000024447,1.8040000000182772,5.299000000042724,2.5670000000100117,1.1310000000084983,2.5670000000100117,10,30,2.9175000000032014,5.350000000013097,2.5625,0.5833761782357859,0.9904672897251874,1.0017560975648827,0,0,False,False,False
2026-09-30T17:28:00-05:00,95390.624,95393.679,3.055000000007567,4.246999999988475,0.3649999999906868,4.611999999979162,1.0729999999894062,0.23799999999755528,1.0729999999894062,10,30,2.9175000000032014,5.350000000013097,2.59150000000227,1.047129391603844,0.8620560747603498,0.4140459193472762,0,0,False,False,False
2026-09-30T17:29:00-05:00,95395.593,95379.93,-15.663000000000466,1.9619999999849824,15.710999999995693,17.672999999980675,1.9139999999897555,8.663000000000466,8.663000000000466,8,30,2.9175000000032014,5.350000000013097,2.59150000000227,5.368637532127945,3.3033644859696096,3.3428516303271762,0,0,False,False,True
2026-09-30T17:30:00-05:00,95374.386,95370.147,-4.239000000001397,2.831000000005588,12.614000000001397,15.445000000006985,1.4440000000031432,6.188999999998487,6.188999999998487,10,30,2.9940000000060536,5.477500000008149,2.6449999999967986,1.4158316633242571,2.819717024186948,2.3398865784521656,0,0,False,False,True
2026-09-30T17:31:00-05:00,95366.095,95367.177,1.0819999999948777,2.411000000007334,5.381000000008498,7.7920000000158325,1.0249999999941792,4.051999999996042,4.051999999996042,9,30,2.9940000000060536,5.477500000008149,2.6449999999967986,0.3613894455553407,1.4225467822919653,1.531947069943647,0,0,False,False,False
2026-09-30T17:32:00-05:00,95364.647,95371.498,6.8510000000096625,6.980999999999767,2.6599999999889405,9.640999999988708,1.8060000000114087,2.529999999998836,2.529999999998836,9,30,2.9940000000060536,5.477500000008149,2.7454999999972642,2.2882431529712126,1.7601095390185968,0.9215079220547648,0,0,False,False,True
2026-09-30T17:33:00-05:00,95373.31,95371.574,-1.7360000000044238,4.141999999992549,4.06600000000617,8.20799999999872,1.8119999999908032,3.831000000005588,3.831000000005588,9,30,3.0420000000085565,5.477500000008149,2.6449999999967986,0.5706771860616505,1.4984938384274775,1.4483931947108601,0,0,False,False,False
2026-09-30T17:34:00-05:00,95371.603,95370.695,-0.907999999995809,0.8640000000159489,1.743000000002212,2.607000000018161,0.8130000000091968,1.1589999999996508,1.1589999999996508,10,30,2.9940000000060536,5.477500000008149,2.6449999999967986,0.3032732130908394,0.47594705614135685,0.438185255198886,0,0,False,False,False
2026-09-30T17:35:00-05:00,95370.294,95376.594,6.30000000000291,7.041000000011991,1.1420000000216532,8.183000000033644,6.422000000005937,0.41000000000349246,6.422000000005937,9,30,2.9940000000060536,5.477500000008149,2.6449999999967986,2.1042084168303847,1.4939297124639837,2.4279773156951645,0,0,False,False,True
2026-09-30T17:36:00-05:00,95376.619,95374.384,-2.235000000000582,2.004000000000815,4.213999999992666,6.217999999993481,1.5900000000110595,4.027999999991152,4.027999999991152,9,30,3.0420000000085565,6.092000000011467,2.7454999999972642,0.7347140039428979,1.0206828627678557,1.4671280276799004,0,0,False,False,False
2026-09-30T17:37:00-05:00,95375.651,95398.057,22.406000000002678,23.785999999992782,0.11299999999755528,23.898999999990338,12.688000000009197,0.10199999999895226,12.688000000009197,10,30,3.0420000000085565,5.90849999999773,2.7454999999972642,7.365548980913759,4.044850638909963,4.621380440729135,0,0,False,False,True
2026-09-30T17:38:00-05:00,95396.97,95397.673,0.7029999999940628,1.8429999999934807,2.2269999999989523,4.069999999992433,1.2629999999917345,1.0869999999995343,1.2629999999917345,9,30,3.0420000000085565,5.90849999999773,2.7454999999972642,0.23109796186459086,0.6888381145796728,0.4600254962640659,0,0,False,False,False
2026-09-30T17:39:00-05:00,95397.417,95394.018,-3.3990000000048894,3.4360000000015134,7.091000000000349,10.527000000001863,2.1120000000082655,2.769000000000233,2.769000000000233,9,30,2.9940000000060536,5.471500000006927,2.6449999999967986,1.135270541081502,1.923969660968388,1.046880907373756,0,0,False,False,False
2026-09-30T17:40:00-05:00,95394.009,95390.095,-3.9140000000043074,0.47699999999895226,4.399999999994179,4.8769999999931315,0.39999999999417923,1.870999999999185,1.870999999999185,10,30,2.9940000000060536,5.471500000006927,2.6449999999967986,1.307281229123712,0.8913460659758672,0.7073724007566917,0,0,False,False,False
2026-09-30T17:41:00-05:00,95389.935,95392.506,2.5709999999962747,5.336999999999534,2.926000000006752,8.263000000006286,3.4910000000090804,1.6790000000037253,3.4910000000090804,9,30,3.0420000000085565,5.471500000006927,2.6449999999967986,0.8451676528563586,1.5101891620206207,1.3198487712715712,0,0,False,False,False
2026-09-30T17:42:00-05:00,95392.615,95388.105,-4.510000000009313,1.228000000002794,5.629000000000815,6.857000000003609,0.8659999999945285,3.5160000000032596,3.5160000000032596,10,30,2.8585000000020955,5.471500000006927,2.7214999999996508,1.5777505684820734,1.2532212373197347,1.291934594893886,0,0,False,False,False
2026-09-30T17:43:00-05:00,95388.105,95382.25,-5.8549999999959255,5.819000000003143,11.673999999999069,17.493000000002212,3.0570000000006985,11.673999999999069,11.673999999999069,10,30,2.8585000000020955,5.90849999999773,2.7929999999978463,2.0482770683895866,2.9606499111464726,4.179735051918392,0,0,False,False,True
2026-09-30T17:44:00-05:00,95382.314,95373.151,-9.163000000000466,0.08000000000174623,9.179000000003725,9.259000000005472,0.0639999999984866,4.141999999992549,4.141999999992549,10,30,2.8585000000020955,6.537499999998545,3.099999999998545,3.205527374494927,1.4162906309762957,1.3361290322562882,0,0,False,False,True
2026-09-30T17:45:00-05:00,95373.131,95373.42,0.28900000000430737,1.5500000000029104,1.2810000000026776,2.831000000005588,0.41499999999359716,0.702000000004773,0.702000000004773,10,30,3.0420000000085565,7.324500000009721,3.437000000005355,0.09500328731212836,0.38651102464357034,0.2042478906033399,0,0,False,False,False
2026-09-30T17:46:00-05:00,95373.228,95384.75,11.521999999997206,11.96799999999348,0.6379999999917345,12.605999999985215,5.930999999996857,0.3840000000054715,5.930999999996857,10,30,3.0420000000085565,7.324500000009721,3.15400000000227,3.7876397107050614,1.7210731107882429,1.8804692454003131,0,0,False,False,True
2026-09-30T17:47:00-05:00,95384.928,95382.351,-2.577000000004773,0.6279999999824213,3.0269999999873107,3.654999999969732,0.3279999999940628,1.2949999999982538,1.2949999999982538,9,30,3.227000000006228,7.324500000009721,3.15400000000227,0.7985745274247906,0.4990101713379591,0.4105897273295249,0,0,False,False,False
2026-09-30T17:48:00-05:00,95382.472,95384.604,2.13200000001234,5.8769999999931315,3.6239999999816064,9.500999999974738,4.30800000000454,1.6940000000031432,4.30800000000454,10,30,3.227000000006228,7.324500000009721,3.1300000000046566,0.6606755500490317,1.29715338930468,1.3763578274754413,0,0,False,False,False
2026-09-30T17:49:00-05:00,95384.787,95391.597,6.809999999997672,10.04499999996915,3.05199999998149,13.09699999995064,6.98399999999674,1.1380000000062864,6.98399999999674,10,30,3.0420000000085565,7.324500000009721,3.1300000000046566,2.2386587771132533,1.7881084032948678,2.2313099041489934,0,0,False,False,True
2026-09-30T17:50:00-05:00,95391.77,95392.917,1.146999999997206,3.5160000000032596,2.1959999999962747,5.711999999999534,2.396999999997206,1.3929999999963911,2.396999999997206,9,30,3.227000000006228,7.987500000024738,3.50350000000617,0.35543848775797715,0.7151173708897457,0.6841729698852532,0,0,False,False,False
2026-09-30T17:51:00-05:00,95392.904,95389.404,-3.5,0.10400000000663567,3.617000000012922,3.7210000000195578,0.0639999999984866,1.3999999999941792,1.3999999999941792,10,30,3.227000000006228,7.987500000024738,3.50350000000617,1.0845986984794684,0.46585289514967554,0.39960039959803445,0,0,False,False,False
2026-09-30T17:52:00-05:00,95388.097,95400.36,12.263000000006286,12.384000000020023,1.4280000000144355,13.812000000034459,4.24900000001071,1.3070000000006985,4.24900000001071,10,30,3.4495000000024447,7.987500000024738,3.50350000000617,3.5550079721691827,1.7292018779332308,1.212787212788134,0,0,False,False,True
2026-09-30T17:53:00-05:00,95400.36,95398.992,-1.368000000002212,3.0489999999990687,4.417000000001281,7.466000000000349,1.3929999999963911,4.239000000001397,4.239000000001397,9,30,3.6875,8.195500000016182,3.673500000004424,0.37098305084805744,0.9109877371710826,1.1539403838291253,0,0,False,False,False
2026-09-30T17:54:00-05:00,95399.034,95404.491,5.456999999994878,5.551999999996042,0.052999999999883585,5.6049999999959255,2.2859999999927823,0.052999999999883585,2.2859999999927823,10,30,3.4495000000024447,8.195500000016182,3.92949999999837,1.5819684012149617,0.6839119028716806,0.5817534037393385,0,0,False,False,False
2026-09-30T17:55:00-05:00,95405.709,95411.24,5.5310000000026776,6.962000000014086,0.21300000000337604,7.175000000017462,2.894000000000233,0.21300000000337604,2.894000000000233,10,30,3.7070000000021537,8.195500000016182,3.92949999999837,1.4920420825463891,0.8754804465869435,0.7364804682533231,0,0,False,False,False
2026-09-30T17:56:00-05:00,95410.299,95410.679,0.3800000000046566,1.0120000000169966,1.57300000001851,2.5850000000355067,0.6350000000093132,0.94100000000617,0.94100000000617,9,30,3.7070000000021537,7.987500000024738,3.673500000004424,0.10250876719839111,0.3236306729298905,0.2561589764543451,0,0,False,False,False
2026-09-30T17:57:00-05:00,95410.814,95414.735,3.9210000000020955,4.188999999998487,0.13300000000162981,4.322000000000116,3.338000000003376,0.09900000000197906,3.338000000003376,10,30,3.4495000000024447,7.629000000008091,3.50350000000617,1.136686476300715,0.5665224800099007,0.9527615241893813,0,0,False,False,False
2026-09-30T17:58:00-05:00,95415.874,95407.07,-8.803999999989173,2.9879999999975553,10.652999999991152,13.640999999988708,1.1389999999955762,10.652999999991152,10.652999999991152,9,30,3.7070000000021537,7.629000000008091,3.50350000000617,2.37496628000649,1.7880456154114879,3.040673612094303,0,0,False,False,True
2026-09-30T17:59:00-05:00,95406.058,95418.092,12.03399999999965,12.653000000005704,1.6310000000084983,14.284000000014203,7.30899999999383,1.0120000000024447,7.30899999999383,10,30,3.9175000000032014,7.987500000024738,3.673500000004424,3.07185705168853,1.7882942096988999,1.9896556417544653,0,0,False,False,True
2026-09-30T18:00:00-05:00,95413.58,95415.349,1.7690000000002328,7.36699999999837,10.110000000000582,17.476999999998952,2.654000000009546,4.562999999994645,4.562999999994645,9,30,3.9175000000032014,7.987500000024738,3.673500000004424,0.451563497127961,2.188043818459446,1.242139648833306,0,0,False,False,True
2026-09-30T18:01:00-05:00,95416.894,95424.071,7.176999999996042,9.794999999998254,1.0730000000039581,10.868000000002212,6.760999999998603,0.5910000000003492,6.760999999998603,9,30,3.7070000000021537,7.987500000024738,3.673500000004424,1.9360669004563993,1.3606259780868297,1.8404791071159552,0,0,False,False,False
2026-09-30T18:02:00-05:00,95424.532,95425.646,1.113999999986845,6.118999999991502,4.543999999994412,10.662999999985914,4.0939999999973224,3.1529999999911524,4.0939999999973224,9,30,3.9175000000032014,8.195500000016182,3.673500000004424,0.28436502871370384,1.3010798608949863,1.1144684905382856,0,0,False,False,False
2026-09-30T18:03:00-05:00,95427.152,95439.732,12.580000000001746,16.76500000001397,2.6790000000037253,19.444000000017695,7.581999999994878,1.5380000000004657,7.581999999994878,10,30,3.7070000000021537,8.195500000016182,3.92949999999837,3.393579714052991,2.3725215057018247,1.929507570937275,0,0,False,False,True
2026-09-30T18:04:00-05:00,95439.692,95442.774,3.0820000000094296,3.2949999999982538,0.2529999999969732,3.547999999995227,1.6999999999970896,0.16199999999662396,1.6999999999970896,9,30,3.9175000000032014,8.223000000019965,4.060999999994237,0.7867262284637935,0.4314726985268895,0.4186161044076587,0,0,False,False,False
2026-09-30T18:05:00-05:00,95442.76,95448.682,5.922000000005937,6.232000000003609,0.3240000000077998,6.556000000011409,5.0090000000054715,0.2970000000059372,5.0090000000054715,9,30,3.9175000000032014,8.223000000019965,4.060999999994237,1.5116783663053217,0.797275933357107,1.2334400394022604,0,0,False,False,False
2026-09-30T18:06:00-05:00,95448.306,95452.833,4.527000000001863,4.834000000002561,0.6830000000045402,5.517000000007101,2.4870000000082655,0.3760000000038417,2.4870000000082655,9,30,3.9175000000032014,7.864500000003318,4.060999999994237,1.1555839183147831,0.7015067709332792,0.6124107362747586,0,0,False,False,False
2026-09-30T18:07:00-05:00,95445.751,95458.249,12.497999999992317,13.280999999988126,7.864999999990687,21.145999999978812,11.676999999996042,7.081999999994878,11.676999999996042,9,30,4.215500000005704,7.864500000003318,3.805000000000291,2.964772862050861,2.688791404408404,3.068856767410026,0,0,False,False,True
2026-09-30T18:08:00-05:00,95459.449,95427.379,-32.06999999999243,2.142999999996391,33.012999999991735,35.155999999988126,1.1999999999970896,17.43299999998999,17.43299999998999,9,30,4.215500000005704,7.864500000003318,3.805000000000291,7.607638477036896,4.470214253922474,4.5816031537420905,0,0,False,False,True
2026-09-30T18:09:00-05:00,95426.833,95432.895,6.062000000005355,8.962000000014086,3.4460000000108266,12.408000000024913,5.361000000004424,2.206000000005588,5.361000000004424,9,30,4.518500000005588,8.761000000005879,4.117999999994936,1.3415956622768304,1.4162766807461005,1.301845556097867,0,0,False,False,False
2026-09-30T18:10:00-05:00,95434.995,95434.382,-0.6129999999975553,2.761999999987893,1.2749999999941792,4.036999999982072,2.099999999991269,0.9539999999979045,2.099999999991269,9,30,4.99199999999837,8.761000000005879,4.190499999996973,0.12279647435852473,0.4607921470128254,0.5011335162851177,0,0,False,False,False
2026-09-30T18:11:00-05:00,95434.096,95432.432,-1.6640000000043074,0.21699999998963904,2.1669999999867287,2.3839999999763677,0.21699999998963904,1.1000000000058208,1.1000000000058208,9,30,4.99199999999837,8.761000000005879,4.190499999996973,0.33333333333430504,0.27211505535609726,0.2624985085327802,0,0,False,False,False
2026-09-30T18:12:00-05:00,95440.396,95438.357,-2.0389999999897555,9.857000000003609,3.9320000000006985,13.789000000004307,7.963999999992666,2.625,7.963999999992666,10,30,4.99199999999837,8.36250000000291,4.190499999996973,0.4084535256391068,1.6489088191329755,1.9004892017655215,0,0,False,False,False
2026-09-30T18:13:00-05:00,95438.952,95464.894,25.94199999999546,32.94200000001001,6.405000000013388,39.3470000000234,17.064999999987776,5.129000000000815,17.064999999987776,9,30,4.99199999999837,9.379999999990105,4.244000000006054,5.1967147435905305,4.194776119409905,4.020970782272252,0,0,False,False,True
2026-09-30T18:14:00-05:00,95464.862,95469.635,4.773000000001048,7.040000000008149,2.2990000000136206,9.33900000002177,4.051000000006752,2.263999999995576,4.051000000006752,9,30,4.99199999999837,9.379999999990105,4.244000000006054,0.9561298076928297,0.995628997871175,0.9545240339304839,0,0,False,False,False
2026-09-30T18:15:00-05:00,95469.628,95466.679,-2.948999999993248,1.9390000000130385,4.8950000000040745,6.834000000017113,1.9000000000087311,3.073000000003958,3.073000000003958,9,30,4.650000000001455,9.419999999998254,4.244000000006054,0.6341935483854463,0.7254777070083206,0.7240810556078169,0,0,False,False,False
2026-09-30T18:16:00-05:00,95466.629,95460.976,-5.653000000005704,1.3479999999981374,7.051000000006752,8.39900000000489,1.3479999999981374,2.7960000000020955,2.7960000000020955,9,30,4.650000000001455,9.419999999998254,4.244000000006054,1.2156989247320291,0.8916135881110877,0.6588124410928622,0,0,False,False,False
2026-09-30T18:17:00-05:00,95460.924,95461.759,0.8350000000064028,1.2920000000012806,0.5089999999909196,1.8009999999922002,0.6699999999982538,0.29299999999057036,0.6699999999982538,9,30,4.650000000001455,8.86900000001333,4.16649999999936,0.17956989247443905,0.20306686210277297,0.1608064322568959,0,0,False,False,False
2026-09-30T18:18:00-05:00,95461.584,95466.089,4.505000000004657,4.851999999998952,0.521999999997206,5.373999999996158,3.952000000004773,0.3059999999968568,3.952000000004773,9,30,4.650000000001455,8.86900000001333,4.16649999999936,0.9688172043017735,0.6059307700967507,0.94851794071892,0,0,False,False,False
2026-09-30T18:19:00-05:00,95466.266,95473.34,7.073999999993248,7.265999999988708,0.014999999999417923,7.280999999988126,3.6790000000037253,0.014999999999417923,3.6790000000037253,9,30,4.650000000001455,7.932500000002619,4.072500000002037,1.521290322578717,0.9178695241078754,0.9033763044817397,0,0,False,False,False
2026-09-30T18:20:00-05:00,95474.987,95483.003,8.01600000000326,10.152999999991152,0.4899999999906868,10.64299999998184,7.040999999997439,0.4569999999948777,7.040999999997439,10,30,4.650000000001455,7.373499999994237,4.001500000005763,1.723870967742097,1.4434122194331263,1.7595901536891914,0,0,False,False,False
2026-09-30T18:21:00-05:00,95483.021,95466.728,-16.29299999999057,7.54299999999057,23.81799999998475,31.36099999997532,5.680999999996857,14.123000000006869,14.123000000006869,9,30,5.114999999997963,7.932500000002619,4.072500000002037,3.1853372434011846,3.95348250866246,3.4678944137507193,0,0,False,False,True
2026-09-30T18:22:00-05:00,95467.475,95470.944,3.4689999999973224,4.372000000003027,0.15600000000267755,4.528000000005704,2.301999999996042,0.15600000000267755,2.301999999996042,9,30,5.493999999998778,8.86900000001333,4.16649999999936,0.6314160902799589,0.5105423384822302,0.5525021000831383,0,0,False,False,False
2026-09-30T18:23:00-05:00,95471.144,95471.768,0.6239999999961583,1.5249999999941792,0.7010000000009313,2.2259999999951106,1.1420000000071013,0.68399999999383,1.1420000000071013,9,30,5.114999999997963,7.932500000002619,4.072500000002037,0.12199413489665822,0.28061771194382296,0.2804174340101977,0,0,False,False,False
2026-09-30T18:24:00-05:00,95472.29,95468.303,-3.9869999999937136,2.849000000001979,6.313999999998487,9.163000000000466,0.853000000002794,4.270999999993364,4.270999999993364,10,30,5.114999999997963,7.8399999999965075,4.001500000005763,0.7794721407615448,1.16875000000058,1.0673497438428623,0,0,False,False,False
2026-09-30T18:25:00-05:00,95468.33,95475.344,7.013999999995576,7.679999999993015,0.6389999999955762,8.318999999988591,4.369999999995343,0.6389999999955762,4.369999999995343,9,30,4.650000000001455,8.781000000002678,4.072500000002037,1.5083870967727702,0.9473864024582683,1.07305095150231,0,0,False,False,False
2026-09-30T18:26:00-05:00,95475.313,95475.687,0.3740000000107102,0.6910000000207219,0.34800000001268927,1.0390000000334112,0.6200000000098953,0.1760000000067521,0.6200000000098953,9,30,4.650000000001455,8.781000000002678,4.182499999995343,0.08043010752915983,0.11832365334621278,0.14823670054048668,0,0,False,False,False
2026-09-30T18:27:00-05:00,95476.03,95476.394,0.364000000001397,0.7839999999996508,0.07700000000477303,0.8610000000044238,0.34299999999348074,0.04000000000814907,0.34299999999348074,9,30,4.650000000001455,8.781000000002678,4.182499999995343,0.07827956989274905,0.09805261359801404,0.08200836819936942,0,0,False,False,False
2026-09-30T18:28:00-05:00,95455.574,95433.631,-21.9429999999993,14.303000000014435,57.06600000002072,71.36900000003516,13.785000000003492,20.820000000006985,20.820000000006985,9,30,4.650000000001455,8.781000000002678,4.182499999995343,4.718924731181168,8.127661997496116,4.977884040652759,1,0,False,False,True
2026-09-30T18:29:00-05:00,95433.546,95444.795,11.248999999996158,12.578999999997905,1.4149999999935972,13.993999999991502,8.615000000005239,0.8179999999993015,8.615000000005239,9,30,4.650000000001455,8.781000000002678,4.182499999995343,2.419139784944653,1.5936681471344079,2.059772863123689,0,0,False,False,True
2026-09-30T18:30:00-05:00,95445.08,95449.126,4.0460000000020955,6.551999999996042,2.220999999990454,8.772999999986496,4.118000000002212,1.900999999998021,4.118000000002212,9,30,4.650000000001455,8.781000000002678,4.182499999995343,0.8701075268818987,0.9990889420320944,0.984578601316628,0,0,False,False,False
2026-09-30T18:31:00-05:00,95449.381,95452.339,2.9580000000132713,4.040999999997439,0.8279999999940628,4.868999999991502,1.995999999999185,0.8279999999940628,1.995999999999185,9,30,4.650000000001455,8.585999999995693,4.105999999999767,0.6361290322607195,0.5670859538777014,0.48611787627844577,0,0,False,False,False
2026-09-30T18:32:00-05:00,95454.035,95456.02,1.985000000000582,6.9870000000082655,3.3060000000114087,10.293000000019674,2.239000000001397,2.0459999999875436,2.239000000001397,9,30,4.51600000000326,8.35899999999674,4.072500000002037,0.4395482728076061,1.2313673884464276,0.5497851442603504,0,0,False,False,False
2026-09-30T18:33:00-05:00,95455.484,95434.427,-21.0570000000007,6.402000000016415,27.995000000024447,34.39700000004086,6.222000000008848,14.040000000008149,14.040000000008149,9,30,4.51600000000326,8.35899999999674,4.001500000005763,4.66275465012965,4.114965905019054,3.5086842434057055,0,0,False,False,True
2026-09-30T18:34:00-05:00,95434.971,95442.56,7.588999999992666,10.19100000000617,2.05800000000454,12.24900000001071,5.444000000003143,1.8169999999954598,5.444000000003143,9,30,4.51600000000326,8.35899999999674,4.001500000005763,1.6804694419812196,1.4653666706562372,1.3604898163177066,0,0,False,False,False
2026-09-30T18:35:00-05:00,95447.017,95455.274,8.256999999997788,13.200000000011642,0.4860000000044238,13.686000000016065,5.845999999990454,0.26600000000325963,5.845999999990454,9,30,4.650000000001455,8.585999999995693,4.084500000004482,1.7756989247301513,1.5939902166343969,1.4312645366590866,0,0,False,False,False
2026-09-30T18:36:00-05:00,95457.417,95444.187,-13.229999999995925,2.6669999999867287,13.753999999986263,16.42099999997299,2.142999999996391,6.569000000003143,6.569000000003143,9,30,4.650000000001455,8.96799999999348,4.084500000004482,2.845161290320814,1.8310660124871687,1.608275186680361,0,0,False,False,True
2026-09-30T18:37:00-05:00,95444.596,95461.205,16.60899999999674,22.09199999998964,5.073999999993248,27.165999999982887,15.364999999990687,5.073999999993248,15.364999999990687,9,30,5.213000000003376,9.251000000011118,4.194499999997788,3.1860732783399164,2.9365474002756717,3.663130289664749,0,0,False,False,True
2026-09-30T18:38:00-05:00,95461.451,95461.458,0.006999999997788109,0.753999999986263,0.5009999999892898,1.2549999999755528,0.40899999999965075,0.39699999999720603,0.40899999999965075,9,30,5.213000000003376,9.251000000011118,4.194499999997788,0.0013427968535936266,0.13566100961777586,0.09750864226960697,0,0,False,False,False
2026-09-30T18:39:00-05:00,95462.295,95463.931,1.635999999998603,2.4759999999951106,0.0029999999969732016,2.4789999999920838,0.8369999999995343,0.0029999999969732016,0.8369999999995343,9,30,4.639000000002852,8.96799999999348,4.084500000004482,0.3526622116830345,0.27642729705551805,0.20492104296697658,0,0,False,False,False
2026-09-30T18:40:00-05:00,95465.445,95466.489,1.043999999994412,4.478999999992084,1.9209999999875436,6.399999999979627,1.5140000000101281,1.7690000000002328,1.7690000000002328,9,30,4.275500000003376,8.585999999995693,4.001500000005763,0.24418196701990122,0.7453994875358535,0.4420842184175148,0,0,False,False,False
2026-09-30T18:41:00-05:00,95466.616,95465.67,-0.9459999999962747,0.7119999999849824,1.5309999999881256,2.242999999973108,0.34900000000197906,0.7359999999898719,0.7359999999898719,9,30,4.275500000003376,8.585999999995693,4.001500000005763,0.22126067126547252,0.2612392266450307,0.18393102586250454,0,0,False,False,False
2026-09-30T18:42:00-05:00,95465.503,95462.388,-3.1149999999906868,1.8740000000107102,5.1560000000026776,7.030000000013388,1.4860000000044238,3.5230000000010477,3.5230000000010477,9,30,4.275500000003376,8.585999999995693,4.001500000005763,0.7285697579202963,0.8187747495943297,0.8804198425580343,0,0,False,False,False
2026-09-30T18:43:00-05:00,95462.531,95463.733,1.2019999999902211,2.3889999999810243,1.043999999994412,3.4329999999754364,1.1279999999969732,0.7060000000055879,1.1279999999969732,9,30,4.275500000003376,8.35899999999674,3.815500000004249,0.2811367091543146,0.41069505921483135,0.2956362206776876,0,0,False,False,False
2026-09-30T18:44:00-05:00,95463.795,95468.003,4.207999999998719,4.480000000010477,0.21000000000640284,4.69000000001688,2.2290000000066357,0.21000000000640284,2.2290000000066357,9,30,4.0164999999979045,7.7999999999883585,3.6010000000023865,1.0476783269017589,0.6012820512851128,0.618994723689297,0,0,False,False,False
2026-09-30T18:45:00-05:00,95468.017,95467.379,-0.6380000000062864,1.8830000000161817,2.50700000001234,4.390000000028522,0.8410000000003492,1.5420000000012806,1.5420000000012806,9,30,4.0164999999979045,7.155500000000757,3.298000000002503,0.1588447653446083,0.6135140800821826,0.467556094602823,0,0,False,False,False
2026-09-30T18:46:00-05:00,95467.161,95463.348,-3.812999999994645,2.6499999999941792,6.680999999996857,9.330999999991036,1.504000000000815,3.9259999999922,3.9259999999922,9,30,4.0164999999979045,7.155500000000757,3.1595000000015716,0.9493339972604592,1.3040318636000348,1.2426016774775273,0,0,False,False,False
2026-09-30T18:47:00-05:00,95463.641,95461.907,-1.7339999999967404,3.9600000000209548,5.401000000012573,9.361000000033528,1.3889999999955762,3.99199999999837,3.99199999999837,9,30,3.8999999999941792,7.155500000000757,3.6010000000023865,0.4446153846152124,1.3082244427409038,1.108580949734997,0,0,False,False,False
2026-09-30T18:48:00-05:00,95461.333,95465.936,4.603000000002794,5.157000000006519,1.1280000000115251,6.285000000018044,1.8549999999959255,0.5740000000077998,1.8549999999959255,9,30,3.8999999999941792,7.7999999999883585,3.8024999999979627,1.1802564102588882,0.8057692307727468,0.48783694937460076,0,0,False,False,False
2026-09-30T18:49:00-05:00,95466.082,95468.378,2.2960000000020955,2.4510000000009313,0.00900000000547152,2.460000000006403,1.176000000006752,0.00900000000547152,1.176000000006752,9,30,3.8999999999941792,7.7999999999883585,3.6010000000023865,0.5887179487193647,0.31538461538590695,0.3265759511263462,0,0,False,False,False
2026-09-30T18:50:00-05:00,95468.677,95479.689,11.012000000002445,12.55000000000291,1.239000000001397,13.789000000004307,4.923000000009779,1.239000000001397,4.923000000009779,9,30,3.6409999999959837,7.6745000000009895,2.912499999998545,3.0244438341155155,1.7967294286276017,1.6903004291887513,0,0,False,False,True
2026-09-30T18:51:00-05:00,95475.676,95439.82,-35.85599999999977,11.547000000005937,51.41599999999744,62.963000000003376,8.652000000001863,44.73099999999977,44.73099999999977,10,30,3.6409999999959837,7.6745000000009895,2.912499999998545,9.8478439989122,8.204182682910321,15.358283261810168,3,0,True,False,True
2026-09-30T18:52:00-05:00,95430.876,95450.156,19.279999999998836,19.279999999998836,8.944000000003143,28.22400000000198,12.778999999994994,8.944000000003143,12.778999999994994,8,30,3.6409999999959837,7.6745000000009895,2.912499999998545,5.295248558093959,3.6776337220663677,4.387639484979014,0,0,False,False,True
2026-09-30T18:53:00-05:00,95450.135,95432.522,-17.612999999997555,3.6450000000040745,21.279000000009546,24.92400000001362,3.3579999999928987,8.607000000003609,8.607000000003609,10,30,3.8999999999941792,8.545999999987544,3.724499999996624,4.51615384615996,2.9164521413585245,2.3109142166764425,0,0,False,False,True
2026-09-30T18:54:00-05:00,95431.619,95419.989,-11.630000000004657,2.3140000000130385,14.847000000008848,17.161000000021886,1.4830000000074506,12.846000000005006,12.846000000005006,9,30,4.0164999999979045,8.96799999999348,3.958999999995285,2.8955558321948773,1.913581623554233,3.2447587774741864,0,0,False,False,True
2026-09-30T18:55:00-05:00,95420.758,95415.548,-5.210000000006403,1.7210000000050059,6.162000000011176,7.883000000016182,0.7690000000002328,2.8870000000024447,2.8870000000024447,9,30,4.1270000000004075,9.051999999988766,3.958999999995285,1.2624182214698059,0.8708572691146669,0.7292245516559441,0,0,False,False,False
2026-09-30T18:56:00-05:00,95418.542,95414.585,-3.9569999999948777,4.20600000002014,5.169000000008964,9.375000000029104,2.9940000000060536,3.129000000000815,3.129000000000815,9,30,4.1270000000004075,9.051999999988766,3.724499999996624,0.9588078507376998,1.035682722054876,0.8401127668153178,0,0,False,False,False
2026-09-30T18:57:00-05:00,95414.273,95415.239,0.9660000000003492,3.4569999999948777,2.8029999999998836,6.259999999994761,2.1019999999989523,1.3910000000032596,2.1019999999989523,9,30,4.1270000000004075,9.346000000012282,3.724499999996624,0.23406833050648265,0.669805264282745,0.5643710565178837,0,0,False,False,False
2026-09-30T18:58:00-05:00,95415.389,95416.265,0.8760000000038417,1.4019999999873107,0.3759999999892898,1.7779999999766005,0.6079999999928987,0.34199999998963904,0.6079999999928987,9,30,4.1270000000004075,9.346000000012282,3.724499999996624,0.21226072207505578,0.19024181467732335,0.16324338837251975,0,0,False,False,False
2026-09-30T18:59:00-05:00,95416.657,95412.773,-3.8840000000054715,1.268000000010943,4.760000000009313,6.028000000020256,0.45799999999871943,3.0010000000038417,3.0010000000038417,9,30,4.001499999998487,9.051999999988766,3.3260000000009313,0.9706360114974236,0.6659301811784951,0.9022850270604333,0,0,False,False,False
2026-09-30T19:00:00-05:00,95414.975,95412.209,-2.7660000000032596,6.270999999993364,6.834999999991851,13.105999999985215,3.0359999999927823,3.9579999999987194,3.9579999999987194,9,30,3.9205000000001746,8.328000000001339,3.0650000000023283,0.7055222548152369,1.5737271853966268,1.2913539967359584,0,0,False,False,False
2026-09-30T19:01:00-05:00,95413.83,95419.603,5.773000000001048,12.070000000006985,4.676000000006752,16.746000000013737,4.792000000001281,4.5679999999993015,4.792000000001281,9,30,3.848500000000058,8.607000000003609,3.0650000000023283,1.5000649603744214,1.9456256535385983,1.5634584013042871,0,0,False,False,False
2026-09-30T19:02:00-05:00,95419.592,95419.799,0.20699999999487773,2.936999999990803,2.7409999999945285,5.677999999985332,1.610000000000582,1.8760000000038417,1.8760000000038417,9,30,3.9205000000001746,9.346000000012282,3.3260000000009313,0.052799387831875655,0.607532634279678,0.5640408899589046,0,0,False,False,False
2026-09-30T19:03:00-05:00,95423.237,95425.868,2.6310000000084983,9.671999999991385,3.602999999988242,13.274999999979627,3.437999999994645,3.602999999988242,3.602999999988242,9,30,3.9205000000001746,8.607000000003609,3.3260000000009313,0.6710878714471066,1.542349250606955,1.0832832230869613,0,0,False,False,False
2026-09-30T19:04:00-05:00,95426.07,95433.56,7.489999999990687,8.107999999992899,0.41599999999743886,8.523999999990338,3.3289999999979045,0.24099999999452848,3.3289999999979045,9,30,3.848500000000058,8.607000000003609,3.3260000000009313,1.9462128101833374,0.990356686416494,1.000901984364694,0,0,False,False,False
2026-09-30T19:05:00-05:00,95433.989,95432.442,-1.5470000000059372,2.900000000008731,4.018000000010943,6.918000000019674,0.8700000000098953,2.845000000001164,2.845000000001164,9,30,3.848500000000058,8.20350000000326,3.2289999999993597,0.401974795376358,0.843298592066426,0.8810777330448214,0,0,False,False,False
2026-09-30T19:06:00-05:00,95434.451,95437.587,3.135999999998603,11.984000000011292,6.839000000007218,18.82300000001851,4.417000000001281,6.290000000008149,6.290000000008149,9,30,3.463999999992666,7.456500000014785,3.0650000000023283,0.9053117782925065,2.524374706629275,2.052202283851018,0,0,False,False,True
2026-09-30T19:07:00-05:00,95437.927,95441.011,3.084000000002561,4.524999999994179,1.1009999999951106,5.62599999998929,3.0710000000108266,0.40699999999196734,3.0710000000108266,9,30,3.125499999994645,7.456500000014785,3.0650000000023283,0.9867221244625964,0.7545094883629229,1.0019575856471432,0,0,False,False,False
2026-09-30T19:08:00-05:00,95443.111,95442.955,-0.15600000000267755,3.085000000006403,1.1410000000032596,4.2260000000096625,2.1000000000058208,0.47099999999045394,2.1000000000058208,9,30,3.099499999996624,6.974000000016531,3.036000000007334,0.050330698500676715,0.6059650129050251,0.6916996047433293,0,0,False,False,False
2026-09-30T19:09:00-05:00,95442.86,95465.7,22.839999999996508,24.311000000001513,1.56600000000617,25.877000000007683,18.831999999994878,1.396999999997206,18.831999999994878,9,30,3.099499999996624,6.974000000016531,3.036000000007334,7.36893047266378,3.7104961284695075,6.202898550707966,0,0,False,False,True
2026-09-30T19:10:00-05:00,95466.176,95486.298,20.121999999988475,20.64100000000326,0.043000000005122274,20.684000000008382,9.01699999999255,0.043000000005122274,9.01699999999255,9,30,3.125499999994645,7.456500000014785,3.1000000000058208,6.438009918420397,2.7739556091956508,2.90870967741149,0,0,False,False,True
2026-09-30T19:11:00-05:00,95485.228,95491.206,5.978000000002794,17.862000000008265,12.953999999997905,30.81600000000617,6.427999999999884,11.010999999998603,11.010999999998603,9,30,3.474499999996624,8.20350000000326,3.2289999999993597,1.720535328826767,3.756445419637219,3.410034066274632,0,0,False,False,True
2026-09-30T19:12:00-05:00,95490.583,95492.54,1.9569999999948777,4.334999999991851,3.0010000000038417,7.335999999995693,1.8980000000010477,1.4770000000135042,1.8980000000010477,9,30,3.848500000000058,8.927499999990687,3.425999999999476,0.5085098090151613,0.8217306076732955,0.5539988324580671,0,0,False,False,False
2026-09-30T19:13:00-05:00,95492.643,95491.553,-1.0899999999965075,1.2530000000115251,2.2400000000052387,3.493000000016764,0.592000000004191,2.0350000000034925,2.0350000000034925,9,30,3.848500000000058,8.927499999990687,3.2289999999993597,0.28322723138794104,0.39126295155647245,0.6302260761857839,0,0,False,False,False
2026-09-30T19:14:00-05:00,95486.456,95475.32,-11.135999999998603,0.21600000000034925,16.448999999993248,16.664999999993597,0.17399999999906868,5.096999999994296,5.096999999994296,9,30,3.848500000000058,8.927499999990687,3.2289999999993597,2.8935949071062583,1.8667040044817678,1.5785072777935294,0,0,False,False,True
2026-09-30T19:15:00-05:00,95475.716,95492.716,17.0,17.543999999994412,0.14800000000104774,17.69199999999546,7.7370000000082655,0.14800000000104774,7.7370000000082655,9,30,3.848500000000058,9.346000000012282,3.4659999999930733,4.417305443679289,1.8930023539452396,2.2322562031228297,0,0,False,False,True
2026-09-30T19:16:00-05:00,95495.195,95525.531,30.335999999995693,33.228999999992084,0.41399999998975545,33.64299999998184,13.982000000003609,0.21399999999266583,13.982000000003609,9,30,3.9205000000001746,9.368000000031316,3.764499999990221,7.7377885473777175,3.591268146869062,3.7141718687846805,0,0,False,False,True
2026-09-30T19:17:00-05:00,95526.817,95536.092,9.275000000008731,14.660000000003492,4.099000000001979,18.75900000000547,5.4649999999965075,2.7890000000043074,5.4649999999965075,9,30,4.279999999998836,11.24050000000716,3.7804999999934807,2.1670560747689844,1.6688759396818222,1.4455759820145302,0,0,False,False,True
2026-09-30T19:18:00-05:00,95537.139,95579.182,42.04300000000512,51.50199999999313,8.411999999996624,59.913999999989755,21.668000000005122,7.611999999993714,21.668000000005122,9,30,4.906500000004598,13.190499999982421,3.7804999999934807,8.568837256693309,4.542208407571328,5.731516995117706,1,0,False,False,True
2026-09-30T19:19:00-05:00,95583.12,95612.148,29.028000000005704,32.96600000000035,0,32.96600000000035,11.676999999996042,0.0,11.676999999996042,9,30,5.491500000003725,13.531999999991967,4.375,5.285987435124468,2.4361513449615666,2.669028571427667,0,0,False,False,True
2026-09-30T19:20:00-05:00,95616.317,95612.319,-3.9979999999923166,4.959999999991851,4.7889999999897555,9.748999999981606,4.168999999994412,2.4679999999934807,4.168999999994412,9,30,5.875500000001921,15.226999999998952,4.85750000000553,0.6804527274259228,0.6402443028818728,0.8582604220256647,0,0,False,False,False
2026-09-30T19:21:00-05:00,95612.704,95604.106,-8.597999999998137,2.2079999999987194,10.421000000002095,12.629000000000815,0.6370000000024447,5.61699999999837,5.61699999999837,9,30,5.491500000003725,14.969999999986612,4.480499999997846,1.565692433759866,0.8436205744831068,1.2536547260352795,0,0,False,False,False
2026-09-30T19:22:00-05:00,95604.226,95615.77,11.544000000008964,11.664000000004307,0,11.664000000004307,4.184000000008382,0.0,4.184000000008382,9,30,5.491500000003725,13.190499999982421,4.480499999997846,2.1021578803607635,0.8842727720723136,0.9338243499632615,0,0,False,False,True
2026-09-30T19:23:00-05:00,95615.784,95646.626,30.84200000000419,30.855999999999767,0,30.855999999999767,13.837999999988824,0.0,13.837999999988824,9,30,5.491500000003725,12.867499999993015,4.176500000001397,5.616316124917285,2.3979794054802035,3.3133006105552965,0,0,False,False,True
2026-09-30T19:24:00-05:00,95653.011,95657.309,4.297999999995227,12.215999999985797,1.532999999995809,13.748999999981606,6.384999999994761,1.4049999999988358,6.384999999994761,8,30,5.491500000003725,12.867499999993015,4.176500000001397,0.7826641172707478,1.0685059257811595,1.5287920507584403,0,0,False,False,False
2026-09-30T19:25:00-05:00,95657.158,95666.764,9.605999999999767,14.777000000001863,5.322000000000116,20.09900000000198,8.671000000002095,3.304999999993015,8.671000000002095,9,30,4.754000000000815,12.867499999993015,4.176500000001397,2.0206142196041483,1.5619972799699156,2.0761403088708716,0,0,False,False,True
2026-09-30T19:26:00-05:00,95667.105,95650.551,-16.553999999989173,4.059000000008382,20.271999999997206,24.331000000005588,3.3950000000040745,8.395999999993364,8.395999999993364,9,30,5.035499999998137,13.190499999982421,4.488000000004831,3.2874590408093134,1.8445851180802861,1.8707664884100548,0,0,False,False,True
2026-09-30T19:27:00-05:00,95650.621,95647.206,-3.414999999993597,0.7829999999812571,4.127999999982421,4.910999999963678,0.4939999999915017,2.426999999996042,2.426999999996042,9,30,5.875500000001921,13.511999999980617,4.944499999997788,0.5812271296047112,0.36345470692500914,0.49084841743293106,0,0,False,False,False
2026-09-30T19:28:00-05:00,95647.211,95646.964,-0.24699999998847488,2.7859999999927823,3.0279999999911524,5.813999999983935,1.0950000000011642,1.6349999999947613,1.6349999999947613,9,30,5.875500000001921,13.511999999980617,4.944499999997788,0.0420389754043731,0.4302841918289132,0.33067044190423556,0,0,False,False,False
2026-09-30T19:29:00-05:00,95646.987,95638.356,-8.630999999993946,5.797999999995227,14.406000000002678,20.203999999997905,3.868000000002212,12.46600000000035,12.46600000000035,9,30,5.875500000001921,13.511999999980617,4.944499999997788,1.4689813632867201,1.4952634695105749,2.5211851552241735,0,0,False,False,True
2026-09-30T19:30:00-05:00,95638.347,95660.393,22.046000000002095,24.286000000007334,2.24900000001071,26.535000000018044,10.430999999996857,1.6860000000015134,10.430999999996857,9,30,6.73399999999674,15.206999999987602,5.280999999995402,3.2738342738361697,1.7449201025869454,1.9751940920291498,0,0,False,False,True
2026-09-30T19:31:00-05:00,95660.208,95671.014,10.805999999996857,13.024999999979627,2.4039999999804422,15.42899999996007,6.948999999993248,1.7599999999947613,6.948999999993248,9,30,8.043999999994412,16.705500000003667,5.540999999997439,1.343361511686271,0.9235880398645167,1.25410575708292,0,0,False,False,False
2026-09-30T19:32:00-05:00,95670.557,95660.64,-9.91700000000128,0.3129999999946449,10.686999999990803,10.999999999985448,0.22999999999592546,4.355999999999767,4.355999999999767,9,30,8.614499999996042,16.046999999976833,5.95350000000326,1.1511985605671644,0.6854863837478238,0.7316704459557205,0,0,False,False,False
2026-09-30T19:33:00-05:00,95660.853,95665.873,5.0200000000040745,5.3730000000068685,0.13999999999941792,5.513000000006286,2.051000000006752,0.13999999999941792,2.051000000006752,9,30,8.953000000001339,16.046999999976833,5.95350000000326,0.5607059086343487,0.3435533121464601,0.3445032333930678,0,0,False,False,False
2026-09-30T19:34:00-05:00,95666.343,95663.479,-2.863999999986845,3.230999999999767,5.625,8.855999999999767,1.804999999993015,4.836999999999534,4.836999999999534,8,30,8.953000000001339,16.046999999976833,5.95350000000326,0.3198927733705369,0.5518788558616908,0.8124632569071784,0,0,False,False,False
2026-09-30T19:35:00-05:00,95663.487,95675.583,12.096000000005006,13.211999999984982,1.1079999999928987,14.319999999977881,6.2810000000026776,0.5679999999993015,6.2810000000026776,9,30,8.953000000001339,16.046999999976833,5.95350000000326,1.3510555121192,0.8923786377515146,1.0550096581841335,0,0,False,False,False
2026-09-30T19:36:00-05:00,95674.718,95672.458,-2.2599999999947613,4.080999999991036,7.205999999991036,11.286999999982072,1.565999999991618,2.1520000000018626,2.1520000000018626,9,30,9.44050000000425,16.046999999976833,6.285500000005413,0.23939409988811441,0.7033713466690575,0.3423753082491463,0,0,False,False,False
2026-09-30T19:37:00-05:00,95671.243,95655.576,-15.66700000000128,2.379000000000815,19.260999999998603,21.639999999999418,0.672999999995227,7.542000000001281,7.542000000001281,9,30,9.44050000000425,14.874499999968975,5.949000000000524,1.6595519305115438,1.4548388181145284,1.267776096823099,0,0,False,False,False
2026-09-30T19:38:00-05:00,95655.391,95645.934,-9.45700000000943,0.5929999999934807,10.235000000000582,10.827999999994063,0.4869999999937136,3.0679999999993015,3.0679999999993015,9,30,9.761500000000524,16.046999999976833,6.332999999998719,0.9688060236653099,0.6747678693842896,0.4844465498183992,0,0,False,False,False
2026-09-30T19:39:00-05:00,95647.287,95618.294,-28.993000000002212,1.9220000000059372,29.562000000005355,31.484000000011292,1.353000000002794,15.331000000005588,15.331000000005588,9,30,9.761500000000524,16.046999999976833,6.332999999998719,2.9701377862009584,1.961986664177525,2.42081162166567,0,0,False,False,True
2026-09-30T19:40:00-05:00,95615.55,95603.429,-12.120999999999185,1.7489999999961583,16.613999999986845,18.362999999983003,1.3870000000024447,5.75800000000163,5.75800000000163,9,30,9.761500000000524,16.046999999976833,6.332999999998719,1.2417149003737677,1.144326042251481,0.9092057476713713,0,0,False,False,False
2026-09-30T19:41:00-05:00,95601.946,95586.793,-15.152999999991152,7.916000000026543,24.552000000025146,32.46800000005169,2.897000000011758,14.54900000001362,14.54900000001362,9,30,9.761500000000524,16.046999999976833,6.019500000002154,1.5523229011924744,2.0233065370535654,2.416978154333153,0,0,False,False,True
2026-09-30T19:42:00-05:00,95591.12,95592.102,0.9820000000036089,5.413000000000466,0.10400000000663567,5.517000000007101,4.326999999990221,0.10400000000663567,4.326999999990221,9,30,10.361499999999069,16.046999999976833,6.019500000002154,0.09477392269494736,0.3438025799224195,0.7188304676449327,0,0,False,False,False
2026-09-30T19:43:00-05:00,95590.632,95591.262,0.6300000000046566,4.002999999996973,4.842999999993481,8.845999999990454,3.0200000000040745,2.1630000000004657,3.0200000000040745,9,30,10.361499999999069,16.046999999976833,6.019500000002154,0.06080200743181134,0.5512556864213388,0.5017027992363143,0,0,False,False,False
2026-09-30T19:44:00-05:00,95591.515,95587.213,-4.301999999996042,1.1219999999884749,5.170999999987544,6.292999999976018,0.5299999999988358,2.885999999998603,2.885999999998603,9,30,10.361499999999069,16.046999999976833,6.019500000002154,0.41519085074520373,0.39216052844675664,0.47944181410375786,0,0,False,False,False
2026-09-30T19:45:00-05:00,95586.927,95582.275,-4.652000000001863,8.088000000003376,13.026000000012573,21.11400000001595,5.234000000011292,9.59100000000035,9.59100000000035,9,30,9.761500000000524,14.874499999968975,6.019500000002154,0.47656610152144785,1.419476284921173,1.5933217044599912,0,0,False,False,False
2026-09-30T19:46:00-05:00,95582.298,95583.117,0.8190000000031432,5.823000000003958,4.980999999999767,10.804000000003725,4.351999999998952,3.8280000000086147,4.351999999998952,8,30,9.531500000004598,14.874499999968975,6.019500000002154,0.08592561506612266,0.726343742648577,0.7229836365142279,0,0,False,False,False
2026-09-30T19:47:00-05:00,95583.124,95587.871,4.747000000003027,6.164000000004307,1.4100000000034925,7.5740000000078,3.6739999999990687,1.1959999999962747,3.6739999999990687,9,30,9.36600000000908,14.034499999979744,5.6875,0.5068332265640001,0.5396700986867171,0.6459780219778583,0,0,False,False,False
2026-09-30T19:48:00-05:00,95587.558,95587.27,-0.28800000000046566,0.47799999998824205,1.0789999999833526,1.5569999999715947,0.2580000000016298,0.5389999999897555,0.5389999999897555,9,30,9.044000000001688,13.18899999999121,5.6875,0.03184431667408358,0.11805292288821231,0.09476923076742953,0,0,False,False,False
2026-09-30T19:49:00-05:00,95589.1,95588.741,-0.3590000000112923,4.031999999991967,2.5610000000015134,6.592999999993481,1.8300000000017462,2.5339999999996508,2.5339999999996508,9,30,8.614499999996042,12.146500000002561,5.226999999998952,0.0416739218772369,0.5427901041445758,0.48479051080929,0,0,False,False,False
2026-09-30T19:50:00-05:00,95588.859,95588.011,-0.8479999999981374,3.8620000000082655,4.592000000004191,8.454000000012456,2.3479999999981374,2.6709999999875436,2.6709999999875436,9,30,6.809000000001106,11.47549999999319,4.596499999999651,0.12454104861183722,0.7366999259306761,0.5810943108860539,0,0,False,False,False
2026-09-30T19:51:00-05:00,95588.081,95574.679,-13.402000000001863,0.4569999999948777,13.788999999989755,14.245999999984633,0.21299999998882413,8.960999999995693,8.960999999995693,8,30,6.809000000001106,11.47549999999319,4.596499999999651,1.9682772800704489,1.2414273887842,1.9495268138793371,0,0,False,False,False
2026-09-30T19:52:00-05:00,95574.699,95569.492,-5.206999999994878,1.6129999999975553,6.80000000000291,8.413000000000466,1.3520000000135042,5.765999999988708,5.765999999988708,9,30,6.8254999999990105,11.47549999999319,4.596499999999651,0.7628745146869288,0.7331270968590003,1.2544327205458818,0,0,False,False,False
2026-09-30T19:53:00-05:00,95569.602,95577.355,7.752999999996973,9.816999999980908,1.9539999999833526,11.77099999996426,3.577999999994063,1.2259999999951106,3.577999999994063,9,30,5.113499999999476,11.14349999998376,5.297500000000582,1.5161826537592191,1.0563108538593273,0.6754129306264596,0,0,False,False,False
2026-09-30T19:54:00-05:00,95577.46,95566.577,-10.88300000000163,0.5190000000002328,11.296999999991385,11.815999999991618,0.2459999999991851,6.4320000000006985,6.4320000000006985,9,30,5.113499999999476,11.14349999998376,4.596499999999651,2.128287865454727,1.060349082425525,1.3993255738064152,0,0,False,False,True
2026-09-30T19:55:00-05:00,95566.18,95570.107,3.927000000010594,4.763000000006286,1.2330000000074506,5.996000000013737,1.577000000004773,0.8359999999956926,1.577000000004773,9,30,6.4799999999959255,11.14349999998376,4.596499999999651,0.6060185185205345,0.5380715215168013,0.34308713151417225,0,0,False,False,False
2026-09-30T19:56:00-05:00,95570.067,95572.181,2.114000000001397,2.8329999999987194,0.7590000000054715,3.592000000004191,1.3210000000108266,0.6149999999906868,1.3210000000108266,8,30,5.113499999999476,10.913999999989755,4.35399999999936,0.4134154688572628,0.3291185633138687,0.303399173176624,0,0,False,False,False
2026-09-30T19:57:00-05:00,95572.176,95574.787,2.610999999989872,2.698000000003958,0.09200000000419095,2.790000000008149,2.264999999999418,0.08500000000640284,2.264999999999418,9,30,4.883500000003551,10.815999999998894,4.339499999994587,0.5346575202186902,0.2579511834327325,0.5219495333568944,0,0,False,False,False
2026-09-30T19:58:00-05:00,95575.043,95585.907,10.864000000001397,11.777000000001863,0.6569999999919673,12.43399999999383,8.16700000000128,0.5869999999995343,8.16700000000128,9,30,4.883500000003551,10.815999999998894,4.339499999994587,2.2246339715354764,1.1495931952658194,1.8820140569216428,0,0,False,False,True
2026-09-30T19:59:00-05:00,95586.239,95583.945,-2.293999999994412,0.4539999999979045,2.415999999997439,2.8699999999953434,0.3319999999948777,1.184000000008382,1.184000000008382,8,30,5.113499999999476,10.913999999989755,4.35399999999936,0.4486164075475989,0.2629649990835658,0.2719338539293882,0,0,False,False,False
2026-09-30T20:00:00-05:00,95583.075,95576.597,-6.478000000002794,3.1370000000024447,10.485000000015134,13.622000000017579,1.4789999999920838,6.062000000005355,6.062000000005355,9,30,4.883500000003551,10.815999999998894,4.339499999994587,1.3265076277256238,1.2594304733745352,1.3969351307784117,0,0,False,False,False
2026-09-30T20:01:00-05:00,95579.486,95580.043,0.5570000000006985,7.443000000013853,3.997000000003027,11.44000000001688,2.889000000010128,3.360000000000582,3.360000000000582,9,30,4.883500000003551,10.815999999998894,4.339499999994587,0.11405754069832978,1.0576923076939766,0.7742827514701632,0,0,False,False,False
2026-09-30T20:02:00-05:00,95578.185,95579.631,1.4459999999962747,3.286000000007334,3.69800000001851,6.984000000025844,1.4389999999984866,1.8580000000074506,1.8580000000074506,8,30,4.699500000002445,10.815999999998894,4.000499999994645,0.3076923076913549,0.6457100591740531,0.4644419447593895,0,0,False,False,False
2026-09-30T20:03:00-05:00,95580.198,95582.955,2.756999999997788,17.48200000000361,14.157999999995809,31.639999999999418,15.9259999999922,10.134999999994761,15.9259999999922,9,30,4.476999999998952,9.830000000001746,3.6259999999965657,0.6158141612683568,3.2187182095619327,4.392167677883973,0,0,False,False,True
2026-09-30T20:04:00-05:00,95583.012,95591.561,8.548999999999069,9.807000000000698,1.2010000000009313,11.00800000000163,6.232000000003609,0.9170000000012806,6.232000000003609,9,30,4.114500000003318,10.815999999998894,4.000499999994645,2.077773727060925,1.0177514792901956,1.5578052743436948,0,0,False,False,True
2026-09-30T20:05:00-05:00,95591.08,95665.78,74.69999999999709,78.27599999999802,4.0570000000006985,82.33299999999872,76.65299999999115,2.2590000000054715,76.65299999999115,8,30,4.476999999998952,10.917999999997846,4.000499999994645,16.685280321647213,7.541033156257095,19.160854893161794,2,0,True,False,True
2026-09-30T20:06:00-05:00,95665.78,95667.505,1.7250000000058208,6.6560000000026776,4.930999999996857,11.586999999999534,6.417000000001281,1.3919999999925494,6.417000000001281,9,30,4.476999999998952,10.917999999997846,4.000499999994645,0.3853026580313211,1.0612749587838266,1.6040494938157406,0,0,False,False,False
2026-09-30T20:07:00-05:00,95665.703,95658.393,-7.309999999997672,2.36699999999837,11.479000000006636,13.846000000005006,1.3500000000058208,9.606999999989057,9.606999999989057,9,30,4.476999999998952,10.917999999997846,4.339499999994587,1.6327898146078585,1.2681809855291937,2.2138495218345526,0,0,False,False,True
2026-09-30T20:08:00-05:00,95658.09,95654.399,-3.690999999991618,1.5650000000168802,5.559000000008382,7.124000000025262,0.8430000000080327,2.687000000005355,2.687000000005355,8,30,4.476999999998952,10.917999999997846,4.339499999994587,0.8244360062525088,0.6525004579617757,0.619195759882177,0,0,False,False,False
2026-09-30T20:09:00-05:00,95654.308,95657.218,2.9099999999889405,6.83200000000943,4.013000000020838,10.845000000030268,6.3950000000040745,2.353000000002794,6.3950000000040745,9,30,4.114500000003318,10.906000000002678,4.339499999994587,0.707254830474321,0.9944067485812952,1.4736720820398783,0,0,False,False,False
2026-09-30T20:10:00-05:00,95657.608,95670.26,12.652000000001863,13.298000000009779,0.2560000000084983,13.554000000018277,8.688000000009197,0.17499999998835847,8.688000000009197,9,30,3.809000000001106,10.824500000016997,4.339499999994587,3.3216067209236515,1.252159453092244,2.0020739716603377,0,0,False,False,True
2026-09-30T20:11:00-05:00,95670.392,95682.19,11.797999999995227,13.169000000008964,1.239000000001397,14.408000000010361,12.35099999999511,1.092000000004191,12.35099999999511,8,30,3.809000000001106,10.824500000016997,4.339499999994587,3.097400892620583,1.3310545521721777,2.8461804355364713,0,0,False,False,True
2026-09-30T20:12:00-05:00,95681.587,95691.706,10.119000000006054,10.13200000001234,0.6160000000090804,10.74800000002142,4.569000000003143,0.603000000002794,4.569000000003143,9,30,3.809000000001106,10.824500000016997,4.339499999994587,2.656602782883464,0.9929326989703491,1.0528862772229157,0,0,False,False,True
2026-09-30T20:13:00-05:00,95691.722,95694.95,3.228000000002794,3.8039999999891734,0.5599999999976717,4.363999999986845,1.7509999999892898,0.27999999999883585,1.7509999999892898,9,30,4.114500000003318,10.824500000016997,4.460500000001048,0.7845424717463096,0.40315949928218325,0.39255688823873525,0,0,False,False,False
2026-09-30T20:14:00-05:00,95695.408,95697.139,1.7309999999997672,5.081999999994878,2.892999999996391,7.974999999991269,2.6419999999925494,1.9269999999960419,2.6419999999925494,9,30,4.114500000003318,10.824500000016997,4.460500000001048,0.42070725483008176,0.7367545845054041,0.5923102791148814,0,0,False,False,False
2026-09-30T20:15:00-05:00,95704.507,95709.783,5.275999999998021,13.392999999996391,0.7489999999961583,14.14199999999255,7.368000000002212,0.46899999999732245,7.368000000002212,8,30,3.809000000001106,10.824500000016997,4.460500000001048,1.38514045681189,1.306480668850325,1.6518327541756488,0,0,False,False,False
2026-09-30T20:16:00-05:00,95706.843,95703.497,-3.345999999990454,0.34600000000500586,6.631999999997788,6.978000000002794,0.2559999999939464,2.9400000000023283,2.9400000000023283,9,30,3.809000000001106,10.824500000016997,4.460500000001048,0.8784457862928544,0.6446487135656924,0.6591189328554282,0,0,False,False,False
2026-09-30T20:17:00-05:00,95701.573,95694.694,-6.879000000000815,1.4020000000018626,10.205000000001746,11.607000000003609,1.4020000000018626,3.4400000000023283,3.4400000000023283,8,30,3.809000000001106,10.796500000025844,4.121500000001106,1.8059858230503592,1.0750706247372597,0.8346475797649897,0,0,False,False,False
2026-09-30T20:18:00-05:00,95691.329,95675.732,-15.596999999994296,2.1410000000178115,21.103000000017346,23.244000000035157,2.0060000000084983,4.756000000008498,4.756000000008498,9,30,3.809000000001106,10.926500000015949,4.073499999998603,4.094775531632913,2.127305175490892,1.1675463360771154,0,0,False,False,True
2026-09-30T20:19:00-05:00,95675.476,95666.255,-9.220999999990454,0.19900000000779983,9.676000000006752,9.875000000014552,0.19900000000779983,4.9099999999889405,4.9099999999889405,9,30,4.567000000002736,11.224000000009255,4.662500000005821,2.019049704397839,0.8798111190312197,1.0530831099158844,0,0,False,False,True
2026-09-30T20:20:00-05:00,95666.349,95659.098,-7.251000000003842,7.773000000001048,14.930000000007567,22.703000000008615,6.399000000004889,5.990000000005239,6.399000000004889,8,30,5.241499999996449,11.224000000009255,4.832999999998719,1.3833826194808267,2.0227191731993845,1.3240223463700775,0,0,False,False,True
2026-09-30T20:21:00-05:00,95659.426,95666.581,7.154999999998836,12.146999999997206,4.6639999999897555,16.81099999998696,4.994000000006054,3.458999999988009,4.994000000006054,9,30,5.8770000000004075,11.513500000008207,5.337999999988824,1.2174578866765935,1.460112042382853,0.9355563881634524,0,0,False,False,False
2026-09-30T20:22:00-05:00,95664.536,95661.42,-3.1159999999945285,0.3190000000031432,5.480000000010477,5.799000000013621,0.27000000000407454,2.0450000000128057,2.0450000000128057,9,30,5.8770000000004075,11.513500000008207,4.951999999997497,0.5302024842597095,0.5036696052468396,0.41296445880731814,0,0,False,False,False
2026-09-30T20:23:00-05:00,95662.689,95648.214,-14.474999999991269,3.0570000000152504,16.263000000006286,19.320000000021537,1.2690000000002328,10.118000000002212,10.118000000002212,8,30,5.8770000000004075,11.513500000008207,4.832999999998719,2.462991322101457,1.6780301385337009,2.0935236912900668,0,0,False,False,True
2026-09-30T20:24:00-05:00,95648.247,95638.576,-9.671000000002095,0.6699999999982538,10.30800000000454,10.978000000002794,0.3590000000112923,5.846999999994296,5.846999999994296,9,30,5.8770000000004075,11.513500000008207,4.951999999997497,1.6455674663946613,0.9534893820293541,1.1807350565422559,0,0,False,False,False
2026-09-30T20:25:00-05:00,95638.661,95633.929,-4.731999999989057,0.18299999998998828,4.829999999987194,5.012999999977183,0.09799999999813735,2.002999999996973,2.002999999996973,8,30,5.8770000000004075,11.224000000009255,4.951999999997497,0.8051727071616009,0.4466322166761448,0.4044830371562976,0,0,False,False,False
2026-09-30T20:26:00-05:00,95633.936,95636.098,2.161999999996624,4.906999999991967,2.7379999999975553,7.644999999989523,2.5449999999982538,1.801000000006752,2.5449999999982538,9,30,5.8770000000004075,11.224000000009255,4.951999999997497,0.3678747660364938,0.6811297220227387,0.5139337641356099,0,0,False,False,False
2026-09-30T20:27:00-05:00,95636.121,95654.307,18.186000000001513,18.660000000003492,0.4510000000009313,19.111000000004424,15.730999999999767,0.35099999999511056,15.730999999999767,9,30,5.8770000000004075,11.224000000009255,4.951999999997497,3.094435936702442,1.7026906628642788,3.1766962843311224,0,0,False,False,True
2026-09-30T20:28:00-05:00,95654.849,95658.77,3.9210000000020955,6.658999999999651,2.1959999999962747,8.854999999995925,6.0679999999993015,1.2269999999989523,6.0679999999993015,8,30,6.678500000001804,11.513500000008207,5.420500000000175,0.5871078835069307,0.769097146826735,1.1194539249145108,0,0,False,False,False
2026-09-30T20:29:00-05:00,95658.688,95660.025,1.3369999999995343,1.5780000000086147,0.32300000001851004,1.9010000000271248,0.7329999999928987,0.23900000000139698,0.7329999999928987,9,30,5.8770000000004075,11.224000000009255,5.420500000000175,0.22749702229018914,0.16936920884048087,0.13522737754688222,0,0,False,False,False
2026-09-30T20:30:00-05:00,95661.507,95654.289,-7.217999999993481,4.4650000000110595,10.201000000000931,14.66600000001199,1.4820000000036089,4.834000000002561,4.834000000002561,8,30,5.8770000000004075,11.224000000009255,5.420500000000175,1.2281776416527106,1.3066642908054078,0.8917996494792741,0,0,False,False,False
2026-09-30T20:31:00-05:00,95657.084,95590.684,-66.40000000000873,7.04299999999057,70.64800000000105,77.69099999999162,3.0599999999976717,46.21699999998964,46.21699999998964,9,30,6.077499999999418,11.224000000009255,4.951999999997497,10.925545043194585,6.921863863143938,9.332996768984854,2,0,True,False,True
2026-09-30T20:32:00-05:00,95592.192,95594.691,2.49900000001071,12.833000000013271,8.826000000000931,21.659000000014203,11.31600000000617,5.475999999995111,11.31600000000617,9,30,7.016999999999825,11.297500000000582,5.420500000000175,0.3561351004718216,1.9171498119064472,2.0876302924095205,0,0,False,False,True
2026-09-30T20:33:00-05:00,95592.479,95601.99,9.510999999998603,10.51699999999255,3.2179999999934807,13.73499999998603,6.100000000005821,2.2119999999995343,6.100000000005821,8,30,7.016999999999825,11.597000000001572,5.957499999996799,1.3554225452470914,1.184358023625435,1.0239194292923373,0,0,False,False,False
2026-09-30T20:34:00-05:00,95601.42,95566.23,-35.19000000000233,0.06799999999930151,35.828000000008615,35.896000000007916,0.03599999999278225,31.75,31.75,9,30,7.186499999996158,11.597000000001572,5.957499999996799,4.8966812773980575,3.0952832629130853,5.329416701639456,0,0,False,False,True
2026-09-30T20:35:00-05:00,95566.202,95576.331,10.129000000000815,13.421999999991385,3.320999999981723,16.742999999973108,11.456999999994878,3.2660000000032596,11.456999999994878,8,30,7.186499999996158,12.580500000010943,5.957499999996799,1.409448271064667,1.3308692023336548,1.9231221149812898,0,0,False,False,False
2026-09-30T20:36:00-05:00,95572.617,95567.234,-5.38300000000163,2.870999999999185,11.968000000008033,14.839000000007218,2.870999999999185,5.047000000005937,5.047000000005937,9,30,7.186499999996158,12.580500000010943,5.957499999996799,0.7490433451616931,1.1795238663005692,0.8471674360064875,0,0,False,False,False
2026-09-30T20:37:00-05:00,95571.066,95564.486,-6.580000000001746,4.370000000009895,7.118000000002212,11.488000000012107,3.8320000000094296,5.8070000000006985,5.8070000000006985,8,30,7.186499999996158,13.644500000002154,5.447000000000116,0.9156056494823994,0.8419509692557656,1.0660914264733934,0,0,False,False,False
2026-09-30T20:38:00-05:00,95564.515,95557.48,-7.0350000000034925,2.341999999989639,9.347999999998137,11.689999999987776,1.4039999999949941,4.388999999995576,4.388999999995576,9,30,7.016999999999825,12.580500000010943,5.427000000003318,1.0025651988034299,0.9292158499246936,0.8087341072402604,0,0,False,False,False
2026-09-30T20:39:00-05:00,95557.578,95553.461,-4.11699999999837,0.4340000000083819,4.453000000008615,4.887000000016997,0.2600000000093132,3.554999999993015,3.554999999993015,8,30,7.095000000001164,12.622000000003027,5.427000000003318,0.5802677942209576,0.3871811123447809,0.6550580431160571,0,0,False,False,False
2026-09-30T20:40:00-05:00,95551.02,95546.881,-4.139000000010128,0.16200000001117587,6.742000000012922,6.904000000024098,0.15700000000651926,2.5280000000057044,2.5280000000057044,8,30,7.095000000001164,12.622000000003027,5.020500000005995,0.5833685694164128,0.5469814609429918,0.5035355044323644,0,0,False,False,False
2026-09-30T20:41:00-05:00,95547.249,95545.189,-2.0599999999976717,0.8830000000016298,2.5749999999970896,3.4579999999987194,0.5080000000016298,1.1549999999988358,1.1549999999988358,9,30,6.957000000002154,11.648499999995693,4.951999999997497,0.2961046428053808,0.2968622569429539,0.23323909531490702,0,0,False,False,False
2026-09-30T20:42:00-05:00,95544.713,95547.184,2.470999999990454,6.136999999987893,4.141999999992549,10.278999999980442,5.302999999999884,2.870999999999185,5.302999999999884,8,30,6.729500000001281,11.547500000007858,4.871999999995751,0.36718924139831843,0.8901493829810303,1.0884646962242424,0,0,False,False,False
2026-09-30T20:43:00-05:00,95548.788,95550.628,1.8399999999965075,4.627000000007683,1.1830000000045402,5.810000000012224,2.1520000000018626,0.8190000000031432,2.1520000000018626,9,30,5.981500000001688,11.547500000007858,4.951999999997497,0.3076151467016615,0.5031392076214133,0.43457189014599157,0,0,False,False,False
2026-09-30T20:44:00-05:00,95550.614,95548.525,-2.0890000000072177,0.7109999999956926,2.8139999999984866,3.5249999999941792,0.5549999999930151,0.9940000000060536,0.9940000000060536,8,30,5.981500000001688,11.547500000007858,4.951999999997497,0.3492435007952233,0.305260878977422,0.2007269789997084,0,0,False,False,False
2026-09-30T20:45:00-05:00,95543.353,95548.711,5.357999999992899,6.077000000004773,5.89100000000326,11.968000000008033,3.8550000000104774,5.171999999991385,5.171999999991385,8,30,5.981500000001688,11.547500000007858,4.951999999997497,0.8957619326241556,1.036414808400077,1.0444264943445072,0,0,False,False,False
2026-09-30T20:46:00-05:00,95548.624,95547.478,-1.1459999999933643,0.7379999999975553,1.970999999990454,2.708999999988009,0.45799999999871943,1.327000000004773,1.327000000004773,9,30,5.981500000001688,11.547500000007858,4.951999999997497,0.1915907381080065,0.23459623294965715,0.2679725363500492,0,0,False,False,False
2026-09-30T20:47:00-05:00,95546.773,95556.715,9.94199999999546,10.953999999997905,1.717000000004191,12.671000000002095,3.338999999992666,0.7819999999919673,3.338999999992666,8,30,5.981500000001688,11.547500000007858,4.951999999997497,1.6621248850610473,1.0972937865333166,0.6742730210004753,0,0,False,False,False
2026-09-30T20:48:00-05:00,95556.715,95556.13,-0.5849999999918509,0.46399999999266583,1.0489999999845168,1.5129999999771826,0.2620000000024447,0.5620000000053551,0.5620000000053551,9,30,5.981500000001688,11.588999999999942,4.951999999997497,0.09780155479255803,0.13055483648090346,0.11348949919338432,0,0,False,False,False
2026-09-30T20:49:00-05:00,95555.988,95553.942,-2.0460000000020955,1.4250000000029104,3.613000000012107,5.038000000015018,1.349000000001979,1.6750000000029104,1.6750000000029104,8,30,5.370499999997264,11.23300000000745,4.951999999997497,0.38097011451506146,0.44849995548933286,0.3382471728602094,0,0,False,False,False
2026-09-30T20:50:00-05:00,95553.653,95556.95,3.2969999999913853,3.5270000000018626,0.5190000000002328,4.0460000000020955,1.2489999999961583,0.28899999998975545,1.2489999999961583,9,30,5.044999999990978,11.23300000000745,4.914000000004307,0.6535183349845949,0.36018872963584186,0.2541717541707496,0,0,False,False,False
2026-09-30T20:51:00-05:00,95556.892,95552.562,-4.330000000001746,0.8719999999884749,5.259999999980209,6.131999999968684,0.8719999999884749,1.279000000009546,1.279000000009546,8,30,4.4354999999995925,10.628499999991618,4.611499999999069,0.9762146319472763,0.5769393611491292,0.27735010300548724,0,0,False,False,False
2026-09-30T20:52:00-05:00,95553.359,95554.844,1.485000000000582,4.378999999986263,2.0969999999942956,6.475999999980559,1.0199999999895226,1.021999999997206,1.021999999997206,9,30,4.234500000005937,9.566999999988184,3.9719999999942956,0.3506907545161176,0.6769102121865326,0.25730110775394605,0,0,False,False,False
2026-09-30T20:53:00-05:00,95556.071,95564.218,8.146999999997206,9.504000000015367,0.13000000001920853,9.634000000034575,6.863000000012107,0.1230000000068685,6.863000000012107,8,30,4.234500000005937,9.566999999988184,3.9719999999942956,1.9239579643371787,1.0070032403100737,1.7278449144063353,0,0,False,False,False
2026-09-30T20:54:00-05:00,95564.078,95564.896,0.8179999999993015,1.9660000000003492,1.2880000000004657,3.254000000000815,1.2359999999898719,0.7459999999991851,1.2359999999898719,9,30,4.234500000005937,9.24450000001525,3.9719999999942956,0.1931751092214322,0.3519930769641892,0.311178247732036,0,0,False,False,False
2026-09-30T20:55:00-05:00,95564.585,95569.036,4.450999999986379,5.204999999972642,1.0649999999732245,6.269999999945867,4.231999999989057,0.47000000000116415,4.231999999989057,9,30,4.128000000004249,8.249999999992724,3.4469999999928405,1.0782461240265984,0.7599999999941087,1.227734261676196,0,0,False,False,False
2026-09-30T20:56:00-05:00,95568.839,95571.447,2.6079999999928987,2.85999999998603,0.448999999978696,3.308999999964726,2.5929999999934807,0.2519999999931315,2.5929999999934807,8,30,4.128000000004249,8.249999999992724,3.893499999991036,0.6317829457340635,0.4010909090869872,0.6659817644791192,0,0,False,False,False
2026-09-30T20:57:00-05:00,95571.085,95571.652,0.5669999999954598,0.8290000000124564,0.6240000000107102,1.4530000000231666,0.5930000000080327,0.3619999999937136,0.5930000000080327,9,30,4.128000000004249,7.879500000010012,3.893499999991036,0.13735465116154946,0.18440256361714835,0.1523051239269033,0,0,False,False,False
2026-09-30T20:58:00-05:00,95571.839,95573.86,2.0209999999933643,3.2850000000034925,1.077000000004773,4.3620000000082655,0.9330000000045402,0.7989999999990687,0.9330000000045402,9,30,4.019000000000233,6.690000000002328,3.4469999999928405,0.5028614083088448,0.6520179372207395,0.2706701479566226,0,0,False,False,False
2026-09-30T20:59:00-05:00,95574.421,95575.813,1.3919999999925494,3.3150000000023283,1.3620000000082655,4.677000000010594,2.754000000000815,0.47500000000582077,2.754000000000815,8,30,3.7069999999948777,6.372999999963213,2.9659999999930733,0.37550579983665305,0.7338772948434946,0.9285232636571971,0,0,False,False,False
2026-09-30T21:00:00-05:00,95575.807,95582.136,6.3289999999979045,6.904000000009546,0.5810000000055879,7.485000000015134,4.139999999999418,0.4400000000023283,4.139999999999418,9,30,3.7069999999948777,6.372999999963213,3.0464999999967404,1.707310493662436,1.1744861132995983,1.3589364844916618,0,0,False,False,False
2026-09-30T21:01:00-05:00,95582.136,95582.101,-0.03500000000349246,4.020999999993364,4.055999999996857,8.076999999990221,1.6440000000002328,2.1999999999970896,2.1999999999970896,9,30,3.7069999999948777,6.372999999963213,3.0464999999967404,0.009441596979644138,1.2673780009472533,0.7221401608401259,0,0,False,False,False
2026-09-30T21:02:00-05:00,95582.996,95581.35,-1.6459999999933643,0.9310000000114087,1.6820000000006985,2.613000000012107,0.8950000000040745,0.33299999999871943,0.8950000000040745,9,30,2.952499999992142,6.372999999963213,2.673499999997148,0.5574936494488553,0.41001098384233337,0.33476715915654737,0,0,False,False,False
2026-09-30T21:03:00-05:00,95585.111,95584.033,-1.0780000000086147,4.511999999987893,1.8289999999979045,6.340999999985797,3.760999999998603,0.827000000004773,3.760999999998603,8,30,2.952499999992142,6.200999999957276,2.5604999999995925,0.3651143099107481,1.0225770037138342,1.4688537395036914,0,0,False,False,False
2026-09-30T21:04:00-05:00,95584.184,95582.916,-1.2679999999963911,2.05899999999383,3.1759999999922,5.23499999998603,1.1190000000060536,2.396999999997206,2.396999999997206,9,30,2.5394999999916763,6.200999999957276,2.5604999999995925,0.49931088797028833,0.8442186744109175,0.9361452841232523,0,0,False,False,False
2026-09-30T21:05:00-05:00,95582.906,95576.906,-6.0,2.514000000010128,8.52400000000489,11.038000000015018,1.695000000006985,6.256999999997788,6.256999999997788,9,30,2.279999999998836,5.970999999990454,2.462500000001455,2.6315789473697646,1.8486015742811361,2.5409137055813567,0,0,False,False,True
2026-09-30T21:06:00-05:00,95576.017,95575.004,-1.0130000000062864,1.1830000000045402,3.085000000006403,4.268000000010943,0.6790000000037253,0.8889999999955762,0.8889999999955762,9,30,2.279999999998836,5.970999999990454,2.462500000001455,0.44429824561701914,0.7147881426926421,0.36101522842438616,0,0,False,False,False
2026-09-30T21:07:00-05:00,95574.477,95571.979,-2.4979999999923166,0.2709999999933643,3.2959999999875436,3.566999999980908,0.17899999998917338,0.9809999999997672,0.9809999999997672,9,30,2.0745000000024447,5.522499999999127,2.298499999997148,1.2041455772424068,0.6459031235819777,0.4268000870136978,0,0,False,False,False
2026-09-30T21:08:00-05:00,95572.966,95568.661,-4.305000000007567,3.614999999976135,6.932999999989988,10.547999999966123,1.2529999999969732,6.11699999999837,6.11699999999837,9,30,2.0745000000024447,5.136500000000524,2.175999999999476,2.0751988430959236,2.05353840162855,2.8111213235293397,0,0,False,False,True
2026-09-30T21:09:00-05:00,95569.18,95566.987,-2.1929999999993015,2.0050000000046566,3.6790000000037253,5.684000000008382,1.0299999999988358,2.610000000000582,2.610000000000582,8,30,2.0745000000024447,5.136500000000524,2.175999999999476,1.0571221981184464,1.106590090530089,1.199448529412321,0,0,False,False,False
2026-09-30T21:10:00-05:00,95566.586,95566.371,-0.21499999999650754,2.422999999995227,3.0389999999897555,5.461999999984982,1.922999999995227,0.9060000000026776,1.922999999995227,9,30,2.0745000000024447,5.459499999997206,2.175999999999476,0.10363943118643247,1.0004579173894639,0.8837316176450781,0,0,False,False,False
2026-09-30T21:11:00-05:00,95567.173,95570.936,3.7630000000062864,5.618999999991502,1.0539999999891734,6.672999999980675,2.220000000001164,0.93399999999383,2.220000000001164,8,30,2.0529999999998836,5.348499999985506,2.037499999998545,1.8329274232861665,1.2476395251002632,1.0895705521485888,0,0,False,False,False
2026-09-30T21:12:00-05:00,95584.758,95575.33,-9.427999999999884,15.786000000007334,11.392000000007101,27.178000000014435,13.822000000000116,4.855999999999767,13.822000000000116,9,30,2.0675000000046566,5.572999999996682,2.175999999999476,4.560096735177098,4.876727076983782,6.352022058825112,0,0,False,False,True
2026-09-30T21:13:00-05:00,95575.971,95574.603,-1.368000000002212,2.9580000000132713,3.6850000000122236,6.643000000025495,1.7019999999902211,1.5709999999962747,1.7019999999902211,9,30,2.0675000000046566,5.572999999996682,2.175999999999476,0.6616686819826509,1.1919971290201776,0.7821691176427532,0,0,False,False,False
2026-09-30T21:14:00-05:00,95574.802,95576.283,1.4809999999997672,3.2329999999928987,1.5529999999998836,4.785999999992782,1.6150000000052387,0.805000000007567,1.6150000000052387,8,30,2.0675000000046566,5.572999999996682,2.0614999999961583,0.7163240628761458,0.8587834200602246,0.783410138252849,0,0,False,False,False
2026-09-30T21:15:00-05:00,95576.486,95575.248,-1.2379999999975553,1.2449999999953434,2.279999999984284,3.5249999999796273,0.9199999999982538,1.606999999989057,1.606999999989057,8,30,2.03349999999773,5.572999999996682,2.0614999999961583,0.6088025571669227,0.6325139063308318,0.7795294688295181,0,0,False,False,False
2026-09-30T21:16:00-05:00,95575.221,95575.964,0.7430000000022119,1.8290000000124564,1.1130000000121072,2.9420000000245636,1.2960000000020955,0.5409999999974389,1.2960000000020955,9,30,1.8334999999933643,5.348499999985506,1.812499999992724,0.40523588764925056,0.5500607647064665,0.7150344827626471,0,0,False,False,False
2026-09-30T21:17:00-05:00,95576.277,95554.277,-22.0,0.3720000000030268,22.059000000008382,22.43100000001141,0.3129999999946449,19.561999999990803,19.561999999990803,8,30,1.8334999999933643,5.348499999985506,1.812499999992724,11.998909190117056,4.193886136313395,10.792827586245147,2,0,True,False,True
2026-09-30T21:18:00-05:00,95554.604,95560.856,6.2519999999931315,7.051000000006752,0.47200000000884756,7.5230000000156,3.4640000000072177,0.3669999999983702,3.4640000000072177,8,30,1.8334999999933643,5.348499999985506,1.812499999992724,3.4098718298422463,1.406562587648123,1.9111724138047577,0,0,False,False,True
2026-09-30T21:19:00-05:00,95559.076,95560.03,0.9539999999979045,4.213000000003376,5.039000000004307,9.252000000007683,3.2839999999996508,2.9400000000023283,3.2839999999996508,9,30,2.03349999999773,5.572999999996682,2.0614999999961583,0.4691418736164099,1.6601471379890886,1.5930147950549458,0,0,False,False,False
2026-09-30T21:20:00-05:00,95561.444,95546.99,-14.453999999997905,2.9389999999984866,15.978999999992084,18.91799999999057,1.4140000000043074,9.562999999994645,9.562999999994645,8,30,1.8334999999933643,5.907999999988533,2.209999999999127,7.8832833379057625,3.2020988490228994,4.327149321266255,0,0,False,False,True
2026-09-30T21:21:00-05:00,95551.056,95576.034,24.978000000002794,30.21799999999348,1.1739999999990687,31.39199999999255,12.346000000005006,1.1739999999990687,12.346000000005006,8,30,1.8334999999933643,6.200999999957276,2.308499999999185,13.623125170489878,5.062409288858062,5.348061511808258,1,0,False,False,True
2026-09-30T21:22:00-05:00,95576.602,95579.001,2.3990000000048894,6.267000000007101,3.3000000000029104,9.567000000010012,1.684000000008382,3.3000000000029104,3.3000000000029104,9,30,1.8334999999933643,6.305499999965832,2.4949999999953434,1.308426506688613,1.5172468479996595,1.3226452905847974,0,0,False,False,False
2026-09-30T21:23:00-05:00,95579.5,95578.025,-1.4750000000058208,10.136999999987893,11.112999999997555,21.249999999985448,9.073999999993248,9.177999999999884,9.177999999999884,8,30,2.106999999996333,6.305499999965832,2.6014999999970314,0.700047460848784,3.370073745159083,3.527964635791027,0,0,False,False,True
2026-09-30T21:24:00-05:00,95577.186,95571.607,-5.5789999999979045,0,6.41799999999057,6.41799999999057,0.0,1.9989999999961583,1.9989999999961583,9,30,1.8334999999933643,6.305499999965832,2.6014999999970314,3.042814289619905,1.0178415668900718,0.7684028445121812,0,0,False,False,True
2026-09-30T21:25:00-05:00,95570.512,95564.323,-6.188999999998487,0.7420000000129221,8.026000000012573,8.768000000025495,0.46400000000721775,3.5540000000037253,3.5540000000037253,10,30,2.106999999996333,6.379499999988184,2.6014999999970314,2.9373516848643844,1.3744023826384097,1.366134922163283,0,0,False,False,True
2026-09-30T21:26:00-05:00,95563.477,95605.017,41.54000000000815,43.595000000015716,2.901000000012573,46.49600000002829,18.869000000006054,1.525999999998021,18.869000000006054,9,30,2.106999999996333,6.530500000008033,2.6014999999970314,19.715234931219957,7.119822371942592,7.253123198165514,1,0,False,False,True
2026-09-30T21:27:00-05:00,95605.514,95609.071,3.5570000000006985,12.794999999998254,8.74100000000908,21.536000000007334,6.562000000005355,6.855999999999767,6.855999999999767,10,30,2.106999999996333,6.658000000003085,2.6820000000006985,1.6881822496473133,3.23460498648203,2.556301267709911,0,0,False,False,True
2026-09-30T21:28:00-05:00,95604.925,95605.23,0.3049999999930151,3.3999999999941792,7.2409999999945285,10.640999999988708,2.5679999999993015,4.145999999993364,4.145999999993364,8,30,2.2960000000020955,7.0789999999979045,3.019000000000233,0.13283972125119195,1.5031784150292213,1.3733024180169078,0,0,False,False,False
2026-09-30T21:29:00-05:00,95605.292,95603.965,-1.327000000004773,0.3650000000052387,1.6300000000046566,1.9950000000098953,0.20100000000093132,0.7780000000057044,0.7780000000057044,8,30,2.2960000000020955,7.504000000015367,3.2920000000012806,0.577961672475419,0.2658582089559981,0.23633049817904062,0,0,False,False,False
2026-09-30T21:30:00-05:00,95602.896,95589.048,-13.847999999998137,6.5129999999917345,21.429999999993015,27.94299999998475,4.44199999999546,14.322999999989406,14.322999999989406,9,30,2.2960000000020955,7.504000000015367,3.2920000000012806,6.031358885011106,3.7237473347451395,4.350850546775162,0,0,False,False,True
2026-09-30T21:31:00-05:00,95589.043,95599.257,10.213999999992666,11.101999999998952,0.8929999999963911,11.994999999995343,8.953999999997905,0.8410000000003492,8.953999999997905,8,30,2.2960000000020955,7.80000000000291,3.2920000000012806,4.448606271769749,1.537820512819342,2.719927095988585,0,0,False,False,True
2026-09-30T21:32:00-05:00,95599.163,95605.721,6.55800000000454,7.220000000001164,0.7559999999939464,7.975999999995111,5.631000000008498,0.5080000000016298,5.631000000008498,8,30,2.448499999998603,8.145500000020547,3.382000000005064,2.6783745150125715,0.9791909643330662,1.664991129509186,0,0,False,False,True
2026-09-30T21:33:00-05:00,95605.721,95604.475,-1.245999999999185,0.28800000000046566,1.5339999999996508,1.8220000000001164,0.2410000000090804,0.827000000004773,0.827000000004773,9,30,3.0274999999965075,8.372000000010303,3.5090000000054715,0.41156069364182407,0.21763019589081153,0.23567968082173937,0,0,False,False,False
2026-09-30T21:34:00-05:00,95604.572,95608.047,3.4750000000058208,7.982999999992899,4.410999999992782,12.393999999985681,5.213999999992666,2.364000000001397,5.213999999992666,9,30,3.0274999999965075,8.372000000010303,3.382000000005064,1.1478117258496547,1.4804108934508395,1.5416913069145057,0,0,False,False,False
2026-09-30T21:35:00-05:00,95614.534,95612.676,-1.8579999999928987,7.334000000002561,2.7050000000017462,10.039000000004307,6.486999999993714,2.0650000000023283,6.486999999993714,9,30,3.5160000000032596,9.01000000001659,3.5090000000054715,0.5284414106914608,1.1142064372903244,1.848674836130977,0,0,False,False,False
2026-09-30T21:36:00-05:00,95612.685,95614.455,1.7700000000040745,4.1639999999897555,2.3849999999947613,6.548999999984517,2.279999999998836,1.4170000000012806,2.279999999998836,9,30,2.9864999999990687,9.01000000001659,3.5090000000054715,0.5926670015083296,0.7268590455019377,0.6497577657438817,0,0,False,False,False
2026-09-30T21:37:00-05:00,95613.477,95613.995,0.5179999999963911,1.6089999999967404,2.069000000003143,3.6779999999998836,0.8279999999940628,0.978000000002794,0.978000000002794,9,30,2.9864999999990687,9.01000000001659,3.5090000000054715,0.17344717897088655,0.40821309655861393,0.27871188372791933,0,0,False,False,False
2026-09-30T21:38:00-05:00,95609.402,95622.757,13.354999999995925,15.840999999985797,7.078999999983353,22.91999999996915,6.75800000000163,4.592999999993481,6.75800000000163,8,30,2.937000000005355,9.01000000001659,3.5090000000054715,4.547156962877621,2.5438401775723585,1.9259048161844092,0,0,False,False,True
2026-09-30T21:39:00-05:00,95622.064,95638.108,16.043999999994412,16.23399999999674,0.8830000000016298,17.11699999999837,5.471000000005006,0.6929999999993015,5.471000000005006,9,30,2.937000000005355,9.01000000001659,3.5090000000054715,5.4627170582108135,1.8997780244136353,1.5591336563113352,0,0,False,False,True
2026-09-30T21:40:00-05:00,95638.035,95657.101,19.065999999991618,22.29899999999907,3.305999999996857,25.604999999995925,13.517999999996391,2.6000000000058208,13.517999999996391,8,30,3.5160000000032596,9.409500000008848,3.849999999998545,5.422639362904989,2.721186035386774,3.511168831169221,0,0,False,False,True
2026-09-30T21:41:00-05:00,95657.101,95654.21,-2.8909999999887077,1.8690000000060536,4.759999999994761,6.629000000000815,1.8690000000060536,2.301999999996042,2.301999999996042,8,30,3.6600000000034925,9.80300000000716,4.679999999993015,0.7898907103786746,0.676221564826683,0.4918803418802303,0,0,False,False,False
2026-09-30T21:42:00-05:00,95654.461,95645.769,-8.69199999999546,0.9509999999863794,9.39199999999255,10.342999999978929,0.6720000000059372,2.8849999999947613,2.8849999999947613,9,30,3.5160000000032596,9.80300000000716,4.679999999993015,2.472127417516326,1.0550851780038126,0.6164529914527921,0,0,False,False,True
2026-09-30T21:43:00-05:00,95645.818,95634.076,-11.74199999999837,0.1279999999969732,11.820999999996275,11.948999999993248,0.0659999999916181,4.788000000000466,4.788000000000466,8,30,3.5160000000032596,9.80300000000716,3.849999999998545,3.339590443682447,1.2189125777807326,1.2436363636369547,0,0,False,False,True
2026-09-30T21:44:00-05:00,95633.908,95630.565,-3.3429999999934807,3.407999999995809,6.918999999994412,10.326999999990221,1.9829999999928987,2.911999999996624,2.911999999996624,10,30,4.5679999999993015,10.190999999991618,4.466999999996915,0.7318301225906287,1.0133451084288798,0.6518916498765693,0,0,False,False,False
2026-09-30T21:45:00-05:00,95627.756,95628.526,0.7700000000040745,3.4800000000104774,5.519000000014785,8.999000000025262,1.8980000000010477,2.809000000008382,2.809000000008382,9,30,4.5679999999993015,10.334999999984575,4.466999999996915,0.16856392294312442,0.8707305273380448,0.6288336691314802,0,0,False,False,False
2026-09-30T21:46:00-05:00,95629.108,95626.09,-3.017999999996391,4.254000000000815,6.690000000002328,10.944000000003143,1.6520000000018626,4.033999999999651,4.033999999999651,8,30,4.5679999999993015,10.334999999984575,4.466999999996915,0.6606830122585053,1.0589259796825812,0.903066935303881,0,0,False,False,False
2026-09-30T21:47:00-05:00,95626.908,95616.69,-10.21799999999348,2.680999999996857,12.080999999991036,14.761999999987893,1.0169999999925494,2.9900000000052387,2.9900000000052387,8,30,4.5679999999993015,10.491999999983818,4.466999999996915,2.236865148860561,1.4069767441870626,0.6693530333573547,0,0,False,False,True
2026-09-30T21:48:00-05:00,95616.411,95608.714,-7.6969999999855645,1.9970000000175787,9.97300000001269,11.970000000030268,1.805000000007567,4.188999999998487,4.188999999998487,9,30,4.5679999999993015,10.491999999983818,4.0899999999965075,1.6849824868622463,1.1408692337065125,1.0242053789736096,0,0,False,False,False
2026-09-30T21:49:00-05:00,95608.435,95607.939,-0.4959999999991851,4.663000000015018,5.438000000023749,10.101000000038766,3.4180000000051223,2.963000000003376,3.4180000000051223,8,30,4.5679999999993015,10.792499999995925,4.1674999999959255,0.108581436076896,0.9359277275925485,0.8201559688082697,0,0,False,False,False
2026-09-30T21:50:00-05:00,95607.983,95613.674,5.69100000000617,11.271999999982654,5.536999999982072,16.808999999964726,6.1269999999931315,5.41799999999057,6.1269999999931315,9,30,4.5679999999993015,10.792499999995925,4.1674999999959255,1.2458406304743959,1.5574704655984315,1.4701859628072278,0,0,False,False,False
2026-09-30T21:51:00-05:00,95614.644,95609.5,-5.144000000000233,1.7770000000018626,5.951000000000931,7.728000000002794,0.9700000000011642,3.021999999997206,3.021999999997206,8,30,4.5679999999993015,10.792499999995925,4.1674999999959255,1.1260945709284194,0.7160528144550115,0.7251349730054375,0,0,False,False,False
2026-09-30T21:52:00-05:00,95608.504,95612.085,3.581000000005588,4.892999999996391,2.3079999999899883,7.200999999986379,2.620999999999185,0.9959999999991851,2.620999999999185,8,30,4.350500000000466,10.491999999983818,4.0899999999965075,0.8231237788771876,0.6863324437664398,0.6408312958438688,0,0,False,False,False
2026-09-30T21:53:00-05:00,95615.106,95592.99,-22.11599999999453,3.335000000006403,22.430000000007567,25.76500000001397,3.0209999999933643,15.855999999999767,15.855999999999767,9,30,4.36250000000291,10.491999999983818,4.0899999999965075,5.06957020056843,2.4556805184953974,3.876772616140173,0,0,False,False,True
2026-09-30T21:54:00-05:00,95593.136,95605.559,12.422999999995227,15.959000000002561,3.39000000001397,19.34900000001653,5.4980000000068685,1.8920000000071013,5.4980000000068685,8,30,5.361499999999069,10.491999999983818,4.0899999999965075,2.317075445303998,1.844166984373463,1.3442542787314335,0,0,False,False,True
2026-09-30T21:55:00-05:00,95605.323,95621.632,16.30899999999383,17.872000000003027,1.7989999999990687,19.671000000002095,8.529999999998836,0.9389999999984866,8.529999999998836,9,30,5.417500000003201,10.792499999995925,4.1674999999959255,3.0104291647409678,1.8226546212656494,2.0467906418733475,0,0,False,False,True
2026-09-30T21:56:00-05:00,95621.574,95614.678,-6.895999999993364,0.008000000001629815,6.961999999999534,6.970000000001164,0.008000000001629815,2.7149999999965075,2.7149999999965075,9,30,5.417500000003201,11.446499999998196,4.488499999999476,1.2729118597119131,0.6089197571311984,0.604879135567968,0,0,False,False,False
2026-09-30T21:57:00-05:00,95622.503,95628.981,6.478000000002794,14.711999999999534,0.40899999999965075,15.120999999999185,7.82499999999709,0.3899999999994179,7.82499999999709,8,30,5.417500000003201,10.792499999995925,4.1674999999959255,1.195754499307608,1.401065554783868,1.8776244751061164,0,0,False,False,False
2026-09-30T21:58:00-05:00,95628.981,95637.061,8.080000000001746,8.764000000010128,0.6840000000083819,9.44800000001851,5.494000000006054,0.6080000000074506,5.494000000006054,9,30,6.084500000004482,10.792499999995925,4.1674999999959255,1.3279644999582207,0.875422747280248,1.3182963407345951,0,0,False,False,False
2026-09-30T21:59:00-05:00,95636.809,95631.769,-5.039999999993597,0.6410000000032596,5.93300000000454,6.5740000000078,0.3790000000008149,2.426000000006752,2.426000000006752,8,30,6.518000000003667,10.643499999991036,4.488499999999476,0.7732433261722556,0.6176539672112873,0.5404923693900046,0,0,False,False,False
2026-09-30T22:00:00-05:00,95633.992,95627.898,-6.0939999999973224,2.8690000000060536,6.740000000005239,9.609000000011292,2.2229999999981374,4.023000000001048,4.023000000001048,9,30,6.518000000003667,10.643499999991036,4.488499999999476,0.9349493709717542,0.902804528587343,0.8962905202186738,0,0,False,False,False
2026-09-30T22:01:00-05:00,95636.177,95649.599,13.422000000005937,22.154999999998836,0.4539999999979045,22.60899999999674,8.278999999994994,0.23399999999674037,8.278999999994994,9,30,6.286000000000058,10.334999999984575,4.111499999999069,2.135221126313365,2.187614900825398,2.013620333210962,0,0,False,False,True
2026-09-30T22:02:00-05:00,95649.528,95663.462,13.93399999999383,17.19000000000233,3.327000000004773,20.5170000000071,15.490999999994528,1.4049999999988358,15.490999999994528,9,30,6.286000000000058,10.334999999984575,4.111499999999069,2.2166719694549317,1.9851959361429823,3.7677246746924573,0,0,False,False,True
2026-09-30T22:03:00-05:00,95663.006,95660.805,-2.2010000000009313,2.0429999999905704,4.69999999999709,6.74299999998766,1.533000000010361,3.944999999992433,3.944999999992433,9,30,6.286000000000058,10.643499999991036,4.111499999999069,0.3501431753103581,0.633532202752228,0.9595038307170927,0,0,False,False,False
2026-09-30T22:04:00-05:00,95660.843,95661.543,0.7000000000116415,1.893999999985681,1.1559999999735737,3.0499999999592546,1.7119999999995343,0.46499999999650754,1.7119999999995343,8,30,6.286000000000058,10.643499999991036,4.111499999999069,0.11135857461209593,0.28655987221889634,0.41639304390123366,0,0,False,False,False
2026-09-30T22:05:00-05:00,95660.44,95662.318,1.8779999999969732,2.029000000009546,1.2540000000153668,3.283000000024913,1.6480000000010477,1.103000000002794,1.6480000000010477,8,30,6.286000000000058,10.334999999984575,4.028500000000349,0.29875914731100156,0.31765844218962874,0.40908526746950596,0,0,False,False,False
2026-09-30T22:06:00-05:00,95662.327,95672.493,10.165999999997439,11.413000000015018,1.2380000000121072,12.651000000027125,3.8470000000088476,1.0749999999970896,3.8470000000088476,9,30,6.286000000000058,10.334999999984575,3.9839999999967404,1.6172446706963641,1.224092888248283,0.9656124498022076,0,0,False,False,False
2026-09-30T22:07:00-05:00,95672.382,95669.346,-3.0359999999927823,1.1230000000068685,4.2700000000040745,5.393000000010943,0.5990000000019791,4.042000000001281,4.042000000001281,8,30,6.686999999998079,10.643499999991036,3.9839999999967404,0.4540152534759465,0.506694226524685,1.0145582329328784,0,0,False,False,False
2026-09-30T22:08:00-05:00,95668.987,95673.671,4.684000000008382,7.510000000009313,3.1850000000122236,10.695000000021537,6.00800000000163,2.2440000000060536,6.00800000000163,8,30,6.686999999998079,10.643499999991036,4.028500000000349,0.700463586063964,1.0048386339108888,1.4913739605314904,0,0,False,False,False
2026-09-30T22:09:00-05:00,95673.688,95668.843,-4.845000000001164,0.4369999999908032,5.264999999999418,5.701999999990221,0.41999999999825377,3.7839999999996508,3.7839999999996508,9,30,6.286000000000058,10.519000000000233,4.028500000000349,0.770760419981088,0.5420667363808437,0.9393074345288129,0,0,False,False,False
2026-09-30T22:10:00-05:00,95669.151,95671.569,2.4180000000051223,5.677000000010594,2.9510000000009313,8.628000000011525,2.9130000000004657,2.93300000000454,2.93300000000454,7,30,5.892500000001746,10.334999999984575,3.9839999999967404,0.41035214255484187,0.8348330914392261,0.7361947791182079,0,0,False,False,False
2026-09-30T22:11:00-05:00,95671.568,95688.076,16.50800000000163,17.769000000000233,1.2620000000024447,19.031000000002678,5.653999999994994,1.088000000003376,5.653999999994994,9,30,5.417500000003201,10.214000000014494,3.8960000000006403,3.047161975079257,1.8632269434086228,1.451232032852686,0,0,False,False,True
2026-09-30T22:12:00-05:00,95693.477,95703.175,9.698000000003958,15.449999999982538,0.35099999998055864,15.800999999963096,5.400999999998021,0.34599999999045394,5.400999999998021,8,30,5.892500000001746,10.334999999984575,3.9839999999967404,1.6458209588461747,1.5288824383151116,1.3556726907636647,0,0,False,False,False
2026-09-30T22:13:00-05:00,95703.148,95702.594,-0.5540000000037253,1.7880000000004657,2.3690000000060536,4.157000000006519,1.7229999999981374,1.5780000000086147,1.7229999999981374,8,30,5.892500000001746,10.511000000005879,4.028500000000349,0.09401781926237779,0.39549043858854477,0.4277026188402601,0,0,False,False,False
2026-09-30T22:14:00-05:00,95703.219,95701.409,-1.8099999999976717,1.2380000000121072,2.423000000009779,3.661000000021886,0.625,1.3080000000045402,1.3080000000045402,9,30,5.417500000003201,10.214000000014494,3.9839999999967404,0.3341024457769455,0.3584296064241914,0.32831325301345643,0,0,False,False,False
2026-09-30T22:15:00-05:00,95692.577,95692.156,-0.4210000000020955,0.4210000000020955,9.673999999999069,10.095000000001164,0.2590000000054715,8.831999999994878,8.831999999994878,8,30,5.417500000003201,9.85500000002503,3.9839999999967404,0.07771112136628458,1.0243531202410476,2.216867469880046,0,0,False,False,True
2026-09-30T22:16:00-05:00,95692.184,95696.097,3.9130000000004657,6.807999999989988,2.86699999999837,9.674999999988358,3.129000000000815,2.495999999999185,3.129000000000815,8,30,5.417500000003201,10.098000000019965,4.028500000000349,0.7222888786337154,0.9581105169309991,0.7767158992182062,0,0,False,False,False
2026-09-30T22:17:00-05:00,95693.343,95699.114,5.771000000007916,11.339999999996508,8.322999999989406,19.662999999985914,11.243999999991502,2.754000000000815,11.243999999991502,9,30,5.417500000003201,9.884999999994761,3.9839999999967404,1.065251499770098,1.9891755184619457,2.822289156626682,0,0,False,False,True
2026-09-30T22:18:00-05:00,95697.576,95692.279,-5.297000000005937,0.8539999999920838,7.688999999998487,8.54299999999057,0.7299999999959255,3.1640000000043074,3.1640000000043074,8,30,5.417500000003201,9.884999999994761,4.032500000001164,0.9777572681131161,0.8642387455736062,0.7846249225054913,0,0,False,False,False
2026-09-30T22:19:00-05:00,95692.304,95693.504,1.1999999999970896,1.8029999999998836,0.5779999999940628,2.3809999999939464,1.720999999990454,0.47000000000116415,1.720999999990454,8,30,5.220500000003085,9.641999999999825,3.9839999999967404,0.22986303993800986,0.24694046878178694,0.4319779116445437,0,0,False,False,False
2026-09-30T22:20:00-05:00,95693.527,95695.214,1.687000000005355,2.889000000010128,1.1790000000037253,4.068000000013853,2.31699999999546,0.7860000000073342,2.31699999999546,9,30,5.220500000003085,9.528500000014901,3.9839999999967404,0.32314912364799503,0.4269297371052623,0.5815763052202197,0,0,False,False,False
2026-09-30T22:21:00-05:00,95695.828,95697.679,1.8510000000096625,3.302000000010594,0.8370000000140863,4.13900000002468,1.7220000000088476,0.41200000001117587,1.7220000000088476,9,30,5.091999999996915,9.038000000015018,3.8960000000006403,0.36351139041845715,0.45795529984706823,0.4419917864498369,0,0,False,False,False
2026-09-30T22:22:00-05:00,95697.332,95699.314,1.9820000000036089,2.5010000000038417,0.8660000000090804,3.367000000012922,0.8919999999925494,0.5040000000008149,0.8919999999925494,8,30,4.942499999997381,9.038000000015018,3.8960000000006403,0.4010116337895112,0.3725381721627935,0.22895277207197198,0,0,False,False,False
2026-09-30T22:23:00-05:00,95699.298,95700.392,1.0940000000118744,2.6570000000065193,1.5789999999979045,4.236000000004424,2.0749999999970896,1.4619999999995343,2.0749999999970896,9,30,4.942499999997381,9.038000000015018,3.8960000000006403,0.22134547294131596,0.46868776277908664,0.532597535933457,0,0,False,False,False
2026-09-30T22:24:00-05:00,95699.36,95695.876,-3.4839999999967404,0.47599999998055864,4.991999999983818,5.467999999964377,0.4259999999922002,3.6959999999962747,3.6959999999962747,9,30,4.764500000004773,8.585500000001048,3.815500000004249,0.731241473395582,0.6368877758970019,0.9686803826476631,0,0,False,False,False
2026-09-30T22:25:00-05:00,95695.977,95694.13,-1.8469999999942956,1.7370000000082655,3.4830000000074506,5.220000000015716,1.1790000000037253,1.823999999993248,1.823999999993248,9,30,4.298500000004424,7.756499999995867,3.7399999999979627,0.42968477375651853,0.67298394894843,0.4877005347578186,0,0,False,False,False
2026-09-30T22:26:00-05:00,95694.139,95681.154,-12.985000000000582,0.41199999998207204,13.387999999991735,13.799999999973807,0.40299999999115244,12.825000000011642,12.825000000011642,8,30,3.698499999998603,6.856499999994412,3.430000000000291,3.5108827903218836,2.012688689562467,3.7390670553966627,0,0,False,False,True
2026-09-30T22:27:00-05:00,95680.228,95662.519,-17.70900000000256,3.1309999999939464,21.765999999988708,24.896999999982654,3.0929999999934807,20.119000000006054,20.119000000006054,8,30,3.698499999998603,7.642999999989115,3.7399999999979627,4.788157361094836,3.257490514198366,5.379411764710431,0,0,False,False,True
2026-09-30T22:28:00-05:00,95662.545,95661.124,-1.4210000000020955,0.11699999999837019,1.5120000000024447,1.629000000000815,0.05700000000069849,0.713000000003376,0.713000000003376,8,30,3.698499999998603,7.642999999989115,3.7399999999979627,0.3842098147904913,0.21313620306203518,0.19064171123095305,0,0,False,False,False
2026-09-30T22:29:00-05:00,95661.115,95663.385,2.2699999999895226,6.717999999993481,4.456999999994878,11.174999999988358,6.010999999998603,1.728000000002794,6.010999999998603,8,30,3.2599999999947613,6.65849999999773,3.430000000000291,0.696319018402813,1.678305924756652,1.7524781341102311,0,0,False,False,False
2026-09-30T22:30:00-05:00,95666.407,95669.921,3.513999999995576,6.774000000004889,0.23799999999755528,7.012000000002445,3.022000000011758,0.22999999999592546,3.022000000011758,8,30,2.7269999999989523,7.642999999989115,3.7399999999979627,1.2885955262181614,0.917440795500776,0.8080213903779155,0,0,False,False,False
2026-09-30T22:31:00-05:00,95670.662,95673.542,2.8800000000046566,3.7290000000066357,0.10800000000745058,3.8370000000140863,1.6750000000029104,0.10000000000582077,1.6750000000029104,8,30,2.7269999999989523,6.877499999995052,3.430000000000291,1.0561056105631694,0.5579062159239326,0.48833819242063214,0,0,False,False,False
2026-09-30T22:32:00-05:00,95673.645,95674.78,1.1349999999947613,2.573000000003958,1.3350000000064028,3.908000000010361,1.246000000013737,1.3140000000130385,1.3140000000130385,9,30,2.6490000000048894,6.2224999999889405,3.146500000002561,0.42846357115615946,0.6280433909228296,0.4176068647741837,0,0,False,False,False
2026-09-30T22:33:00-05:00,95674.84,95676.881,2.040999999997439,3.245999999999185,1.1450000000040745,4.39100000000326,3.153999999994994,0.56600000000617,3.153999999994994,9,30,2.3439999999973224,5.584999999977299,3.0755000000062864,0.8707337883958064,0.786213070728936,1.0255243049873346,0,0,False,False,False
2026-09-30T22:34:00-05:00,95676.97,95682.345,5.375,6.723000000012689,1.2590000000054715,7.982000000018161,3.323000000003958,0.7700000000040745,3.323000000003958,8,30,2.3439999999973224,5.43049999998766,3.0755000000062864,2.2930887372039845,1.4698462388428872,1.080474719556874,0,0,False,False,True
2026-09-30T22:35:00-05:00,95681.956,95689.802,7.845999999990454,7.845999999990454,0.3889999999955762,8.23499999998603,6.722999999998137,0.3889999999955762,6.722999999998137,8,30,2.6490000000048894,5.584999999977299,3.1414999999979045,2.961872404671941,1.4744852282935546,2.140060480662939,0,0,False,False,True
2026-09-30T22:36:00-05:00,95689.867,95679.557,-10.309999999997672,0.47000000000116415,10.714999999996508,11.184999999997672,0.40499999999883585,6.4210000000020955,6.4210000000020955,8,30,2.9579999999987194,6.356999999996333,3.1589999999996508,3.485463150778274,1.7594777410734819,2.0326052548283653,0,0,False,False,True
2026-09-30T22:37:00-05:00,95678.761,95705.356,26.595000000001164,45.99800000000687,20.1990000000078,66.19700000001467,45.687000000005355,13.381999999997788,45.687000000005355,8,30,2.9579999999987194,6.356999999996333,3.1589999999996508,8.990872210957633,10.413245241474415,14.46248812915809,3,0,True,False,True
2026-09-30T22:38:00-05:00,95705.507,95704.901,-0.6059999999997672,1.698999999993248,2.153999999994994,3.852999999988242,1.0960000000050059,1.9829999999928987,1.9829999999928987,9,30,3.1820000000006985,7.497000000010303,3.1589999999996508,0.1904462602135871,0.5139389088946175,0.6277302943947825,0,0,False,False,False
2026-09-30T22:39:00-05:00,95705.004,95745.81,40.80599999999686,48.228000000002794,7.319000000003143,55.54700000000594,47.8240000000078,3.264999999999418,47.8240000000078,9,30,2.6490000000048894,6.356999999996333,3.1414999999979045,15.404303510729157,8.737926694987884,15.223300970886424,3,0,True,False,True
2026-09-30T22:40:00-05:00,95745.396,95740.034,-5.361999999993714,6.263999999995576,12.039999999993597,18.303999999989173,3.1349999999947613,10.40899999999965,10.40899999999965,8,30,2.6490000000048894,7.497000000010303,3.1414999999979045,2.024160060394042,2.4415099373034574,3.313385325483557,0,0,False,False,True
2026-09-30T22:41:00-05:00,95740.092,95729.149,-10.942999999999302,2.1489999999903375,13.033999999985099,15.182999999975436,1.6559999999881256,9.098999999987427,9.098999999987427,9,30,3.1820000000006985,7.497000000010303,3.1589999999996508,3.4390320553101508,2.0252100840275538,2.880341880338219,0,0,False,False,True
2026-09-30T22:42:00-05:00,95729.372,95719.173,-10.1990000000078,5.842999999993481,15.819000000003143,21.661999999996624,2.9719999999942956,11.557000000000698,11.557000000000698,8,30,3.1820000000006985,7.497000000010303,3.1589999999996508,3.205216844753476,2.889422435636502,3.658436213992395,0,0,False,False,True
2026-09-30T22:43:00-05:00,95718.537,95732.384,13.847000000008848,19.330000000001746,6.118999999991502,25.448999999993248,9.400999999998021,3.0449999999982538,9.400999999998021,8,30,3.1820000000006985,7.497000000010303,3.1589999999996508,4.351665619109305,3.394557823123686,2.975941753719234,0,0,False,False,True
2026-09-30T22:44:00-05:00,95734.883,95693.351,-41.53200000000652,2.4989999999961583,41.53200000000652,44.03100000000268,2.4989999999961583,27.872000000003027,27.872000000003027,8,30,3.4989999999961583,8.108500000002095,3.2435000000041327,11.869677050600776,5.4302275390012085,8.593186372735476,2,0,True,False,True
2026-09-30T22:45:00-05:00,95694.091,95704.896,10.804999999993015,16.521000000007916,4.9760000000096625,21.49700000001758,12.687999999994645,2.0860000000102445,12.687999999994645,8,30,3.713499999998021,8.3889999999883,3.5095000000001164,2.909653965261552,2.562522350703011,3.6153298190608987,0,0,False,False,True
2026-09-30T22:46:00-05:00,95705.953,95708.056,2.103000000002794,4.49900000001071,1.3390000000072177,5.838000000017928,1.2400000000052387,0.8519999999989523,1.2400000000052387,8,30,4.605000000003201,8.3889999999883,3.5095000000001164,0.45667752443025666,0.6959113124360555,0.35332668471440304,0,0,False,False,False
2026-09-30T22:47:00-05:00,95708.888,95716.774,7.885999999998603,10.103000000002794,1.3849999999947613,11.487999999997555,5.399999999994179,0.7529999999969732,5.399999999994179,9,30,4.405500000000757,8.108500000002095,3.5095000000001164,1.7900351832929857,1.416784855397988,1.5386807237481124,0,0,False,False,False
2026-09-30T22:48:00-05:00,95723.676,95726.001,2.3249999999970896,10.701000000000931,1.474000000001979,12.17500000000291,6.902000000001863,1.1999999999970896,6.902000000001863,9,30,4.405500000000757,8.108500000002095,3.5095000000001164,0.5277494041531473,1.5015107603132225,1.9666619176525526,0,0,False,False,False
2026-09-30T22:49:00-05:00,95726.242,95734.347,8.104999999995925,8.345999999990454,0,8.345999999990454,4.130000000004657,0.0,4.130000000004657,8,30,3.4989999999961583,8.108500000002095,4.547999999995227,2.316376107460653,1.0292902509697597,0.9080914687794616,0,0,False,False,True
2026-09-30T22:50:00-05:00,95735.537,95745.876,10.339000000007218,14.103000000002794,2.573999999993248,16.676999999996042,12.10899999999674,2.4789999999920838,12.10899999999674,8,30,4.437999999994645,8.290499999988242,4.764999999999418,2.3296529968498634,2.0115795187286283,2.5412381951727636,0,0,False,False,True
2026-09-30T22:51:00-05:00,95749.249,95725.168,-24.080999999991036,10.118999999991502,30.82699999999022,40.94599999998172,3.3729999999923166,11.80899999999383,11.80899999999383,8,30,5.368499999996857,9.760499999989406,5.705499999996391,4.485610505728814,4.195071973774516,2.0697572517748313,0,0,False,False,True
2026-09-30T22:52:00-05:00,95724.826,95748.223,23.396999999997206,24.256999999983236,1.2019999999902211,25.458999999973457,18.01600000000326,0.7679999999963911,18.01600000000326,9,30,6.610499999995227,11.179999999993015,6.216000000000349,3.5393691853890172,2.2771914132369733,2.89832689832726,0,0,False,False,True
2026-09-30T22:53:00-05:00,95745.802,95750.235,4.43300000000454,4.769000000000233,2.756999999997788,7.525999999998021,1.9739999999874271,2.4210000000020955,2.4210000000020955,8,30,7.8659999999945285,11.336499999997613,6.572000000000116,0.5635647088746025,0.6638733295108371,0.3683810103472387,0,0,False,False,False
2026-09-30T22:54:00-05:00,95749.657,95744.516,-5.14100000000326,0.33599999999569263,6.054999999993015,6.390999999988708,0.33599999999569263,3.2399999999906868,3.2399999999906868,9,30,7.8659999999945285,11.336499999997613,6.572000000000116,0.6535723366395673,0.5637542451365106,0.49300060864130085,0,0,False,False,False
2026-09-30T22:55:00-05:00,95744.516,95761.795,17.278999999994994,24.45999999999185,7.180999999996857,31.640999999988708,21.561000000001513,3.7989999999990687,21.561000000001513,10,30,7.8659999999945285,11.336499999997613,6.572000000000116,2.196669209255913,2.7910730825206516,3.280736457699503,0,0,False,False,True
2026-09-30T22:56:00-05:00,95764.39,95748.479,-15.910999999992782,3.2110000000102445,16.527000000001863,19.738000000012107,2.595000000001164,8.829999999987194,8.829999999987194,10,30,7.995499999997264,11.831500000000233,6.8125,1.9899943718339348,1.6682584625797,1.296146788988946,0,0,False,False,False
2026-09-30T22:57:00-05:00,95747.747,95742.152,-5.595000000001164,0.9230000000243308,7.250000000029104,8.173000000053435,0.3580000000074506,4.706000000005588,4.706000000005588,10,30,7.995499999997264,11.831500000000233,6.8125,0.6997686198490499,0.6907830790730908,0.6907889908265084,0,0,False,False,False
2026-09-30T22:58:00-05:00,95741.578,95730.406,-11.171999999991385,12.104000000006636,23.85000000000582,35.954000000012456,9.88399999999092,13.432999999989988,13.432999999989988,9,30,7.8659999999945285,11.336499999997613,6.572000000000116,1.4202898550723566,3.1715256031420656,2.0439744370039183,0,0,False,False,True
2026-09-30T22:59:00-05:00,95730.338,95724.449,-5.889000000010128,3.9909999999945285,9.948000000003958,13.938999999998487,3.180999999996857,4.246999999988475,4.246999999988475,10,30,7.995499999997264,11.831500000000233,6.8125,0.7365393033596577,1.1781261885642744,0.6234128440350055,0,0,False,False,False
2026-09-30T23:00:00-05:00,95724.458,95716.206,-8.251999999993131,1.4210000000020955,9.663999999989755,11.084999999991851,1.3630000000121072,5.335999999995693,5.335999999995693,9,30,7.995499999997264,13.057000000000698,6.8125,1.0320805453062292,0.8489699012017506,0.7832660550452393,0,0,False,False,False
2026-09-30T23:01:00-05:00,95715.821,95714.774,-1.0469999999913853,13.8240000000078,15.256000000008498,29.080000000016298,5.823000000003958,12.128999999986263,12.128999999986263,10,30,8.178499999994528,13.057000000000698,6.8125,0.1280185853141879,2.227157846367063,1.780403669722754,0,0,False,False,True
2026-09-30T23:02:00-05:00,95714.498,95722.748,8.25,8.25,0.27599999999802094,8.525999999998021,4.7700000000040745,0.27599999999802094,4.7700000000040745,9,30,8.178499999994528,14.560999999986961,7.8659999999945285,1.0087424344324165,0.5855367076440942,0.6064073226554021,0,0,False,False,False
2026-09-30T23:03:00-05:00,95722.725,95727.766,5.040999999997439,7.350000000005821,2.3320000000094296,9.68200000001525,4.972000000008848,0.7250000000058208,4.972000000008848,10,30,8.250999999996566,14.560999999986961,7.8659999999945285,0.610956247727492,0.6649268594206387,0.6320874650409746,0,0,False,False,False
2026-09-30T23:04:00-05:00,95727.117,95709.279,-17.838000000003376,1.978000000002794,20.46500000001106,22.443000000013853,1.1160000000090804,10.15899999999965,10.15899999999965,10,30,8.250999999996566,14.560999999986961,7.8659999999945285,2.1619197673022423,1.5413089760341976,1.2915077548953366,0,0,False,False,True
2026-09-30T23:05:00-05:00,95709.258,95708.116,-1.1420000000071013,1.5020000000076834,2.665000000008149,4.1670000000158325,0.9480000000039581,1.0570000000006985,1.0570000000006985,10,30,9.225500000000466,15.92999999998574,8.96449999998731,0.12378732860083938,0.26158192090518284,0.11790953204330355,0,0,False,False,False
2026-09-30T23:06:00-05:00,95707.266,95677.687,-29.578999999997905,0.7229999999981374,31.15199999998731,31.874999999985448,0.7229999999981374,9.994999999995343,9.994999999995343,10,30,9.225500000000466,15.92999999998574,8.96449999998731,3.2062218849922943,2.0009416195865652,1.1149534274091686,0,0,False,False,True
2026-09-30T23:07:00-05:00,95687.255,95690.211,2.955999999991036,13.129000000000815,0.6050000000104774,13.734000000011292,9.567999999999302,0.6050000000104774,9.567999999999302,9,30,9.225500000000466,17.490499999992608,9.249999999992724,0.32041623760131016,0.7852262656880648,1.0343783783791165,0,0,False,False,False
2026-09-30T23:08:00-05:00,95690.211,95701.129,10.918000000005122,11.672000000005937,0.7540000000008149,12.426000000006752,5.237999999997555,0.47899999999208376,5.237999999997555,10,30,8.250999999996566,15.92999999998574,9.249999999992724,1.3232335474499657,0.7800376647845496,0.5662702702704514,0,0,False,False,False
2026-09-30T23:09:00-05:00,95701.135,95689.409,-11.72599999999511,4.603000000002794,16.323000000003958,20.926000000006752,2.6670000000012806,8.876000000003842,8.876000000003842,10,30,9.225500000000466,15.92999999998574,9.249999999992724,1.2710422199332847,1.313622096674544,0.9595675675687376,0,0,False,False,False
2026-09-30T23:10:00-05:00,95689.232,95651.038,-38.19400000000314,6.504000000000815,44.875,51.379000000000815,5.404999999998836,37.1140000000014,37.1140000000014,10,30,9.225500000000466,15.92999999998574,8.987499999995634,4.140046609939972,3.2252981795384064,4.12951321279771,0,0,False,False,True
2026-09-30T23:11:00-05:00,95652.947,95642.919,-10.028000000005704,12.75,20.869000000006054,33.619000000006054,7.19199999999546,9.50800000000163,9.50800000000163,9,30,10.269000000007509,15.92999999998574,8.987499999995634,0.9765313078194928,2.1104205900838764,1.0579137691244782,0,0,False,False,True
2026-09-30T23:12:00-05:00,95645.462,95659.815,14.353000000002794,17.714999999996508,0.8189999999885913,18.5339999999851,6.461999999999534,0.5739999999932479,6.461999999999534,10,30,10.113500000006752,18.207500000004075,9.138500000000931,1.4191921688825047,1.0179321708076865,0.7071182360342371,0,0,False,False,False
2026-09-30T23:13:00-05:00,95659.238,95666.495,7.256999999997788,11.112000000008265,4.43200000001525,15.544000000023516,4.7189999999973224,3.6520000000018626,4.7189999999973224,9,30,10.183500000006461,17.60549999999057,8.852999999995518,0.7126233613191126,0.8829059100867253,0.5330396475770599,0,0,False,False,False
2026-09-30T23:14:00-05:00,95671.887,95683.922,12.035000000003492,17.435000000012224,0.008000000001629815,17.443000000013853,5.392000000007101,0.008000000001629815,5.392000000007101,10,30,9.139999999999418,16.11050000000978,7.8659999999945285,1.3167396061273806,1.082710033829072,0.6854818204946418,0,0,False,False,False
2026-09-30T23:15:00-05:00,95677.97,95688.604,10.634000000005472,16.101000000009662,11.419000000008964,27.520000000018626,10.55800000000454,5.952000000004773,10.55800000000454,10,30,9.139999999999418,16.11050000000978,6.6820000000006985,1.1634573304164277,1.708202724931065,1.580065848548853,0,0,False,False,False
2026-09-30T23:16:00-05:00,95691.651,95685.38,-6.270999999993364,8.517999999996391,11.74199999999837,20.25999999999476,3.0469999999913853,7.495000000009895,7.495000000009895,9,30,9.139999999999418,16.11050000000978,6.6820000000006985,0.6861050328220748,1.2575649421174055,1.1216701586365028,0,0,False,False,False
2026-09-30T23:17:00-05:00,95686.832,95712.315,25.48300000000745,29.536999999982072,2.6019999999844003,32.13899999996647,10.482999999992899,1.646999999997206,10.482999999992899,10,30,9.139999999999418,17.060000000004948,7.198500000005879,2.7880743982504455,1.8838804220373477,1.4562756129727494,0,0,False,False,True
2026-09-30T23:18:00-05:00,95714.471,95722.406,7.934999999997672,27.862999999997555,17.771999999997206,45.63499999999476,9.52499999999418,6.225999999995111,9.52499999999418,10,30,10.183500000006461,17.988499999999476,8.162499999998545,0.7792016497267774,2.536898574088784,1.1669218989275194,0,0,False,False,True
2026-09-30T23:19:00-05:00,95722.406,95727.92,5.513999999995576,24.947000000000116,19.43300000000454,44.38000000000466,9.510000000009313,16.610999999989872,16.610999999989872,9,30,10.183500000006461,19.135999999998603,8.852999999995518,0.5414641331557989,2.319188963211115,1.8763131141983826,0,0,False,False,True
2026-09-30T23:20:00-05:00,95743.476,95748.878,5.402000000001863,32.704000000012456,11.746000000013737,44.45000000002619,15.555999999996857,5.972999999998137,15.555999999996857,10,30,10.183500000006461,19.999000000003434,9.192000000002736,0.5304659498206349,2.222611130557456,1.69234116623066,0,0,False,False,True
2026-09-30T23:21:00-05:00,95749.598,95757.214,7.61600000000908,13.107000000003609,4.770999999993364,17.877999999996973,4.993000000002212,2.466999999989639,4.993000000002212,10,30,9.139999999999418,20.593000000000757,9.192000000002736,0.8332603938741319,0.8681590831834272,0.5431897302002531,0,0,False,False,False
2026-09-30T23:22:00-05:00,95760.224,95774.591,14.36699999999837,17.822999999989406,0.4459999999962747,18.26899999998568,4.334000000002561,0.4459999999962747,4.334000000002561,9,30,8.250999999996566,19.999000000003434,8.852999999995518,1.7412434856386316,0.9134956747828663,0.4895515644419694,0,0,False,False,False
2026-09-30T23:23:00-05:00,95777.675,95792.641,14.96600000000035,18.995999999999185,0.9459999999962747,19.94199999999546,3.2289999999920838,0.9459999999962747,3.2289999999920838,10,30,8.250999999996566,19.135999999998603,8.162499999998545,1.81384074657697,1.0421195652172301,0.3955895865228373,0,0,False,False,False
2026-09-30T23:24:00-05:00,95792.852,95796.318,3.4660000000003492,4.207999999998719,0.5310000000026776,4.739000000001397,1.2400000000052387,0.510999999998603,1.2400000000052387,9,30,9.139999999999418,19.840000000003783,8.162499999998545,0.379212253829384,0.23886088709679906,0.15191424196085265,0,0,False,False,False
2026-09-30T23:25:00-05:00,95796.384,95798.062,1.6779999999998836,6.552999999999884,4.80899999999383,11.361999999993714,3.470999999990454,2.74199999999837,3.470999999990454,10,30,9.139999999999418,19.840000000003783,8.162499999998545,0.18358862144420027,0.5726814516124772,0.4252373660019691,0,0,False,False,False
2026-09-30T23:26:00-05:00,95798.036,95791.473,-6.562999999994645,1.970999999990454,8.559999999997672,10.530999999988126,1.970999999990454,5.831999999994878,5.831999999994878,9,30,8.250999999996566,19.135999999998603,6.978500000004715,0.795418737122455,0.550323996654938,0.8357096797293025,0,0,False,False,False
2026-09-30T23:27:00-05:00,95794.396,95794.948,0.5520000000105938,9.91700000000128,6.44199999999546,16.35899999999674,3.7850000000034925,3.6900000000023283,3.7850000000034925,10,30,8.092499999998836,18.40149999998539,6.146999999997206,0.06821130676684253,0.8890036138363573,0.6157475191158635,0,0,False,False,False
2026-09-30T23:28:00-05:00,95795.032,95786.461,-8.571000000010827,5.6049999999959255,14.092000000004191,19.697000000000116,5.520999999993364,8.290999999997439,8.290999999997439,9,30,8.092499999998836,18.40149999998539,6.146999999997206,1.059128822985735,1.0704018694136759,1.3487880266798775,0,0,False,False,False
2026-09-30T23:29:00-05:00,95786.577,95794.769,8.19199999999546,9.46600000000035,1.157999999995809,10.623999999996158,8.245999999999185,0.5849999999918509,8.245999999999185,10,30,8.092499999998836,18.40149999998539,6.146999999997206,1.012295335186486,0.5773442382416973,1.3414673824634673,0,0,False,False,False
2026-09-30T23:30:00-05:00,95794.769,95862.302,67.53299999999581,72.91900000000896,5.386000000013155,78.30500000002212,70.19800000000396,2.8099999999976717,70.19800000000396,9,30,8.22099999999773,18.40149999998539,6.978500000004715,8.214694076148213,4.255359617427073,10.059181772581002,2,0,True,False,True
2026-09-30T23:31:00-05:00,95862.024,95867.785,5.760999999998603,6.7409999999945285,1.257999999987078,7.998999999981606,4.455000000001746,0.5840000000025611,4.455000000001746,10,30,8.22099999999773,19.115499999992608,7.87050000000454,0.7007663301301781,0.4184562266215741,0.5660377358489519,0,0,False,False,False
2026-09-30T23:32:00-05:00,95868.443,95869.657,1.2140000000072177,5.98499999998603,4.112999999983003,10.097999999969034,2.8959999999933643,1.5270000000018626,2.8959999999933643,10,30,8.22099999999773,18.40149999998539,6.978500000004715,0.1476705996846555,0.548759611986906,0.41498889446032927,0,0,False,False,False
2026-09-30T23:33:00-05:00,95869.705,95870.453,0.7479999999923166,4.9099999999889405,4.114000000001397,9.023999999990338,4.447000000000116,2.238999999986845,4.447000000000116,9,30,8.063499999996566,18.40149999998539,6.978500000004715,0.09276368822380296,0.49039480477121444,0.6372429605211882,0,0,False,False,False
2026-09-30T23:34:00-05:00,95871.419,95870.041,-1.3779999999969732,1.381999999997788,1.793999999994412,3.1759999999922,0.9660000000003492,1.4510000000009313,1.4510000000009313,10,30,8.063499999996566,18.40149999998539,6.978500000004715,0.17089353258480314,0.1725946254378568,0.20792433904133423,0,0,False,False,False
2026-09-30T23:35:00-05:00,95870.284,95868.796,-1.4879999999975553,0.4260000000067521,1.6710000000020955,2.0970000000088476,0.2430000000022119,0.8099999999976717,0.8099999999976717,9,30,7.775500000003376,18.073499999991327,6.146999999997206,0.19137032988192518,0.11602622624338695,0.13177159590012036,0,0,False,False,False
2026-09-30T23:36:00-05:00,95868.422,95850.64,-17.78200000000652,2.4550000000017462,20.611000000004424,23.06600000000617,2.120999999999185,19.544999999998254,19.544999999998254,10,30,7.775500000003376,18.073499999991327,6.146999999997206,2.286926885730667,1.2762331590459646,3.179599804783982,0,0,False,False,True
2026-09-30T23:37:00-05:00,95850.654,95859.866,9.211999999999534,10.519999999989523,1.293999999994412,11.813999999983935,6.4320000000006985,1.293999999994412,6.4320000000006985,10,30,7.775500000003376,18.073499999991327,6.146999999997206,1.1847469616096116,0.6536642044977234,1.0463640800396328,0,0,False,False,False
2026-09-30T23:38:00-05:00,95859.667,95858.537,-1.1300000000046566,2.00099999998929,3.3299999999871943,5.330999999976484,1.5679999999993015,1.43399999999383,1.5679999999993015,9,30,8.063499999996566,18.073499999991327,6.131999999997788,0.14013765734546263,0.2949622375289259,0.25570776255705596,0,0,False,False,False
2026-09-30T23:39:00-05:00,95858.363,95854.752,-3.611000000004424,1.760999999984051,5.545999999987544,7.306999999971595,0.8209999999962747,2.2229999999981374,2.2229999999981374,10,30,7.775500000003376,18.073499999991327,6.131999999997788,0.46440743360592324,0.40429357899549623,0.3625244618393573,0,0,False,False,False
2026-09-30T23:40:00-05:00,95855.154,95867.053,11.89900000000489,13.13200000001234,0.8310000000055879,13.963000000017928,9.998000000006869,0.5169999999925494,9.998000000006869,9,30,7.436500000003434,17.660500000005413,5.6120000000009895,1.6000806831169763,0.7906344667485998,1.7815395580907174,0,0,False,False,False
2026-09-30T23:41:00-05:00,95867.45,95870.99,3.540000000008149,7.010000000009313,3.073000000003958,10.083000000013271,3.8960000000079162,1.426000000006752,3.8960000000079162,10,30,7.436500000003434,16.901000000005297,5.6120000000009895,0.4760303906416344,0.5965919176386079,0.6942266571645098,0,0,False,False,False
2026-09-30T23:42:00-05:00,95871.637,95868.54,-3.0970000000088476,4.286999999996624,6.7370000000082655,11.02400000000489,0.9189999999944121,3.471000000005006,3.471000000005006,10,30,6.9099999999962165,15.951500000010128,5.192500000004657,0.44819102749790785,0.6910948813589876,0.6684641309584772,0,0,False,False,False
2026-09-30T23:43:00-05:00,95868.75,95864.158,-4.592000000004191,1.0160000000178115,5.3980000000156,6.414000000033411,0.5990000000019791,3.322999999989406,3.322999999989406,9,30,6.416999999994005,14.753500000020722,4.855999999999767,0.7155991896538073,0.4347442979648492,0.6843080724854954,0,0,False,False,False
2026-09-30T23:44:00-05:00,95863.784,95859.428,-4.355999999999767,2.129000000000815,6.85899999999674,8.987999999997555,1.032999999995809,2.638999999995576,2.638999999995576,10,30,6.015999999995984,12.888500000000931,4.724000000001979,0.7240691489366149,0.6973658687975254,0.5586367485170344,0,0,False,False,False
2026-09-30T23:45:00-05:00,95860.763,95858.073,-2.6900000000023283,4.38300000000163,5.737999999997555,10.120999999999185,1.7580000000016298,3.701999999990221,3.701999999990221,10,30,5.63749999999709,11.587999999988824,4.451000000000931,0.4771618625283755,0.8734035208844447,0.831723208265434,0,0,False,False,False
2026-09-30T23:46:00-05:00,95882.556,95735.903,-146.65299999999115,24.4829999999929,146.65299999999115,171.13599999998405,24.4829999999929,29.31600000000617,29.31600000000617,10,30,5.457999999998719,11.192999999999302,4.390500000001339,26.86936606816152,15.289555972482331,6.677143833275761,2,1,True,False,True
2026-09-30T23:47:00-05:00,95734.981,95716.253,-18.728000000002794,4.427000000010594,24.077000000019325,28.50400000002992,4.353000000002794,14.423999999999069,14.423999999999069,9,30,5.457999999998719,11.192999999999302,4.390500000001339,3.431293514109049,2.5465916197651834,3.2852750256222913,0,0,False,False,True
2026-09-30T23:48:00-05:00,95720.155,95722.496,2.3410000000003492,21.49900000001071,15.256000000008498,36.75500000001921,6.935000000012224,7.787000000011176,7.787000000011176,10,30,5.457999999998719,11.192999999999302,4.390500000001339,0.4289116892636311,3.2837487715555707,1.7736020954353267,0,0,False,False,True
2026-09-30T23:49:00-05:00,95722.879,95730.072,7.1929999999993015,18.26600000000326,10.690000000002328,28.956000000005588,8.13300000000163,7.038000000000466,8.13300000000163,9,30,4.997000000003027,11.192999999999302,4.390500000001339,1.4394636782059125,2.5869740016088087,1.8524086094975856,0,0,False,False,True
2026-09-30T23:50:00-05:00,95731.839,95716.454,-15.385000000009313,6.519999999989523,20.137999999991735,26.657999999981257,1.8509999999951106,16.868000000002212,16.868000000002212,10,30,4.997000000003027,11.192999999999302,4.390500000001339,3.07884730838503,2.3816671133729046,3.841931442887386,0,0,False,False,True
2026-09-30T23:51:00-05:00,95706.363,95632.942,-73.4210000000021,3.448999999993248,86.96099999999569,90.40999999998894,3.448999999993248,39.236999999993714,39.236999999993714,9,30,5.176500000001397,11.192999999999302,4.390500000001339,14.18352168453246,8.077369784686374,8.936795353600216,3,0,True,False,True
2026-09-30T23:52:00-05:00,95633.122,95612.83,-20.29200000000128,9.527999999991152,29.639999999984866,39.16799999997602,6.007999999987078,19.940999999991618,19.940999999991618,10,30,5.176500000001397,11.192999999999302,4.390500000001339,3.920023181685657,3.4993299383524046,4.541851725312729,0,0,False,False,True
2026-09-30T23:53:00-05:00,95613.467,95636.68,23.212999999988824,32.012999999991735,8.163000000000466,40.1759999999922,14.743000000002212,4.577000000004773,14.743000000002212,9,30,5.176500000001397,11.192999999999302,4.451000000000931,4.4843040664507985,3.589386223532092,3.312289373174371,0,0,False,False,True
2026-09-30T23:54:00-05:00,95637.087,95658.172,21.085000000006403,22.513000000006286,1.0209999999933643,23.53399999999965,8.634000000005472,1.0209999999933643,8.634000000005472,10,30,5.176500000001397,11.192999999999302,5.143499999998312,4.073215493093927,2.1025641025642026,1.6786235053967735,0,0,False,False,True
2026-09-30T23:55:00-05:00,95660.157,95689.567,29.40999999998894,32.437999999994645,1.0430000000051223,33.48099999999977,14.089999999996508,1.0430000000051223,14.089999999996508,10,30,6.161999999996624,11.587999999988824,6.131999999997788,4.772801038624643,2.8892820158812613,2.2977821265495093,0,0,False,False,True
2026-09-30T23:56:00-05:00,95689.324,95713.933,24.609000000011292,34.77700000000186,10.410999999992782,45.187999999994645,30.714000000007218,6.897999999986496,30.714000000007218,9,30,6.877999999996973,12.888500000000931,7.109500000005937,3.577929630709817,3.506071303874879,4.320135030590277,0,0,False,False,True
2026-09-30T23:57:00-05:00,95699.096,95731.101,32.004999999990105,33.562999999994645,16.395000000004075,49.95799999999872,11.669999999998254,14.836999999999534,14.836999999999534,10,30,7.692499999997381,15.161000000007334,7.960000000006403,4.1605459863504715,3.29516522656649,1.8639447236165327,0,0,False,False,True
2026-09-30T23:58:00-05:00,95729.112,95723.891,-5.220999999990454,0.661999999996624,7.871999999988475,8.533999999985099,0.661999999996624,1.989000000001397,1.989000000001397,9,30,8.381500000003143,16.830000000009022,8.189500000000407,0.6229195251432913,0.5070707070695498,0.24287197020590975,0,0,False,False,False
2026-09-30T23:59:00-05:00,95719.87,95727.653,7.783000000010361,12.827999999994063,9.065999999991618,21.89399999998568,5.921999999991385,4.5460000000020955,5.921999999991385,9,30,7.692499999997381,12.888500000000931,7.960000000006403,1.0117647058840444,1.6987236683853124,0.7439698492445505,0,0,False,False,False
2026-10-01T00:00:00-05:00,95733.575,95753.597,20.021999999997206,29.114000000001397,3.1700000000128057,32.2840000000142,15.92500000000291,2.6680000000051223,15.92500000000291,9,30,7.488000000004831,17.928500000001804,7.109500000005937,2.673878205126107,1.8007083693566641,2.239960616075619,0,0,False,False,True
2026-10-01T00:01:00-05:00,95754.584,95772.801,18.21700000000419,20.176000000006752,0.9719999999942956,21.148000000001048,8.407999999995809,0.6049999999959255,8.407999999995809,8,30,7.488000000004831,17.928500000001804,7.109500000005937,2.432825854699845,1.1795744206151613,1.1826429425400924,0,0,False,False,True
2026-10-01T00:02:00-05:00,95773.59,95780.122,6.532000000006519,7.830999999991036,0.5099999999947613,8.340999999985797,3.9140000000043074,0.3680000000022119,3.9140000000043074,8,30,8.497500000004948,21.520999999993364,7.960000000006403,0.7686966754931116,0.38757492681512795,0.49170854271371345,0,0,False,False,False
2026-10-01T00:03:00-05:00,95780.115,95769.508,-10.607000000003609,0.34200000000419095,10.956000000005588,11.298000000009779,0.1900000000023283,4.790999999997439,4.790999999997439,8,30,8.497500000004948,21.520999999993364,7.960000000006403,1.2482494851423869,0.5249756052234219,0.6018844221097469,0,0,False,False,False
2026-10-01T00:04:00-05:00,95771.548,95769.135,-2.4130000000004657,8.429000000003725,8.802000000010594,17.23100000001432,4.797000000005937,4.570999999996275,4.797000000005937,9,30,9.909500000001572,21.520999999993364,7.960000000006403,0.24350370856249892,0.800659820641217,0.602638190955035,0,0,False,False,False
2026-10-01T00:05:00-05:00,95769.069,95783.122,14.052999999999884,18.08299999999872,4.095999999990454,22.178999999989173,10.752999999996973,3.6860000000015134,10.752999999996973,8,30,9.909500000001572,21.520999999993364,7.960000000006403,1.418134113729013,1.0305747874167563,1.3508793969834578,0,0,False,False,False
2026-10-01T00:06:00-05:00,95779.562,95776.598,-2.9640000000072177,18.82699999999022,25.35099999999511,44.17799999998533,18.072000000000116,7.629000000000815,18.072000000000116,10,30,11.25300000000425,22.036499999987427,8.27049999999872,0.26339642761984344,2.0047648220003422,2.1851157729282287,0,0,False,False,True
2026-10-01T00:07:00-05:00,95775.074,95764.653,-10.420999999987544,5.75700000001234,17.702000000004773,23.459000000017113,2.9750000000058208,16.01699999999255,16.01699999999255,9,30,9.909500000001572,22.036499999987427,8.27049999999872,1.0516171350709815,1.0645519932852539,1.9366422828118046,0,0,False,False,False
2026-10-01T00:08:00-05:00,95764.936,95769.42,4.48399999999674,4.929999999993015,0.16300000000046566,5.092999999993481,2.388999999995576,0.16300000000046566,2.388999999995576,8,30,10.513999999995576,22.819000000003143,8.52100000000064,0.4264789804069457,0.2231912003152101,0.28036615420671246,0,0,False,False,False
2026-10-01T00:09:00-05:00,95769.557,95765.514,-4.043000000005122,0.13700000000244472,4.043000000005122,4.180000000007567,0.13700000000244472,1.827000000004773,1.827000000004773,8,30,10.513999999995576,22.819000000003143,8.52100000000064,0.3845349058404816,0.1831806827646694,0.21441145405523246,0,0,False,False,False
2026-10-01T00:10:00-05:00,95765.597,95780.288,14.69100000000617,16.467000000018743,1.6930000000138534,18.160000000032596,16.055000000007567,0.6299999999901047,16.055000000007567,8,30,10.513999999995576,22.819000000003143,8.52100000000064,1.3972798173875167,0.7958280380397955,1.8841685248217768,0,0,False,False,False
2026-10-01T00:11:00-05:00,95780.288,95773.927,-6.361000000004424,4.80800000000454,11.169000000008964,15.977000000013504,1.7810000000026776,6.7700000000040745,6.7700000000040745,8,30,10.513999999995576,22.819000000003143,8.52100000000064,0.6050028533390812,0.7001621455809327,0.7945076868916284,0,0,False,False,False
2026-10-01T00:12:00-05:00,95775.249,95758.228,-17.020999999993364,1.3220000000001164,17.020999999993364,18.34299999999348,1.3220000000001164,7.922999999995227,7.922999999995227,8,30,10.513999999995576,22.819000000003143,8.52100000000064,1.6188891002473393,0.8038476708002522,0.929820443609275,0,0,False,False,False
2026-10-01T00:13:00-05:00,95758.874,95760.245,1.370999999999185,5.455999999991036,3.4389999999984866,8.894999999989523,4.532999999995809,1.209999999991851,4.532999999995809,9,30,12.330000000001746,22.819000000003143,8.52100000000064,0.1111922141118403,0.3898067399968578,0.5319798145752223,0,0,False,False,False
2026-10-01T00:14:00-05:00,95760.323,95746.926,-13.396999999997206,0.07800000000861473,13.396999999997206,13.47500000000582,0.07800000000861473,4.30899999999383,4.30899999999383,8,30,12.330000000001746,22.819000000003143,8.52100000000064,1.0865369018649886,0.5905166747010809,0.5056918202081335,0,0,False,False,False
2026-10-01T00:15:00-05:00,95746.926,95775.093,28.16699999998673,30.470999999990454,2.3040000000037253,32.77499999999418,28.815999999991618,1.684000000008382,28.815999999991618,9,30,13.724999999998545,22.819000000003143,8.52100000000064,2.0522404371577205,1.4363030807655754,3.3817627039067544,0,0,False,False,True
2026-10-01T00:16:00-05:00,95766.818,95767.686,0.8680000000022119,4.6049999999959255,12.011999999987893,16.61699999998382,2.1120000000082655,8.27499999999418,8.27499999999418,8,30,14.372000000003027,23.496500000008382,9.693500000001222,0.06039521291414063,0.7072117123817543,0.8536648269451834,0,0,False,False,False
2026-10-01T00:17:00-05:00,95768.017,95759.09,-8.927000000010594,5.6269999999931315,14.222999999998137,19.84999999999127,3.591999999989639,5.851999999998952,5.851999999998952,9,30,13.724999999998545,22.819000000003143,8.52100000000064,0.6504189435345384,0.8698891274809822,0.6867738528339998,0,0,False,False,False
2026-10-01T00:18:00-05:00,95758.404,95760.369,1.9650000000110595,5.99900000001071,4.720000000001164,10.719000000011874,4.138000000006286,2.0800000000017462,4.138000000006286,8,30,12.002000000000407,22.036499999987427,8.341499999994994,0.16372271288210238,0.48642025730120436,0.4960738476303746,0,0,False,False,False
2026-10-01T00:19:00-05:00,95760.535,95798.765,38.229999999995925,57.388000000006286,18.992000000012922,76.38000000001921,56.763000000006286,8.440000000002328,56.763000000006286,8,30,12.002000000000407,21.520999999993364,8.341499999994994,3.185302449591287,3.549091584965511,6.804891206622353,0,0,False,False,True
2026-10-01T00:20:00-05:00,95797.795,95870.836,73.04099999999744,73.96300000000338,1.8920000000071013,75.85500000001048,58.237999999997555,0.9700000000011642,58.237999999997555,9,30,13.724999999998545,21.520999999993364,8.52100000000064,5.321748633880159,3.5246968077707295,6.834643821146952,0,0,False,False,True
2026-10-01T00:21:00-05:00,95872.337,95862.823,-9.513999999995576,8.069000000003143,16.081999999994878,24.15099999999802,3.3469999999942956,10.674999999988358,10.674999999988358,8,30,13.724999999998545,21.520999999993364,8.52100000000064,0.6931876138431027,1.1222062171834704,1.2527872315441329,0,0,False,False,False
2026-10-01T00:22:00-05:00,95863.038,95862.033,-1.0050000000046566,5.068999999988591,5.85899999999674,10.927999999985332,2.06699999999546,5.85899999999674,5.85899999999674,8,30,12.002000000000407,21.520999999993364,8.52100000000064,0.08373604399305304,0.5077830955805354,0.6875953526577046,0,0,False,False,False
2026-10-01T00:23:00-05:00,95861.517,95866.031,4.513999999995576,13.204999999987194,9.206999999980326,22.41199999996752,4.118000000002212,7.319000000003143,7.319000000003143,9,30,10.513999999995576,20.49899999999616,8.341499999994994,0.4293323188127711,1.093321625443764,0.8774201282751946,0,0,False,False,False
2026-10-01T00:24:00-05:00,95865.745,95867.382,1.6370000000024447,13.504000000000815,12.153000000005704,25.65700000000652,13.279999999998836,8.21600000000035,13.279999999998836,8,30,9.96749999999156,20.49899999999616,8.098999999994703,0.16423375971947138,1.2516220303434962,1.6397086060016695,0,0,False,False,False
2026-10-01T00:25:00-05:00,95867.373,95867.126,-0.2470000000030268,2.5970000000088476,2.853000000002794,5.4500000000116415,1.227999999988242,2.8070000000006985,2.8070000000006985,7,30,9.220500000003085,20.49899999999616,8.098999999994703,0.026788135133988845,0.26586662764099045,0.34658599827170444,0,0,False,False,False
2026-10-01T00:26:00-05:00,95866.751,95866.609,-0.14200000000710133,1.5690000000031432,2.0860000000102445,3.6550000000133878,0.8250000000116415,0.5380000000004657,0.8250000000116415,9,30,8.355000000010477,19.096499999992375,7.620999999999185,0.016995810892510264,0.1913963291710443,0.10825351003959188,0,0,False,False,False
2026-10-01T00:27:00-05:00,95867.582,95849.067,-18.514999999999418,1.3059999999968568,18.847999999998137,20.153999999994994,0.9729999999981374,12.337999999988824,12.337999999988824,8,30,7.15750000000844,18.25150000001304,7.044500000003609,2.5867970660115382,1.1042380078339094,1.7514372915015266,0,0,False,False,True
2026-10-01T00:28:00-05:00,95848.463,95842.107,-6.355999999999767,0.20299999999406282,7.162999999985914,7.365999999979977,0.20299999999406282,3.9570000000094296,3.9570000000094296,7,30,7.15750000000844,18.25150000001304,7.044500000003609,0.8880195599011208,0.40358326712734377,0.5617148129757119,0,0,False,False,False
2026-10-01T00:29:00-05:00,95842.021,95847.46,5.4390000000130385,6.488000000012107,1.1350000000093132,7.62300000002142,5.995000000009895,0.6710000000020955,5.995000000009895,8,30,7.15750000000844,18.25150000001304,7.044500000003609,0.7599022004899232,0.41766430156513024,0.8510185250914648,0,0,False,False,False
2026-10-01T00:30:00-05:00,95847.606,95837.392,-10.213999999992666,0.364000000001397,10.432000000000698,10.796000000002095,0.20700000000942964,6.070000000006985,6.070000000006985,8,30,6.4465000000054715,17.695500000023458,7.044500000003609,1.5844256573309543,0.6100986126409417,0.8616651288244553,0,0,False,False,False
2026-10-01T00:31:00-05:00,95834.202,95825.575,-8.627000000007683,1.4529999999940628,13.270000000004075,14.722999999998137,1.0650000000023283,6.5,6.5,8,30,6.4465000000054715,16.92399999999907,6.42000000000553,1.3382455596060439,0.8699480028361467,1.0124610591891592,0,0,False,False,False
2026-10-01T00:32:00-05:00,95824.46,95836.034,11.573999999993248,11.602999999988242,1.143999999985681,12.746999999973923,8.296000000002095,1.1149999999906868,8.296000000002095,8,30,6.4465000000054715,16.29699999999866,6.2850000000034925,1.7953928488301287,0.7821684972679003,1.3199681782016683,0,0,False,False,False
2026-10-01T00:33:00-05:00,95836.302,95820.697,-15.604999999995925,1.3369999999995343,16.67399999999907,18.010999999998603,0.6309999999939464,14.91700000000128,14.91700000000128,7,30,7.494000000006054,16.29699999999866,6.635000000002037,2.0823325326905953,1.1051727311775223,2.2482290881683045,0,0,False,False,True
2026-10-01T00:34:00-05:00,95820.764,95823.641,2.8770000000076834,7.495000000009895,4.551000000006752,12.046000000016647,4.788000000000466,2.9329999999899883,4.788000000000466,8,30,7.494000000006054,16.92399999999907,7.044500000003609,0.3839071257012756,0.7117702670773641,0.6796791823405511,0,0,False,False,False
2026-10-01T00:35:00-05:00,95823.338,95838.918,15.580000000001746,21.54899999999907,6.271999999997206,27.820999999996275,18.379000000000815,3.790999999997439,18.379000000000815,10,30,7.494000000006054,16.29699999999866,7.044500000003609,2.078996530556333,1.7071240105540013,2.608985733549776,0,0,False,False,True
2026-10-01T00:36:00-05:00,95839.066,95829.302,-9.764000000010128,3.661999999996624,13.278000000005704,16.94000000000233,2.651000000012573,9.014999999999418,9.014999999999418,8,30,7.494000000006054,16.29699999999866,7.044500000003609,1.302908993862055,1.0394551144384685,1.2797217687550286,0,0,False,False,False
2026-10-01T00:37:00-05:00,95829.535,95849.149,19.614000000001397,24.66500000000815,4.8179999999993015,29.48300000000745,15.828999999997905,3.889999999999418,15.828999999997905,8,30,8.777000000009139,16.29699999999866,7.044500000003609,2.2347043408887974,1.8091059704246102,2.2470012066136413,0,0,False,False,True
2026-10-01T00:38:00-05:00,95849.214,95856.706,7.49199999999837,8.188000000009197,0.6310000000084983,8.819000000017695,2.834999999991851,0.41999999999825377,2.834999999991851,8,30,8.777000000009139,16.29699999999866,7.044500000003609,0.8535946223072314,0.5411425415731987,0.40244162112149884,0,0,False,False,False
2026-10-01T00:39:00-05:00,95856.777,95858.348,1.5709999999962747,7.580000000001746,5.938000000009197,13.518000000010943,5.915000000008149,4.455000000001746,5.915000000008149,9,30,8.777000000009139,16.29699999999866,7.044500000003609,0.1789905434652659,0.8294778180040531,0.8396621477755865,0,0,False,False,False
2026-10-01T00:40:00-05:00,95859.581,95874.575,14.993999999991502,16.5570000000007,0.33000000000174623,16.887000000002445,11.012999999991735,0.33000000000174623,11.012999999991735,7,30,8.777000000009139,16.29699999999866,7.044500000003609,1.7083285860745003,1.036202982144188,1.5633472922118097,0,0,False,False,False
2026-10-01T00:41:00-05:00,95875.176,95872.623,-2.5529999999998836,2.2410000000090804,4.1929999999993015,6.434000000008382,0.8249999999970896,1.2369999999937136,1.2369999999937136,9,30,8.777000000009139,16.29699999999866,7.044500000003609,0.2908738748999915,0.39479658832968706,0.17559798424204412,0,0,False,False,False
2026-10-01T00:42:00-05:00,95879.992,95876.489,-3.502999999996973,9.5,5.6340000000054715,15.134000000005472,7.368999999991502,2.889000000010128,7.368999999991502,7,30,8.777000000009139,15.669999999990978,6.909500000001572,0.3991113136599437,0.965794511806904,1.0665026412895036,0,0,False,False,False
2026-10-01T00:43:00-05:00,95877.077,95863.893,-13.184000000008382,0.7890000000043074,13.385000000009313,14.17400000001362,0.588000000003376,4.7629999999917345,4.7629999999917345,8,30,8.059500000003027,14.928500000001804,6.909500000001572,1.635833488430229,0.9494590883217944,0.6893407627166439,0,0,False,False,False
2026-10-01T00:44:00-05:00,96083.739,96059.932,-23.8070000000007,220.23700000000827,24.198000000003958,244.43500000001222,219.846000000005,12.448000000003958,219.846000000005,8,30,8.777000000009139,14.928500000001804,6.909500000001572,2.7124302153327915,16.37371470676777,31.81793183297706,2,1,True,False,True
2026-10-01T00:45:00-05:00,96056.392,96063.325,6.932999999989988,10.248999999996158,6.855999999999767,17.104999999995925,6.2409999999945285,3.539999999993597,6.2409999999945285,9,30,8.777000000009139,15.875499999994645,7.3439999999973224,0.7899054346568041,1.0774463796416929,0.8498093681912859,0,0,False,False,False
2026-10-01T00:46:00-05:00,96063.508,96052.804,-10.703999999997905,1.2690000000002328,11.789999999993597,13.05899999999383,0.6940000000031432,6.9249999999883585,6.9249999999883585,8,30,8.059500000003027,15.875499999994645,6.909500000001572,1.3281220919404286,0.8225882649364262,1.002243288224442,0,0,False,False,False
2026-10-01T00:47:00-05:00,96052.037,96054.968,2.930999999996857,5.382999999987078,3.2189999999973224,8.6019999999844,2.1339999999909196,2.451999999990221,2.451999999990221,9,30,8.777000000009139,14.928500000001804,6.712499999994179,0.33394098211163326,0.5762132833160305,0.3652886405947631,0,0,False,False,False
2026-10-01T00:48:00-05:00,96055.193,96056.231,1.0380000000004657,3.1920000000100117,1.9290000000037253,5.121000000013737,2.6929999999993015,1.7449999999953434,2.6929999999993015,7,30,8.059500000003027,14.448500000005879,6.712499999994179,0.1287921086916156,0.3544312558405131,0.401191806331715,0,0,False,False,False
2026-10-01T00:49:00-05:00,96053.715,96054.145,0.430000000007567,3.7740000000048894,5.860000000000582,9.634000000005472,2.986000000004424,2.5160000000032596,2.986000000004424,8,30,8.059500000003027,14.448500000005879,6.712499999994179,0.05335318568241274,0.6667820188948024,0.44484171322264626,0,0,False,False,False
2026-10-01T00:50:00-05:00,96052.533,96062.339,9.806000000011409,14.769000000014785,6.5750000000116415,21.344000000026426,13.217000000004191,2.75800000000163,13.217000000004191,8,30,7.212499999994179,13.846000000012282,6.370499999997264,1.3595840554619512,1.541528239203199,2.074719409781001,0,0,False,False,True
2026-10-01T00:51:00-05:00,96062.128,96064.039,1.9110000000073342,13.01600000000326,11.31600000000617,24.33200000000943,11.60899999999674,10.25,11.60899999999674,8,30,7.212499999994179,13.846000000012282,6.370499999997264,0.2649566724449049,1.7573306370062,1.8223059414491367,0,0,False,False,False
2026-10-01T00:52:00-05:00,96078.979,96073.239,-5.740000000005239,15.584999999991851,6.384999999994761,21.969999999986612,14.940000000002328,2.438000000009197,14.940000000002328,7,30,6.644499999994878,13.846000000012282,6.370499999997264,0.8638723756504875,1.5867398526626553,2.345184836356447,0,0,False,False,True
2026-10-01T00:53:00-05:00,96073.812,95973.699,-100.11300000001211,2.05899999999383,101.59900000000198,103.65799999999581,0.6730000000097789,86.61500000000524,86.61500000000524,8,30,6.644499999994878,14.448500000005879,6.712499999994179,15.067047934395257,7.174308751770331,12.903538175058525,2,0,True,False,True
2026-10-01T00:54:00-05:00,95975.689,95961.478,-14.210999999995693,6.271999999997206,18.49299999998766,24.764999999984866,2.209999999991851,14.838000000003376,14.838000000003376,7,30,7.212499999994179,14.448500000005879,6.712499999994179,1.9703292894290692,1.7140187562705325,2.210502793298509,0,0,False,False,True
2026-10-01T00:55:00-05:00,95963.568,95951.365,-12.202999999994063,2.811999999990803,12.924999999988358,15.736999999979162,2.0899999999965075,9.621999999988475,9.621999999988475,8,30,8.059500000003027,14.448500000005879,6.712499999994179,1.51411377876909,1.0891788074867812,1.4334450651764348,0,0,False,False,False
2026-10-01T00:56:00-05:00,95950.834,95942.272,-8.562000000005355,0.01999999998952262,9.112999999997555,9.132999999987078,0.01999999998952262,5.0939999999973224,5.0939999999973224,7,30,9.195500000008906,14.928500000001804,7.14699999998993,0.9311076069813564,0.6117828314958619,0.7127466069685882,0,0,False,False,False
2026-10-01T00:57:00-05:00,95942.114,95923.642,-18.471999999994296,0.26700000000710133,18.896999999997206,19.164000000004307,0.2550000000046566,12.306000000011409,12.306000000011409,8,30,9.195500000008906,14.928500000001804,7.14699999998993,2.00880865640546,1.2837190608568838,1.7218413320314465,0,0,False,False,True
2026-10-01T00:58:00-05:00,95922.488,95910.678,-11.809999999997672,5.964000000007218,18.928000000014435,24.892000000021653,5.88300000000163,9.66700000000128,9.66700000000128,9,30,9.195500000008906,14.928500000001804,7.14699999998993,1.2843238540575537,1.667414676626496,1.3525954946152092,0,0,False,False,False
2026-10-01T00:59:00-05:00,95910.722,95864.727,-45.99499999999534,0.966999999989639,46.91799999999057,47.88499999998021,0.922999999995227,39.487999999997555,39.487999999997555,7,30,9.785000000010768,15.435499999992317,7.832499999996799,4.700562084818061,3.1022642609571474,5.041557612513718,0,0,False,False,True
2026-10-01T01:00:00-05:00,95864.025,95852.919,-11.105999999999767,0,11.80800000000454,11.80800000000454,0.0,6.331999999994878,6.331999999994878,8,30,10.010000000002037,16.311999999990803,8.655500000000757,1.1094905094902605,0.7238842569894064,0.7315579689208392,0,0,False,False,False
2026-10-01T01:01:00-05:00,95852.008,95822.608,-29.40000000000873,5.346999999994296,35.65799999999581,41.004999999990105,5.277000000001863,19.614000000001397,19.614000000001397,8,30,10.255000000004657,16.311999999990803,8.655500000000757,2.866894197951768,2.5137935262391626,2.266073594824064,0,0,False,False,True
2026-10-01T01:02:00-05:00,95816.79,95817.708,0.9180000000051223,10.29200000000128,15.19199999999546,25.48399999999674,10.29200000000128,7.05000000000291,10.29200000000128,7,30,10.904999999998836,16.913500000002387,9.318499999993946,0.08418156808851171,1.5067253968719156,1.1044696034778094,0,0,False,False,False
2026-10-01T01:03:00-05:00,95815.764,95809.484,-6.279999999998836,1.7810000000026776,10.005000000004657,11.786000000007334,1.772000000011758,4.996999999988475,4.996999999988475,7,30,10.255000000004657,17.022499999999127,9.644499999994878,0.6123842028274973,0.6923777353507381,0.5181191352575176,0,0,False,False,False
2026-10-01T01:04:00-05:00,95809.248,95821.598,12.349999999991269,13.432000000000698,1.3179999999993015,14.75,7.926000000006752,0.7620000000024447,7.926000000006752,8,30,9.785000000010768,16.913500000002387,9.318499999993946,1.262135922327816,0.8720844295975356,0.8505660782327522,0,0,False,False,False
2026-10-01T01:05:00-05:00,95817.926,95789.913,-28.013000000006286,1.8889999999955762,33.57399999999325,35.462999999988824,1.1739999999990687,27.394000000000233,27.394000000000233,7,30,10.255000000004657,16.913500000002387,9.318499999993946,2.73164310092575,2.096727466224248,2.939743520954878,0,0,False,False,True
2026-10-01T01:06:00-05:00,95787.311,95802.345,15.03399999999965,16.0,3.5679999999993015,19.5679999999993,8.298999999999069,2.6019999999989523,8.298999999999069,8,30,10.255000000004657,16.913500000002387,9.318499999993946,1.4660165772786762,1.1569456351433198,0.8905939797182444,0,0,False,False,False
2026-10-01T01:07:00-05:00,95818.712,95823.28,4.5679999999993015,23.722999999998137,2.7880000000004657,26.510999999998603,16.36699999999837,2.1560000000026776,16.36699999999837,7,30,10.904999999998836,16.995999999999185,8.960499999993772,0.41889041723977893,1.5598376088491335,1.8265721778929465,0,0,False,False,False
2026-10-01T01:08:00-05:00,95823.947,95818.445,-5.5019999999931315,1.4809999999997672,6.315999999991618,7.796999999991385,0.6670000000012806,4.426999999996042,4.426999999996042,7,30,10.255000000004657,16.995999999999185,8.960499999993772,0.5365187713301446,0.4587550011762626,0.49405725126936206,0,0,False,False,False
2026-10-01T01:09:00-05:00,95816.965,95810.773,-6.19199999999546,0.3159999999916181,7.987999999997555,8.303999999989173,0.3159999999916181,2.2489999999961583,2.2489999999961583,8,30,10.255000000004657,16.995999999999185,8.960499999993772,0.603803022914934,0.4885855495404549,0.25099045812150234,0,0,False,False,False
2026-10-01T01:10:00-05:00,95811.015,95810.959,-0.055999999996856786,2.138999999995576,1.9529999999940628,4.091999999989639,1.2820000000065193,1.0460000000020955,1.2820000000065193,8,30,10.255000000004657,16.995999999999185,8.960499999993772,0.005460750852933335,0.24076253235995734,0.1430723731942872,0,0,False,False,False
2026-10-01T01:11:00-05:00,95810.959,95800.194,-10.764999999999418,1.4199999999982538,12.184999999997672,13.604999999995925,1.4149999999935972,4.870999999999185,4.870999999999185,8,30,9.184000000008382,16.420999999987544,8.11250000000291,1.1721472125424208,0.8285122708730434,0.60043143297349,0,0,False,False,False
2026-10-01T01:12:00-05:00,95799.524,95788.857,-10.66700000000128,0.35000000000582077,11.687000000005355,12.037000000011176,0.35000000000582077,3.5059999999939464,3.5059999999939464,7,30,10.255000000004657,16.420999999987544,8.11250000000291,1.040175524134221,0.733024785337087,0.43217257318862107,0,0,False,False,False
2026-10-01T01:13:00-05:00,95769.676,95756.032,-13.644000000000233,4.598000000012689,37.42300000000978,42.02100000002247,2.217000000004191,19.180999999996857,19.180999999996857,7,30,10.685499999999593,16.420999999987544,8.11250000000291,1.2768705254785226,2.5589793557063727,2.3643759630187953,0,0,False,False,True
2026-10-01T01:14:00-05:00,95756.221,95758.21,1.989000000001397,11.793000000005122,9.615000000005239,21.40800000001036,10.789999999993597,5.861999999993714,10.789999999993597,7,30,10.685499999999593,18.134500000000116,8.960499999993772,0.18614009639244516,1.1805122832176362,1.2041738742258912,0,0,False,False,False
2026-10-01T01:15:00-05:00,95758.761,95753.761,-5.0,2.0089999999909196,6.457999999998719,8.466999999989639,1.4579999999987194,2.8399999999965075,2.8399999999965075,7,30,10.236500000006345,18.134500000000116,8.960499999993772,0.48844820006808,0.4669001075292721,0.31694659896194205,0,0,False,False,False
2026-10-01T01:16:00-05:00,95754.037,95754.441,0.40400000000954606,4.432000000029802,3.7520000000222353,8.184000000052038,3.613000000012107,1.1960000000108266,3.613000000012107,10,30,10.236500000006345,17.450499999991735,8.960499999993772,0.03946661456643342,0.46898369674541784,0.40321410635730354,0,0,False,False,False
2026-10-01T01:17:00-05:00,95757.751,95754.298,-3.4530000000086147,5.481999999989057,5.625,11.106999999989057,3.3099999999976717,1.728000000002794,3.3099999999976717,7,30,9.184000000008382,17.450499999991735,8.960499999993772,0.3759799651573893,0.6364860605710048,0.3693990290720353,0,0,False,False,False
2026-10-01T01:18:00-05:00,95754.204,95738.651,-15.552999999999884,0.5840000000025611,16.230999999999767,16.81500000000233,0.5840000000025611,6.513999999995576,6.513999999995576,8,30,9.184000000008382,17.450499999991735,8.960499999993772,1.6934886759566299,0.9635827053671983,0.726968361140573,0,0,False,False,False
2026-10-01T01:19:00-05:00,95738.38,95728.576,-9.804000000003725,0,10.07499999999709,10.07499999999709,0.0,3.2510000000038417,3.2510000000038417,7,30,10.236500000006345,17.989500000003318,8.960499999993772,0.9577492306938552,0.5600489174237878,0.3628145750801966,0,0,False,False,False
2026-10-01T01:20:00-05:00,95730.92,95736.441,5.521000000007916,9.309999999997672,1.444999999992433,10.754999999990105,6.400999999998021,1.43399999999383,6.400999999998021,8,30,10.236500000006345,17.989500000003318,8.960499999993772,0.5393445025159472,0.5978487451006488,0.7143574577314291,0,0,False,False,False
2026-10-01T01:21:00-05:00,95736.302,95731.563,-4.739000000001397,1.658000000010361,6.536000000021886,8.194000000032247,1.658000000010361,2.103000000002794,2.103000000002794,7,30,10.235500000002503,16.275999999990745,8.11250000000291,0.46299643397979956,0.5034406488103285,0.2592295839755981,0,0,False,False,False
2026-10-01T01:22:00-05:00,95732.059,95721.837,-10.221999999994296,3.2050000000017462,12.930999999996857,16.135999999998603,2.6129999999975553,9.693999999988591,9.693999999988591,7,30,10.235500000002503,15.24349999998958,7.220000000001164,0.998681061012339,1.0585495457086387,1.3426592797765966,0,0,False,False,False
2026-10-01T01:23:00-05:00,95720.964,95706.213,-14.751000000003842,0,15.623999999996158,15.623999999996158,0.0,5.942000000010012,5.942000000010012,7,30,10.444499999997788,15.24349999998958,7.220000000001164,1.4123222748821835,1.0249614589829656,0.8229916897519465,0,0,False,False,False
2026-10-01T01:24:00-05:00,95707.409,95696.117,-11.29200000000128,3.3659999999945285,13.461999999999534,16.827999999994063,1.1959999999962747,11.84100000000035,11.84100000000035,8,30,10.444499999997788,15.18699999999808,6.457499999996799,1.0811431854089397,1.1080529400142354,1.8336817653900457,0,0,False,False,False
2026-10-01T01:25:00-05:00,95696.02,95693.745,-2.275000000008731,2.095999999990454,4.467999999993481,6.563999999983935,2.0509999999922,2.0890000000072177,2.0890000000072177,7,30,10.444499999997788,15.18699999999808,6.457499999996799,0.21781799033072075,0.4322117600569411,0.3234998064279138,0,0,False,False,False
2026-10-01T01:26:00-05:00,95693.718,95694.521,0.8029999999998836,2.3619999999937136,1.5859999999956926,3.947999999989406,0.8539999999920838,1.55899999999383,1.55899999999383,7,30,10.01299999999901,14.177499999997963,6.366499999996449,0.08019574553080625,0.278469405747838,0.244875520300746,0,0,False,False,False
2026-10-01T01:27:00-05:00,95694.951,95698.652,3.7010000000009313,5.236000000018976,1.1050000000104774,6.341000000029453,2.5120000000024447,1.1050000000104774,2.5120000000024447,7,30,10.01299999999901,14.177499999997963,6.366499999996449,0.3696194946570755,0.44725797919452404,0.39456530275722074,0,0,False,False,False
2026-10-01T01:28:00-05:00,95698.945,95698.146,-0.7990000000136206,4.1710000000020955,4.677000000010594,8.84800000001269,2.6819999999861466,4.327000000004773,4.327000000004773,7,30,8.04200000000128,12.82100000000355,6.137000000002445,0.09935339467961868,0.6901177755253287,0.7050676226174106,0,0,False,False,False
2026-10-01T01:29:00-05:00,95698.123,95698.212,0.08899999999266583,1.3340000000025611,1.2679999999963911,2.6019999999989523,1.3340000000025611,0.5390000000043074,1.3340000000025611,7,30,6.235999999997148,11.922500000007858,5.469499999999243,0.01427196920986314,0.21824281820064897,0.24389797970614238,0,0,False,False,False
2026-10-01T01:30:00-05:00,95698.105,95696.745,-1.360000000000582,1.9170000000012806,3.3840000000054715,5.301000000006752,1.110000000000582,3.110000000000582,3.110000000000582,8,30,5.856500000001688,11.797000000005937,4.93399999999383,0.2322206095791326,0.44935153005035894,0.6303202269972581,0,0,False,False,False
2026-10-01T01:31:00-05:00,95695.387,95695.35,-0.036999999996623956,3.264000000010128,4.658999999999651,7.923000000009779,1.6190000000060536,2.3260000000009313,2.3260000000009313,7,30,5.511500000000524,11.446499999998196,4.6489999999976135,0.006713235960558911,0.692176647884596,0.5003226500327221,0,0,False,False,False
2026-10-01T01:32:00-05:00,95693.816,95668.621,-25.195000000006985,15.589999999996508,42.31900000000314,57.90899999999965,12.57499999999709,25.379000000000815,25.379000000000815,9,30,5.250999999996566,10.93099999998958,4.3770000000004075,4.798133688825645,5.297685481662689,5.798263650902091,0,0,False,False,True
2026-10-01T01:33:00-05:00,95668.365,95673.261,4.895999999993364,7.07499999999709,2.4349999999976717,9.509999999994761,3.377999999996973,1.0399999999935972,3.377999999996973,8,30,5.511500000000524,10.93099999998958,4.3770000000004075,0.8883244125905649,0.870002744488503,0.7717614804653092,0,0,False,False,False
2026-10-01T01:34:00-05:00,95673.826,95671.656,-2.1699999999982538,3.412000000011176,5.017000000007101,8.429000000018277,2.519000000000233,1.952000000004773,2.519000000000233,7,30,5.250999999996566,10.414999999993597,3.97000000000844,0.4132546181679057,0.8093134901606778,0.6345088161196165,0,0,False,False,False
2026-10-01T01:35:00-05:00,95671.179,95675.891,4.711999999999534,4.810000000012224,0.5750000000116415,5.385000000023865,1.7090000000025611,0.47699999999895226,1.7090000000025611,7,30,4.947999999996682,9.792499999995925,3.559500000003027,0.9523039611969875,0.5499106459051423,0.48012361286728694,0,0,False,False,False
2026-10-01T01:36:00-05:00,95675.987,95680.617,4.630000000004657,4.966999999989639,0.24099999999452848,5.2079999999841675,4.048999999999069,0.1809999999968568,4.048999999999069,8,30,4.817499999997381,9.179000000003725,3.44199999999546,0.961079398029512,0.5673820677614178,1.1763509587461969,0,0,False,False,False
2026-10-01T01:37:00-05:00,95680.981,95692.421,11.440000000002328,11.804000000003725,0,11.804000000003725,4.399000000004889,0.0,4.399000000004889,7,30,4.725500000000466,8.657500000001164,3.44199999999546,2.420907840440419,1.3634421022237526,1.2780360255696375,0,0,False,False,True
2026-10-01T01:38:00-05:00,95693.797,95698.63,4.832999999998719,8.745999999999185,2.536999999996624,11.282999999995809,6.820999999996275,1.0019999999931315,6.820999999996275,6,30,4.817499999997381,8.657500000001164,3.44199999999546,1.003217436429963,1.3032630667045095,1.9816966879736408,0,0,False,False,False
2026-10-01T01:39:00-05:00,95698.945,95699.644,0.6989999999932479,10.127999999996973,9.114000000001397,19.24199999999837,4.942000000010012,9.114000000001397,9.114000000001397,7,30,4.786000000000058,9.179000000003725,3.44199999999546,0.14605098202951095,2.0963067872306964,2.647879140038762,0,0,False,False,True
2026-10-01T01:40:00-05:00,95699.644,95719.664,20.020000000004075,30.40899999999965,10.388999999995576,40.79799999999523,25.02499999999418,9.953999999997905,25.02499999999418,7,30,4.725500000000466,9.792499999995925,3.559500000003027,4.236588720770734,4.166249680879469,7.0304818092352575,0,0,False,False,True
2026-10-01T01:41:00-05:00,95720.734,95715.405,-5.3289999999979045,4.629999999990105,8.888999999995576,13.518999999985681,3.5599999999976717,3.187999999994645,3.5599999999976717,8,30,4.786000000000058,10.414999999993597,3.831000000005588,1.1134559130793646,1.2980316850690343,0.9292612894785902,0,0,False,False,False
2026-10-01T01:42:00-05:00,95715.405,95723.23,7.82499999999709,8.63200000001234,0.8070000000152504,9.43900000002759,6.470000000001164,0.7580000000016298,6.470000000001164,7,30,4.786000000000058,10.414999999993597,3.5865000000048894,1.6349770162969064,0.9062890062442048,1.8039871741230569,0,0,False,False,False
2026-10-01T01:43:00-05:00,95723.064,95724.468,1.4039999999949941,3.4290000000037253,2.19100000000617,5.620000000009895,3.426999999996042,0.9489999999932479,3.426999999996042,8,30,4.786000000000058,9.792499999995925,3.831000000005588,0.29335562055891706,0.5739086035243537,0.8945445053487453,0,0,False,False,False
2026-10-01T01:44:00-05:00,95723.122,95743.65,20.527999999991152,21.122000000003027,1.9400000000023283,23.062000000005355,10.555999999996857,1.345999999990454,10.555999999996857,7,30,4.725500000000466,9.474500000011176,3.5865000000048894,4.344090572423898,2.434112618077804,2.943259445136614,0,0,False,False,True
2026-10-01T01:45:00-05:00,95745.046,95756.779,11.732999999992899,13.77400000000489,0.6450000000040745,14.419000000008964,9.55899999999383,0.6110000000044238,9.55899999999383,8,30,4.786000000000058,9.474500000011176,3.5865000000048894,2.4515252820711986,1.5218745052500877,2.665272549834323,0,0,False,False,True
2026-10-01T01:46:00-05:00,95756.912,95739.442,-17.470000000001164,2.8549999999959255,20.19199999999546,23.046999999991385,1.8649999999906868,19.410000000003492,19.410000000003492,8,30,4.786000000000058,9.792499999995925,3.831000000005588,3.6502298370248543,2.35353586928782,5.066562255279347,0,0,False,False,True
2026-10-01T01:47:00-05:00,95739.204,95752.921,13.717000000004191,16.312000000005355,2.8329999999987194,19.145000000004075,11.139999999999418,1.1869999999908032,11.139999999999418,9,30,4.864499999996042,10.414999999993597,4.188000000001921,2.819817041836849,1.8382141142598025,2.6599808978018884,0,0,False,False,True
2026-10-01T01:48:00-05:00,95752.922,95726.944,-25.978000000002794,5.697000000000116,31.67399999999907,37.370999999999185,4.414000000004307,31.136000000013155,31.136000000013155,7,30,5.112499999995634,10.414999999993597,4.363000000004831,5.081271393647917,3.5881901104197946,7.136374054544735,0,0,False,False,True
2026-10-01T01:49:00-05:00,95725.539,95731.847,6.307999999989988,10.570999999981723,5.66799999999057,16.238999999972293,8.245999999999185,2.0159999999887077,8.245999999999185,7,30,5.112499999995634,10.414999999993597,4.363000000004831,1.2338386308059412,1.559193470953651,1.8899839559913028,0,0,False,False,False
2026-10-01T01:50:00-05:00,95731.127,95737.273,6.146000000007916,6.986000000004424,1.5599999999976717,8.546000000002095,4.164000000004307,0.7200000000011642,4.164000000004307,7,30,5.112499999995634,11.018999999992957,5.170500000007451,1.2021515892446286,0.775569470914562,0.8053379750504414,0,0,False,False,False
2026-10-01T01:51:00-05:00,95736.621,95730.142,-6.478999999992084,2.639999999999418,9.770999999993364,12.410999999992782,1.6410000000032596,4.837999999988824,4.837999999988824,7,30,5.112499999995634,10.396499999995285,4.363000000004831,1.2672860635692158,1.193767133169664,1.108870043544228,0,0,False,False,False
2026-10-01T01:52:00-05:00,95731.39,95734.414,3.0240000000048894,5.74299999998766,1.470999999990454,7.213999999978114,3.6419999999925494,1.2960000000020955,3.6419999999925494,7,30,5.73750000000291,11.543499999999767,4.618499999996857,0.5270588235299966,0.6249404426714826,0.7885677167900894,0,0,False,False,False
2026-10-01T01:53:00-05:00,95734.948,95733.374,-1.5740000000077998,1.036999999996624,2.077000000004773,3.114000000001397,0.5339999999996508,1.5890000000072177,1.5890000000072177,7,30,5.112499999995634,10.396499999995285,4.363000000004831,0.30787286063748537,0.2995238782285201,0.3641989456808293,0,0,False,False,False
2026-10-01T01:54:00-05:00,95732.983,95730.433,-2.5499999999883585,0.005999999993946403,2.9469999999855645,2.952999999979511,0.004000000000814907,1.7109999999956926,1.7109999999956926,7,30,4.864499999996042,9.474500000011176,4.24550000000454,0.5242059821133587,0.3116787165524331,0.40301495701186263,0,0,False,False,False
2026-10-01T01:55:00-05:00,95729.2,95730.465,1.264999999999418,3.331000000005588,3.2990000000136206,6.6300000000192085,1.69100000000617,1.2370000000082655,1.69100000000617,7,30,4.772499999999127,9.14350000002014,4.106500000001688,0.26506024096378195,0.7251052660364855,0.41178619262278704,0,0,False,False,False
2026-10-01T01:56:00-05:00,95730.231,95728.479,-1.7519999999931315,0.11100000000442378,2.0969999999942956,2.2079999999987194,0.11100000000442378,1.5310000000026776,1.5310000000026776,7,30,4.772499999999127,9.14350000002014,4.106500000001688,0.36710319538888464,0.2414830207244333,0.3728235723857417,0,0,False,False,False
2026-10-01T01:57:00-05:00,95728.468,95729.31,0.842000000004191,3.6190000000060536,2.7880000000150176,6.407000000021071,1.775999999998021,2.3300000000017462,2.3300000000017462,7,30,4.772499999999127,9.14350000002014,4.106500000001688,0.17642744892704976,0.7007163558819882,0.567393157190013,0,0,False,False,False
2026-10-01T01:58:00-05:00,95729.743,95767.675,37.9320000000007,42.04200000000128,3.676999999996042,45.71899999999732,37.41000000000349,3.4799999999959255,37.41000000000349,8,30,4.772499999999127,9.14350000002014,4.106500000001688,7.948035620745445,5.0001640509538605,9.109947643976163,1,0,False,False,True
2026-10-01T01:59:00-05:00,95767.123,95768.074,0.9509999999863794,1.3739999999961583,0.9750000000058208,2.349000000001979,0.5339999999996508,0.5519999999960419,0.5519999999960419,9,30,4.864499999996042,9.474500000011176,4.106500000001688,0.19549799568036863,0.247928650588338,0.13442103981390843,0,0,False,False,False
2026-10-01T02:00:00-05:00,95767.895,95751.521,-16.37400000001071,0,16.552999999999884,16.552999999999884,0.0,11.387000000002445,11.387000000002445,7,30,4.864499999996042,9.474500000011176,4.106500000001688,3.3660191181054646,1.7471106654684003,2.772920978935289,0,0,False,False,True
2026-10-01T02:01:00-05:00,95751.456,95747.238,-4.218000000008033,2.2669999999925494,6.5499999999883585,8.816999999980908,2.2669999999925494,2.8470000000088476,2.8470000000088476,7,30,5.112499999995634,10.396499999995285,4.281500000004598,0.8250366748189016,0.8480738710128318,0.6649538713081373,0,0,False,False,False
2026-10-01T02:02:00-05:00,95750.426,95761.025,10.598999999987427,16.801000000006752,3.014000000010128,19.81500000001688,6.320000000006985,2.717000000004191,6.320000000006985,8,30,5.112499999995634,10.396499999995285,4.281500000004598,2.0731540342291397,1.9059298802506484,1.476118182879878,0,0,False,False,True
2026-10-01T02:03:00-05:00,95760.983,95758.162,-2.8209999999962747,4.845000000001164,7.707999999998719,12.552999999999884,1.9140000000043074,6.330000000001746,6.330000000001746,8,30,5.112499999995634,10.396499999995285,4.281500000004598,0.5517848410755372,1.2074255759155077,1.4784538129148541,0,0,False,False,False
2026-10-01T02:04:00-05:00,95756.217,95766.855,10.637999999991735,13.198999999993248,4.505999999993946,17.704999999987194,11.602999999988242,1.944999999992433,11.602999999988242,8,30,5.080999999998312,11.543499999999767,4.618499999996857,2.0936823459939515,1.533763589897999,2.5122875392435073,0,0,False,False,True
2026-10-01T02:05:00-05:00,95768.512,95768.878,0.3659999999945285,8.036999999996624,6.013999999995576,14.0509999999922,2.963999999992666,4.0310000000026776,4.0310000000026776,7,30,5.73750000000291,12.107499999998254,5.5789999999979045,0.06379084967221661,1.1605203386326017,0.7225309195203785,0,0,False,False,False
2026-10-01T02:06:00-05:00,95768.871,95771.471,2.6000000000058208,3.275999999998021,0.6829999999899883,3.958999999988009,1.625,0.35899999999674037,1.625,7,30,5.73750000000291,12.481999999996333,5.5789999999979045,0.45315904139512014,0.31717673449680917,0.29127083706768425,0,0,False,False,False
2026-10-01T02:07:00-05:00,95773.572,95788.07,14.498000000006869,16.928999999989173,0.3299999999871943,17.258999999976368,12.035999999992782,0.3299999999871943,12.035999999992782,7,30,5.73750000000291,12.481999999996333,5.5789999999979045,2.5268845315903294,1.3827111039882582,2.1573758738120277,0,0,False,False,True
2026-10-01T02:08:00-05:00,95788.715,95791.09,2.375,7.005999999993946,3.986000000004424,10.99199999999837,3.2510000000038417,2.93300000000454,3.2510000000038417,7,30,5.73750000000291,13.035999999992782,6.325000000004366,0.4139433551196157,0.8432034366373471,0.5139920948619127,0,0,False,False,False
2026-10-01T02:09:00-05:00,95789.461,95788.379,-1.0819999999948777,4.469000000011874,7.180000000007567,11.649000000019441,2.146999999997206,4.877999999996973,4.877999999996973,8,30,5.73750000000291,13.035999999992782,5.5789999999979045,0.18858387799465426,0.8936023320056682,0.8743502419786351,0,0,False,False,False
2026-10-01T02:10:00-05:00,95791.674,95799.626,7.952000000004773,12.642999999996391,1.3959999999933643,14.038999999989755,4.399000000004889,0.705999999991036,4.399000000004889,8,30,5.73750000000291,12.481999999996333,4.857999999992899,1.3859694989108042,1.1247396250595962,0.905516673530531,0,0,False,False,False
2026-10-01T02:11:00-05:00,95797.702,95806.779,9.076999999990221,9.076999999990221,1.9239999999990687,11.00099999998929,7.207999999998719,1.9239999999990687,7.207999999998719,8,30,5.73750000000291,12.481999999996333,4.618499999996857,1.5820479302807176,0.8813491427649833,1.560679874418886,0,0,False,False,False
2026-10-01T02:12:00-05:00,95805.608,95811.707,6.099000000001979,8.653000000005704,3.7250000000058208,12.378000000011525,4.818999999988591,1.1710000000020955,4.818999999988591,7,30,6.226999999998952,12.030000000006112,4.857999999992899,0.9794443552277189,1.0289276807984402,0.9919720049394063,0,0,False,False,False
2026-10-01T02:13:00-05:00,95810.601,95811.347,0.7459999999991851,7.054000000003725,7.414000000004307,14.468000000008033,3.9250000000029104,6.0,6.0,7,30,6.122500000004948,12.394500000002154,4.828499999988708,0.12184565128600772,1.167291944007868,1.2426219322800107,0,0,False,False,False
2026-10-01T02:14:00-05:00,95813.943,95822.354,8.411000000007334,11.334000000017113,0.32700000000477303,11.661000000021886,4.869999999995343,0.32700000000477303,4.869999999995343,7,30,6.122500000004948,12.481999999996333,4.857999999992899,1.3737852184566006,0.9342252844115776,1.0024701523265669,0,0,False,False,False
2026-10-01T02:15:00-05:00,95821.109,95807.986,-13.122999999992317,0.8340000000025611,15.202000000004773,16.036000000007334,0.46300000000337604,9.355999999999767,9.355999999999767,8,30,6.122500000004948,12.394500000002154,4.853999999992084,2.143405471618083,1.2937996692084834,1.9274824886722344,0,0,False,False,True
2026-10-01T02:16:00-05:00,95804.265,95818.27,14.005000000004657,15.612000000008265,5.328000000008615,20.94000000001688,9.480000000010477,3.721000000005006,9.480000000010477,7,30,6.122500000004948,12.394500000002154,4.853999999992084,2.287464271129986,1.6894590342501303,1.953028430166036,0,0,False,False,True
2026-10-01T02:17:00-05:00,95817.447,95845.868,28.421000000002095,46.79300000000512,19.195000000006985,65.98800000001211,44.42500000000291,10.623000000006869,44.42500000000291,8,30,6.122500000004948,12.394500000002154,4.853999999992084,4.642057982846734,5.323974343458844,9.152245570678897,1,0,False,False,True
2026-10-01T02:18:00-05:00,95846.623,95833.743,-12.880000000004657,7.084000000002561,19.20900000000256,26.293000000005122,4.673999999999069,15.463000000003376,15.463000000003376,8,30,6.122500000004948,12.394500000002154,4.853999999992084,2.103715802367374,2.121344144580302,3.1856201071340324,0,0,False,False,True
2026-10-01T02:19:00-05:00,95831.463,95840.692,9.228999999992084,18.061999999990803,11.112999999997555,29.17499999998836,13.235000000000582,5.8179999999993015,13.235000000000582,7,30,6.122500000004948,12.394500000002154,4.853999999992084,1.5073907717410577,2.3538666343929395,2.7266172229135077,0,0,False,False,True
2026-10-01T02:20:00-05:00,95840.533,95869.514,28.980999999999767,34.60599999999977,5.783999999999651,40.38999999999942,15.722000000008848,5.625,15.722000000008848,7,30,6.122500000004948,12.394500000002154,4.853999999992084,4.733523887297076,3.2587034571779743,3.238978162347443,0,0,False,False,True
2026-10-01T02:21:00-05:00,95861.537,95801.339,-60.197999999989406,6.794999999983702,74.96999999997206,81.76499999995576,4.498999999996158,25.861999999993714,25.861999999993714,8,30,6.288999999997031,12.481999999996333,4.873999999996158,9.571951025603088,6.550632911390785,5.306114074684879,1,0,False,False,True
2026-10-01T02:22:00-05:00,95805.169,95792.351,-12.817999999999302,6.8329999999841675,15.820999999996275,22.653999999980442,3.8299999999871943,8.88399999999092,8.88399999999092,6,30,7.025500000003376,13.29599999999482,5.438999999998487,1.82449647711809,1.703820697953465,1.6333884905301326,0,0,False,False,False
2026-10-01T02:23:00-05:00,95797.749,95750.476,-47.27300000000105,8.385000000009313,50.26000000000931,58.64500000001863,5.398000000001048,15.638000000006286,15.638000000006286,9,30,8.181500000006054,14.044999999990978,6.1600000000034925,5.778035812499672,4.175507297974817,2.538636363635945,0,0,False,False,True
2026-10-01T02:24:00-05:00,95751.973,95697.074,-54.89900000000489,31.0740000000078,84.47600000000966,115.55000000001746,22.828999999997905,77.93900000001304,77.93900000001304,7,30,8.743999999998778,14.259500000000116,6.325000000004366,6.278476669717814,8.10336968337014,12.322371541495533,2,0,True,False,True
2026-10-01T02:25:00-05:00,95693.447,95727.539,34.09200000000419,35.10899999999674,4.643999999985681,39.75299999998242,21.60700000000361,3.6269999999931315,21.60700000000361,5,30,9.152999999991152,15.252000000007683,6.769000000000233,3.7246804326490928,2.606412273797692,3.1920520017732112,0,0,False,False,True
2026-10-01T02:26:00-05:00,95733.191,95684.56,-48.6310000000085,24.728999999992084,67.70799999999872,92.4369999999908,11.119999999995343,39.72299999999814,39.72299999999814,8,30,9.913999999989755,16.29450000000361,8.04599999999482,4.905285454918172,5.6728957623719865,4.936987322896311,0,0,False,False,True
2026-10-01T02:27:00-05:00,95688.538,95711.093,22.554999999993015,36.6079999999929,10.07499999999709,46.68299999998999,13.046000000002095,5.282000000006519,13.046000000002095,7,30,10.61849999998958,16.905999999988126,9.119999999995343,2.1241229928911944,2.761327339407475,1.430482456141311,0,0,False,False,True
2026-10-01T02:28:00-05:00,95713.32,95726.572,13.251999999993131,32.928000000014435,17.4490000000078,50.377000000022235,19.04099999999744,9.849000000001979,19.04099999999744,9,30,11.727999999995518,17.48199999998178,9.418000000005122,1.1299454297406375,2.8816496968353014,2.021766829474101,0,0,False,False,True
2026-10-01T02:29:00-05:00,95726.362,95715.067,-11.294999999998254,14.568000000013853,26.07300000001851,40.64100000003236,7.732000000003609,12.239000000001397,12.239000000001397,8,30,11.727999999995518,17.48199999998178,9.418000000005122,0.9630798090043119,2.324734012131033,1.2995328095131387,0,0,False,False,True
2026-10-01T02:30:00-05:00,95722.951,95721.672,-1.2789999999949941,26.845000000015716,20.24000000000524,47.085000000020955,9.682000000000698,12.770000000004075,12.770000000004075,9,30,12.056499999998778,18.760000000002037,10.433500000006461,0.10608385518144767,2.5098614072503116,1.2239421095505982,0,0,False,False,True
2026-10-01T02:31:00-05:00,95719.86,95738.676,18.81600000000617,30.487999999997555,13.48399999999674,43.971999999994296,23.377999999996973,8.540999999997439,23.377999999996973,8,30,10.966499999994994,20.37750000001688,10.54149999999936,1.71577075639582,2.1578701999733956,2.217710951951657,0,0,False,False,True
2026-10-01T02:32:00-05:00,95740.754,95752.683,11.929000000003725,24.98499999998603,10.977999999988242,35.96299999997427,21.103999999992084,5.472999999998137,21.103999999992084,7,30,12.056499999998778,21.79699999999866,11.819499999990512,0.9894247916065968,1.6499059503590623,1.7855239223325035,0,0,False,False,False
2026-10-01T02:33:00-05:00,95748.988,95776.781,27.793000000005122,41.453999999997905,17.355999999999767,58.80999999999767,29.940999999991618,8.75800000000163,29.940999999991618,8,30,12.373500000001513,24.473499999992782,12.13749999999709,2.2461712530813207,2.403007334464421,2.4668177136971203,0,0,False,False,True
2026-10-01T02:34:00-05:00,95780.014,95769.349,-10.664999999993597,9.486999999993714,16.918999999994412,26.405999999988126,3.2329999999928987,12.729999999995925,12.729999999995925,9,30,12.849000000001979,27.73399999999674,12.504500000002736,0.8300256829318978,0.9521165356598842,1.018033507936594,0,0,False,False,False
2026-10-01T02:35:00-05:00,95760.803,95783.503,22.69999999999709,23.889999999984866,9.735999999989872,33.62599999997474,7.523000000001048,8.546000000002095,8.546000000002095,9,30,12.849000000001979,27.790499999988242,12.75,1.7666744493729936,1.2099818283222312,0.6702745098040859,0,0,False,False,False
2026-10-01T02:36:00-05:00,95781.39,95821.209,39.81900000000314,39.81900000000314,2.1129999999975553,41.9320000000007,12.029999999998836,2.1129999999975553,12.029999999998836,9,30,13.001499999998487,31.400499999981548,12.75,3.0626466176985563,1.3353927485239196,0.9435294117646146,0,0,False,False,True
2026-10-01T02:37:00-05:00,95823.084,95853.042,29.95799999999872,32.24499999999534,0.41199999999662396,32.65699999999197,17.619000000006054,0.2510000000038417,17.619000000006054,8,30,13.187499999992724,34.794499999974505,12.75,2.271696682465611,0.9385678771074709,1.3818823529416513,0,0,False,False,True
2026-10-01T02:38:00-05:00,95858.587,95868.351,9.763999999995576,18.39900000000489,3.0900000000110595,21.48900000001595,8.246999999988475,2.639000000010128,8.246999999988475,7,30,13.187499999992724,34.794499999974505,12.908000000003085,0.7403981042654759,0.6175976088183964,0.6389061047402002,0,0,False,False,False
2026-10-01T02:39:00-05:00,95868.402,95897.779,29.37699999999313,29.427999999999884,0,29.427999999999884,9.64999999999418,0.0,9.64999999999418,8,30,13.187499999992724,34.794499999974505,12.908000000003085,2.2276398104272483,0.8457658537993489,0.7475983885955898,0,0,False,False,True
2026-10-01T02:40:00-05:00,95901.706,95912.324,10.61799999998766,33.30600000001141,18.761000000013155,52.067000000024564,24.536999999996624,11.680999999996857,24.536999999996624,8,30,13.628499999998894,34.794499999974505,12.908000000003085,0.7791026158409599,1.4964146632388082,1.900914161759433,0,0,False,False,False
2026-10-01T02:41:00-05:00,95915.19,95902.723,-12.467000000004191,14.59299999999348,24.19399999998859,38.78699999998207,7.686999999990803,17.726999999998952,17.726999999998952,8,30,13.628499999998894,37.85799999997835,13.140500000001339,0.9147741864478998,1.024539067040104,1.3490354248314103,0,0,False,False,False
2026-10-01T02:42:00-05:00,95897.484,95883.043,-14.440999999991618,8.655999999988126,28.33599999998114,36.991999999969266,3.8659999999945285,12.841999999989639,12.841999999989639,8,30,13.628499999998894,39.26999999998225,14.349000000001979,1.0596177128805657,0.9419913419909852,0.8949752595991266,0,0,False,False,False
2026-10-01T02:43:00-05:00,95886.757,95918.677,31.919999999998254,38.922999999980675,3.2889999999897555,42.21199999997043,8.701000000000931,2.039999999993597,8.701000000000931,8,30,14.222999999998137,39.26999999998225,14.349000000001979,2.2442522674542946,1.074917239622855,0.6063837201198502,0,0,False,False,True
2026-10-01T02:44:00-05:00,95921.798,95982.027,60.229000000006636,63.35000000000582,0,63.35000000000582,25.197000000000116,0.0,25.197000000000116,8,30,16.628499999998894,40.07149999999092,14.349000000001979,3.622034458911546,1.5809240981750166,1.7560108718375247,0,0,False,False,True
2026-10-01T02:45:00-05:00,95982.397,95982.893,0.4959999999991851,12.440999999991618,11.57499999999709,24.015999999988708,6.069999999992433,6.8179999999993015,6.8179999999993015,8,30,20.685499999999593,40.51550000001589,15.550500000004831,0.02397814894487418,0.5927607952506889,0.43844249381030725,0,0,False,False,False
2026-10-01T02:46:00-05:00,95984.971,96030.706,45.73500000000058,47.8130000000092,0,47.8130000000092,21.15799999999581,0.0,21.15799999999581,7,30,20.685499999999593,40.51550000001589,15.550500000004831,2.210969036281525,1.1801162518046289,1.3605993376411842,0,0,False,False,True
2026-10-01T02:47:00-05:00,96044.209,96120.015,75.80599999999686,89.30899999999383,0,89.30899999999383,46.24199999999837,0.0,46.24199999999837,7,30,22.627499999995052,41.28650000001653,15.680000000007567,3.350171251795975,2.1631526043611853,2.949107142855616,0,0,False,False,True
2026-10-01T02:48:00-05:00,96124.084,96137.985,13.900999999998021,23.777000000001863,5.8070000000006985,29.58400000000256,8.487000000008265,4.811000000001513,8.487000000008265,8,30,22.627499999995052,41.28650000001653,15.680000000007567,0.6143409568004005,0.7165538372104856,0.5412627551023067,0,0,False,False,False
2026-10-01T02:49:00-05:00,96135.916,96141.241,5.32499999999709,5.32499999999709,2.069000000003143,7.394000000000233,1.5119999999878928,2.069000000003143,2.069000000003143,7,30,22.627499999995052,41.28650000001653,15.680000000007567,0.23533311236319762,0.17909001731794344,0.13195153061238168,0,0,False,False,False
2026-10-01T02:50:00-05:00,96142.399,96140.189,-2.210000000006403,2.460000000006403,3.5120000000024447,5.972000000008848,1.158000000010361,1.4490000000077998,1.4490000000077998,8,30,22.627499999995052,41.28650000001653,15.680000000007567,0.09766876588252728,0.14464776621913839,0.09241071428616712,0,0,False,False,False
2026-10-01T02:51:00-05:00,96144.346,96155.929,11.58299999999872,18.67400000001362,2.934000000008382,21.608000000022002,5.203000000008615,2.934000000008382,5.203000000008615,8,30,20.685499999999593,41.28650000001653,14.342000000004191,0.5599574581227887,0.5233672023546039,0.36278064426210394,0,0,False,False,False
2026-10-01T02:52:00-05:00,96156.459,96159.293,2.834000000002561,5.0200000000040745,1.6560000000026776,6.676000000006752,2.478000000002794,1.2520000000076834,2.478000000002794,8,30,16.628499999998894,40.19700000000739,12.943999999995867,0.17043028535362478,0.16608204592396258,0.1914400494440347,0,0,False,False,False
2026-10-01T02:53:00-05:00,96159.122,96163.345,4.222999999998137,7.722999999983585,3.6709999999875436,11.393999999971129,3.1520000000018626,2.8739999999961583,3.1520000000018626,7,30,16.628499999998894,40.19700000000739,12.943999999995867,0.2539615719997846,0.2834539891028941,0.24351050679873834,0,0,False,False,False
2026-10-01T02:54:00-05:00,96164.354,96157.467,-6.887000000002445,3.717000000018743,9.595000000015716,13.312000000034459,1.0090000000054715,7.863000000012107,7.863000000012107,8,30,14.17099999999482,39.26999999998225,12.805999999996857,0.48599251993542886,0.33898650369341676,0.6140090582550396,0,0,False,False,False
2026-10-01T02:55:00-05:00,96156.335,96160.652,4.31699999999546,8.347999999983585,5.162999999985914,13.5109999999695,4.1049999999959255,2.875,4.1049999999959255,9,30,13.576499999995576,37.88949999997567,12.75,0.31797591426338645,0.3565895564728533,0.3219607843134059,0,0,False,False,False
2026-10-01T02:56:00-05:00,96160.702,96170.578,9.87599999998929,9.9259999999922,0,9.9259999999922,2.760999999998603,0.0,2.760999999998603,8,30,12.859499999998661,36.47749999997177,12.484499999998661,0.7679925347012184,0.27211294633677974,0.22115423124665778,0,0,False,False,False
2026-10-01T02:57:00-05:00,96170.927,96138.955,-31.971999999994296,12.610999999989872,44.23399999998219,56.84499999997206,6.888999999995576,42.986999999993714,42.986999999993714,8,30,12.198000000003958,34.794499999974505,12.134500000000116,2.6210854238386556,1.6337352167731598,3.5425439861546253,0,0,False,False,True
2026-10-01T02:58:00-05:00,96141.87,96146.95,5.080000000001746,13.229999999995925,5.235000000000582,18.464999999996508,6.4500000000116415,4.572000000000116,6.4500000000116415,7,30,12.198000000003958,34.794499999974505,12.134500000000116,0.4164617150352597,0.5306873212723286,0.5315422967581342,0,0,False,False,False
2026-10-01T02:59:00-05:00,96147.091,96152.544,5.452999999994063,6.3840000000054715,0.7900000000081491,7.174000000013621,2.562000000005355,0.48099999999976717,2.562000000005355,8,30,11.756000000001222,33.14149999998335,10.839999999996508,0.4638482477027472,0.2164657604519175,0.23634686346920486,0,0,False,False,False
2026-10-01T03:00:00-05:00,96153.207,96174.984,21.777000000001863,24.59299999999348,2.1529999999911524,26.745999999984633,18.046000000002095,2.1529999999911524,18.046000000002095,7,30,11.756000000001222,31.120499999997264,9.175499999997555,1.852415787682851,0.8594334923920561,1.9667593046707976,0,0,False,False,False
2026-10-01T03:01:00-05:00,96175.164,96161.226,-13.938000000009197,14.856000000014319,28.61400000001595,43.47000000003027,6.379000000000815,28.078000000008615,28.078000000008615,8,30,12.198000000003958,29.506000000001222,9.175499999997555,1.1426463354652134,1.4732596759990668,3.060105716311492,0,0,False,False,True
2026-10-01T03:02:00-05:00,96161.68,96142.327,-19.352999999988242,1.7359999999898719,20.63499999998021,22.37099999997008,0.9510000000009313,12.168999999994412,12.168999999994412,7,30,12.198000000003958,29.506000000001222,9.175499999997555,1.5865715691082114,0.7581847759767218,1.3262492507217758,0,0,False,False,False
2026-10-01T03:03:00-05:00,96141.103,96106.377,-34.72600000000966,12.553999999989173,48.504000000000815,61.05799999998999,5.467999999993481,26.152999999991152,26.152999999991152,8,30,13.184000000001106,28.08699999999226,9.175499999997555,2.6339502427189587,2.173888275714986,2.850307885128671,0,0,False,False,True
2026-10-01T03:04:00-05:00,96108.13,96094.221,-13.90899999999965,4.8800000000192085,17.036000000007334,21.916000000026543,3.1270000000076834,5.80800000000454,5.80800000000454,9,30,13.184000000001106,28.08699999999226,9.175499999997555,1.0549908980581375,0.780289813794018,0.6329900277920645,0,0,False,False,False
2026-10-01T03:05:00-05:00,96091.937,96084.59,-7.347000000008848,0.7780000000057044,10.409000000014203,11.187000000019907,0.7780000000057044,4.938000000009197,4.938000000009197,8,30,13.904999999998836,28.08699999999226,8.623500000001513,0.5283710895368186,0.3982981450501296,0.57262132544887,0,0,False,False,False
2026-10-01T03:06:00-05:00,96080.808,96050.372,-30.436000000001513,0.5529999999998836,34.770999999993364,35.32399999999325,0.5529999999998836,11.360000000000582,11.360000000000582,7,30,13.184000000001106,25.38099999998667,8.594000000004598,2.3085558252426397,1.3917497340534968,1.3218524552006636,0,0,False,False,True
2026-10-01T03:07:00-05:00,96046.702,96032.09,-14.612000000008265,0,18.28200000000652,18.28200000000652,0.0,9.826000000000931,9.826000000000931,7,30,13.184000000001106,25.38099999998667,8.594000000004598,1.1083131067966505,0.7203025885511257,1.1433558296480886,0,0,False,False,False
2026-10-01T03:08:00-05:00,96032.326,96008.639,-23.687000000005355,2.4580000000132713,25.909000000014203,28.367000000027474,2.2220000000088476,18.11699999999837,18.11699999999837,8,30,13.184000000001106,23.193499999979394,8.594000000004598,1.7966474514565662,1.2230581844073847,2.108098673491817,0,0,False,False,True
2026-10-01T03:09:00-05:00,95995.918,95963.079,-32.83900000000722,9.343000000008033,54.903000000005704,64.24600000001374,9.343000000008033,17.125,17.125,8,30,13.904999999998836,25.38099999998667,9.175499999997555,2.3616684645818027,2.5312635435974737,1.866383303362712,0,0,False,False,True
2026-10-01T03:10:00-05:00,95961.278,95962.545,1.2669999999925494,10.327000000004773,10.861000000004424,21.188000000009197,9.067999999999302,6.022000000011758,9.067999999999302,8,30,13.904999999998836,25.38099999998667,9.263500000000931,0.09111830276826001,0.834797683307211,0.9788956657848966,0,0,False,False,False
2026-10-01T03:11:00-05:00,95959.364,95951.992,-7.372000000003027,0.9660000000003492,11.519000000000233,12.485000000000582,0.8329999999987194,5.190000000002328,5.190000000002328,7,30,13.904999999998836,23.193499999979394,8.884500000000116,0.5301690039556738,0.5382973677975155,0.5841634306941595,0,0,False,False,False
2026-10-01T03:12:00-05:00,95949.021,95957.161,8.139999999999418,12.962000000014086,7.793000000019674,20.75500000003376,12.894000000000233,2.971000000005006,12.894000000000233,8,30,13.904999999998836,22.143499999998312,8.594000000004598,0.5854009349155052,0.9372953688457264,1.5003490807532387,0,0,False,False,False
2026-10-01T03:13:00-05:00,95953.475,95912.663,-40.812000000005355,0.05000000000291038,44.54799999999523,44.59799999999814,0.05000000000291038,19.254999999990105,19.254999999990105,7,30,12.74199999999837,21.762000000024273,8.594000000004598,3.2029508711356596,2.0493520816077746,2.240516639513591,0,0,False,False,True
2026-10-01T03:14:00-05:00,95912.969,95891.255,-21.713999999992666,8.342000000004191,29.75,38.09200000000419,6.18300000000454,13.089999999996508,13.089999999996508,10,30,12.74199999999837,21.762000000024273,8.777500000003783,1.7041280803637924,1.7503905890985068,1.4913130162336503,0,0,False,False,False
2026-10-01T03:15:00-05:00,95886.912,95866.682,-20.229999999995925,4.485000000000582,29.05800000000454,33.54300000000512,4.0350000000034925,16.78399999999965,16.78399999999965,9,30,12.74199999999837,21.762000000024273,8.777500000003783,1.587662847276606,1.5413564929679124,1.9121617772705686,0,0,False,False,False
2026-10-01T03:16:00-05:00,95866.766,95866.813,0.046999999991385266,20.721999999994296,20.59100000000035,41.312999999994645,12.59299999999348,17.08299999999872,17.08299999999872,9,30,13.904999999998836,21.762000000024273,9.447000000000116,0.0033800791076151887,1.8984008822694864,1.8082989308773694,0,0,False,False,False
2026-10-01T03:17:00-05:00,95873.584,95879.789,6.205000000001746,14.438000000009197,1.4619999999995343,15.900000000008731,6.771000000007916,0.7899999999935972,6.771000000007916,7,30,12.74199999999837,21.762000000024273,9.447000000000116,0.48697221786238737,0.7306313757922525,0.716735471579108,0,0,False,False,False
2026-10-01T03:18:00-05:00,95878.28,95897.772,19.49199999999837,22.389999999999418,4.407000000006519,26.797000000005937,11.778999999994994,1.5090000000054715,11.778999999994994,7,30,10.729499999994005,21.3980000000156,8.777500000003783,1.8166736567416246,1.2523133003078046,1.341953859298196,0,0,False,False,False
2026-10-01T03:19:00-05:00,95898.177,95890.895,-7.281999999991967,3.9170000000012806,10.793999999994412,14.710999999995693,3.5120000000024447,7.270999999993364,7.270999999993364,7,30,10.729499999994005,21.3980000000156,9.447000000000116,0.6786895941093282,0.6874941583318519,0.7696623266638377,0,0,False,False,False
2026-10-01T03:20:00-05:00,95887.445,95857.383,-30.062000000005355,0,33.512000000002445,33.512000000002445,0.0,13.584000000002561,13.584000000002561,8,30,10.729499999994005,21.3980000000156,9.447000000000116,2.801808099167916,1.5661276754826625,1.4379167989840578,0,0,False,False,True
2026-10-01T03:21:00-05:00,95830.202,95804.863,-25.339000000007218,6.614999999990687,59.13499999999476,65.74999999998545,3.532999999995809,27.180999999996857,27.180999999996857,9,30,12.745999999999185,21.762000000024273,10.593000000000757,1.9879962341133561,3.021321569704628,2.565939771546768,0,0,False,False,True
2026-10-01T03:22:00-05:00,95804.539,95817.576,13.036999999996624,20.836999999999534,8.123999999996158,28.960999999995693,12.436000000001513,5.9500000000116415,12.436000000001513,8,30,13.923500000004424,22.143499999998312,11.569499999997788,0.9363306639848086,1.3078781583759522,1.0748951985828161,0,0,False,False,False
2026-10-01T03:23:00-05:00,95819.904,95818.629,-1.2749999999941792,5.288000000000466,4.235000000000582,9.523000000001048,2.327999999994063,3.1519999999873107,3.1519999999873107,7,30,13.923500000004424,24.558499999977357,11.973999999994703,0.09157180306631049,0.3877679825726257,0.2632370135283702,0,0,False,False,False
2026-10-01T03:24:00-05:00,95823.765,95846.725,22.960000000006403,28.096000000005006,0,28.096000000005006,10.27499999999418,0.0,10.27499999999418,7,30,13.923500000004424,24.558499999977357,11.973999999994703,1.649010665421705,1.1440438137520985,0.8581092366793657,0,0,False,False,False
2026-10-01T03:25:00-05:00,95846.995,95839.152,-7.842999999993481,10.654999999984284,18.227999999988242,28.882999999972526,4.899000000004889,17.213999999992666,17.213999999992666,10,30,14.275000000008731,26.771499999995285,11.973999999994703,0.5494220665491197,1.07887118764274,1.4376148321363187,0,0,False,False,False
2026-10-01T03:26:00-05:00,95839.152,95874.389,35.236999999993714,36.71700000000419,1.4800000000104774,38.19700000001467,11.709999999991851,1.4800000000104774,11.709999999991851,9,30,14.275000000008731,27.44650000000547,12.302499999997963,2.4684413309962987,1.3916892864302208,0.9518390571017102,0,0,False,False,True
2026-10-01T03:27:00-05:00,95873.647,95888.401,14.754000000000815,20.713000000003376,6.701000000000931,27.414000000004307,10.089000000007218,5.959000000002561,10.089000000007218,9,30,16.982499999998254,28.23150000001624,12.302499999997963,0.8687766818785415,0.9710429839005557,0.8200772200779426,0,0,False,False,False
2026-10-01T03:28:00-05:00,95890.107,95902.543,12.436000000001513,24.19000000000233,10.047999999995227,34.237999999997555,7.501000000003842,8.144000000000233,8.144000000000233,9,30,14.68300000000454,27.755000000004657,11.973999999994703,0.8469658789074214,1.2335795352185845,0.680140303992303,0,0,False,False,False
2026-10-01T03:29:00-05:00,95902.244,95915.953,13.70899999998801,15.196999999971013,1.786999999982072,16.983999999953085,5.94999999999709,1.455999999991036,5.94999999999709,9,30,14.68300000000454,28.23150000001624,11.973999999994703,0.9336647824003113,0.6015975063295721,0.49690997160512124,0,0,False,False,False
2026-10-01T03:30:00-05:00,95915.093,95906.577,-8.515999999988708,1.5980000000126893,10.974000000001979,12.572000000014668,0.8559999999997672,5.4320000000006985,5.4320000000006985,9,30,14.68300000000454,28.23150000001624,11.973999999994703,0.5799904651628465,0.4453181729630886,0.45364957407742623,0,0,False,False,False
2026-10-01T03:31:00-05:00,95902.688,95894.098,-8.589999999996508,6.010999999998603,18.49000000000524,24.50100000000384,3.6939999999885913,6.729000000006636,6.729000000006636,7,30,14.275000000008731,28.23150000001624,11.744499999993423,0.6017513134845012,0.8678603687366859,0.5729490399770449,0,0,False,False,False
2026-10-01T03:32:00-05:00,95881.549,95924.708,43.15899999999965,95.62900000000081,65.01900000000023,160.64800000000105,81.59799999999814,46.78299999999581,81.59799999999814,7,30,14.260500000003958,27.755000000004657,11.534999999996217,3.0264717225895077,5.788074220860173,7.073948851324222,0,0,False,False,True
2026-10-01T03:33:00-05:00,95961.913,95996.226,34.312999999994645,74.09599999999045,2.577999999994063,76.67399999998452,37.205000000001746,2.577999999994063,37.205000000001746,7,30,14.260500000003958,28.23150000001624,11.534999999996217,2.406156866868982,2.7159024493895263,3.2254009536206283,0,0,False,False,True
2026-10-01T03:34:00-05:00,96013.597,96124.112,110.51499999999942,138.56000000001222,10.67400000001362,149.23400000002584,70.51200000000244,10.67400000001362,70.51200000000244,9,30,14.260500000003958,28.23150000001624,11.534999999996217,7.749728270395059,5.2860811504858045,6.112873862160865,0,0,False,False,True
2026-10-01T03:35:00-05:00,96135.637,96214.457,78.81999999999243,90.44000000000233,0.09500000000116415,90.53500000000349,42.254000000000815,0.09500000000116415,42.254000000000815,7,30,14.68300000000454,28.625,11.744499999993423,5.368112783488937,3.1627947598254496,3.5977691685490636,0,0,False,False,True
2026-10-01T03:36:00-05:00,96217.405,96155.826,-61.578999999997905,10.173999999999069,68.80499999999302,78.97899999999208,7.225999999995111,33.92699999999604,33.92699999999604,7,30,17.122999999999593,28.92199999998411,12.107499999998254,3.5962740174034558,2.7307585920764637,2.8021474292794495,0,0,False,False,True
2026-10-01T03:37:00-05:00,96155.826,96071.054,-84.7719999999972,0,84.7719999999972,84.7719999999972,0.0,33.361000000004424,33.361000000004424,8,30,17.122999999999593,28.92199999998411,12.665000000000873,4.950767972901899,2.931055943573881,2.634109751283231,0,0,False,False,True
2026-10-01T03:38:00-05:00,96065.02,96043.635,-21.385000000009313,13.187999999994645,40.60700000000361,53.794999999998254,13.15899999999965,11.240999999994528,13.15899999999965,9,30,19.860999999997148,31.23649999999907,12.99199999999837,1.0767332964106735,1.7221839834808592,1.012854064039509,0,0,False,False,False
2026-10-01T03:39:00-05:00,96038.937,96087.151,48.213999999992666,59.905999999988126,16.389999999984866,76.29599999997299,26.756999999997788,6.9429999999993015,26.756999999997788,10,30,19.860999999997148,33.52750000000378,12.99199999999837,2.4275716227782884,2.275624487360059,2.059498152709448,0,0,False,False,True
2026-10-01T03:40:00-05:00,96089.493,96124.804,35.31100000000151,38.02300000000105,0.3699999999953434,38.39299999999639,12.701000000000931,0.3699999999953434,12.701000000000931,9,30,19.860999999997148,33.52750000000378,12.99199999999837,1.7779064498266242,1.1451196778761332,0.977601600985416,0,0,False,False,False
2026-10-01T03:41:00-05:00,96126.501,96099.863,-26.638000000006286,9.282999999995809,34.22400000000198,43.50699999999779,3.7489999999961583,17.855999999999767,17.855999999999767,10,30,20.80750000000262,33.89050000000134,12.99199999999837,1.2802114622132852,1.283752083917206,1.3743842364533565,0,0,False,False,False
2026-10-01T03:42:00-05:00,96098.103,96077.367,-20.736000000004424,6.4799999999959255,28.97599999999511,35.455999999991036,2.224999999991269,21.16700000000128,21.16700000000128,9,30,21.54950000000099,36.16500000000087,13.12449999999808,0.9622497041696314,0.9803954099264532,1.6127852489621988,0,0,False,False,False
2026-10-01T03:43:00-05:00,96055.191,96055.924,0.7329999999928987,7.001000000003842,28.444000000003143,35.445000000006985,4.694000000003143,22.1759999999922,22.1759999999922,8,30,21.54950000000099,36.77399999999761,13.371500000001106,0.03401471031777373,0.9638603361072846,1.658452679205053,0,0,False,False,False
2026-10-01T03:44:00-05:00,96054.265,96063.675,9.410000000003492,9.410000000003492,1.6589999999996508,11.069000000003143,3.805000000007567,1.6589999999996508,3.805000000007567,8,30,21.06050000000687,35.45049999999901,13.371500000001106,0.4468080055079615,0.31223819128089736,0.2845604457246571,0,0,False,False,False
2026-10-01T03:45:00-05:00,96079.23,96101.692,22.461999999999534,40.74000000000524,2.7230000000126893,43.46300000001793,17.347999999998137,0.989000000001397,17.347999999998137,10,30,20.483000000000175,34.84150000000227,13.371500000001106,1.0966167065370962,1.2474491626369444,1.2973862319109077,0,0,False,False,False
2026-10-01T03:46:00-05:00,96104.137,96119.877,15.739999999990687,26.852000000013504,8.667000000015832,35.51900000002934,18.345999999990454,3.9360000000015134,18.345999999990454,9,30,21.06050000000687,35.45049999999901,13.371500000001106,0.7473706702113223,1.0019322717600692,1.3720225853486099,0,0,False,False,False
2026-10-01T03:47:00-05:00,96119.86,96117.93,-1.930000000007567,1.8169999999954598,3.763999999995576,5.580999999991036,1.2660000000032596,1.7520000000076834,1.7520000000076834,9,30,21.06050000000687,35.45049999999901,13.371500000001106,0.09164074927028977,0.15743078376866876,0.1310249411066476,0,0,False,False,False
2026-10-01T03:48:00-05:00,96117.809,96127.562,9.753000000011525,13.158000000010361,3.525999999998021,16.684000000008382,8.997000000003027,2.279999999998836,8.997000000003027,8,30,21.06050000000687,35.45049999999901,13.371500000001106,0.46309441846149635,0.47062805884286113,0.6728489698240498,0,0,False,False,False
2026-10-01T03:49:00-05:00,96128.552,96129.626,1.0740000000077998,10.157999999981257,8.09399999998277,18.251999999964028,7.888999999995576,2.6889999999984866,7.888999999995576,9,30,21.06050000000687,35.45049999999901,13.371500000001106,0.050995940267678806,0.5148587467021492,0.5899861646034419,0,0,False,False,False
2026-10-01T03:50:00-05:00,96128.309,96132.932,4.6230000000068685,5.455999999991036,2.1499999999941792,7.605999999985215,4.042000000001281,1.3170000000100117,4.042000000001281,8,30,21.06050000000687,35.45049999999901,13.371500000001106,0.21951045796658963,0.21455268613941772,0.30228471001764545,0,0,False,False,False
2026-10-01T03:51:00-05:00,96133.136,96145.151,12.014999999999418,15.105999999999767,2.8870000000024447,17.993000000002212,7.457999999998719,2.331000000005588,7.457999999998719,8,30,18.237999999997555,35.45049999999901,12.930000000000291,0.6587893409365626,0.5075527848691193,0.576798143851396,0,0,False,False,False
2026-10-01T03:52:00-05:00,96146.698,96149.127,2.4289999999891734,8.39900000000489,4.423000000009779,12.822000000014668,2.846000000005006,4.423000000009779,4.423000000009779,9,30,15.24699999999575,34.84150000000227,12.568500000001222,0.15931002820160362,0.3680094140612153,0.3519115248445995,0,0,False,False,False
2026-10-01T03:53:00-05:00,96147.251,96153.121,5.869999999995343,6.137999999977183,2.143999999971129,8.281999999948312,2.694999999992433,1.8759999999892898,2.694999999992433,10,30,15.24699999999575,34.84150000000227,12.205499999996391,0.384993769265887,0.23770503565999662,0.22080209741454507,0,0,False,False,False
2026-10-01T03:54:00-05:00,96153.077,96159.565,6.487999999997555,6.487999999997555,0.043999999994412065,6.531999999991967,1.7599999999947613,0.043999999994412065,1.7599999999947613,9,30,15.24699999999575,34.84150000000227,12.205499999996391,0.42552633304908266,0.18747757702715273,0.14419728810743368,0,0,False,False,False
2026-10-01T03:55:00-05:00,96162.129,96148.213,-13.915999999997439,2.6630000000004657,14.014999999999418,16.677999999999884,2.5639999999984866,6.7739999999903375,6.7739999999903375,8,30,14.231499999994412,34.84150000000227,12.205499999996391,0.9778308681448128,0.47868203148540667,0.5549956986598125,0,0,False,False,False
2026-10-01T03:56:00-05:00,96148.284,96141.726,-6.55800000000454,2.7219999999942956,9.209000000002561,11.930999999996857,1.3279999999940628,8.218999999997322,8.218999999997322,8,30,14.334999999999127,34.84150000000227,10.899499999999534,0.4574816881761381,0.34243646226471536,0.754071287673533,0,0,False,False,False
2026-10-01T03:57:00-05:00,96141.386,96138.666,-2.720000000001164,5.948000000003958,9.00800000000163,14.956000000005588,5.572000000000116,7.769000000000233,7.769000000000233,7,30,13.812499999992724,30.82600000000093,9.543000000005122,0.19692307692326494,0.48517485239749353,0.8141045792723528,0,0,False,False,False
2026-10-01T03:58:00-05:00,96138.266,96140.58,2.3139999999984866,4.2149999999965075,2.3009999999922,6.515999999988708,2.2889999999897555,0.7989999999990687,2.2889999999897555,8,30,13.072499999994761,29.3695000000007,8.608000000000175,0.17701281315734663,0.22186281686744933,0.26591542750809816,0,0,False,False,False
2026-10-01T03:59:00-05:00,96140.85,96138.018,-2.8320000000094296,2.4470000000001164,5.0090000000054715,7.456000000005588,1.2470000000030268,4.868000000002212,4.868000000002212,7,30,12.861999999993714,21.376499999983935,8.608000000000175,0.22018348623937287,0.34879423666227827,0.5655204460968998,0,0,False,False,False
2026-10-01T04:00:00-05:00,96141.446,96122.462,-18.98399999999674,8.339999999996508,23.895999999993364,32.23599999998987,3.44100000000617,21.444999999992433,21.444999999992433,8,30,10.884000000005472,21.376499999983935,8.608000000000175,1.7442116868786472,1.5080111337222697,2.49128717472026,0,0,False,False,True
2026-10-01T04:01:00-05:00,96122.345,96130.581,8.236000000004424,12.18399999999383,4.064999999987776,16.248999999981606,5.584000000002561,2.0339999999996508,5.584000000002561,7,30,12.965499999998428,28.368499999996857,10.849000000001979,0.6352242489688343,0.5727831926250386,0.5147018158357031,0,0,False,False,False
2026-10-01T04:02:00-05:00,96129.919,96111.78,-18.138999999995576,4.245999999999185,23.047000000005937,27.293000000005122,2.55899999999383,19.4320000000007,19.4320000000007,8,30,12.965499999998428,25.24399999997695,10.849000000001979,1.399020477420676,1.0811678022512297,1.7911328233014245,0,0,False,False,False
2026-10-01T04:03:00-05:00,96111.962,96108.001,-3.9609999999956926,2.2740000000048894,6.052999999999884,8.327000000004773,1.7620000000024447,3.94199999999546,3.94199999999546,7,30,12.965499999998428,22.772499999984575,10.849000000001979,0.3055030658282498,0.3656603359319536,0.3633514609636594,0,0,False,False,False
2026-10-01T04:04:00-05:00,96106.584,96123.106,16.521999999997206,16.521999999997206,1.4170000000012806,17.938999999998487,5.697000000000116,1.4170000000012806,5.697000000000116,8,30,10.884000000005472,18.12249999998312,8.608000000000175,1.5180080852617512,0.989874465444348,0.6618262081784387,0,0,False,False,False
2026-10-01T04:05:00-05:00,96123.486,96127.573,4.086999999999534,6.875000000014552,2.408000000010361,9.283000000024913,3.849000000001979,2.408000000010361,3.849000000001979,7,30,10.884000000005472,17.96600000000035,8.05399999999645,0.37550532892295846,0.5166982077270807,0.47789918053186936,0,0,False,False,False
2026-10-01T04:06:00-05:00,96126.425,96127.635,1.209999999991851,3.2559999999793945,3.1939999999885913,6.449999999967986,1.7929999999905704,1.9069999999919673,1.9069999999919673,7,30,9.581500000007509,17.311500000003434,7.8289999999979045,0.1262850284392739,0.37258469803117616,0.24358155575328622,0,0,False,False,False
2026-10-01T04:07:00-05:00,96128.342,96101.703,-26.639000000010128,2.5430000000051223,28.47500000000582,31.018000000010943,1.478000000002794,12.78399999999965,12.78399999999965,7,30,8.823000000003958,16.681000000004133,7.613499999999476,3.019267822735824,1.8594808464722294,1.6791226111513142,0,0,False,False,True
2026-10-01T04:08:00-05:00,96101.616,96096.007,-5.60899999999674,0.8699999999953434,6.565999999991618,7.4359999999869615,0.7360000000044238,2.9539999999979045,2.9539999999979045,8,30,8.823000000003958,16.681000000004133,7.613499999999476,0.6357248101546213,0.445776632095505,0.3879950088655819,0,0,False,False,False
2026-10-01T04:09:00-05:00,96093.936,96099.731,5.794999999998254,9.615000000005239,5.89100000000326,15.506000000008498,4.795000000012806,2.813000000009197,4.795000000012806,7,30,7.397000000004482,16.463499999990745,7.1159999999945285,0.7834257131262325,0.9418410423067523,0.6738336143924245,0,0,False,False,False
2026-10-01T04:10:00-05:00,96098.447,96085.226,-13.221000000005006,6.735999999989872,21.24099999999453,27.9769999999844,2.2779999999911524,13.936000000001513,13.936000000001513,8,30,6.523000000001048,15.877499999995052,6.235499999995227,2.026828146558774,1.7620532199649264,2.234945072570312,0,0,False,False,True
2026-10-01T04:11:00-05:00,96076.587,96089.948,13.361000000004424,23.55800000000454,18.835999999995693,42.39400000000023,23.55800000000454,8.638999999995576,23.55800000000454,7,30,6.523000000001048,15.877499999995052,6.235499999995227,2.048290663805347,2.6700677058739375,3.7780450645533756,0,0,False,False,True
2026-10-01T04:12:00-05:00,96087.807,96079.512,-8.294999999998254,2.819999999992433,13.255999999993946,16.07599999998638,2.7069999999948777,4.26600000000326,4.26600000000326,7,30,6.523000000001048,15.877499999995052,6.235499999995227,1.2716541468644675,1.0125019681934428,0.6841472215550517,0,0,False,False,False
2026-10-01T04:13:00-05:00,96080.288,96068.457,-11.831000000005588,1.9279999999853317,12.982999999992899,14.91099999997823,0.7759999999980209,7.5499999999883585,7.5499999999883585,8,30,6.523000000001048,15.790999999997439,5.640500000001339,1.8137360110384313,0.94427205370025,1.3385338179215613,0,0,False,False,False
2026-10-01T04:14:00-05:00,96068.478,96068.078,-0.40000000000873115,4.2629999999917345,4.641999999992549,8.904999999984284,4.179999999993015,2.4360000000015134,4.179999999993015,7,30,7.397000000004482,15.231000000007043,5.640500000001339,0.0540759767484776,0.5846628586422536,0.7410690541604509,0,0,False,False,False
2026-10-01T04:15:00-05:00,96066.83,96059.737,-7.093000000008033,1.9839999999967404,10.32499999999709,12.30899999999383,1.9839999999967404,4.822000000000116,4.822000000000116,7,30,6.523000000001048,15.231000000007043,5.640500000001339,1.0873831059339099,0.8081544219019197,0.8548887509970697,0,0,False,False,False
2026-10-01T04:16:00-05:00,96060.703,96066.376,5.673000000009779,10.031000000002678,3.3919999999925494,13.422999999995227,5.735000000000582,3.1609999999927823,5.735000000000582,8,30,6.523000000001048,14.93349999999191,5.2260000000023865,0.8696918595751751,0.8988515753174071,1.0973976272479837,0,0,False,False,False
2026-10-01T04:17:00-05:00,96065.825,96067.865,2.040000000008149,4.370999999999185,2.881999999997788,7.252999999996973,2.0319999999919673,2.330999999991036,2.330999999991036,7,30,6.178999999996449,14.166999999986729,5.2260000000023865,0.3301505097927369,0.5119644243667515,0.4460390355893554,0,0,False,False,False
2026-10-01T04:18:00-05:00,96068.399,96043.845,-24.554000000003725,1.4940000000060536,25.514000000010128,27.00800000001618,0.9600000000064028,14.884999999994761,14.884999999994761,7,30,6.178999999996449,14.166999999986729,5.2260000000023865,3.9737821654018184,1.9064022023040503,2.8482587064653586,0,0,False,False,True
2026-10-01T04:19:00-05:00,96046.238,96043.876,-2.3619999999937136,4.452999999994063,4.421999999991385,8.874999999985448,2.392999999996391,2.1260000000038417,2.392999999996391,8,30,6.178999999996449,14.166999999986729,5.2260000000023865,0.3822625020221833,0.6264558480972515,0.4579027937227896,0,0,False,False,False
2026-10-01T04:20:00-05:00,96043.802,96049.197,5.3950000000040745,7.11699999999837,1.7960000000020955,8.913000000000466,7.11699999999837,0.8760000000038417,7.11699999999837,7,30,6.178999999996449,13.122500000004948,4.845000000001164,0.8731186276108067,0.6792150885880819,1.4689370485029227,0,0,False,False,False
2026-10-01T04:21:00-05:00,96049.322,96045.204,-4.118000000002212,5.273000000001048,9.26600000000326,14.539000000004307,2.6229999999923166,9.26600000000326,9.26600000000326,8,30,6.178999999996449,13.122500000004948,5.2260000000023865,0.6664508820204852,1.1079443703561689,1.7730577879829752,0,0,False,False,False
2026-10-01T04:22:00-05:00,96046.638,96010.867,-35.771000000007916,1.7980000000097789,36.13500000000931,37.93300000001909,1.434000000008382,35.028000000005704,35.028000000005704,7,30,5.832499999996799,13.122500000004948,5.2260000000023865,6.133047578230184,2.890683939798422,6.702640642937181,0,0,False,False,True
2026-10-01T04:23:00-05:00,96015.795,95994.504,-21.29099999999744,11.539000000004307,27.902000000001863,39.44100000000617,4.927999999999884,27.902000000001863,27.902000000001863,7,30,6.178999999996449,13.980999999999767,5.640500000001339,3.4457031882197238,2.821042843860012,4.946724581153309,0,0,False,False,True
2026-10-01T04:24:00-05:00,95994.916,95951.171,-43.74499999999534,1.8099999999976717,45.14299999999639,46.95299999999406,1.3980000000010477,38.75800000000163,38.75800000000163,7,30,6.523000000001048,14.724999999991269,5.716000000000349,6.706270121108128,3.188658743634764,6.780615815255294,0,0,False,False,True
2026-10-01T04:25:00-05:00,95949.5,95925.022,-24.478000000002794,0.8739999999961583,27.023000000001048,27.896999999997206,0.7350000000005821,19.176999999996042,19.176999999996042,8,30,6.825500000006286,14.93349999999191,6.25449999999546,3.586257417036151,1.8680818294446928,3.0661123990742607,0,0,False,False,True
2026-10-01T04:26:00-05:00,95924.976,95923.904,-1.0720000000001164,0.9499999999970896,2.0679999999993015,3.017999999996391,0.9439999999885913,0.856999999989057,0.9439999999885913,7,30,6.825500000006286,14.93349999999191,6.425999999999476,0.157058090982218,0.2020959587503282,0.14690320572497173,0,0,False,False,False
2026-10-01T04:27:00-05:00,95923.687,95924.884,1.1970000000001164,13.372000000003027,12.39199999999255,25.763999999995576,7.4320000000006985,4.228000000002794,7.4320000000006985,8,30,6.444000000003143,14.93349999999191,5.716000000000349,0.18575418994406154,1.7252486021367754,1.300209937018937,0,0,False,False,False
2026-10-01T04:28:00-05:00,95923.472,95903.938,-19.53399999999965,1.1059999999997672,22.052000000010594,23.15800000001036,0.8410000000003492,19.854999999995925,19.854999999995925,7,30,6.444000000003143,15.208499999993364,5.716000000000349,3.0313469894460154,1.5227011210849501,3.473582925121538,0,0,False,False,True
2026-10-01T04:29:00-05:00,95904.408,95900.627,-3.7810000000026776,2.114000000001397,5.42500000000291,7.539000000004307,1.6440000000002328,2.3029999999998836,2.3029999999998836,7,30,7.664500000006228,15.790999999997439,6.425999999999476,0.4933133276795101,0.4774238490282775,0.35838779956428124,0,0,False,False,False
2026-10-01T04:30:00-05:00,95900.567,95890.888,-9.678999999989173,9.168000000005122,18.906999999991967,28.07499999999709,3.598999999987427,15.134999999994761,15.134999999994761,8,30,7.664500000006228,15.790999999997439,6.425999999999476,1.2628351490614271,1.7779114685581434,2.355275443510114,0,0,False,False,True
2026-10-01T04:31:00-05:00,95892.351,95882.683,-9.66799999999057,1.738999999986845,9.943999999988591,11.682999999975436,1.4629999999888241,6.581999999994878,6.581999999994878,7,30,7.664500000006228,15.790999999997439,6.425999999999476,1.261399960856248,0.7398518143231797,1.0242763772168402,0,0,False,False,False
2026-10-01T04:32:00-05:00,95881.221,95841.445,-39.77599999999802,2.8870000000024447,44.125,47.012000000002445,2.7730000000010477,37.954000000012456,37.954000000012456,7,30,7.694000000003143,15.208499999993364,6.849499999996624,5.169742656613176,3.0911661242083674,5.541134389376037,0,0,False,False,True
2026-10-01T04:33:00-05:00,95841.932,95843.046,1.114000000001397,4.350999999995111,2.75,7.100999999995111,1.8450000000011642,1.7679999999963911,1.8450000000011642,7,30,7.694000000003143,15.208499999993364,6.849499999996624,0.1447881466078687,0.46690995167164473,0.26936272720666815,0,0,False,False,False
2026-10-01T04:34:00-05:00,95845.883,95791.491,-54.3920000000071,10.01699999999255,61.572000000000116,71.58899999999267,6.279999999998836,60.654000000009546,60.654000000009546,7,30,7.694000000003143,15.208499999993364,6.849499999996624,7.069404730957224,4.707170332381491,8.855244908393232,1,0,False,False,True
2026-10-01T04:35:00-05:00,95789.993,95785.973,-4.0200000000040745,2.8139999999839347,8.331999999980326,11.14599999996426,1.0489999999990687,5.8989999999903375,5.8989999999903375,8,30,7.694000000003143,15.208499999993364,7.274499999999534,0.5224850532885927,0.7328796396731514,0.8109148395065936,0,0,False,False,False
2026-10-01T04:36:00-05:00,95809.84,95813.468,3.627999999996973,28.422000000005937,0.9270000000105938,29.34900000001653,23.86699999999837,0.8310000000055879,23.86699999999837,7,30,7.694000000003143,15.208499999993364,7.274499999999534,0.47153626202176907,1.9297761120445367,3.280912777510468,0,0,False,False,True
2026-10-01T04:37:00-05:00,95812.729,95823.004,10.27499999999418,12.809999999997672,3.2739999999903375,16.08399999998801,10.952999999994063,2.297000000005937,10.952999999994063,7,30,7.694000000003143,15.790999999997439,7.4909999999945285,1.335456199634778,1.0185548730283465,1.4621545855028786,0,0,False,False,False
2026-10-01T04:38:00-05:00,95823.134,95816.212,-6.922000000005937,0.1300000000046566,6.922000000005937,7.052000000010594,0.1300000000046566,3.4989999999961583,3.4989999999961583,8,30,7.694000000003143,15.790999999997439,7.4909999999945285,0.8996620743440485,0.44658349692937355,0.46709384594829984,0,0,False,False,False
2026-10-01T04:39:00-05:00,95815.731,95815.295,-0.4360000000015134,1.495999999999185,2.4130000000004657,3.9089999999996508,1.1789999999891734,1.7229999999981374,1.7229999999981374,7,30,7.694000000003143,15.790999999997439,7.4909999999945285,0.05666753314288215,0.24754607054653188,0.23000934454670882,0,0,False,False,False
2026-10-01T04:40:00-05:00,95800.709,95797.59,-3.1190000000060536,2.989000000001397,20.694000000003143,23.68300000000454,1.4680000000080327,14.585999999995693,14.585999999995693,7,30,7.694000000003143,15.493499999982305,7.4909999999945285,0.4053808162210527,1.528576499824545,1.9471365638774991,0,0,False,False,False
2026-10-01T04:41:00-05:00,95796.158,95817.675,21.5170000000071,24.343999999997322,4.25899999999092,28.602999999988242,23.77400000000489,1.6440000000002328,23.77400000000489,7,30,7.007500000006985,15.493499999982305,7.4909999999945285,3.070567249373622,1.8461290218492212,3.173675076761748,0,0,False,False,True
2026-10-01T04:42:00-05:00,95815.29,95810.729,-4.5609999999869615,3.1350000000093132,10.081000000005588,13.216000000014901,1.510999999998603,3.017999999996391,3.017999999996391,8,30,7.007500000006985,15.493499999982305,7.4909999999945285,0.6508740635008798,0.8530028721741373,0.4028834601519951,0,0,False,False,False
2026-10-01T04:43:00-05:00,95810.945,95812.921,1.9759999999951106,4.945999999996275,2.754000000000815,7.69999999999709,3.3549999999959255,2.3690000000060536,3.3549999999959255,7,30,6.297500000007858,14.724999999991269,7.4909999999945285,0.31377530766060263,0.5229202037352567,0.44787077826703725,0,0,False,False,False
2026-10-01T04:44:00-05:00,95807.5,95806.746,-0.7540000000008149,0.56600000000617,6.74100000000908,7.30700000001525,0.23500000000058208,5.4210000000020955,5.4210000000020955,7,30,5.534000000006927,13.980999999999767,7.274499999999534,0.1362486447415741,0.522637865675944,0.7452058560729181,0,0,False,False,False
2026-10-01T04:45:00-05:00,95807.384,95816.594,9.209999999991851,21.25800000000163,11.410000000003492,32.66800000000512,19.361000000004424,11.142000000007101,19.361000000004424,8,30,5.534000000006927,13.980999999999767,7.274499999999534,1.6642573183918183,2.3365996709824524,2.661488762115013,0,0,False,False,True
2026-10-01T04:46:00-05:00,95820.481,95816.392,-4.088999999992666,4.829000000012456,5.0310000000026776,9.860000000015134,3.8870000000024447,5.021999999997206,5.021999999997206,7,30,5.534000000006927,15.311499999996158,8.349000000001979,0.7388868810964127,0.643960421906254,0.6015091627735076,0,0,False,False,False
2026-10-01T04:47:00-05:00,95815.528,95805.086,-10.442000000010012,0.6749999999883585,11.980999999999767,12.655999999988126,0.4909999999945285,6.937999999994645,6.937999999994645,7,30,4.977999999995518,15.311499999996158,8.349000000001979,2.0976295701123773,0.8265682656820887,0.8309977242775183,0,0,False,False,True
2026-10-01T04:48:00-05:00,95803.647,95814.815,11.168000000005122,13.004000000000815,3.2749999999941792,16.278999999994994,11.512999999991735,1.4809999999997672,11.512999999991735,8,30,6.158500000005006,15.311499999996158,8.349000000001979,1.8134285946246724,1.063187800019533,1.37896754102156,0,0,False,False,False
2026-10-01T04:49:00-05:00,95813.236,95805.885,-7.3510000000096625,6.927999999999884,15.85800000000745,22.786000000007334,4.622000000003027,8.051000000006752,8.051000000006752,6,30,6.158500000005006,15.311499999996158,8.349000000001979,1.1936348136727593,1.4881624922452439,0.9643071026476038,0,0,False,False,False
2026-10-01T04:50:00-05:00,95802.589,95771.188,-31.401000000012573,0,34.697000000000116,34.697000000000116,0.0,23.713999999992666,23.713999999992666,7,30,7.1365000000078,16.1814999999915,8.658500000005006,4.40005604988135,2.1442387912133203,2.7388115724408335,0,0,False,False,True
2026-10-01T04:51:00-05:00,95772.249,95767.742,-4.506999999997788,1.5339999999996508,4.9799999999959255,6.513999999995576,1.0610000000015134,2.9909999999945285,2.9909999999945285,8,30,8.280500000000757,19.532500000001164,10.109499999998661,0.5442908036951122,0.33349545629055105,0.295860329392643,0,0,False,False,False
2026-10-01T04:52:00-05:00,95767.67,95748.698,-18.971999999994296,0,19.043999999994412,19.043999999994412,0.0,6.755000000004657,6.755000000004657,8,30,8.280500000000757,19.532500000001164,9.502000000000407,2.2911659923908654,0.9749904006140165,0.710902967796713,0,0,False,False,True
2026-10-01T04:53:00-05:00,95746.376,95698.679,-47.697000000000116,0,50.01900000000023,50.01900000000023,0.0,21.69000000000233,21.69000000000233,8,30,8.280500000000757,17.661499999994703,7.741500000003725,5.760159410663095,2.8320924043832765,2.8017826002702177,0,0,False,False,True
2026-10-01T04:54:00-05:00,95698.634,95696.431,-2.2030000000086147,0.7750000000087311,3.0230000000155997,3.798000000024331,0.4980000000068685,1.429999999993015,1.429999999993015,7,30,8.280500000000757,17.661499999994703,7.741500000003725,0.26604673630921,0.21504402230985306,0.18471872376055376,0,0,False,False,False
2026-10-01T04:55:00-05:00,95695.173,95661.176,-33.996999999988475,0,35.254999999990105,35.254999999990105,0.0,20.137000000002445,20.137000000002445,8,30,7.1365000000078,16.1814999999915,7.184999999997672,4.763819799614842,2.1787226153328567,2.8026443980527445,0,0,False,False,True
2026-10-01T04:56:00-05:00,95661.234,95656.591,-4.642999999996391,0.3059999999968568,4.89100000000326,5.197000000000116,0.21199999999953434,2.7039999999979045,2.7039999999979045,8,30,7.1365000000078,16.1814999999915,7.184999999997672,0.6505990331382774,0.32116923647392676,0.37633959638118036,0,0,False,False,False
2026-10-01T04:57:00-05:00,95656.274,95659.262,2.9879999999975553,8.886999999987893,6.215999999985797,15.10299999997369,7.006999999997788,3.9899999999906868,7.006999999997788,7,30,7.1365000000078,16.1814999999915,7.184999999997672,0.41869263644563715,0.9333498130569862,0.9752261656228335,0,0,False,False,False
2026-10-01T04:58:00-05:00,95655.259,95651.57,-3.6889999999984866,5.971000000005006,13.663000000000466,19.63400000000547,5.971000000005006,4.002999999996973,5.971000000005006,8,30,7.1365000000078,15.59349999998085,6.9724999999962165,0.5169200588516016,1.2591143745810487,0.8563642882765502,0,0,False,False,False
2026-10-01T04:59:00-05:00,95651.499,95647.479,-4.019999999989523,1.7779999999911524,5.868999999991502,7.646999999982654,1.68399999999383,2.993000000002212,2.993000000002212,8,30,5.782500000001164,15.59349999998085,6.846499999999651,0.6952010376115371,0.4903966396249749,0.43715767180345644,0,0,False,False,False
2026-10-01T05:00:00-05:00,95647.287,95638.569,-8.71799999999348,10.539000000004307,19.4490000000078,29.988000000012107,6.3769999999931315,17.645000000004075,17.645000000004075,8,30,5.782500000001164,15.59349999998085,6.846499999999651,1.5076523994797624,1.9231089877223801,2.577229241218867,0,0,False,False,True
2026-10-01T05:01:00-05:00,95637.939,95618.133,-19.805999999996857,2.010999999998603,22.447000000000116,24.45799999999872,1.6999999999970896,9.031000000002678,9.031000000002678,7,30,5.782500000001164,15.59349999998085,6.846499999999651,3.4251621271064194,1.5684740436738869,1.3190681370047672,0,0,False,False,True
2026-10-01T05:02:00-05:00,95570.371,95565.196,-5.17500000000291,25.045000000012806,77.98200000001816,103.02700000003097,13.921999999991385,47.762000000002445,47.762000000002445,8,30,5.782500000001164,16.1814999999915,6.9724999999962165,0.8949416342415683,6.36696227173532,6.850053782721887,0,0,False,False,True
2026-10-01T05:03:00-05:00,95569.574,95576.758,7.184000000008382,32.41099999999278,20.848999999987427,53.25999999998021,24.13499999999476,16.04899999999907,24.13499999999476,7,30,4.908999999999651,16.1814999999915,6.9724999999962165,1.463434508048257,3.291413033402848,3.4614557188967883,0,0,False,False,True
2026-10-01T05:04:00-05:00,95575.559,95530.924,-44.63499999999476,0.6570000000065193,46.49100000000908,47.1480000000156,0.5170000000071013,22.960000000006403,22.960000000006403,8,30,6.048500000004424,17.661499999994703,7.52900000000227,7.379515582369533,2.669535430174659,3.0495417718155773,0,0,False,False,True
2026-10-01T05:05:00-05:00,95523.21,95597.538,74.32799999999406,75.94100000000617,9.327000000004773,85.26800000001094,60.029999999998836,7.713999999992666,60.029999999998836,7,30,6.048500000004424,17.661499999994703,7.52900000000227,12.288666611546615,4.827902499789741,7.9731704077541155,1,0,False,False,True
2026-10-01T05:06:00-05:00,95614.013,95626.895,12.881999999997788,38.129000000000815,8.771999999997206,46.90099999999802,16.47500000000582,8.589999999996508,16.47500000000582,7,30,7.0530000000071595,19.338999999999942,8.541000000004715,1.82645682688001,2.4252029577536667,1.9289310385196963,0,0,False,False,True
2026-10-01T05:07:00-05:00,95625.929,95624.511,-1.4180000000051223,15.307999999989988,17.69199999999546,32.99999999998545,11.072000000000116,16.72599999999511,16.72599999999511,8,30,7.267500000009022,19.338999999999942,8.541000000004715,0.19511523907854997,1.706396401054116,1.958318698043072,0,0,False,False,False
2026-10-01T05:08:00-05:00,95625.795,95636.091,10.296000000002095,12.85899999999674,1.2789999999949941,14.137999999991735,5.987999999997555,1.2789999999949941,5.987999999997555,7,30,7.0530000000071595,21.210000000006403,8.541000000004715,1.4598043385781432,0.6665723715222757,0.7010888654717539,0,0,False,False,False
2026-10-01T05:09:00-05:00,95629.025,95619.765,-9.259999999994761,2.209000000002561,18.535000000003492,20.744000000006054,1.5790000000124564,9.529000000009546,9.529000000009546,8,30,7.267500000009022,21.210000000006403,8.541000000004715,1.274165806671244,0.9780292314945682,1.115677321157275,0,0,False,False,False
2026-10-01T05:10:00-05:00,95619.205,95624.083,4.877999999996973,6.523000000001048,2.2050000000017462,8.728000000002794,5.55000000000291,0.7050000000017462,5.55000000000291,8,30,8.034500000001572,21.765000000006694,9.280000000006112,0.6071317443519845,0.40101079715139487,0.5980603448275059,0,0,False,False,False
2026-10-01T05:11:00-05:00,95638.991,95651.978,12.987000000008265,30.520000000004075,2.625,33.145000000004075,14.907999999995809,1.6040000000066357,14.907999999995809,7,30,8.034500000001572,20.189000000005763,8.541000000004715,1.6164042566439387,1.6417355985930266,1.7454630605300994,0,0,False,False,False
2026-10-01T05:12:00-05:00,95658.788,95671.994,13.206000000005588,21.586999999999534,1.5709999999962747,23.15799999999581,6.809999999997672,1.5709999999962747,6.809999999997672,8,30,8.034500000001572,20.189000000005763,8.541000000004715,1.643661708880827,1.147060280350151,0.7973305233572079,0,0,False,False,False
2026-10-01T05:13:00-05:00,95671.524,95678.741,7.216999999989639,10.629000000000815,3.88200000001234,14.511000000013155,7.55800000000454,1.8980000000010477,7.55800000000454,8,30,8.963999999992666,21.765000000006694,8.541000000004715,0.8051093261931664,0.6667126119921292,0.8849080903875856,0,0,False,False,False
2026-10-01T05:14:00-05:00,95679.519,95684.988,5.4689999999973224,9.851000000009662,3.6040000000066357,13.455000000016298,2.8650000000052387,3.6040000000066357,3.6040000000066357,7,30,8.963999999992666,21.765000000006694,8.541000000004715,0.6101070950470545,0.6181943487255759,0.4219646411432673,0,0,False,False,False
2026-10-01T05:15:00-05:00,95687.388,95679.2,-8.188000000009197,4.778000000005704,10.56600000000617,15.344000000011874,2.400000000008731,8.002999999996973,8.002999999996973,8,30,8.963999999992666,21.765000000006694,8.541000000004715,0.9134315037947229,0.7049850677696832,0.937009717830764,0,0,False,False,False
2026-10-01T05:16:00-05:00,95676.478,95650.447,-26.031000000002678,8.747999999977765,37.50099999997474,46.2489999999525,5.345999999990454,26.507999999987078,26.507999999987078,7,30,8.453000000001339,20.189000000005763,8.027000000001863,3.0794984029336985,2.2908019218356186,3.3023545533799585,0,0,False,False,True
2026-10-01T05:17:00-05:00,95649.626,95628.711,-20.91500000000815,0,21.736000000004424,21.736000000004424,0.0,8.064999999987776,8.064999999987776,8,30,8.988999999994121,21.765000000006694,8.541000000004715,2.326732673269755,0.998667585573064,0.9442688209791973,0,0,False,False,True
2026-10-01T05:18:00-05:00,95627.705,95625.53,-2.1750000000029104,6.1859999999869615,9.366999999983818,15.55299999997078,5.248999999996158,4.869999999995343,5.248999999996158,7,30,8.988999999994121,22.26100000000588,8.547999999995227,0.24196239848752174,0.6986658281284162,0.6140617688347086,0,0,False,False,False
2026-10-01T05:19:00-05:00,95622.935,95622.107,-0.8279999999940628,4.041000000011991,7.464000000007218,11.505000000019209,3.0500000000029104,2.595000000001164,3.0500000000029104,8,30,8.453000000001339,22.26100000000588,8.057999999997264,0.09795338932851434,0.5168231436151193,0.37850583271332167,0,0,False,False,False
2026-10-01T05:20:00-05:00,95622.7,95617.627,-5.073000000003958,3.272999999986496,7.752999999996973,11.025999999983469,2.2780000000057044,3.18300000000454,3.18300000000454,8,30,8.453000000001339,21.24000000000524,8.033999999992375,0.6001419614341836,0.5191148775885476,0.3961911874542645,0,0,False,False,False
2026-10-01T05:21:00-05:00,95617.469,95620.113,2.644000000000233,12.111000000004424,9.625,21.736000000004424,11.592000000004191,3.084000000002561,11.592000000004191,7,30,7.702499999999418,20.189000000005763,7.780500000000757,0.34326517364497666,1.0766258853830413,1.4898785425105152,0,0,False,False,False
2026-10-01T05:22:00-05:00,95619.046,95624.073,5.027000000001863,6.717000000004191,2.756999999997788,9.474000000001979,2.9239999999990687,1.0669999999954598,2.9239999999990687,8,30,7.702499999999418,21.24000000000524,8.033999999992375,0.6526452450505995,0.44604519774009616,0.3639531989048847,0,0,False,False,False
2026-10-01T05:23:00-05:00,95623.908,95623.882,-0.02599999999802094,2.767999999996391,2.959000000002561,5.726999999998952,2.062999999994645,1.3439999999973224,2.062999999994645,7,30,7.2004999999990105,21.24000000000524,8.033999999992375,0.003610860356645304,0.2696327683614661,0.2567836694046058,0,0,False,False,False
2026-10-01T05:24:00-05:00,95623.023,95631.119,8.096000000005006,8.244999999995343,1.007999999987078,9.252999999982421,2.12599999998929,0.8589999999967404,2.12599999998929,8,30,6.326500000002852,20.189000000005763,7.780500000000757,1.279696514660769,0.45831888652136216,0.27324722061423856,0,0,False,False,False
2026-10-01T05:25:00-05:00,95629.296,95629.089,-0.20699999999487773,4.063999999998487,6.0939999999973224,10.157999999995809,2.577999999994063,4.270999999993364,4.270999999993364,7,30,7.2004999999990105,20.189000000005763,7.780500000000757,0.02874800361015293,0.5031452771307598,0.5489364436723795,0,0,False,False,False
2026-10-01T05:26:00-05:00,95629.78,95626.178,-3.6019999999989523,2.638999999995576,5.55000000000291,8.188999999998487,1.1649999999935972,4.756000000008498,4.756000000008498,8,30,6.326500000002852,17.593499999988126,7.282500000001164,0.5693511420212326,0.46545599227010054,0.6530724339179866,0,0,False,False,False
2026-10-01T05:27:00-05:00,95629.988,95635.949,5.960999999995693,11.944999999992433,2.1739999999990687,14.118999999991502,4.467000000004191,1.506999999997788,4.467000000004191,8,30,6.326500000002852,17.593499999988126,7.282500000001164,0.9422271398076354,0.8025122914713406,0.613388259526739,0,0,False,False,False
2026-10-01T05:28:00-05:00,95636.391,95643.044,6.652999999991152,10.150000000008731,3.055000000007567,13.205000000016298,8.819000000003143,1.993000000002212,8.819000000003143,7,30,6.572500000002037,17.593499999988126,7.184000000001106,1.0122480030413221,0.7505612868403223,1.2275890868599368,0,0,False,False,False
2026-10-01T05:29:00-05:00,95643.044,95641.982,-1.0619999999908032,1.1300000000192085,2.1920000000100117,3.3220000000292202,0.4200000000128057,1.496000000013737,1.496000000013737,8,30,6.918499999999767,15.448499999991327,7.780500000000757,0.15350148153369067,0.2150370586161171,0.1922755606983602,0,0,False,False,False
2026-10-01T05:30:00-05:00,95641.926,95629.955,-11.971000000005006,0,12.027000000001863,12.027000000001863,0.0,3.872000000003027,3.872000000003027,7,30,6.918499999999767,15.448499999991327,7.780500000000757,1.7302883573036654,0.7785221866206179,0.4976543923915751,0,0,False,False,False
2026-10-01T05:31:00-05:00,95629.511,95608.175,-21.335999999995693,10.864000000001397,32.64400000000023,43.50800000000163,5.177999999999884,22.84900000000198,22.84900000000198,8,30,6.918499999999767,14.927500000012515,7.184000000001106,3.083905470838536,2.9146206665526817,3.1805400890866458,0,0,False,False,True
2026-10-01T05:32:00-05:00,95607.853,95606.498,-1.3549999999959255,1.3029999999998836,2.9799999999959255,4.282999999995809,0.7269999999989523,2.657999999995809,2.657999999995809,7,30,6.918499999999767,14.927500000012515,7.184000000001106,0.19585170195793467,0.2869201138832503,0.36998886414189863,0,0,False,False,False
2026-10-01T05:33:00-05:00,95616.661,95618.124,1.463000000003376,14.462999999988824,2.8369999999995343,17.29999999998836,10.162999999985914,1.3480000000126893,10.162999999985914,8,30,6.918499999999767,14.324500000002445,6.3989999999976135,0.2114620221151153,1.207721037382485,1.5882169088904055,0,0,False,False,False
2026-10-01T05:34:00-05:00,95609.377,95608.198,-1.1789999999891734,5.196000000010827,15.122000000003027,20.318000000013853,2.9680000000080327,8.747000000003027,8.747000000003027,7,30,6.3069999999934225,14.324500000002445,6.3989999999976135,0.18693515141753653,1.41840901951275,1.3669323331780416,0,0,False,False,False
2026-10-01T05:35:00-05:00,95608.553,95620.264,11.710999999995693,12.186999999990803,0.12099999999918509,12.307999999989988,10.156000000002678,0.12099999999918509,10.156000000002678,8,30,5.7149999999965075,14.324500000002445,6.3989999999976135,2.049168853893762,0.8592271981561582,1.58712298796788,0,0,False,False,True
2026-10-01T05:36:00-05:00,95614.827,95609.111,-5.716000000000349,0.5850000000064028,11.737999999997555,12.323000000003958,0.5669999999954598,5.436999999990803,5.436999999990803,8,30,5.7149999999965075,14.128499999991618,6.3989999999976135,1.0001749781284064,0.8722086562629627,0.8496640100004424,0,0,False,False,False
2026-10-01T05:37:00-05:00,95608.089,95600.063,-8.026000000012573,0.5010000000038417,9.54900000001362,10.050000000017462,0.5010000000038417,6.522000000011758,6.522000000011758,7,30,5.592499999998836,13.7870000000039,5.769000000000233,1.4351363433194892,0.7289475592960484,1.1305252210108327,0,0,False,False,False
2026-10-01T05:38:00-05:00,95600.055,95595.18,-4.875,0.11499999999068677,4.997999999992317,5.112999999983003,0.07499999999708962,2.231999999989057,2.231999999989057,7,30,5.838499999998021,13.330000000016298,5.769000000000233,0.8349747366620969,0.38357089272143674,0.3868954758171203,0,0,False,False,False
2026-10-01T05:39:00-05:00,95595.348,95583.975,-11.372999999992317,0.1840000000083819,11.388999999995576,11.573000000003958,0.16800000000512227,6.576000000000931,6.576000000000931,8,30,5.592499999998836,12.764000000010128,5.493499999996857,2.033616450602536,0.9066906925724518,1.1970510603448974,0,0,False,False,True
2026-10-01T05:40:00-05:00,95583.797,95585.586,1.7889999999897555,7.0509999999922,5.440000000002328,12.490999999994528,3.763999999995576,4.148000000001048,4.148000000001048,7,30,5.592499999998836,12.315499999996973,5.493499999996857,0.31989271345375553,1.014250334943575,0.7550741785753019,0,0,False,False,False
2026-10-01T05:41:00-05:00,95584.952,95578.361,-6.591000000000349,0.0010000000038417056,7.225999999995111,7.226999999998952,0.0010000000038417056,2.868000000002212,2.868000000002212,8,30,5.592499999998836,12.406999999999243,5.342999999993481,1.1785426911044652,0.5824937535261863,0.536777091522686,0,0,False,False,False
2026-10-01T05:42:00-05:00,95578.546,95591.786,13.239999999990687,19.7329999999929,6.30800000000454,26.04099999999744,10.857999999992899,4.8399999999965075,10.857999999992899,8,30,5.592499999998836,12.315499999996973,5.002500000002328,2.3674564148401327,2.1144898704887205,2.170514742626256,0,0,False,False,True
2026-10-01T05:43:00-05:00,95590.217,95606.648,16.430999999996857,21.536999999996624,6.6749999999883585,28.211999999984982,11.005999999993946,5.105999999999767,11.005999999993946,7,30,5.592499999998836,12.315499999996973,5.002500000002328,2.9380420205633038,2.290771791644019,2.2000999500227536,0,0,False,False,True
2026-10-01T05:44:00-05:00,95604.611,95618.642,14.031000000002678,19.051999999996042,7.057999999989988,26.10999999998603,9.35000000000582,4.032999999995809,9.35000000000582,7,30,5.592499999998836,12.315499999996973,5.002500000002328,2.5088958426474024,2.1200925662776537,1.8690654672666605,0,0,False,False,True
2026-10-01T05:45:00-05:00,95618.928,95626.114,7.186000000001513,20.210999999995693,12.739000000001397,32.94999999999709,9.476999999998952,11.89100000000326,11.89100000000326,8,30,5.838499999998021,12.315499999996973,5.342999999993481,1.2307955810574547,2.675490235882034,2.22552872918169,0,0,False,False,True
2026-10-01T05:46:00-05:00,95625.334,95644.763,19.429000000003725,23.56700000001001,4.918000000005122,28.485000000015134,15.389999999999418,2.4180000000051223,15.389999999999418,7,30,5.838499999998021,12.315499999996973,5.342999999993481,3.3277382889458442,2.312938979336782,2.880404267268987,0,0,False,False,True
2026-10-01T05:47:00-05:00,95644.174,95596.008,-48.16599999999744,18.104000000006636,66.85900000001129,84.96300000001793,9.625,34.654999999998836,34.654999999998836,7,30,5.838499999998021,12.315499999996973,5.342999999993481,8.249721675090138,6.898867281071723,6.486056522560569,1,0,False,False,True
2026-10-01T05:48:00-05:00,95595.979,95583.918,-12.061000000001513,6.273000000001048,18.362999999997555,24.635999999998603,2.9400000000023283,16.894999999989523,16.894999999989523,8,30,5.838499999998021,12.315499999996973,5.342999999993481,2.0657703177195517,2.000405992448919,3.1620812277765555,0,0,False,False,True
2026-10-01T05:49:00-05:00,95577.623,95593.14,15.51699999999255,17.286999999996624,8.065000000002328,25.351999999998952,7.830999999991036,6.294999999998254,7.830999999991036,7,30,6.275999999998021,12.315499999996973,5.979500000001281,2.4724346717650483,2.058544111079955,1.3096412743522634,0,0,False,False,True
2026-10-01T05:50:00-05:00,95593.14,95602.361,9.221000000005006,16.385999999998603,7.164999999993597,23.5509999999922,13.509999999994761,5.044999999998254,13.509999999994761,8,30,6.621999999995751,12.406999999999243,6.549000000006345,1.3924796134114954,1.8982026275484514,2.0629103679923153,0,0,False,False,True
2026-10-01T05:51:00-05:00,95601.46,95596.009,-5.451000000000931,0,6.351999999998952,6.351999999998952,0.0,1.7660000000032596,1.7660000000032596,7,30,6.919499999996333,12.848000000005413,7.203499999995984,0.7877736830701381,0.4943960149436703,0.24515860345724222,0,0,False,False,False
2026-10-01T05:52:00-05:00,95593.575,95591.699,-1.8760000000038417,1.6129999999830034,5.922999999995227,7.53599999997823,0.6789999999891734,2.7859999999927823,2.7859999999927823,8,30,6.919499999996333,12.406999999999243,6.549000000006345,0.2711178553370671,0.6073990489222769,0.4254084593052501,0,0,False,False,False
2026-10-01T05:53:00-05:00,95590.254,95596.982,6.728000000002794,8.317999999999302,3.0349999999889405,11.352999999988242,7.562000000005355,1.444999999992433,7.562000000005355,7,30,6.919499999996333,12.406999999999243,6.549000000006345,0.9723245899279369,0.9150479567976896,1.1546801038323453,0,0,False,False,False
2026-10-01T05:54:00-05:00,95595.857,95574.2,-21.65700000000652,6.43399999999383,29.21600000000035,35.64999999999418,6.059999999997672,13.135000000009313,13.135000000009313,8,30,6.957000000002154,12.406999999999243,7.069000000003143,3.112979732643354,2.8733779318123926,1.8581128872546997,0,0,False,False,True
2026-10-01T05:55:00-05:00,95574.397,95510.457,-63.94000000000233,0.2620000000024447,64.00500000000466,64.2670000000071,0.19700000000011642,26.747000000003027,26.747000000003027,7,30,6.957000000002154,12.848000000005413,7.696499999998196,9.190743136406862,5.00210149439446,3.4752160072772424,1,0,False,False,True
2026-10-01T05:56:00-05:00,95517.538,95514.178,-3.360000000000582,8.201999999990221,4.480999999985215,12.682999999975436,7.081000000005588,3.164999999993597,7.081000000005588,8,30,7.606000000007043,13.6620000000039,8.288999999997031,0.44175650801965166,0.928341384861061,0.8542646881418897,0,0,False,False,False
2026-10-01T05:57:00-05:00,95516.226,95518.665,2.4389999999984866,9.346999999994296,4.860000000000582,14.206999999994878,5.447000000000116,4.860000000000582,5.447000000000116,7,30,7.606000000007043,13.6620000000039,8.288999999997031,0.3206678937675819,1.0398916703257812,0.6571359633251378,0,0,False,False,False
2026-10-01T05:58:00-05:00,95517.552,95475.628,-41.92399999999907,0,43.036999999996624,43.036999999996624,0.0,40.19999999999709,40.19999999999709,7,30,7.606000000007043,13.706000000005588,8.288999999997031,5.511964238753648,3.1400116737180124,4.849800941007539,0,0,False,False,True
2026-10-01T05:59:00-05:00,95446.373,95442.473,-3.900000000008731,1.1299999999901047,34.28499999998894,35.414999999979045,1.0859999999956926,29.254999999990105,29.254999999990105,8,30,8.62350000000879,15.753499999991618,8.288999999997031,0.4522525656641452,2.2480718570475062,3.529376281819349,0,0,False,False,True
2026-10-01T06:00:00-05:00,95442.175,95442.327,0.15200000000186265,4.986000000004424,5.131999999997788,10.118000000002212,2.7739999999903375,3.967000000004191,3.967000000004191,7,30,8.62350000000879,18.809000000001106,9.048500000004424,0.017626253841445786,0.5379339677814672,0.4384152069406257,0,0,False,False,False
2026-10-01T06:01:00-05:00,95441.159,95446.638,5.479000000006636,13.48300000000745,9.172000000005937,22.655000000013388,7.927999999999884,6.36699999999837,7.927999999999884,8,30,7.606000000007043,18.809000000001106,9.048500000004424,0.7203523534054118,1.2044765803611066,0.8761673205499263,0,0,False,False,False
2026-10-01T06:02:00-05:00,95446.582,95405.965,-40.61699999999837,8.239999999990687,48.913000000000466,57.15299999999115,4.7629999999917345,25.754999999990105,25.754999999990105,7,30,6.957000000002154,18.809000000001106,8.337500000001455,5.8382923673977,3.0385985432499223,3.089055472262142,0,0,False,False,True
2026-10-01T06:03:00-05:00,95407.865,95406.503,-1.3620000000082655,6.88300000000163,6.345000000001164,13.228000000002794,3.3179999999993015,5.644000000000233,5.644000000000233,8,30,7.606000000007043,21.48650000001362,9.048500000004424,0.1790691559304502,0.6156423800988717,0.6237497927830551,0,0,False,False,False
2026-10-01T06:04:00-05:00,95405.427,95402.27,-3.1569999999919673,0.22699999999895226,4.459999999991851,4.686999999990803,0.1379999999917345,2.9199999999982538,2.9199999999982538,7,30,7.606000000007043,21.48650000001362,8.337500000001455,0.4150670523256697,0.21813696972460997,0.3502248875559513,0,0,False,False,False
2026-10-01T06:05:00-05:00,95402.407,95405.086,2.6789999999891734,9.631999999997788,6.81600000000617,16.448000000003958,8.655999999988126,5.097999999998137,8.655999999988126,7,30,7.606000000007043,18.431000000004133,7.87949999999546,0.35222193005346997,0.8924095274266328,1.098546862109666,0,0,False,False,False
2026-10-01T06:06:00-05:00,95403.053,95403.538,0.4850000000005821,4.319000000003143,5.86699999999837,10.186000000001513,2.650999999998021,2.032999999995809,2.650999999998021,8,30,6.957000000002154,19.551500000008673,7.87949999999546,0.06971395716550696,0.5209830447790192,0.33644266768190223,0,0,False,False,False
2026-10-01T06:07:00-05:00,95403.538,95404.031,0.4930000000022119,5.380000000004657,4.887000000002445,10.267000000007101,3.8519999999989523,2.1079999999928987,3.8519999999989523,7,30,6.957000000002154,19.551500000008673,7.87949999999546,0.07086387810867605,0.5251259494157762,0.48886350656782435,0,0,False,False,False
2026-10-01T06:08:00-05:00,95403.705,95404.893,1.187999999994645,1.297999999995227,0.4360000000015134,1.7339999999967404,0.5890000000072177,0.3260000000009313,0.5890000000072177,7,30,6.659500000001572,19.551500000008673,7.87949999999546,0.1783917711531443,0.0886888474028065,0.07475093597405383,0,0,False,False,False
2026-10-01T06:09:00-05:00,95404.932,95396.947,-7.985000000000582,0.16800000000512227,8.114000000001397,8.28200000000652,0.1290000000008149,3.8410000000003492,3.8410000000003492,8,30,6.659500000001572,19.551500000008673,7.87949999999546,1.1990389668892105,0.4235992123367949,0.4874674789012707,0,0,False,False,False
2026-10-01T06:10:00-05:00,95396.875,95387.306,-9.569000000003143,0.7039999999979045,10.345000000001164,11.048999999999069,0.7039999999979045,5.669999999998254,5.669999999998254,7,30,6.659500000001572,19.551500000008673,7.87949999999546,1.4368946617615264,0.5651228805970983,0.719588806396538,0,0,False,False,False
2026-10-01T06:11:00-05:00,95386.936,95387.352,0.41599999999743886,1.238999999986845,1.1929999999847496,2.4319999999715947,0.5170000000071013,0.4289999999891734,0.5170000000071013,7,30,6.957000000002154,19.551500000008673,7.87949999999546,0.05979588903224236,0.12438943303432043,0.0656133003372548,0,0,False,False,False
2026-10-01T06:12:00-05:00,95388.429,95387.383,-1.0460000000020955,4.692000000010012,4.661000000007334,9.353000000017346,2.86699999999837,1.9100000000034925,2.86699999999837,8,30,6.957000000002154,19.551500000008673,7.87949999999546,0.15035216328902856,0.47837761808624385,0.3638555745922993,0,0,False,False,False
2026-10-01T06:13:00-05:00,95387.427,95395.514,8.086999999999534,8.291999999986729,0.16099999999278225,8.452999999979511,7.850999999995111,0.15899999999965075,7.850999999995111,7,30,6.103500000004715,15.327499999999418,7.696499999998196,1.3249774719412284,0.5514924155915728,1.0200740596371014,0,0,False,False,False
2026-10-01T06:14:00-05:00,95395.179,95392.352,-2.827000000004773,1.7530000000115251,4.915000000008149,6.668000000019674,1.2730000000010477,2.9549999999871943,2.9549999999871943,8,30,6.103500000004715,13.717499999998836,7.696499999998196,0.4631768657332005,0.486094404958647,0.3839407522884281,0,0,False,False,False
2026-10-01T06:15:00-05:00,95392.481,95391.915,-0.56600000000617,1.6389999999955762,2.0760000000009313,3.7149999999965075,0.8539999999920838,0.8570000000036089,0.8570000000036089,7,30,5.4650000000037835,12.955499999989115,7.3215000000054715,0.10356816102575996,0.2867508008181567,0.11705251656121948,0,0,False,False,False
2026-10-01T06:16:00-05:00,95391.915,95402.483,10.567999999999302,11.846999999994296,1.2789999999949941,13.12599999998929,6.721999999994296,1.0679999999993015,6.721999999994296,7,30,4.675500000004831,12.01799999998184,6.375500000001921,2.260293016787163,1.0921950407729344,1.0543486785338045,0,0,False,False,True
2026-10-01T06:17:00-05:00,95402.113,95397.08,-5.032999999995809,0.027999999991152436,5.430999999982305,5.458999999973457,0.027999999991152436,2.6499999999941792,2.6499999999941792,8,30,4.675500000004831,12.01799999998184,6.195999999996275,1.0764624104353777,0.4542353136946003,0.4276952872814352,0,0,False,False,False
2026-10-01T06:18:00-05:00,95398.126,95401.254,3.127999999996973,4.222000000008848,0.04800000000977889,4.2700000000186265,1.0460000000020955,0.04800000000977889,1.0460000000020955,7,30,4.46650000000227,11.200999999993655,5.656999999999243,0.7003246389780328,0.3812159628623378,0.18490365918370785,0,0,False,False,False
2026-10-01T06:19:00-05:00,95395.695,95399.896,4.200999999986379,7.467999999993481,8.826000000000931,16.293999999994412,6.170000000012806,5.55899999999383,6.170000000012806,7,30,3.6300000000046566,10.658000000003085,5.545500000000175,1.1573002754768569,1.5288046537802304,1.112613831036446,0,0,False,False,False
2026-10-01T06:20:00-05:00,95399.83,95403.293,3.463000000003376,7.42500000000291,4.027999999991152,11.452999999994063,6.472999999998137,1.510999999998603,6.472999999998137,8,30,3.6300000000046566,10.658000000003085,5.545500000000175,0.953994490357833,1.0745918558820367,1.1672527274362876,0,0,False,False,False
2026-10-01T06:21:00-05:00,95402.949,95410.158,7.209000000002561,7.209000000002561,0.34400000001187436,7.5530000000144355,2.7820000000065193,0.34400000001187436,2.7820000000065193,7,30,3.411500000001979,10.658000000003085,5.545500000000175,2.1131467096580328,0.708669544005653,0.5016680191157572,0,0,False,False,True
2026-10-01T06:22:00-05:00,95409.94,95398.212,-11.728000000002794,1.5579999999899883,13.503999999986263,15.061999999976251,1.5579999999899883,8.385999999998603,8.385999999998603,7,30,3.411500000001979,10.658000000003085,5.545500000000175,3.4377839659961866,1.4132107337185111,1.5122171129741844,0,0,False,False,True
2026-10-01T06:23:00-05:00,95400.023,95408.866,8.84299999999348,13.354999999995925,2.7010000000009313,16.055999999996857,11.247000000003027,2.4199999999982538,11.247000000003027,7,30,3.6815000000060536,11.200999999993655,5.656999999999243,2.402010050245536,1.4334434425503038,1.9881562665731891,0,0,False,False,True
2026-10-01T06:24:00-05:00,95408.837,95404.851,-3.986000000004424,0.4989999999961583,4.513999999995576,5.0129999999917345,0.4989999999961583,1.504000000000815,1.504000000000815,8,30,3.6815000000060536,11.250999999996566,5.656999999999243,1.0827108515544939,0.4455603946309897,0.2658652996289581,0,0,False,False,False
2026-10-01T06:25:00-05:00,95402.03,95394.415,-7.615000000005239,0.2639999999955762,10.69999999999709,10.963999999992666,0.2639999999955762,5.370999999999185,5.370999999999185,7,30,3.6815000000060536,10.658000000003085,5.545500000000175,2.0684503599056683,1.0287108275463963,0.9685330448109306,0,0,False,False,True
2026-10-01T06:26:00-05:00,95394.303,95389.821,-4.482000000003609,1.4029999999911524,5.996999999988475,7.399999999979627,0.8549999999959255,4.315000000002328,4.315000000002328,7,30,3.6815000000060536,10.615499999999884,5.408999999999651,1.2174385440706883,0.6970938721661446,0.7977444999080434,0,0,False,False,False
2026-10-01T06:27:00-05:00,95390.505,95391.046,0.5409999999974389,6.974000000016531,5.74900000001071,12.723000000027241,6.260999999998603,4.5740000000078,6.260999999998603,7,30,3.9430000000065775,10.226500000004307,4.843000000000757,0.13720517372471125,1.2441206668969718,1.292793722898539,0,0,False,False,False
2026-10-01T06:28:00-05:00,95391.461,95387.947,-3.513999999995576,1.1749999999883585,4.2739999999903375,5.448999999978696,0.5249999999941792,2.019000000000233,2.019000000000233,7,30,3.9430000000065775,10.226500000004307,4.843000000000757,0.8911995942149923,0.532831369478942,0.41689035721658424,0,0,False,False,False
2026-10-01T06:29:00-05:00,95388.135,95486.773,98.63800000000629,99.57699999999022,0.7509999999892898,100.32799999997951,94.51999999998952,0.7509999999892898,94.51999999998952,7,30,3.7070000000021537,10.152000000001863,4.14100000000326,26.60857836524116,9.882584712368114,22.825404491648182,3,2,True,True,True
2026-10-01T06:30:00-05:00,95486.904,95477.969,-8.934999999997672,0.981999999989057,9.785999999992782,10.76799999998184,0.8509999999951106,4.2960000000020955,4.2960000000020955,7,30,3.75,10.152000000001863,4.14100000000326,2.382666666666046,1.0606776989735878,1.0374305723252146,0,0,False,False,True
2026-10-01T06:31:00-05:00,95477.88,95466.316,-11.563999999998487,3.683999999979278,15.33699999997043,19.02099999994971,2.394000000000233,13.870999999999185,13.870999999999185,8,30,4.093499999995402,10.226500000004307,4.305500000002212,2.8249664101652563,1.8599716422961616,3.2216931831360025,0,0,False,False,True
2026-10-01T06:32:00-05:00,95466.083,95472.023,5.940000000002328,8.204000000012456,2.4970000000175787,10.701000000030035,4.486000000004424,2.264000000010128,4.486000000004424,7,30,4.093499999995402,10.226500000004307,4.305500000002212,1.451080982046904,1.0463990612649028,1.0419231215891578,0,0,False,False,False
2026-10-01T06:33:00-05:00,95466.732,95460.407,-6.32499999999709,0.1260000000038417,11.74199999999837,11.868000000002212,0.07600000000093132,5.290999999997439,5.290999999997439,7,30,4.093499999995402,10.226500000004307,4.305500000002212,1.545132527178257,1.1605143499728365,1.2288932760410454,0,0,False,False,False
2026-10-01T06:34:00-05:00,95460.45,95461.707,1.256999999997788,1.5889999999926658,0.28900000000430737,1.8779999999969732,0.966999999989639,0.20000000001164153,0.966999999989639,7,30,4.341499999994994,10.226500000004307,4.305500000002212,0.289531267994757,0.18364054172944627,0.22459644640323825,0,0,False,False,False
2026-10-01T06:35:00-05:00,95461.707,95456.702,-5.004999999990105,0.40899999999965075,5.4139999999897555,5.822999999989406,0.2590000000054715,2.006999999997788,2.006999999997788,7,30,4.341499999994994,10.226500000004307,4.305500000002212,1.1528273638134,0.5694030215603534,0.46614795029537964,0,0,False,False,False
2026-10-01T06:36:00-05:00,95456.205,95453.741,-2.4640000000072177,0.6509999999980209,3.6120000000082655,4.263000000006286,0.6509999999980209,1.4349999999976717,1.4349999999976717,8,30,4.743499999996857,9.76950000000943,4.074000000000524,0.5194476652279647,0.43635805312474246,0.3522336769753282,0,0,False,False,False
2026-10-01T06:37:00-05:00,95454.299,95463.758,9.459000000002561,17.129999999990105,7.112999999983003,24.242999999973108,10.195999999996275,3.5979999999981374,10.195999999996275,7,30,4.743499999996857,8.902999999998428,4.074000000000524,1.994097185624292,2.7230147141387606,2.5027000490905653,0,0,False,False,True
2026-10-01T06:38:00-05:00,95462.231,95457.768,-4.463000000003376,7.18300000000454,13.173000000009779,20.35600000001432,6.885000000009313,10.312999999994645,10.312999999994645,7,30,5.018999999992957,8.902999999998428,4.305500000002212,0.8892209603525879,2.2864203077634406,2.395308326556578,0,0,False,False,True
2026-10-01T06:39:00-05:00,95457.442,95419.629,-37.812999999994645,0,38.138999999995576,38.138999999995576,0.0,32.037000000011176,32.037000000011176,7,30,5.018999999992957,10.02700000002369,4.400500000003376,7.533970910549454,3.803630198454719,7.280309055786069,0,0,False,False,True
2026-10-01T06:40:00-05:00,95418.293,95411.227,-7.06600000000617,0.42299999999522697,8.82499999999709,9.247999999992317,0.42299999999522697,4.226999999998952,4.226999999998952,7,30,5.018999999992957,10.734500000005937,4.888500000000931,1.4078501693596506,0.8615212632155388,0.8646824179192282,0,0,False,False,False
2026-10-01T06:41:00-05:00,95411.335,95397.582,-13.753000000011525,4.139999999999418,17.785000000003492,21.92500000000291,2.9829999999928987,14.484000000011292,14.484000000011292,7,30,5.018999999992957,10.02700000002369,4.400500000003376,2.740187288310585,2.1865961902813513,3.291444154073442,0,0,False,False,True
2026-10-01T06:42:00-05:00,95398.315,95403.513,5.198000000003958,11.324000000022352,5.393000000010943,16.717000000033295,6.848000000012689,4.9320000000006985,6.848000000012689,7,30,5.486499999999069,10.734500000005937,4.888500000000931,0.9474163856748091,1.5573151986607712,1.4008387030809828,0,0,False,False,False
2026-10-01T06:43:00-05:00,95403.624,95405.997,2.3730000000068685,5.668000000005122,3.184000000008382,8.852000000013504,3.110000000000582,2.2110000000102445,3.110000000000582,7,30,5.569000000003143,10.865999999987253,5.330999999998312,0.42610881666466677,0.8146512055976338,0.5833802288504158,0,0,False,False,False
2026-10-01T06:44:00-05:00,95405.696,95344.707,-60.9890000000014,0.4619999999849824,61.75199999999313,62.213999999978114,0.22799999998824205,30.226999999998952,30.226999999998952,8,30,5.115499999999884,10.865999999987253,4.888500000000931,11.922392727984123,5.725565985647994,6.183287306943479,1,0,False,False,True
2026-10-01T06:45:00-05:00,95344.41,95343.583,-0.827000000004773,2.860999999989872,3.98499999998603,6.845999999975902,2.360000000000582,1.9739999999874271,2.360000000000582,7,30,5.569000000003143,11.208499999993364,5.330999999998312,0.14850062847985387,0.6107864567051751,0.44269367848458624,0,0,False,False,False
2026-10-01T06:46:00-05:00,95343.716,95348.171,4.455000000001746,5.7149999999965075,1.1269999999931315,6.841999999989639,2.7189999999973224,0.9409999999916181,2.7189999999973224,7,30,5.569000000003143,11.208499999993364,5.330999999998312,0.7999640869095407,0.6104295846896275,0.5100356405924186,0,0,False,False,False
2026-10-01T06:47:00-05:00,95348.633,95323.077,-25.555999999996857,4.729000000006636,29.823000000003958,34.552000000010594,2.448000000003958,24.59100000000035,24.59100000000035,7,30,5.115499999999884,10.865999999987253,4.888500000000931,4.995797087283245,3.1798269832552117,5.030377416384507,0,0,False,False,True
2026-10-01T06:48:00-05:00,95316.599,95329.348,12.748999999996158,15.06600000000617,8.795000000012806,23.861000000018976,9.251000000003842,6.478000000002794,9.251000000003842,7,30,5.569000000003143,11.208499999993364,5.330999999998312,2.2892799425370733,2.128830798058001,1.7353217032464399,0,0,False,False,True
2026-10-01T06:49:00-05:00,95329.965,95339.268,9.302999999999884,13.40700000000652,3.4870000000082655,16.894000000014785,5.161000000007334,3.4870000000082655,5.161000000007334,7,30,6.132499999999709,11.660499999998137,5.770500000005995,1.5169995923359683,1.4488229492746867,0.8943765704881678,0,0,False,False,False
2026-10-01T06:50:00-05:00,95338.673,95335.51,-3.1630000000004657,6.226999999998952,9.985000000000582,16.211999999999534,3.5760000000009313,4.043999999994412,4.043999999994412,7,30,6.69550000000163,11.660499999998137,5.330999999998312,0.4724068404151588,1.3903348912998692,0.7585818795715049,0,0,False,False,False
2026-10-01T06:51:00-05:00,95335.106,95332.249,-2.857000000003609,2.8699999999953434,6.130999999993946,9.00099999998929,2.3000000000029104,5.142000000007101,5.142000000007101,7,30,6.69550000000163,12.295500000014727,5.2260000000023865,0.4267045030248545,0.7320564434125094,0.9839265212408635,0,0,False,False,False
2026-10-01T06:52:00-05:00,95334.041,95335.794,1.7529999999969732,9.319000000003143,5.774000000004889,15.093000000008033,6.577000000004773,3.3870000000024447,6.577000000004773,8,30,6.132499999999709,12.295500000014727,5.2260000000023865,0.2858540562571637,1.2275222642421988,1.2585151167244106,0,0,False,False,False
2026-10-01T06:53:00-05:00,95335.865,95331.033,-4.83200000000943,2.6779999999998836,7.438999999998487,10.11699999999837,2.485999999989872,5.639999999999418,5.639999999999418,7,30,5.569000000003143,12.295500000014727,5.2260000000023865,0.8676602621667628,0.8228213574060634,1.0792192881739078,0,0,False,False,False
2026-10-01T06:54:00-05:00,95331.191,95335.263,4.072000000000116,6.388000000006286,2.157999999995809,8.546000000002095,3.6569999999919673,1.4329999999899883,3.6569999999919673,7,30,5.101499999997031,11.415999999997439,5.2260000000023865,0.7981966088410244,0.748598458304486,0.6997703788729999,0,0,False,False,False
2026-10-01T06:55:00-05:00,95335.313,95347.425,12.112000000008265,14.432000000000698,2.2700000000040745,16.702000000004773,10.961999999999534,1.4020000000018626,10.961999999999534,7,30,5.101499999997031,11.415999999997439,5.2260000000023865,2.374203665591554,1.463034337772295,2.097588978184946,0,0,False,False,True
2026-10-01T06:56:00-05:00,95347.153,95341.986,-5.167000000001281,2.002999999996973,7.44199999999546,9.444999999992433,2.002999999996973,4.065999999991618,4.065999999991618,7,30,5.101499999997031,12.295500000014727,5.2260000000023865,1.0128393609731035,0.7681672156464658,0.7780329123593114,0,0,False,False,False
2026-10-01T06:57:00-05:00,95341.177,95338.599,-2.577999999994063,3.7930000000051223,7.180000000007567,10.97300000001269,2.4400000000023283,2.426000000006752,2.4400000000023283,7,30,5.182500000002619,12.295500000014727,5.2260000000023865,0.49744331886015625,0.8924403236956241,0.4668962877920425,0,0,False,False,False
2026-10-01T06:58:00-05:00,95337.912,95332.79,-5.122000000003027,1.0899999999965075,6.899000000004889,7.989000000001397,1.0859999999956926,3.9750000000058208,3.9750000000058208,7,30,5.182500000002619,11.42050000000745,5.151500000007218,0.9883260974434034,0.699531544152724,0.771619916529215,0,0,False,False,False
2026-10-01T06:59:00-05:00,95332.583,95337.667,5.084000000002561,6.351999999998952,1.4749999999912689,7.826999999990221,3.3910000000032596,0.8960000000079162,3.3910000000032596,8,30,5.182500000002619,11.42050000000745,5.151500000007218,0.9809937288953192,0.6853465259826728,0.6582548772199376,0,0,False,False,False
2026-10-01T07:00:00-05:00,95337.671,95328.047,-9.623999999996158,7.202000000004773,16.822000000000116,24.02400000000489,3.2299999999959255,15.017000000007101,15.017000000007101,7,30,5.144500000002154,10.870499999997264,4.814000000005763,1.8707357371935327,2.2100179384582987,3.1194432904007323,0,0,False,False,True
2026-10-01T07:01:00-05:00,95327.526,95328.955,1.4290000000037253,3.7989999999990687,2.8910000000032596,6.690000000002328,3.3699999999953434,2.0120000000024447,3.3699999999953434,7,30,5.144500000002154,11.42050000000745,5.151500000007218,0.2777723782686611,0.5857887132785748,0.6541783946405166,0,0,False,False,False
2026-10-01T07:02:00-05:00,95329.221,95333.534,4.312999999994645,5.302999999999884,0.7240000000019791,6.027000000001863,4.620999999999185,0.4790000000066357,4.620999999999185,7,30,5.103000000002794,10.837000000021362,4.814000000005763,0.8451891044468516,0.5561502260764033,0.9599085999155906,0,0,False,False,False
2026-10-01T07:03:00-05:00,95333.285,95336.319,3.0339999999996508,5.412000000011176,2.6270000000076834,8.03900000001886,5.3289999999979045,1.8400000000110595,5.3289999999979045,7,30,5.044499999996333,10.54500000000553,4.881500000003143,0.6014471206267928,0.7623518255111089,1.0916726416049316,0,0,False,False,False
2026-10-01T07:04:00-05:00,95333.364,95339.261,5.896999999997206,11.43300000000454,8.49100000000908,19.92400000001362,11.209000000002561,3.261999999987893,11.209000000002561,7,30,4.918499999999767,9.780999999995402,4.881500000003143,1.1989427671032804,2.037010530622941,2.296220424049031,0,0,False,False,True
2026-10-01T07:05:00-05:00,95340.679,95338.793,-1.885999999998603,7.003000000011525,7.471000000005006,14.474000000016531,2.9329999999899883,5.495000000009895,5.495000000009895,7,30,5.044499999996333,10.54500000000553,5.151500000007218,0.37387253444344815,1.3725936462787047,1.066679607881626,0,0,False,False,False
2026-10-01T07:06:00-05:00,95336.026,95344.504,8.478000000002794,9.334999999991851,3.6239999999961583,12.95899999998801,5.702999999994063,2.7670000000071013,5.702999999994063,6,30,4.958000000005995,12.72350000001461,5.245000000002619,1.7099636950368178,1.0185090580400935,1.0873212583396024,0,0,False,False,False
2026-10-01T07:07:00-05:00,95344.023,95337.403,-6.619999999995343,0,7.100999999995111,7.100999999995111,0.0,1.8439999999973224,1.8439999999973224,7,30,5.103000000002794,13.71650000000227,5.4120000000039,1.2972761120893042,0.517697663397655,0.34072431633333217,0,0,False,False,False
2026-10-01T07:08:00-05:00,95336.506,95351.196,14.690000000002328,16.164999999993597,2.372000000003027,18.536999999996624,16.164999999993597,0.897000000011758,16.164999999993597,7,30,5.103000000002794,11.96600000000035,5.245000000002619,2.878698804623611,1.549139227811807,3.0819828407980028,0,0,False,False,True
2026-10-01T07:09:00-05:00,95365.216,95358.055,-7.161000000007334,14.020000000004075,7.161000000007334,21.18100000001141,14.020000000004075,2.8589999999967404,14.020000000004075,7,30,5.144500000002154,11.96600000000035,5.245000000002619,1.391972008942431,1.7700986127369873,2.673021925642912,0,0,False,False,True
2026-10-01T07:10:00-05:00,95358.19,95361.323,3.13300000000163,3.305000000022119,0.03700000001117587,3.342000000033295,1.7580000000016298,0.03400000001420267,1.7580000000016298,7,30,5.144500000002154,11.96600000000035,5.245000000002619,0.6089999028088868,0.2792913254248034,0.33517635843674964,0,0,False,False,False
2026-10-01T07:11:00-05:00,95361.348,95387.733,26.38499999999476,29.403999999980442,2.9939999999915017,32.397999999971944,23.84900000000198,2.36699999999837,23.84900000000198,7,30,5.103000000002794,11.96600000000035,5.245000000002619,5.170487948261869,2.7075045963539193,4.546997140131567,0,0,False,False,True
2026-10-01T07:12:00-05:00,95384.017,95378.148,-5.869000000006054,0.029999999998835847,9.614999999990687,9.644999999989523,0.029999999998835847,3.7159999999857973,3.7159999999857973,6,30,5.103000000002794,11.96600000000035,5.245000000002619,1.150107779737966,0.8060337623256929,0.7084842707309708,0,0,False,False,False
2026-10-01T07:13:00-05:00,95377.749,95378.432,0.6830000000045402,8.06600000000617,7.782000000006519,15.84800000001269,7.252000000007683,7.338000000003376,7.338000000003376,7,30,5.103000000002794,10.54500000000553,5.151500000007218,0.13384283754735768,1.502892366050676,1.4244394836441998,0,0,False,False,False
2026-10-01T07:14:00-05:00,95384.396,95378.126,-6.269999999989523,6.267999999996391,6.573999999993248,12.841999999989639,5.963999999992666,3.6489999999903375,5.963999999992666,7,30,5.103000000002794,11.96600000000035,5.245000000002619,1.2286890064640583,1.0732074210253437,1.137082936127681,0,0,False,False,False
2026-10-01T07:15:00-05:00,95377.888,95399.413,21.52499999999418,21.994999999995343,0.7079999999987194,22.702999999994063,19.18499999999767,0.40799999999580905,19.18499999999767,7,30,5.103000000002794,11.907500000001164,5.245000000002619,4.218106995881324,1.906613478899168,3.6577693040968713,0,0,False,False,True
2026-10-01T07:16:00-05:00,95399.583,95390.67,-8.913000000000466,0.16999999999825377,8.913000000000466,9.08299999999872,0.16999999999825377,5.940999999991618,5.940999999991618,7,30,5.144500000002154,12.900499999988824,5.4120000000039,1.7325298862856904,0.704081237161861,1.0977457501824348,0,0,False,False,False
2026-10-01T07:17:00-05:00,95390.275,95402.957,12.682000000000698,29.720000000001164,17.43300000000454,47.153000000005704,14.278999999994994,15.490999999994528,15.490999999994528,7,30,5.518000000003667,12.900499999988824,5.567500000004657,2.2982964842320173,3.655129646141355,2.7823978446307267,0,0,False,False,True
2026-10-01T07:18:00-05:00,95399.494,95415.064,15.569999999992433,15.827999999994063,3.720999999990454,19.548999999984517,14.231999999989057,3.462999999988824,14.231999999989057,6,30,5.518000000003667,12.900499999988824,5.567500000004657,2.8216745197502875,1.5153676214101355,2.556264032326386,0,0,False,False,True
2026-10-01T07:19:00-05:00,95415.195,95408.563,-6.63200000001234,0.3929999999963911,6.894000000000233,7.286999999996624,0.2619999999878928,2.7730000000010477,2.7730000000010477,7,30,5.518000000003667,12.900499999988824,5.567500000004657,1.201884740849571,0.5648618270611943,0.4980691513244236,0,0,False,False,False
2026-10-01T07:20:00-05:00,95408.379,95397.271,-11.10800000000745,0.2450000000098953,11.537000000011176,11.782000000021071,0.2450000000098953,8.578999999997905,8.578999999997905,7,30,5.518000000003667,11.907500000001164,5.567500000004657,2.013048205871705,0.9894604241041293,1.5409070498411728,0,0,False,False,True
2026-10-01T07:21:00-05:00,95396.287,95394.901,-1.385999999998603,0.46600000000034925,2.8359999999956926,3.301999999996042,0.40499999999883585,0.9839999999967404,0.9839999999967404,7,30,5.88300000000163,11.37750000001688,5.67149999999674,0.2355940846503857,0.290221929245541,0.1734990743184882,0,0,False,False,False
2026-10-01T07:22:00-05:00,95395.342,95397.172,1.8300000000017462,5.052000000010594,2.7810000000026776,7.833000000013271,3.7189999999973224,1.6530000000057044,3.7189999999973224,7,30,5.88300000000163,11.37750000001688,5.67149999999674,0.3110657827641066,0.6884640738300725,0.6557348144228969,0,0,False,False,False
2026-10-01T07:23:00-05:00,95397.653,95397.0,-0.6530000000057044,3.4060000000026776,3.5780000000086147,6.984000000011292,2.269000000000233,2.3260000000009313,2.3260000000009313,7,30,5.88300000000163,10.54500000000553,5.567500000004657,0.11099779024401214,0.6623044096735543,0.417781769196046,0,0,False,False,False
2026-10-01T07:24:00-05:00,95396.872,95410.48,13.607999999992899,13.953999999997905,0.47400000000197906,14.427999999999884,10.819999999992433,0.25,10.819999999992433,6,30,5.88300000000163,10.309000000001106,5.4120000000039,2.3131055583867295,1.3995537879521134,1.9992609016970873,0,0,False,False,True
2026-10-01T07:25:00-05:00,95409.59,95411.121,1.5310000000026776,2.9640000000072177,2.323000000003958,5.287000000011176,1.9769999999989523,1.1190000000060536,1.9769999999989523,7,30,6.083499999993364,11.37750000001688,5.599000000001979,0.2516643379640581,0.4646890793235185,0.3530987676367661,0,0,False,False,False
2026-10-01T07:26:00-05:00,95411.7,95417.458,5.75800000000163,12.900999999998021,6.563999999998487,19.464999999996508,5.7299999999959255,3.679999999993015,5.7299999999959255,7,30,5.88300000000163,10.309000000001106,5.4120000000039,0.9787523372429092,1.8881559802109245,1.05875831485436,0,0,False,False,False
2026-10-01T07:27:00-05:00,95412.148,95413.54,1.3919999999925494,3.8139999999839347,7.731999999989057,11.545999999972992,2.212999999988824,5.309999999997672,5.309999999997672,7,30,5.88300000000163,11.37750000001688,5.599000000001979,0.23661397246169705,1.0148099318792232,0.9483836399349518,0,0,False,False,False
2026-10-01T07:28:00-05:00,95413.644,95413.472,-0.17200000000593718,3.2700000000040745,3.338000000003376,6.608000000007451,3.165999999997439,1.5829999999987194,3.165999999997439,6,30,5.88300000000163,11.663999999997031,5.599000000001979,0.029236783954766195,0.5665294924562013,0.5654581175203286,0,0,False,False,False
2026-10-01T07:29:00-05:00,95413.65,95403.874,-9.775999999998021,0.180000000007567,9.778000000005704,9.958000000013271,0.17799999999988358,5.846000000005006,5.846000000005006,7,30,5.88300000000163,11.663999999997031,5.599000000001979,1.6617372089062235,0.8537379972578709,1.044115020539907,0,0,False,False,False
2026-10-01T07:30:00-05:00,95403.731,95398.937,-4.793999999994412,0.48099999999976717,5.41799999999057,5.8989999999903375,0.26900000000023283,4.43399999999383,4.43399999999383,6,30,6.083499999993364,11.663999999997031,5.716499999994994,0.7880332045696788,0.5057441700953222,0.7756494358432104,0,0,False,False,False
2026-10-01T07:31:00-05:00,95398.976,95395.522,-3.4539999999979045,3.9089999999996508,7.3240000000078,11.23300000000745,3.8470000000088476,2.974000000001979,3.8470000000088476,7,30,5.88300000000163,10.751999999993131,5.599000000001979,0.5871154173035777,1.0447358630965984,0.687086979819162,0,0,False,False,False
2026-10-01T07:32:00-05:00,95393.209,95376.691,-16.51799999999639,0.1260000000038417,18.956999999994878,19.08299999999872,0.11699999999837019,12.596999999994296,12.596999999994296,7,30,5.88300000000163,11.389499999990221,5.599000000001979,2.8077511473723975,1.6754905834334346,2.2498660475066696,0,0,False,False,True
2026-10-01T07:33:00-05:00,95375.969,95394.185,18.21600000000035,27.154000000009546,9.660000000018044,36.81400000002759,15.054000000003725,8.372000000003027,15.054000000003725,6,30,6.083499999993364,11.663999999997031,5.716499999994994,2.994328922498598,3.1562071330621535,2.633429546053863,0,0,False,False,True
2026-10-01T07:34:00-05:00,95393.25,95402.534,9.28399999999965,10.596999999994296,2.2479999999923166,12.844999999986612,6.585999999995693,1.1199999999953434,6.585999999995693,7,30,6.444999999992433,12.312000000005355,5.788000000000466,1.4404965089232817,1.0432910981141184,1.1378714581885216,0,0,False,False,False
2026-10-01T07:35:00-05:00,95403.104,95411.454,8.349999999991269,9.626999999993131,0.7069999999948777,10.33399999998801,8.636999999987893,0.7069999999948777,8.636999999987893,7,30,6.626000000003842,12.312000000005355,5.788000000000466,1.2601871415614891,0.8393437296932679,1.4922252937089147,0,0,False,False,False
2026-10-01T07:36:00-05:00,95411.364,95403.54,-7.8240000000078,0.27700000000186265,8.19100000000617,8.468000000008033,0.27700000000186265,4.713000000003376,4.713000000003376,6,30,6.896500000009837,11.663999999997031,5.893499999998312,1.1344885086633278,0.7259945130324235,0.7996945787740266,0,0,False,False,False
2026-10-01T07:37:00-05:00,95405.591,95407.343,1.7519999999931315,4.503000000011525,0.7000000000116415,5.203000000023167,2.051000000006752,0.7000000000116415,2.051000000006752,7,30,6.896500000009837,11.389499999990221,5.893499999998312,0.2540419053129315,0.45682426796853537,0.3480105200657232,0,0,False,False,False
2026-10-01T07:38:00-05:00,95406.975,95403.172,-3.8029999999998836,0.602999999988242,4.773999999975786,5.376999999964028,0.23699999999371357,4.305999999996857,4.305999999996857,7,30,6.896500000009837,11.389499999990221,5.893499999998312,0.551439135792715,0.47210149699009124,0.7306354458298278,0,0,False,False,False
2026-10-01T07:39:00-05:00,95402.829,95402.878,0.04899999999906868,1.1489999999903375,1.4429999999993015,2.591999999989639,0.9519999999902211,0.6339999999909196,0.9519999999902211,7,30,6.451000000000931,10.78349999999773,5.788000000000466,0.007595721593405922,0.24036722770808966,0.1644782308206884,0,0,False,False,False
2026-10-01T07:40:00-05:00,95379.413,95381.339,1.926000000006752,2.779000000009546,24.3179999999993,27.097000000008848,1.6640000000043074,23.464999999996508,23.464999999996508,6,30,6.069499999997788,10.14600000000064,5.519999999996799,0.3173243265520148,2.6707076680472244,4.2509057971032815,0,0,False,False,True
2026-10-01T07:41:00-05:00,95382.118,95439.806,57.687999999994645,72.42599999997765,13.95899999998801,86.38499999996566,70.74299999998766,13.296999999991385,70.74299999998766,7,30,6.069499999997788,10.78349999999773,5.788000000000466,9.504572040533104,8.01084990958259,12.222356599858667,3,0,True,False,True
2026-10-01T07:42:00-05:00,95440.145,95453.635,13.489999999990687,14.820000000006985,0.9910000000090804,15.811000000016065,11.630999999993946,0.9159999999974389,11.630999999993946,7,30,6.069499999997788,10.78349999999773,5.788000000000466,2.2225883515933114,1.4662215421727078,2.0095024187963046,0,0,False,False,True
2026-10-01T07:43:00-05:00,95451.894,95449.978,-1.9159999999974389,1.4269999999960419,5.083999999988009,6.510999999984051,1.0570000000006985,3.2219999999942956,3.2219999999942956,6,30,6.451000000000931,11.389499999990221,5.893499999998312,0.29700821578005926,0.5716668861661742,0.5467039959269057,0,0,False,False,False
2026-10-01T07:44:00-05:00,95450.105,95440.08,-10.02499999999418,0.8319999999948777,10.729999999995925,11.561999999990803,0.7050000000017462,5.8620000000082655,5.8620000000082655,7,30,6.451000000000931,10.78349999999773,5.788000000000466,1.5540226321489277,1.0721936291550274,1.0127850725652718,0,0,False,False,False
2026-10-01T07:45:00-05:00,95441.642,95435.367,-6.275000000008731,1.8260000000154832,6.539000000018859,8.365000000034343,1.562000000005355,3.2330000000074506,3.2330000000074506,7,30,7.22800000001007,10.78349999999773,5.788000000000466,0.8681516325401202,0.7757221681305795,0.5585694540440895,0,0,False,False,False
2026-10-01T07:46:00-05:00,95435.25,95438.895,3.6450000000040745,3.6450000000040745,0.11699999999837019,3.7620000000024447,1.3410000000003492,0.11699999999837019,1.3410000000003492,7,30,6.453500000010536,10.14600000000064,5.519999999996799,0.5648097931352172,0.37078651685415015,0.2429347826088998,0,0,False,False,False
2026-10-01T07:47:00-05:00,95439.8,95443.936,4.135999999998603,10.369000000006054,5.328000000008615,15.697000000014668,8.304999999993015,5.328000000008615,8.304999999993015,6,30,6.0165000000051805,10.14600000000064,5.011500000000524,0.6874428654525125,1.5471121624298914,1.6571884665254208,0,0,False,False,False
2026-10-01T07:48:00-05:00,95445.244,95482.789,37.544999999998254,42.62200000000303,3.769000000000233,46.39100000000326,26.860000000000582,2.077000000004773,26.860000000000582,7,30,5.275999999998021,10.14600000000064,5.011500000000524,7.116186504930314,4.572343780800348,5.359672752668417,0,0,False,False,True
2026-10-01T07:49:00-05:00,95483.639,95488.093,4.4539999999979045,13.194000000003143,7.89000000001397,21.084000000017113,5.732999999992899,6.3840000000054715,6.3840000000054715,7,30,5.275999999998021,10.14600000000064,5.011500000000524,0.8442001516299422,2.0780603193392255,1.2738700987737812,0,0,False,False,True
2026-10-01T07:50:00-05:00,95488.091,95523.831,35.74000000000524,43.44400000000314,7.705999999991036,51.14999999999418,28.269000000000233,7.7039999999979045,28.269000000000233,7,30,4.623999999996158,10.78349999999773,5.519999999996799,7.7292387543328145,4.743357907915328,5.121195652176925,0,0,False,False,True
2026-10-01T07:51:00-05:00,95528.438,95539.586,11.148000000001048,17.837999999988824,2.0829999999987194,19.920999999987544,10.298999999999069,2.0829999999987194,10.298999999999069,6,30,4.623999999996158,10.78349999999773,5.519999999996799,2.410899653981468,1.847359391662423,1.8657608695661307,0,0,False,False,True
2026-10-01T07:52:00-05:00,95539.766,95522.938,-16.828000000008615,9.089000000007218,25.737000000008265,34.82600000001548,8.90899999999965,23.336999999999534,23.336999999999534,7,30,5.275999999998021,11.389499999990221,5.788000000000466,3.1895375284334584,3.0577286096883434,4.031962681409409,0,0,False,False,True
2026-10-01T07:53:00-05:00,95529.541,95544.345,14.804000000003725,24.664000000004307,3.256999999997788,27.921000000002095,7.357000000003609,3.256999999997788,7.357000000003609,7,30,6.0165000000051805,11.553999999981897,5.854000000006636,2.460566774701401,2.4165656915393665,1.2567475230603466,0,0,False,False,True
2026-10-01T07:54:00-05:00,95560.105,95600.942,40.836999999999534,56.905999999988126,0.30899999999383,57.214999999981956,22.028000000005704,0.30899999999383,22.028000000005704,6,30,7.0495000000082655,12.203499999988708,6.1230000000068685,5.792893112979878,4.688409062976596,3.597582884203984,0,0,False,False,True
2026-10-01T07:55:00-05:00,95605.945,95625.498,19.552999999999884,24.55600000001141,0,24.55600000001141,11.004000000000815,0.0,11.004000000000815,7,30,7.0495000000082655,12.203499999988708,6.1230000000068685,2.7736718916202507,2.012209611999355,1.797158255755099,0,0,False,False,True
2026-10-01T07:56:00-05:00,95623.812,95637.234,13.421999999991385,16.156000000002678,4.420000000012806,20.576000000015483,8.497999999992317,1.6860000000015134,8.497999999992317,7,30,8.086999999999534,14.27100000000064,6.485000000000582,1.6597007542960502,1.4418050592120075,1.3104086353109567,0,0,False,False,False
2026-10-01T07:57:00-05:00,95645.551,95649.119,3.5679999999993015,25.34000000001106,13.455000000001746,38.795000000012806,9.86699999999837,7.86600000000908,9.86699999999837,7,30,8.81699999999546,14.27100000000064,6.971499999999651,0.4046727911989496,2.718450003504384,1.4153338592840659,0,0,False,False,True
2026-10-01T07:58:00-05:00,95644.084,95663.61,19.52599999999802,19.52599999999802,5.0350000000034925,24.561000000001513,5.134999999994761,5.0350000000034925,5.134999999994761,6,30,8.81699999999546,15.754000000015367,7.830999999998312,2.2145854599079136,1.559032626633081,0.6557272379001237,0,0,False,False,True
2026-10-01T07:59:00-05:00,95663.459,95667.634,4.17500000000291,10.00700000001234,5.983000000007451,15.99000000001979,9.375,3.607000000003609,9.375,7,30,9.529999999998836,17.447000000007392,7.830999999998312,0.4380902413434859,0.9164899409648086,1.1971651130126448,0,0,False,False,False
2026-10-01T08:00:00-05:00,95669.938,95679.994,10.056000000011409,13.30000000000291,0.9400000000023283,14.240000000005239,5.108000000007451,0.7780000000057044,5.108000000007451,7,30,8.81699999999546,17.536500000009255,8.401499999992666,1.1405239877528168,0.8120206426594658,0.6079866690486115,0,0,False,False,False
2026-10-01T08:01:00-05:00,95682.089,95702.186,20.096999999994296,22.1929999999993,0.0010000000038417056,22.194000000003143,10.099000000001979,0.0010000000038417056,10.099000000001979,6,30,9.654499999996915,17.536500000009255,8.401499999992666,2.081619969962268,1.265588914549165,1.2020472534679278,0,0,False,False,True
2026-10-01T08:02:00-05:00,95702.951,95716.416,13.464999999996508,15.004000000000815,0.7740000000048894,15.778000000005704,7.010999999998603,0.7740000000048894,7.010999999998603,7,30,10.040500000002794,19.50199999999313,8.567499999990105,1.3410686718781695,0.8090452261312308,0.818325065655874,0,0,False,False,False
2026-10-01T08:03:00-05:00,95717.036,95705.853,-11.182999999989988,3.062999999994645,13.62599999998929,16.688999999983935,2.029999999998836,10.939999999987776,10.939999999987776,7,30,10.040500000002794,17.955500000003667,8.401499999992666,1.1137891539252902,0.9294645094806898,1.3021484258760134,0,0,False,False,False
2026-10-01T08:04:00-05:00,95705.102,95672.522,-32.580000000001746,1.5420000000012806,34.87300000000687,36.41500000000815,0.9270000000105938,16.653999999994994,16.653999999994994,7,30,10.040500000002794,16.339500000001863,8.401499999992666,3.244858323787927,2.2286483674533493,1.9822650717145192,0,0,False,False,True
2026-10-01T08:05:00-05:00,95679.302,95689.094,9.79200000000128,19.773999999990338,3.201999999990221,22.97599999998056,6.779999999998836,3.201999999990221,6.779999999998836,7,30,10.602000000006228,18.30499999998574,8.567499999990105,0.9235993208824305,1.2551761813711257,0.7913627079085692,0,0,False,False,False
2026-10-01T08:06:00-05:00,95692.336,95708.093,15.756999999997788,24.445000000006985,5.446000000010827,29.89100000001781,16.66599999999744,2.4900000000052387,16.66599999999744,6,30,10.602000000006228,20.248500000001513,8.401499999992666,1.4862290133926175,1.4762081141820667,1.9836933880868877,0,0,False,False,False
2026-10-01T08:07:00-05:00,95709.531,95703.369,-6.161999999996624,7.353000000017346,12.077000000004773,19.43000000002212,4.347999999998137,8.422999999995227,8.422999999995227,7,30,11.165499999995518,20.830000000016298,8.936499999996158,0.55187855447576,0.9327892462797367,0.9425390253453643,0,0,False,False,False
2026-10-01T08:08:00-05:00,95702.262,95696.49,-5.771999999997206,6.101999999998952,12.980999999999767,19.08299999999872,3.779999999998836,8.046000000002095,8.046000000002095,7,30,11.165499999995518,20.830000000016298,8.936499999996158,0.5169495320406182,0.9161305808921646,0.9003524869921731,0,0,False,False,False
2026-10-01T08:09:00-05:00,95696.899,95727.101,30.20199999999022,30.610999999989872,0,30.610999999989872,27.05899999999383,0.0,27.05899999999383,7,30,11.165499999995518,20.830000000016298,8.936499999996158,2.7049393220189284,1.46956313009918,3.027919207744135,0,0,False,False,True
2026-10-01T08:10:00-05:00,95722.68,95786.887,64.20700000000943,66.16800000000512,6.381999999997788,72.55000000000291,62.745000000009895,4.4210000000020955,62.745000000009895,6,30,12.302499999990687,21.639000000010128,9.620999999999185,5.2190205242884,3.3527427330268935,6.521671343936723,0,0,False,False,True
2026-10-01T08:11:00-05:00,95783.85,95815.684,31.83399999998801,33.37799999999697,4.581000000005588,37.95900000000256,23.20100000000093,3.036999999996624,23.20100000000093,7,30,13.443499999993946,21.639000000010128,9.620999999999185,2.3679845278389067,1.7541938167191087,2.4114956865193737,0,0,False,False,True
2026-10-01T08:12:00-05:00,95832.404,95841.262,8.85800000000745,26.804000000018277,1.2260000000096625,28.03000000002794,16.720000000001164,0.6389999999955762,16.720000000001164,7,30,13.443499999993946,21.639000000010128,9.620999999999185,0.6589057909035176,1.2953463653595276,1.7378650867895833,0,0,False,False,False
2026-10-01T08:13:00-05:00,95842.085,95852.236,10.150999999998021,11.362999999997555,0.3889999999955762,11.751999999993131,6.005999999993946,0.3889999999955762,6.005999999993946,6,30,12.302499999990687,22.58499999999185,9.620999999999185,0.8251168461699415,0.5203453619657902,0.6242594324908487,0,0,False,False,False
2026-10-01T08:14:00-05:00,95854.009,95884.294,30.28499999998894,35.920999999987544,3.8629999999975553,39.7839999999851,26.389999999999418,3.5970000000088476,26.389999999999418,7,30,12.302499999990687,22.58499999999185,9.620999999999185,2.461694777485216,1.761523134823974,2.7429581124624938,0,0,False,False,True
2026-10-01T08:15:00-05:00,95882.255,95871.331,-10.923999999999069,7.152999999991152,20.115999999979977,27.26899999997113,3.855999999999767,9.769000000000233,9.769000000000233,7,30,13.443499999993946,23.765999999995984,9.983000000000175,0.8125860081083042,1.1473954388612193,0.978563558048689,0,0,False,False,False
2026-10-01T08:16:00-05:00,95864.073,95843.261,-20.812000000005355,0.8950000000040745,28.96500000001106,29.860000000015134,0.8950000000040745,13.853000000002794,13.853000000002794,7,30,13.443499999993946,24.55850000000646,9.983000000000175,1.5481087514423124,1.2158723049049118,1.3876590203348245,0,0,False,False,False
2026-10-01T08:17:00-05:00,95843.246,95831.625,-11.620999999999185,7.649000000004889,19.285000000003492,26.934000000008382,5.392999999996391,19.270000000004075,19.270000000004075,6,30,14.134500000000116,25.91499999998632,10.199000000000524,0.8221726980083547,1.0393208566476018,1.8894009216592886,0,0,False,False,False
2026-10-01T08:18:00-05:00,95834.239,95856.002,21.762999999991735,24.420999999987544,0.043999999994412065,24.464999999981956,6.892000000007101,0.043999999994412065,6.892000000007101,7,30,14.134500000000116,27.101499999989755,10.619499999993423,1.5397078071379642,0.9027175617582497,0.6489947737663139,0,0,False,False,False
2026-10-01T08:19:00-05:00,95853.91,95866.051,12.14100000000326,13.785000000003492,3.735999999989872,17.520999999993364,6.131000000008498,2.091999999989639,6.131000000008498,7,30,14.134500000000116,25.747500000004948,10.199000000000524,0.8589621139766641,0.6804932517716282,0.6011373664092738,0,0,False,False,False
2026-10-01T08:20:00-05:00,95869.309,95859.96,-9.348999999987427,5.301999999996042,11.392999999996391,16.694999999992433,3.257999999987078,5.283000000010361,5.283000000010361,6,30,14.134500000000116,25.747500000004948,10.199000000000524,0.6614312497780148,0.6484124672294096,0.5179919599970674,0,0,False,False,False
2026-10-01T08:21:00-05:00,95859.438,95883.36,23.922000000005937,26.387000000002445,2.9870000000082655,29.37400000001071,22.686999999990803,1.8249999999970896,22.686999999990803,7,30,13.443499999993946,24.55850000000646,9.983000000000175,1.7794473165482732,1.1960828226480844,2.272563357707143,0,0,False,False,True
2026-10-01T08:22:00-05:00,95884.128,95916.377,32.24899999999616,33.01699999999255,0,33.01699999999255,15.452999999994063,0.0,15.452999999994063,7,30,14.134500000000116,25.747500000004948,9.983000000000175,2.2815805299087972,1.2823380910762678,1.5479314835213656,0,0,False,False,True
2026-10-01T08:23:00-05:00,95913.766,95915.248,1.4820000000036089,2.996000000013737,4.125,7.121000000013737,1.94100000000617,2.610999999989872,2.610999999989872,7,30,14.134500000000116,25.747500000004948,9.983000000000175,0.10484983550911575,0.27657054082968713,0.26154462586294963,0,0,False,False,False
2026-10-01T08:24:00-05:00,95919.773,95930.607,10.834000000002561,17.098999999987427,1.7399999999906868,18.838999999978114,10.254000000000815,1.0209999999933643,10.254000000000815,6,30,13.443499999993946,24.55850000000646,9.983000000000175,0.8058913229447272,0.7671071115895987,1.0271461484524327,0,0,False,False,False
2026-10-01T08:25:00-05:00,95927.799,95944.105,16.305999999996857,21.031999999991967,7.533999999999651,28.565999999991618,15.740999999994528,3.6959999999962747,15.740999999994528,7,30,12.781499999997322,24.510499999996682,9.983000000000175,1.2757501075773792,1.165459700944309,1.5767805268951471,0,0,False,False,False
2026-10-01T08:26:00-05:00,95943.399,95951.997,8.597999999998137,10.914000000004307,3.021999999997206,13.936000000001513,5.256999999997788,2.31600000000617,5.256999999997788,6,30,12.781499999997322,24.512999999991735,9.983000000000175,0.6726909987090669,0.5685146656878478,0.5265952118599315,0,0,False,False,False
2026-10-01T08:27:00-05:00,95951.756,95971.573,19.81700000001001,27.026000000012573,7.4500000000116415,34.476000000024214,25.86600000000908,4.29299999999057,25.86600000000908,7,30,11.881000000001222,24.512999999991735,9.983000000000175,1.667957242657013,1.4064374005644287,2.5910047080044705,0,0,False,False,True
2026-10-01T08:28:00-05:00,95972.076,95968.137,-3.9389999999984866,14.585999999995693,18.021999999997206,32.6079999999929,8.34000000001106,17.744000000006054,17.744000000006054,6,30,12.802999999999884,24.512999999991735,10.176500000001397,0.30766226665613705,1.3302329376250925,1.7436250184251578,0,0,False,False,False
2026-10-01T08:29:00-05:00,95969.688,95980.561,10.873000000006869,15.538999999989755,3.1149999999906868,18.653999999980442,12.025000000008731,2.5679999999993015,12.025000000008731,7,30,11.881000000001222,25.69949999999517,10.596999999994296,0.9151586566792147,0.7258506974837623,1.1347551193748424,0,0,False,False,False
2026-10-01T08:30:00-05:00,95990.122,96011.003,20.880999999993946,33.947000000000116,3.5050000000046566,37.45200000000477,9.561000000001513,3.5050000000046566,9.561000000001513,7,30,11.881000000001222,25.69949999999517,11.482499999998254,1.7575119939392136,1.4573046168217987,0.8326583932073126,0,0,False,False,False
2026-10-01T08:31:00-05:00,96014.137,96034.93,20.79299999999057,26.902000000001863,2.9750000000058208,29.877000000007683,15.23399999999674,2.9750000000058208,15.23399999999674,6,30,12.802999999999884,27.101499999989755,11.482499999998254,1.6240724830110724,1.1024113056479892,1.3267145656432882,0,0,False,False,False
2026-10-01T08:32:00-05:00,96036.254,96072.113,35.85899999999674,41.84100000000035,4.657999999995809,46.49899999999616,29.820999999996275,4.657999999995809,29.820999999996275,7,30,12.802999999999884,27.649499999999534,12.939000000005763,2.8008279309534534,1.6817302302029673,2.304737614961202,0,0,False,False,True
2026-10-01T08:33:00-05:00,96069.538,96030.573,-38.96499999999651,24.035000000003492,65.57499999999709,89.61000000000058,11.470000000001164,41.64800000000105,41.64800000000105,7,30,13.949000000000524,28.29800000000978,14.543499999999767,2.7933902071829553,3.1666548872701115,2.863684807646145,0,0,False,False,True
2026-10-01T08:34:00-05:00,96031.119,95982.732,-48.387000000002445,5.271000000007916,53.112000000008265,58.38300000001618,2.7740000000048894,48.23000000001048,48.23000000001048,6,30,16.031499999997322,28.970000000001164,15.343499999995402,3.0182453295081886,2.015291681049839,3.1433506044921256,0,0,False,False,True
2026-10-01T08:35:00-05:00,95985.789,95962.618,-23.171000000002095,3.0570000000006985,23.171000000002095,26.228000000002794,3.0570000000006985,6.437999999994645,6.437999999994645,7,30,16.031499999997322,28.970000000001164,15.343499999995402,1.4453419829713978,0.9053503624439676,0.41959135790377516,0,0,False,False,False
2026-10-01T08:36:00-05:00,95962.96,95973.227,10.26699999999255,11.798000000009779,1.1890000000130385,12.987000000022817,4.730999999999767,0.7930000000051223,4.730999999999767,7,30,18.061500000003434,28.970000000001164,15.343499999995402,0.5684466960103313,0.4482913358654572,0.3083390360739848,0,0,False,False,False
2026-10-01T08:37:00-05:00,95973.48,95978.616,5.135999999998603,7.796999999991385,2.407999999995809,10.204999999987194,6.0,1.7730000000010477,6.0,6,30,18.061500000003434,28.29800000000978,14.543499999999767,0.28436176397296054,0.36062619266321533,0.41255543713687187,0,0,False,False,False
2026-10-01T08:38:00-05:00,95969.219,95918.761,-50.45799999999872,4.686000000001513,64.54099999999744,69.22699999999895,4.686000000001513,40.146999999997206,40.146999999997206,7,30,18.061500000003434,28.29800000000978,14.543499999999767,2.7936771585964135,2.446356632976713,2.7604771891221405,0,0,False,False,True
2026-10-01T08:39:00-05:00,95914.658,95861.917,-52.74099999999453,8.337000000014086,65.18100000001141,73.5180000000255,4.733000000007451,38.90600000000268,38.90600000000268,7,30,20.30500000000029,28.970000000001164,15.343499999995402,2.597439054419787,2.537728684847171,2.535666568906334,0,0,False,False,True
2026-10-01T08:40:00-05:00,95841.362,95839.321,-2.040999999997439,3.1710000000020955,25.7670000000071,28.938000000009197,3.1710000000020955,20.555000000007567,20.555000000007567,6,30,20.30500000000029,28.970000000001164,15.343499999995402,0.10051711401119968,0.9988954090441158,1.339655228599324,0,0,False,False,False
2026-10-01T08:41:00-05:00,95842.843,95868.965,26.122000000003027,41.228000000002794,11.584000000002561,52.812000000005355,32.495999999999185,7.451000000000931,32.495999999999185,7,30,18.061500000003434,28.752000000000407,15.343499999995402,1.4462807629487064,1.8368113522539165,2.117900087985722,0,0,False,False,True
2026-10-01T08:42:00-05:00,95866.181,95856.327,-9.853999999992084,2.4510000000009313,15.088999999992666,17.539999999993597,2.4510000000009313,5.845999999990454,5.845999999990454,6,30,18.061500000003434,28.752000000000407,15.343499999995402,0.5455803781518817,0.6100445186419501,0.38100824453300786,0,0,False,False,False
2026-10-01T08:43:00-05:00,95857.419,95843.195,-14.223999999987427,1.091999999989639,14.223999999987427,15.315999999977066,1.091999999989639,7.988999999986845,7.988999999986845,7,30,18.061500000003434,28.752000000000407,14.543499999999767,0.7875314896317982,0.5326933778511703,0.5493175645468403,0,0,False,False,False
2026-10-01T08:44:00-05:00,95838.104,95821.538,-16.56600000000617,2.4660000000003492,24.12300000000687,26.589000000007218,1.8439999999973224,13.970000000001164,13.970000000001164,7,30,18.061500000003434,28.752000000000407,14.543499999999767,0.917199568142348,0.92477045075149,0.9605665761337634,0,0,False,False,False
2026-10-01T08:45:00-05:00,95823.177,95755.377,-67.80000000000291,13.303999999989173,79.46499999999651,92.76899999998568,11.664999999993597,65.48399999999674,65.48399999999674,6,30,16.436000000001513,27.917499999981374,13.911500000001979,4.125091263080839,3.3229694635998057,4.707184703302119,0,0,False,False,True
2026-10-01T08:46:00-05:00,95749.217,96150.179,400.96199999999953,404.65899999999965,9.856999999989057,414.5159999999887,239.31200000000536,6.1599999999889405,239.31200000000536,7,30,18.19150000000809,28.752000000000407,14.601999999998952,22.041173075327553,14.416944908179703,16.388987809890597,3,1,True,False,True
2026-10-01T08:47:00-05:00,96172.495,96162.386,-10.10899999999674,51.21099999999569,39.004000000000815,90.21499999999651,23.539999999993597,23.461000000010245,23.539999999993597,6,30,18.19150000000809,28.752000000000407,15.343499999995402,0.5556990902340239,3.1376947690593777,1.534200149900652,0,0,False,False,True
2026-10-01T08:48:00-05:00,96159.892,96141.025,-18.867000000012922,0.4959999999991851,21.85700000000361,22.353000000002794,0.4959999999991851,9.419000000008964,9.419000000008964,7,30,18.19150000000809,29.156000000009954,15.343499999995402,1.0371327268232158,0.7666689532170107,0.613875582494984,0,0,False,False,False
2026-10-01T08:49:00-05:00,96143.744,96282.959,139.2149999999965,203.57200000001467,61.638000000006286,265.21000000002095,179.8179999999993,52.92699999999604,179.8179999999993,6,30,17.716500000009546,29.156000000009954,15.343499999995402,7.857929049187001,9.096240910959336,11.71949033793158,2,0,True,False,True
2026-10-01T08:50:00-05:00,96304.654,96362.977,58.32300000000396,86.60400000000664,6.5860000000102445,93.19000000001688,25.370999999999185,6.5860000000102445,25.370999999999185,7,30,19.342000000011467,29.625500000009197,15.596999999994296,3.0153551856048693,3.1456009181275575,1.6266589728799425,0,0,False,False,True
2026-10-01T08:51:00-05:00,96363.613,96372.013,8.400000000008731,10.81600000000617,1.7799999999988358,12.596000000005006,3.5210000000079162,1.7799999999988358,3.5210000000079162,7,30,20.30500000000029,31.24250000000029,16.74250000000029,0.4136912090622315,0.4031687605026771,0.21030312080082753,0,0,False,False,False
2026-10-01T08:52:00-05:00,96379.12,96409.106,29.986000000004424,44.24099999999453,7.148000000001048,51.388999999995576,20.997000000003027,7.148000000001048,20.997000000003027,6,30,19.342000000011467,31.24250000000029,15.596999999994296,1.550305035672973,1.6448427622627861,1.3462204270058797,0,0,False,False,False
2026-10-01T08:53:00-05:00,96412.027,96417.787,5.759999999994761,12.279999999998836,3.599000000001979,15.879000000000815,4.697000000000116,2.544000000008964,4.697000000000116,7,30,19.342000000011467,31.24250000000029,16.74250000000029,0.29779753903377865,0.5082499799952201,0.2805435269523688,0,0,False,False,False
2026-10-01T08:54:00-05:00,96424.995,96427.635,2.639999999999418,12.796000000002095,2.948000000003958,15.744000000006054,7.207999999998719,1.3379999999888241,7.207999999998719,7,30,19.342000000011467,31.24250000000029,16.74250000000029,0.13649053872390926,0.5039289429464962,0.43052112886358634,0,0,False,False,False
2026-10-01T08:55:00-05:00,96423.356,96446.122,22.76600000000326,25.703000000008615,7.216000000000349,32.919000000008964,15.63300000000163,4.278999999994994,15.63300000000163,7,30,19.342000000011467,31.24250000000029,16.74250000000029,1.177024092647594,1.0536608786111437,0.9337315215769065,0,0,False,False,False
2026-10-01T08:56:00-05:00,96450.755,96469.051,18.296000000002095,27.25800000000163,4.3289999999979045,31.586999999999534,20.146999999997206,3.4550000000017462,20.146999999997206,6,30,20.30500000000029,32.76350000000093,16.68850000000384,0.9010588524994747,0.9640911380041398,1.2072385175415745,0,0,False,False,False
2026-10-01T08:57:00-05:00,96469.228,96473.212,3.9839999999967404,8.952999999994063,4.792000000001281,13.744999999995343,7.964000000007218,1.6900000000023283,7.964000000007218,7,30,20.30500000000029,32.76350000000093,18.94550000000163,0.19620783058343674,0.4195217238693959,0.420363674751605,0,0,False,False,False
2026-10-01T08:58:00-05:00,96471.278,96452.119,-19.15899999999965,0,21.09299999999348,21.09299999999348,0.0,10.615999999994528,10.615999999994528,6,30,19.830000000001746,32.09749999999622,16.68850000000384,0.9661623802318691,0.657153983955011,0.636126674056511,0,0,False,False,False
2026-10-01T08:59:00-05:00,96449.197,96454.074,4.8769999999931315,9.737999999997555,7.783000000010361,17.521000000007916,5.920999999987544,4.182999999989988,5.920999999987544,7,30,19.97599999999511,30.73200000000361,15.433499999999185,0.24414297156559497,0.5701223480413204,0.383645964945596,0,0,False,False,False
2026-10-01T09:00:00-05:00,96460.415,96468.957,8.54200000000128,30.515999999988708,15.632999999987078,46.148999999975786,17.187999999994645,13.545999999987544,17.187999999994645,7,30,19.97599999999511,30.73200000000361,15.433499999999185,0.4276131357630843,1.5016595080037214,1.113681277739693,0,0,False,False,False
2026-10-01T09:01:00-05:00,96469.77,96466.472,-3.298000000009779,8.853000000017346,11.338000000017928,20.191000000035274,5.855000000010477,4.543000000005122,5.855000000010477,6,30,19.013000000006286,30.73200000000361,16.410499999998137,0.17346026403033127,0.6570024729933913,0.3567837664916451,0,0,False,False,False
2026-10-01T09:02:00-05:00,96465.734,96465.517,-0.21699999998963904,13.961000000010245,14.915999999997439,28.877000000007683,7.233000000007451,12.135999999998603,12.135999999998603,7,30,18.58150000000751,30.262500000004366,16.410499999998137,0.011678282161803479,0.9542172655928465,0.7395265226531782,0,0,False,False,False
2026-10-01T09:03:00-05:00,96466.82,96474.374,7.553999999989173,24.02599999999802,15.169000000008964,39.195000000006985,22.722999999998137,9.518000000010943,22.722999999998137,7,30,17.431000000004133,28.90750000000844,14.801500000001397,0.43336584246385074,1.3558765026375694,1.5351822450424615,0,0,False,False,False
2026-10-01T09:04:00-05:00,96476.537,96494.281,17.744000000006054,20.137000000002445,0.22999999999592546,20.36699999999837,7.730999999999767,0.22999999999592546,7.730999999999767,6,30,15.394999999996799,28.90750000000844,14.801500000001397,1.15258200714581,0.7045576407504082,0.5223119278450858,0,0,False,False,False
2026-10-01T09:05:00-05:00,96493.623,96469.219,-24.404000000009546,1.437999999994645,26.5,27.937999999994645,1.437999999994645,13.24100000000908,13.24100000000908,7,30,15.394999999996799,27.73300000000745,13.052999999999884,1.585189996753142,1.0073919157677547,1.014402819275967,0,0,False,False,False
2026-10-01T09:06:00-05:00,96469.129,96474.12,4.9909999999945285,9.663000000000466,4.762000000002445,14.42500000000291,6.942000000010012,3.7079999999987194,6.942000000010012,6,30,15.394999999996799,28.407500000001164,13.605500000005122,0.32419616758659087,0.5077884361525061,0.5102348315025099,0,0,False,False,False
2026-10-01T09:07:00-05:00,96474.979,96466.513,-8.46600000000035,7.833000000013271,15.440000000002328,23.2730000000156,6.857000000003609,14.67500000000291,14.67500000000291,6,30,15.394999999996799,28.407500000001164,13.605500000005122,0.5499188048068925,0.8192554783073007,1.0786079159161652,0,0,False,False,False
2026-10-01T09:08:00-05:00,96465.418,96539.01,73.59199999998964,83.51699999999255,11.020000000004075,94.53699999999662,39.572999999989406,8.580000000001746,39.572999999989406,7,30,15.394999999996799,28.407500000001164,14.322500000002037,4.780253329003244,3.327888761770404,2.762995287134493,0,0,False,False,True
2026-10-01T09:09:00-05:00,96538.682,96477.179,-61.50299999999697,2.120999999999185,63.95199999999022,66.0729999999894,1.217000000004191,44.28199999999197,44.28199999999197,6,30,15.394999999996799,28.407500000001164,14.322500000002037,3.994998376096769,2.3258998503911537,3.0917786699239427,0,0,False,False,True
2026-10-01T09:10:00-05:00,96474.734,96464.359,-10.375,9.161999999996624,21.98200000000361,31.144000000000233,4.586999999999534,16.25,16.25,7,30,15.394999999996799,28.407500000001164,14.322500000002037,0.6739201039299875,1.0963301944908548,1.1345784604641431,0,0,False,False,False
2026-10-01T09:11:00-05:00,96466.356,96512.91,46.554000000003725,50.15500000001339,1.6040000000066357,51.75900000002002,21.972000000008848,1.6040000000066357,21.972000000008848,9,30,15.394999999996799,28.407500000001164,14.322500000002037,3.023968821046665,1.8220188330552813,1.5340897189740423,0,0,False,False,True
2026-10-01T09:12:00-05:00,96519.087,96525.941,6.854000000006636,21.0570000000007,8.025999999998021,29.08299999999872,6.176999999996042,6.00800000000163,6.176999999996042,9,30,15.394999999996799,28.407500000001164,14.322500000002037,0.44520948359909457,1.0237789316200836,0.4312794554020013,0,0,False,False,False
2026-10-01T09:13:00-05:00,96526.191,96509.951,-16.24000000000524,7.427999999985332,23.41799999999057,30.845999999975902,3.223999999987427,9.84000000001106,9.84000000001106,9,30,15.394999999996799,28.9800000000032,14.322500000002037,1.0548879506338822,1.0643892339535022,0.6870308954449056,0,0,False,False,False
2026-10-01T09:14:00-05:00,96508.145,96492.193,-15.952000000004773,5.922999999995227,23.680999999996857,29.603999999992084,5.167000000001281,7.862999999997555,7.862999999997555,9,30,16.403000000005704,29.96449999998731,14.322500000002037,0.9725050295677148,0.9879690967646588,0.5489963344385712,0,0,False,False,False
2026-10-01T09:15:00-05:00,96490.815,96495.794,4.978999999992084,12.652000000001863,9.051000000006752,21.703000000008615,5.915999999997439,4.407000000006519,5.915999999997439,9,30,16.096000000005006,30.224999999983993,13.958000000005995,0.3093315109338056,0.7180479735325098,0.4238429574433943,0,0,False,False,False
2026-10-01T09:16:00-05:00,96498.504,96485.005,-13.498999999996158,4.394000000000233,15.182999999989988,19.57699999999022,2.710000000006403,5.470000000001164,5.470000000001164,8,30,13.163500000002387,29.3434999999954,12.688500000003842,1.0254871424768268,0.6671664934310252,0.4310990266776615,0,0,False,False,False
2026-10-01T09:17:00-05:00,96484.276,96454.125,-30.15099999999802,8.339999999996508,39.220000000001164,47.55999999999767,4.947000000000116,34.61699999999837,34.61699999999837,9,30,11.93699999999808,28.9800000000032,11.375999999996566,2.525844014409221,1.6411318150445968,3.0429852320682858,0,0,False,False,True
2026-10-01T09:18:00-05:00,96465.192,96490.609,25.41700000000128,36.48399999999674,0,36.48399999999674,11.06699999999546,0.0,11.06699999999546,9,30,14.725500000000466,28.9800000000032,11.375999999996566,1.7260534447047962,1.2589371980673814,0.9728375527425106,0,0,False,False,False
2026-10-01T09:19:00-05:00,96491.735,96521.2,29.464999999996508,31.762000000002445,1.1710000000020955,32.93300000000454,9.248000000006869,0.6560000000026776,9.248000000006869,9,30,14.725500000000466,29.3434999999954,11.601499999997031,2.00095073172358,1.1223269207834683,0.7971383010825527,0,0,False,False,True
2026-10-01T09:20:00-05:00,96519.721,96558.799,39.07799999999406,41.770999999993364,4.171999999991385,45.94299999998475,13.156999999991967,2.6929999999993015,13.156999999991967,9,30,14.725500000000466,29.3434999999954,10.841499999994994,2.6537638789849463,1.5656959803701653,1.2135774569937778,0,0,False,False,True
2026-10-01T09:21:00-05:00,96560.215,96571.203,10.987999999997555,17.07799999997951,4.673999999984517,21.751999999964028,8.360000000000582,1.8429999999934807,8.360000000000582,9,30,14.725500000000466,29.3434999999954,10.841499999994994,0.7461885844281829,0.7412885306785979,0.7711110086246776,0,0,False,False,False
2026-10-01T09:22:00-05:00,96571.212,96562.165,-9.047000000005937,15.012999999991735,24.0509999999922,39.063999999983935,6.516999999992549,8.869999999995343,8.869999999995343,9,30,14.725500000000466,29.3434999999954,10.841499999994994,0.6143764218536315,1.3312658680794744,0.8181524696766534,0,0,False,False,False
2026-10-01T09:23:00-05:00,96561.634,96573.698,12.063999999998487,24.25800000000163,12.724999999991269,36.9829999999929,22.713000000003376,3.7709999999933643,22.713000000003376,9,30,12.243499999996857,29.3434999999954,10.228000000002794,0.9853391595541784,1.2603472660043518,2.220668752443994,0,0,False,False,True
2026-10-01T09:24:00-05:00,96577.702,96553.361,-24.34100000000035,11.510999999998603,31.847999999998137,43.35899999999674,6.9099999999889405,24.894000000000233,24.894000000000233,9,30,12.781499999997322,30.224999999983993,10.841499999994994,1.9043930681066736,1.4345409429286915,2.2961767283135845,0,0,False,False,True
2026-10-01T09:25:00-05:00,96556.102,96590.898,34.796000000002095,43.23499999998603,5.697999999989406,48.932999999975436,19.562999999994645,4.319000000003143,19.562999999994645,9,30,14.725500000000466,30.994999999988067,11.601499999997031,2.362975790295813,1.5787385062104944,1.6862474679997974,0,0,False,False,True
2026-10-01T09:26:00-05:00,96588.88,96674.138,85.25800000000163,87.74700000000303,4.506999999997788,92.25400000000081,47.94899999999325,2.017999999996391,47.94899999999325,9,30,14.725500000000466,30.994999999988067,11.601499999997031,5.7898203796135235,2.976415550896478,4.133000043098351,0,0,False,False,True
2026-10-01T09:27:00-05:00,96607.221,96574.375,-32.846000000005006,4.789999999993597,104.55299999999988,109.34299999999348,3.6299999999901047,66.91700000000128,66.91700000000128,9,30,14.725500000000466,30.994999999988067,11.601499999997031,2.230552443041253,3.527762542346687,5.767961039522338,0,0,False,False,True
2026-10-01T09:28:00-05:00,96572.658,96539.558,-33.09999999999127,6.461999999999534,41.278999999994994,47.74099999999453,5.764999999999418,26.70100000000093,26.70100000000093,9,30,16.096000000005006,32.03850000000239,12.646499999995285,2.0564115308139272,1.4901134572464683,2.1113351520192056,0,0,False,False,True
2026-10-01T09:29:00-05:00,96539.558,96571.87,32.3119999999908,37.02400000000489,4.712000000014086,41.736000000018976,30.3579999999929,3.397000000011758,30.3579999999929,9,30,16.096000000005006,34.70850000000064,13.199000000000524,2.0074552683884663,1.2024720169416196,2.3000227289939916,0,0,False,False,True
2026-10-01T09:30:00-05:00,96570.433,96567.952,-2.480999999999767,11.852999999988242,15.770999999978812,27.623999999967054,7.515999999988708,7.690000000002328,7.690000000002328,9,30,16.992000000005646,36.73349999999482,13.958000000005995,0.1460098870055875,0.7520111070268543,0.5509385298752705,0,0,False,False,False
2026-10-01T09:31:00-05:00,96556.839,96552.949,-3.89000000001397,4.8439999999973224,19.847000000008848,24.69100000000617,4.570999999996275,11.112999999997555,11.112999999997555,9,30,16.992000000005646,34.70850000000064,13.199000000000524,0.2289312617709909,0.7113819381421184,0.8419577240697866,0,0,False,False,False
2026-10-01T09:32:00-05:00,96550.768,96555.592,4.8240000000078,11.492000000012922,8.849000000001979,20.3410000000149,5.096000000005006,5.445999999996275,5.445999999996275,9,30,16.992000000005646,34.70850000000064,13.199000000000524,0.28389830508511044,0.5860524079120252,0.4126070156827077,0,0,False,False,False
2026-10-01T09:33:00-05:00,96549.906,96549.273,-0.6330000000016298,9.09299999999348,15.411999999996624,24.504999999990105,6.89100000000326,5.686000000001513,6.89100000000326,9,30,16.992000000005646,34.70850000000064,13.199000000000524,0.0372528248588406,0.7060230202973234,0.522085006440108,0,0,False,False,False
2026-10-01T09:34:00-05:00,96549.93,96560.527,10.597000000008848,18.440999999991618,7.186999999990803,25.62799999998242,12.019000000000233,4.228999999992084,12.019000000000233,9,30,16.992000000005646,32.03850000000239,12.134999999994761,0.6236464218458878,0.7999126051463243,0.9904408735068333,0,0,False,False,False
2026-10-01T09:35:00-05:00,96570.963,96630.349,59.3859999999986,70.12900000000081,0.3070000000006985,70.43600000000151,40.05100000000675,0.3070000000006985,40.05100000000675,9,30,16.096000000005006,32.03850000000239,12.5879999999961,3.6894880715693423,2.198479953805461,3.1816809660008865,0,0,False,False,True
2026-10-01T09:36:00-05:00,96630.349,96645.34,14.990999999994528,40.50899999999092,25.51799999999639,66.02699999998731,12.838000000003376,25.51799999999639,25.51799999999639,9,30,16.096000000005006,34.70850000000064,12.5879999999961,0.9313494035778992,1.9023294005787081,2.0271687321261753,0,0,False,False,True
2026-10-01T09:37:00-05:00,96645.642,96617.835,-27.8070000000007,15.73200000001816,43.237000000008265,58.969000000026426,5.361999999993714,24.312000000005355,24.312000000005355,9,30,16.096000000005006,36.73349999999482,13.915999999997439,1.7275720675939394,1.605319395103509,1.7470537510786024,0,0,False,False,False
2026-10-01T09:38:00-05:00,96618.839,96607.217,-11.622000000003027,8.73300000000745,19.351000000009662,28.084000000017113,4.54299999999057,8.092000000004191,8.092000000004191,9,30,20.290500000002794,38.02349999998842,14.703499999995984,0.5727803651956052,0.7385958683452515,0.5503451559156937,0,0,False,False,False
2026-10-01T09:39:00-05:00,96608.528,96619.648,11.119999999995343,17.58299999999872,5.152000000001863,22.735000000000582,5.347999999998137,3.525000000008731,5.347999999998137,9,30,16.096000000005006,36.73349999999482,12.5879999999961,0.6908548707748438,0.618917337035779,0.42484906259928457,0,0,False,False,False
2026-10-01T09:40:00-05:00,96625.689,96642.09,16.40099999999802,24.263999999995576,1.8220000000001164,26.085999999995693,7.919000000008964,1.8220000000001164,7.919000000008964,8,30,15.47149999999965,34.70850000000064,11.565999999998894,1.0600782083184173,0.7515738219743063,0.6846792322332458,0,0,False,False,False
2026-10-01T09:41:00-05:00,96656.698,96655.829,-0.8690000000060536,39.71400000000722,25.97500000000582,65.68900000001304,14.60800000000745,13.625,14.60800000000745,10,30,16.096000000005006,34.70850000000064,11.089999999996508,0.05398856858882849,1.8925911520236203,1.3172227231751172,0,0,False,False,False
2026-10-01T09:42:00-05:00,96671.414,96700.17,28.755999999993946,44.353000000002794,0.012000000002444722,44.36500000000524,15.585000000006403,0.012000000002444722,15.585000000006403,8,30,15.47149999999965,34.70850000000064,11.089999999996508,1.8586433118957177,1.2782171514183678,1.4053201082066105,0,0,False,False,False
2026-10-01T09:43:00-05:00,96701.762,96693.093,-8.669000000008964,14.419999999998254,21.497000000003027,35.91700000000128,5.658999999999651,19.139999999999418,19.139999999999418,10,30,16.096000000005006,36.73349999999482,11.565999999998894,0.5385810139168904,0.9777723331565559,1.65485042365565,0,0,False,False,False
2026-10-01T09:44:00-05:00,96693.913,96706.315,12.402000000001863,16.211000000010245,2.989000000001397,19.20000000001164,6.274999999994179,1.5720000000001164,6.274999999994179,9,30,15.47149999999965,36.73349999999482,12.5879999999961,0.8016029473549522,0.5226836538858086,0.4984906259927013,0,0,False,False,False
2026-10-01T09:45:00-05:00,96706.55,96731.918,25.368000000002212,25.72500000000582,0.1220000000030268,25.847000000008848,9.679000000003725,0.1220000000030268,9.679000000003725,9,30,14.244999999995343,36.73349999999482,12.5879999999961,1.7808353808361184,0.7036356459366108,0.768906895456524,0,0,False,False,False
2026-10-01T09:46:00-05:00,96733.389,96750.671,17.28200000000652,21.96600000000035,3.213000000003376,25.179000000003725,7.048000000009779,2.1010000000096625,7.048000000009779,9,30,15.695999999996275,36.73349999999482,12.5879999999961,1.101044852192318,0.685450610478372,0.5598983158573214,0,0,False,False,False
2026-10-01T09:47:00-05:00,96751.544,96737.938,-13.605999999999767,12.735999999989872,25.468999999997322,38.204999999987194,6.3549999999959255,18.089999999996508,18.089999999996508,9,30,16.84150000000227,36.73349999999482,12.5879999999961,0.8078852833772486,1.04005880191086,1.437082936129815,0,0,False,False,False
2026-10-01T09:48:00-05:00,96731.87,96703.084,-28.785999999992782,4.335999999995693,39.189999999987776,43.52599999998347,2.610000000000582,11.849000000001979,11.849000000001979,9,30,15.695999999996275,36.73349999999482,12.5879999999961,1.8339704383282118,1.1849129541151702,0.9412932952022283,0,0,False,False,False
2026-10-01T09:49:00-05:00,96698.337,96669.758,-28.578999999997905,13.656999999991967,46.9829999999929,60.639999999984866,12.879000000000815,17.686999999990803,17.686999999990803,9,30,15.695999999996275,37.59399999999005,12.5879999999961,1.8207823649340398,1.6130233547906825,1.4050683190337054,0,0,False,False,False
2026-10-01T09:50:00-05:00,96666.459,96698.801,32.34200000000419,36.14800000000105,7.1049999999959255,43.25299999999697,22.336000000010245,3.805999999996857,22.336000000010245,9,30,15.695999999996275,38.634499999985565,13.882499999999709,2.0605249745165564,1.1195434132708624,1.608932108770806,0,0,False,False,True
2026-10-01T09:51:00-05:00,96694.548,96702.043,7.495000000009895,11.281000000002678,8.039000000004307,19.320000000006985,4.582999999998719,4.253000000011525,4.582999999998719,9,30,15.695999999996275,38.634499999985565,15.096500000006927,0.4775101936806622,0.5000711799043395,0.3035803000693284,0,0,False,False,False
2026-10-01T09:52:00-05:00,96701.867,96700.524,-1.3429999999934807,14.596999999994296,16.11599999999453,30.712999999988824,5.697000000000116,10.755999999993946,10.755999999993946,9,30,15.695999999996275,38.634499999985565,15.096500000006927,0.08556320081509936,0.794963051158946,0.7124830258661949,0,0,False,False,False
2026-10-01T09:53:00-05:00,96699.52,96702.432,2.911999999996624,13.53200000000652,11.62400000001071,25.15600000001723,6.341000000000349,7.243000000002212,7.243000000002212,10,30,15.695999999996275,37.59399999999005,15.096500000006927,0.18552497451562916,0.6691493323409026,0.4797800814757652,0,0,False,False,False
2026-10-01T09:54:00-05:00,96707.322,96712.504,5.1820000000006985,14.980000000010477,4.908000000010361,19.88800000002084,4.889999999999418,3.5120000000024447,4.889999999999418,9,30,15.695999999996275,37.06099999999424,13.313500000003842,0.33014780835894036,0.5366288011662915,0.3672963533254221,0,0,False,False,False
2026-10-01T09:55:00-05:00,96713.142,96731.883,18.74099999999453,30.06699999999546,10.687999999994645,40.754999999990105,25.997999999992317,8.384999999994761,25.997999999992317,9,30,14.298499999997148,33.31499999999505,11.934000000001106,1.310696926250884,1.22332282755504,2.1784816490690386,0,0,False,False,True
2026-10-01T09:56:00-05:00,96731.78,96734.697,2.9170000000012806,5.650999999998021,2.8369999999995343,8.487999999997555,3.129000000000815,1.8669999999983702,3.129000000000815,8,30,14.298499999997148,33.31499999999505,11.934000000001106,0.20400741336516853,0.2547801290709535,0.26219205630974735,0,0,False,False,False
2026-10-01T09:57:00-05:00,96734.951,96750.109,15.157999999995809,18.50999999999476,3.0979999999981374,21.6079999999929,10.084000000002561,2.5709999999962747,10.084000000002561,10,30,13.004000000000815,29.39850000000297,11.480999999999767,1.165641341125412,0.7350034865721284,0.8783207037716894,0,0,False,False,False
2026-10-01T09:58:00-05:00,96748.685,96702.535,-46.14999999999418,15.047999999995227,62.621999999988475,77.6699999999837,5.614000000001397,61.130999999993946,61.130999999993946,9,30,13.004000000000815,27.853999999992084,10.93449999999575,3.5489080282983148,2.788468442593731,5.590653436372738,0,0,False,False,True
2026-10-01T09:59:00-05:00,96702.612,96699.424,-3.187999999994645,10.626000000003842,13.737000000008265,24.363000000012107,5.495999999999185,10.027999999991152,10.027999999991152,9,30,13.004000000000815,27.853999999992084,10.93449999999575,0.245155336819013,0.8746679112522091,0.9170972609625543,0,0,False,False,False
2026-10-01T10:00:00-05:00,96698.494,96696.681,-1.8130000000091968,12.120999999999185,14.864000000001397,26.985000000000582,4.926999999996042,9.802999999999884,9.802999999999884,9,30,12.012000000002445,26.854999999981374,10.419999999998254,0.15093240093313584,1.0048408117676149,0.94078694817673,0,0,False,False,False
2026-10-01T10:01:00-05:00,96697.137,96693.457,-3.680000000007567,10.319000000003143,13.543000000005122,23.862000000008265,3.6739999999990687,9.663000000000466,9.663000000000466,9,30,12.012000000002445,26.535499999998137,10.419999999998254,0.30636030636087397,0.8992481769708481,0.9273512476009679,0,0,False,False,False
2026-10-01T10:02:00-05:00,96693.422,96707.786,14.363999999986845,17.08400000000256,2.7550000000046566,19.839000000007218,9.929000000003725,1.8390000000072177,9.929000000003725,9,30,12.012000000002445,26.535499999998137,10.055999999996857,1.1958041958028574,0.7476399540241793,0.987370723946582,0,0,False,False,False
2026-10-01T10:03:00-05:00,96745.362,96801.125,55.763000000006286,104.66000000000349,11.320999999996275,115.98099999999977,62.37200000000303,5.5899999999965075,62.37200000000303,9,30,13.004000000000815,26.535499999998137,10.055999999996857,4.2881421101201775,4.370786305138697,6.202466189341937,0,0,False,False,True
2026-10-01T10:04:00-05:00,96837.86,96836.828,-1.0320000000065193,53.36799999997311,17.664999999979045,71.03299999995215,36.73500000000058,10.543000000005122,36.73500000000058,10,30,13.984999999993306,27.534500000008848,10.419999999998254,0.07379335001837778,2.5797817283745603,3.5254318618048694,0,0,False,False,True
2026-10-01T10:05:00-05:00,96833.818,96904.394,70.57600000000093,80.94999999999709,13.38399999999092,94.33399999998801,24.13499999999476,10.373999999996158,24.13499999999476,8,30,13.984999999993306,29.39850000000297,10.419999999998254,5.04654987486841,3.2088031702290416,2.3162188099806915,0,0,False,False,True
2026-10-01T10:06:00-05:00,96905.116,96917.449,12.33299999999872,22.351999999998952,9.297000000005937,31.64900000000489,9.043000000005122,5.187000000005355,9.043000000005122,10,30,13.984999999993306,29.39850000000297,10.419999999998254,0.8818734358244278,1.0765515247377142,0.8678502879085065,0,0,False,False,False
2026-10-01T10:07:00-05:00,96911.975,96906.56,-5.415000000008149,3.8110000000015134,14.69999999999709,18.510999999998603,1.4910000000090804,6.239000000001397,6.239000000001397,9,30,13.004000000000815,29.39850000000297,10.055999999996857,0.4164103352820524,0.6296579757469508,0.6204256165476678,0,0,False,False,False
2026-10-01T10:08:00-05:00,96901.049,96888.28,-12.769000000000233,3.452000000004773,21.73200000000361,25.184000000008382,1.9870000000082655,7.055000000007567,7.055000000007567,9,30,12.367500000000291,27.534500000008848,9.978499999997439,1.0324641196684805,0.9146343677931428,0.7070200932013206,0,0,False,False,False
2026-10-01T10:09:00-05:00,96882.282,96857.107,-25.17500000000291,0.3809999999939464,31.553999999989173,31.93499999998312,0.3809999999939464,11.531000000002678,11.531000000002678,9,30,12.585500000001048,26.535499999998137,9.978499999997439,2.000317826069748,1.20348212771515,1.155584506689947,0,0,False,False,True
2026-10-01T10:10:00-05:00,96866.59,96878.534,11.944000000003143,45.929000000003725,24.502000000007683,70.43100000001141,24.8070000000007,8.97300000001269,24.8070000000007,8,30,13.1875,28.848999999994703,10.055999999996857,0.9057061611376791,2.4413671184451573,2.466885441528287,0,0,False,False,True
2026-10-01T10:11:00-05:00,96869.86,96894.975,25.11500000000524,32.229000000006636,15.788000000000466,48.0170000000071,13.410000000003492,8.673999999999069,13.410000000003492,10,30,12.585500000001048,31.180999999996857,10.419999999998254,1.995550435024683,1.5399441967868877,1.286948176584044,0,0,False,False,False
2026-10-01T10:12:00-05:00,96900.474,96913.265,12.790999999997439,21.129999999990105,2.8399999999965075,23.969999999986612,11.206000000005588,1.7639999999955762,11.206000000005588,9,30,13.1875,31.180999999996857,10.419999999998254,0.9699336492889054,0.7687373721172839,1.0754318618049392,0,0,False,False,False
2026-10-01T10:13:00-05:00,96912.922,96921.438,8.515999999988708,10.771000000007916,2.5980000000126893,13.369000000020606,10.378000000011525,1.0890000000072177,10.378000000011525,9,30,12.779999999998836,28.848999999994703,10.419999999998254,0.6663536776204604,0.4634129432570647,0.9959692898285283,0,0,False,False,False
2026-10-01T10:14:00-05:00,96921.136,96931.147,10.010999999998603,16.70900000000256,7.0,23.70900000000256,15.195000000006985,1.8849999999947613,15.195000000006985,9,30,12.779999999998836,26.416000000004715,10.231000000007043,0.7833333333332954,0.8975242277407,1.4851920633365776,0,0,False,False,False
2026-10-01T10:15:00-05:00,96928.556,96934.637,6.081000000005588,9.26699999999255,5.776999999987311,15.04399999997986,3.8500000000058208,2.5910000000003492,3.8500000000058208,9,30,12.779999999998836,26.416000000004715,10.567000000002736,0.47582159624461207,0.5695033313134908,0.3643418188705237,0,0,False,False,False
2026-10-01T10:16:00-05:00,96935.988,96949.306,13.317999999999302,22.404000000009546,7.735000000015134,30.13900000002468,14.540999999997439,4.370000000009895,14.540999999997439,9,30,12.550999999999476,26.084500000004482,10.567000000002736,1.0611106684726204,1.155437136997815,1.3760764644642447,0,0,False,False,False
2026-10-01T10:17:00-05:00,96950.02,96957.569,7.548999999999069,15.603000000017346,7.3400000000110595,22.943000000028405,7.3240000000078,3.346000000005006,7.3240000000078,9,30,12.550999999999476,28.56200000001263,10.980999999999767,0.6014660186438836,0.8032700791267509,0.6669702212920459,0,0,False,False,False
2026-10-01T10:18:00-05:00,96932.387,96950.914,18.527000000001863,21.402000000001863,28.0570000000007,49.45900000000256,11.49199999999837,25.1820000000007,25.1820000000007,9,30,12.138500000000931,26.084500000004482,10.567000000002736,1.526300613749676,1.896106883397959,2.383079398125691,0,0,False,False,True
2026-10-01T10:19:00-05:00,96949.146,96968.465,19.319000000003143,26.239000000001397,8.688000000009197,34.927000000010594,18.235000000000582,4.088000000003376,18.235000000000582,8,30,12.138500000000931,26.084500000004482,10.567000000002736,1.5915475552993912,1.338994421974912,1.725655342102381,0,0,False,False,False
2026-10-01T10:20:00-05:00,96969.087,96974.155,5.0679999999993015,8.830000000001746,3.139999999999418,11.970000000001164,4.158999999999651,3.0539999999891734,4.158999999999651,9,30,12.138500000000931,26.084500000004482,10.567000000002736,0.4175145199158803,0.4588932124441376,0.3935837986182052,0,0,False,False,False
2026-10-01T10:21:00-05:00,96973.521,96986.411,12.889999999999418,15.671999999991385,3.415999999997439,19.087999999988824,7.320999999996275,1.3350000000064028,7.320999999996275,9,30,10.977500000000873,25.170000000012806,10.231000000007043,1.1742199954450825,0.7583631307103342,0.7155703254805234,0,0,False,False,False
2026-10-01T10:22:00-05:00,96985.044,96987.214,2.1700000000128057,6.546000000016647,5.743000000002212,12.28900000001886,2.93300000000454,4.376000000003842,4.376000000003842,9,30,12.138500000000931,25.170000000012806,10.231000000007043,0.17877002924682944,0.4882399682166312,0.4277196754961225,0,0,False,False,False
2026-10-01T10:23:00-05:00,96990.563,97005.204,14.64100000000326,18.371999999988475,0.3819999999977881,18.753999999986263,11.692999999999302,0.3819999999977881,11.692999999999302,9,30,12.138500000000931,24.75950000001467,10.055999999996857,1.2061622111465284,0.7574466366435167,1.162788385044049,0,0,False,False,False
2026-10-01T10:24:00-05:00,97011.743,97012.692,0.9489999999932479,8.403999999994994,0.9159999999974389,9.319999999992433,6.539000000004307,0.9159999999974389,6.539000000004307,5,30,12.550999999999476,24.16649999999936,10.231000000007043,0.075611505058823,0.38565783212267724,0.639135959339244,0,0,False,False,False
