minute_ts,events,zones,interactable_zones,battles,releases
1789891200000,1,1,1,0,0
1789891260000,1,1,1,1,0
1789891500000,1,1,2,1,0
1789891560000,3,2,3121,43252,0
1789891620000,2,1,3121,43252,0
1789891800000,1,1,3,2,0
1789891860000,1,1,3,3,0
1789892100000,1,1,4,3,0
1789892160000,5,3,3121,43252,0
1789892220000,4,2,3121,43252,0
1789892400000,5,3,3121,43252,0
1789892460000,4,3,3121,43252,0
1789892520000,1,1,3121,2950,0
1789892580000,1,1,3121,2950,0
1789892700000,7,4,3121,2950,0
1789892760000,6,4,3121,2950,0
1789892820000,4,2,3121,2950,0
1789892880000,1,1,6,6,0
1789892940000,1,1,3121,2950,0
1789893000000,1,1,7,6,0
1789893060000,4,3,3121,2950,0
1789893120000,2,1,3121,43250,0
1789893180000,1,1,3121,2950,0
1789893300000,6,4,3121,2950,0
1789893360000,6,4,3121,2950,0
1789893420000,1,1,3121,2950,0
1789893480000,1,1,3121,2950,0
1789893540000,1,1,3121,2950,0
1789893600000,2,2,3121,2950,0
1789893660000,1,1,9,9,0
1789893720000,1,1,3121,2950,0
1789893780000,1,1,3121,2950,0
1789893840000,1,1,3121,2950,0
1789894080000,19,9,3121,2950,0
1789894140000,19,9,3121,2950,0
1789894200000,10,9,3121,2950,0
1789894260000,1,1,3121,2950,0
1789894320000,10,9,3121,2950,0
1789894380000,9,9,9,18,0
1789894440000,9,9,9,18,0
1789894500000,10,10,10,18,0
1789894560000,10,10,10,19,0
1789894620000,27,9,3121,43243,0
1789894680000,18,9,10,19,0
1789894740000,29,10,3121,2950,0
1789894800000,11,11,11,28,0
1789894860000,11,11,3121,2950,0
1789894920000,28,10,3121,2950,0
1789894980000,19,10,3121,2950,0
1789895040000,28,10,3121,2950,0
1789895100000,20,11,3121,2950,0
1789895160000,20,11,3121,2950,0
1789895220000,9,9,12,39,0
1789895280000,19,10,3121,2950,0
1789895340000,9,9,12,39,0
1789895400000,10,10,13,39,0
1789895460000,10,10,13,40,0
1789895520000,9,9,13,40,0
1789895580000,9,9,13,40,0
1789895640000,11,10,3121,43224,0
1789895700000,13,12,3121,43223,0
1789895760000,12,11,3121,43223,0
1789895820000,10,10,3121,2950,0
1789895880000,11,10,3121,43223,0
1789895940000,30,11,3121,43222,0
1789896000000,21,12,3121,2950,0
1789896060000,42,14,3121,2950,0
1789896120000,31,13,3121,2950,0
1789896180000,30,12,3121,2950,0
1789896240000,51,12,3121,2950,0
1789896300000,32,14,3121,2950,0
1789896360000,11,11,3121,2950,0
1789896420000,10,10,3121,2950,0
1789896480000,9,9,16,52,0
1789896540000,9,9,16,52,0
1789896600000,10,10,17,52,0
1789896660000,10,10,17,53,0
1789896720000,12,11,3121,2950,0
1789896780000,11,11,3121,2950,0
1789896840000,15,12,3121,2950,0
1789896900000,12,11,18,54,0
1789896960000,13,12,3121,2950,0
1789897020000,13,12,3121,2950,0
1789897080000,13,12,3121,2950,0
1789897140000,11,11,3121,2950,0
1789897200000,14,13,3121,2950,0
1789897260000,14,13,3121,2950,0
1789897320000,11,11,3121,2950,0
1789897380000,15,14,3121,2950,0
1789897440000,11,11,19,57,0
1789897500000,12,12,20,57,0
1789897560000,15,14,20,59,0
1789897620000,14,14,20,59,0
1789897680000,13,13,20,59,0
1789897740000,13,13,20,59,0
1789897800000,16,15,21,60,0
1789897860000,15,15,21,61,0
1789897920000,13,13,21,61,0
1789897980000,14,14,21,61,0
1789898040000,14,14,21,61,0
1789898100000,15,15,22,61,0
1789898160000,17,16,3121,43207,0
1789898220000,16,15,3121,43207,0
1789898280000,14,14,22,62,0
1789898340000,14,14,22,62,0
1789898400000,15,15,23,62,0
1789898460000,21,16,3121,43207,0
1789898520000,19,16,3121,43207,0
1789898580000,15,15,3121,2950,0
1789898640000,19,16,3121,2950,0
1789898700000,17,16,24,63,0
1789898760000,18,16,3121,2950,0
1789898820000,34,15,3121,2950,0
1789898880000,25,15,3121,2950,0
1789898940000,23,14,24,74,0
1789899000000,24,15,3121,2950,0
1789899060000,24,15,3121,2950,0
1789899120000,23,14,3121,2950,0
1789899180000,23,14,3121,2950,0
1789899240000,14,14,25,75,0
1789899300000,30,17,3121,2950,0
1789899360000,18,17,26,76,0
1789899420000,15,14,26,77,0
1789899480000,17,16,3121,2950,0
1789899540000,32,14,3121,43191,0
1789899600000,37,16,3121,2950,0
1789899660000,44,16,3121,2950,0
1789899720000,14,14,27,87,0
1789899780000,23,14,3121,2950,0
1789899840000,14,14,27,87,0
1789899900000,15,15,28,87,0
1789899960000,15,15,28,88,0
1789900020000,14,14,28,88,0
1789900080000,14,14,28,88,0
1789900140000,14,14,28,88,0
1789900200000,17,15,3121,43182,0
1789900260000,17,15,3121,43182,0
1789900320000,14,14,29,89,0
1789900380000,14,14,29,89,0
1789900440000,14,14,29,89,0
1789900500000,17,16,3121,43182,0
1789900560000,16,16,30,90,0
1789900620000,17,16,3121,2950,0
1789900680000,17,16,3121,2950,0
1789900740000,15,15,3121,2950,0
1789900800000,54,17,3121,2950,0
1789900860000,54,17,3121,2950,0
1789900920000,16,15,3121,43181,0
1789900980000,17,16,3121,43181,0
1789901040000,14,14,31,91,0
1789901100000,18,17,3121,2950,0
1789901160000,17,16,3121,43180,0
1789901220000,15,15,32,92,0
1789901280000,15,15,3121,2950,0
1789901340000,16,15,3121,2950,0
1789901400000,16,16,33,92,0
1789901460000,15,15,33,93,0
1789901520000,14,14,33,93,0
1789901580000,16,14,3121,43179,0
1789901640000,16,14,3121,43179,0
1789901700000,18,17,3121,2950,0
1789901760000,19,18,3121,2950,0
1789901820000,16,16,3121,2950,0
1789901880000,16,16,3121,2950,0
1789901940000,58,20,3121,2950,0
1789902000000,27,18,36,94,0
1789902060000,58,22,3121,2950,0
1789902120000,47,20,3121,2950,0
1789902180000,14,14,36,105,0
1789902240000,47,20,3121,2950,0
1789902300000,15,15,37,105,0
1789902360000,17,16,3121,43166,0
1789902420000,15,15,37,106,0
1789902480000,15,15,3121,2950,0
1789902540000,14,14,37,106,0
1789902600000,15,15,38,106,0
1789902660000,15,15,38,107,0
1789902720000,14,14,38,107,0
1789902780000,14,14,38,107,0
1789902840000,14,14,38,107,0
1789902900000,16,16,40,107,0
1789902960000,18,17,3121,43165,0
1789903020000,15,15,40,109,0
1789903080000,15,15,3121,2950,0
1789903140000,16,15,3121,43164,0
1789903200000,21,19,3121,2950,0
1789903260000,18,18,3121,2950,0
1789903320000,14,14,41,110,0
1789903380000,16,16,3121,2950,0
1789903440000,16,16,3121,2950,0
1789903500000,17,17,3121,2950,0
1789903560000,15,15,42,111,0
1789903620000,14,14,42,111,0
1789903680000,14,14,42,111,0
1789903740000,14,14,42,111,0
1789903800000,22,20,3121,2950,0
1789903860000,26,23,3121,2950,0
1789903920000,24,21,3121,2950,0
1789903980000,23,21,3121,2950,0
1789904040000,14,14,44,114,0
1789904100000,28,24,3121,2950,0
1789904160000,17,17,45,115,0
1789904220000,16,16,3121,2950,0
1789904280000,14,14,45,115,0
1789904340000,14,14,45,115,0
1789904400000,17,15,3121,43157,0
1789904460000,17,15,3121,43157,0
1789904520000,14,14,46,116,0
1789904580000,14,14,46,116,0
1789904640000,14,14,46,116,0
1789904700000,16,16,48,116,0
1789904760000,16,16,48,118,0
1789904820000,14,14,48,118,0
1789904880000,16,14,3121,43157,0
1789904940000,15,14,48,118,0
1789905000000,17,15,3121,2950,0
1789905060000,16,15,3121,2950,0
1789905120000,24,21,3121,2950,0
1789905180000,25,21,3121,2950,0
1789905240000,24,22,3121,2950,0
1789905300000,25,22,3121,2950,0
1789905360000,17,16,3121,2950,0
1789905420000,17,15,3121,43155,0
1789905480000,16,14,3121,43154,0
1789905540000,15,15,3121,2950,0
1789905600000,22,19,3121,43154,0
1789905660000,20,20,3121,2950,0
1789905720000,18,18,3121,2950,0
1789905780000,14,14,51,122,0
1789905840000,18,18,3121,2950,0
1789905900000,15,15,52,122,0
1789905960000,17,15,3121,43151,0
1789906020000,15,14,52,123,0
1789906080000,14,13,52,124,0
1789906140000,14,13,3121,2950,0
1789906200000,14,14,52,124,0
1789906260000,14,14,52,124,0
1789906320000,13,12,3121,2950,0
1789906380000,18,16,3121,2950,0
1789906440000,19,16,3121,2950,0
1789906500000,16,16,54,124,0
1789906560000,19,17,3121,2950,0
1789906620000,19,17,3121,2950,0
1789906680000,17,17,3121,2950,0
1789906740000,21,21,3121,2950,0
1789906800000,26,24,3121,2950,0
1789906860000,24,24,3121,2950,0
1789906920000,14,14,55,127,0
1789906980000,14,14,55,127,0
1789907040000,23,22,3121,2950,0
1789907100000,23,23,3121,2950,0
1789907160000,23,23,3121,2950,0
1789907220000,14,14,56,128,0
1789907280000,22,22,3121,2950,0
1789907340000,22,22,3121,2950,0
1789907400000,28,26,3121,2950,0
1789907460000,26,26,3121,2950,0
1789907520000,24,24,3121,2950,0
1789907580000,14,14,58,130,0
1789907640000,24,24,3121,2950,0
1789907700000,15,15,59,130,0
1789907760000,15,15,59,131,0
1789907820000,14,14,59,131,0
1789907880000,14,14,59,131,0
1789907940000,14,14,59,131,0
1789908000000,15,15,60,131,0
1789908060000,17,16,3121,43144,0
1789908120000,16,15,3121,43144,0
1789908180000,14,14,60,132,0
1789908240000,14,14,60,132,0
1789908300000,15,15,61,132,0
1789908360000,17,16,3121,43144,0
1789908420000,15,15,61,133,0
1789908480000,15,15,3121,2950,0
1789908540000,15,15,3121,2950,0
1789908600000,15,15,62,133,0
1789908660000,16,16,3121,2950,0
1789908720000,16,15,3121,2950,0
1789908780000,19,17,3121,2950,0
1789908840000,17,17,3121,2950,0
1789908900000,18,18,3121,2950,0
1789908960000,19,18,3121,2950,0
1789909020000,14,14,63,135,0
1789909080000,14,14,63,135,0
1789909140000,20,18,3121,2950,0
1789909200000,21,19,3121,2950,0
1789909260000,17,15,3121,43139,0
1789909320000,42,26,3121,2950,0
1789909380000,31,24,3121,2950,0
1789909440000,27,24,3121,2950,0
1789909500000,32,27,3121,2950,0
1789909560000,42,26,3121,2950,0
1789909620000,108,57,3121,2950,0
1789909680000,34,23,3121,2950,0
1789909740000,94,57,66,184,0
1789909800000,58,58,67,184,0
1789909860000,59,59,67,185,0
1789909920000,58,57,67,186,0
1789909980000,59,58,67,186,0
1789910040000,59,58,3121,2950,0
1789910100000,60,60,3121,2950,0
1789910160000,61,60,69,189,0
1789910220000,67,64,69,192,0
1789910280000,65,65,69,192,0
1789910340000,65,65,69,192,0
1789910400000,68,66,3121,43129,0
1789910460000,66,66,70,193,0
1789910520000,62,62,70,193,0
1789910580000,62,62,70,193,0
1789910640000,62,62,70,193,0
1789910700000,69,65,3121,43129,0
1789910760000,63,61,3121,2950,0
1789910820000,67,64,3121,2950,0
1789910880000,64,62,3121,43127,0
1789910940000,71,65,3121,43126,0
1789911000000,72,67,3121,2950,0
1789911060000,75,67,3121,2950,0
1789911120000,70,65,3121,2950,0
1789911180000,75,66,3121,2950,0
1789911240000,70,66,3121,2950,0
1789911300000,71,67,3121,2950,0
1789911360000,66,66,74,202,0
1789911420000,65,65,74,202,0
1789911480000,65,65,74,202,0
1789911540000,79,68,3121,43121,0
1789911600000,76,69,3121,43117,0
1789911660000,75,68,3121,43117,0
1789911720000,75,68,3121,2950,0
1789911780000,71,65,3121,2950,0
1789911840000,73,67,3121,2950,0
1789911900000,68,67,3121,2950,0
1789911960000,71,68,3121,2950,0
1789912020000,60,58,3121,2950,0
1789912080000,58,58,77,210,0
1789912140000,58,58,77,210,0
1789912200000,59,59,78,210,0
1789912260000,58,58,78,210,0
1789912320000,68,63,3121,2950,0
1789912380000,66,62,3121,2950,0
1789912440000,60,59,3121,2950,0
1789912500000,62,60,3121,2950,0
1789912560000,62,61,3121,2950,0
1789912620000,58,58,79,213,0
1789912680000,58,58,79,213,0
1789912740000,58,58,79,213,0
1789912800000,150,72,3121,2950,0
1789912860000,73,72,3121,2950,0
1789912920000,55,29,3121,2950,0
1789912980000,20,18,3121,2950,0
1789913040000,20,18,3121,2950,0
1789913100000,35,19,81,231,0
1789913160000,19,19,81,231,0
1789913220000,15,15,81,231,0
1789913280000,15,15,81,231,0
1789913340000,19,19,81,231,0
1789913400000,56,26,3121,43102,0
1789913460000,51,36,82,232,0
1789913520000,65,35,3121,2950,0
1789913580000,161,72,3121,2950,0
1789913640000,72,72,82,247,0
1789913700000,93,76,3121,2950,0
1789913760000,174,82,3121,2950,0
1789913820000,137,81,3121,2950,0
1789913880000,118,81,84,287,0
1789913940000,140,81,3121,2950,0
1789914000000,201,82,3121,2950,0
1789914060000,219,82,3121,43046,0
1789914120000,120,79,3121,2950,0
1789914180000,119,81,85,329,0
1789914240000,118,80,3121,2950,0
1789914300000,124,83,3121,2950,0
1789914360000,82,82,86,330,0
1789914420000,78,78,86,330,0
1789914480000,115,78,3121,2950,0
1789914540000,78,78,86,330,0
1789914600000,86,80,3121,43005,0
1789914660000,87,82,3121,43003,0
1789914720000,124,83,3121,2950,0
1789914780000,147,80,3121,2950,0
1789914840000,103,73,3121,43001,0
1789914900000,120,83,3121,2950,0
1789914960000,124,82,3121,2950,0
1789915020000,86,81,3121,2950,0
1789915080000,35,35,89,333,0
1789915140000,125,80,3121,2950,0
1789915200000,81,81,90,333,0
1789915260000,42,37,3121,43001,0
1789915320000,38,36,90,334,0
1789915380000,32,27,3121,2950,0
1789915440000,26,26,90,336,0
1789915500000,41,39,3121,2950,0
1789915560000,38,38,3121,2950,0
1789915620000,20,20,3121,2950,0
1789915680000,23,23,3121,2950,0
1789915740000,21,19,3121,42997,0
1789915800000,24,24,3121,2950,0
1789915860000,22,20,3121,42997,0
1789915920000,19,19,93,339,0
1789915980000,19,19,3121,2950,0
1789916040000,4,4,3121,2950,0
1789916100000,5,5,3121,2950,0
1789916160000,1,1,94,340,0
1789916220000,4,4,3121,2950,0
1789916340000,15,15,94,340,0
1789916400000,5,5,3121,2950,0
1789916460000,52,34,3121,2950,0
1789916520000,28,14,95,354,0
1789916580000,38,34,3121,2950,0
1789916700000,1,1,96,354,0
1789916760000,1,1,96,355,0
1789916820000,48,22,3121,2950,0
1789916880000,24,22,96,355,0
1789916940000,14,14,96,355,0
1789917000000,1,1,97,355,0
1789917060000,1,1,97,356,0
1789917120000,14,14,97,356,0
1789917180000,14,14,97,356,0
1789917240000,14,14,97,356,0
1789917300000,17,16,3121,42990,0
1789917360000,4,3,3121,42990,0
1789917480000,1,1,98,357,0
1789917540000,1,1,3121,2950,0
1789917600000,1,1,3121,2950,0
1789917660000,14,14,98,357,0
1789917720000,14,14,98,357,0
1789917780000,14,14,98,357,0
1789917840000,14,14,98,357,0
1789917900000,14,14,98,357,0
1789917960000,14,14,98,357,0
1789918020000,42,14,3121,42988,0
1789918080000,28,14,98,357,0
1789918140000,57,29,3121,2950,0
1789918200000,45,31,3121,2950,0
1789918260000,16,16,100,373,0
1789918320000,14,14,100,373,0
1789918380000,14,14,100,373,0
1789918440000,14,14,100,373,0
1789918500000,15,15,101,373,0
1789918560000,15,15,101,374,0
1789918620000,14,14,101,374,0
1789918680000,18,16,3121,42974,0
1789918740000,16,16,101,374,0
1789918860000,16,16,3121,2950,0
1789918980000,4,2,3121,2950,0
1789919040000,2,2,101,374,0
1789919100000,2,2,3121,2950,0
1789919160000,3,2,3121,2950,0
1789919220000,2,2,3121,2950,0
1789919340000,3,2,3121,2950,0
1789919400000,3,2,3121,2950,0
1789919520000,2,1,3121,42972,0
1789919580000,2,1,3121,42972,0
1789919640000,3,1,3121,2950,0
1789919700000,1,1,3121,2950,0
1789919760000,1,1,3121,2950,0
1789919880000,2,1,3121,2950,0
1789919940000,2,1,102,376,0
1789920000000,6,4,3121,42972,0
1789920060000,4,4,103,377,0
1789920120000,3,3,3121,2950,0
1789920180000,3,3,3121,2950,0
1789920240000,1,1,103,377,0
1789920300000,2,2,104,377,0
1789920360000,2,2,104,378,0
1789920420000,18,9,3121,2950,0
1789920480000,4,2,104,380,0
1789920540000,3,3,3121,2950,0
1789920660000,1,1,3121,2950,0
1789920780000,1,1,3121,2950,0
1789920900000,1,1,3121,2950,0
1789921020000,1,1,3121,2950,0
1789921680000,1,1,3121,2950,0
1789921740000,1,1,3121,2950,0
1789921980000,2,1,3121,2950,0
1789922040000,1,1,104,380,0
1789923000000,1,1,105,380,0
1789923060000,1,1,105,381,0
1789923300000,2,1,3121,42967,0
1789923360000,2,1,3121,42967,0
1789923600000,2,1,3121,42967,0
1789923660000,2,1,3121,42967,0
1789923900000,1,1,106,381,0
1789923960000,1,1,106,382,0
1789924140000,2,1,3121,42967,0
1789924200000,2,2,107,382,0
1789924260000,2,2,3121,2950,0
1789924320000,1,1,3121,2950,0
1789924380000,1,1,3121,2950,0
1789924500000,2,2,3121,2950,0
1789924560000,3,2,3121,42966,0
1789924620000,2,1,3121,42966,0
1789924800000,4,2,3121,42966,0
1789924860000,2,2,108,384,0
1789924920000,2,2,3121,2950,0
1789924980000,2,2,3121,2950,0
1789925040000,2,1,3121,2950,0
1789925100000,1,1,108,384,0
1789925400000,1,1,109,384,0
1789925460000,1,1,109,385,0
1789925760000,4,2,3121,2950,0
1789925820000,2,2,3121,2950,0
1789925880000,2,2,3121,2950,0
1789926000000,4,2,3121,2950,0
1789926780000,2,1,3121,42964,0
1789926840000,1,1,109,385,0
1789926900000,2,2,3121,2950,0
1789926960000,3,2,3121,2950,0
1789927020000,1,1,110,386,0
1789927200000,2,2,112,386,0
1789927260000,2,2,112,388,0
1789927500000,1,1,113,388,0
1789927560000,1,1,113,389,0
1789927620000,2,1,3121,42963,0
1789927680000,5,3,3121,42962,0
1789927740000,2,2,113,389,0
1789927800000,2,2,3121,2950,0
1789927860000,3,3,3121,2950,0
1789928100000,2,2,116,390,0
1789928160000,7,6,3121,2950,0
1789928220000,4,4,3121,2950,0
1789928280000,4,4,3121,2950,0
1789928340000,4,4,3121,2950,0
1789928400000,5,5,3121,2950,0
1789928460000,1,1,117,393,0
1789928520000,4,2,3121,42959,0
1789928580000,2,2,117,393,0
1789928640000,2,2,3121,2950,0
1789928700000,1,1,118,393,0
1789928760000,13,8,3121,2950,0
1789928820000,5,5,3121,2950,0
1789928880000,9,5,3121,2950,0
1789928940000,1,1,3121,2950,0
1789929000000,1,1,3121,2950,0
1789929120000,1,1,3121,2950,0
1789929240000,2,1,3121,42956,0
1789929300000,2,2,119,394,0
1789929360000,2,2,3121,2950,0
1789929420000,1,1,3121,2950,0
1789929480000,2,1,3121,2950,0
1789929540000,3,2,3121,2950,0
1789929600000,5,3,3121,2950,0
1789929660000,1,1,120,396,0
1789929900000,1,1,121,396,0
1789929960000,3,2,3121,42955,0
1789930020000,1,1,121,397,0
1789930080000,3,3,3121,2950,0
1789930140000,3,3,3121,2950,0
1789930200000,4,4,3121,2950,0
1789930260000,4,4,3121,2950,0
1789930320000,3,3,3121,2950,0
1789930380000,3,3,3121,2950,0
1789930500000,1,1,123,398,0
1789930560000,3,2,3121,42954,0
1789930620000,2,1,3121,42954,0
1789930680000,2,1,3121,42954,0
1789930740000,4,4,3121,2950,0
1789930800000,6,6,3121,2950,0
1789930860000,2,2,125,401,0
1789930920000,4,2,3121,42953,0
1789930980000,2,2,125,401,0
1789931040000,2,2,3121,2950,0
1789931100000,3,3,3121,2950,0
1789931160000,3,3,3121,2950,0
1789931400000,1,1,127,402,0
1789931460000,1,1,127,403,0
1789931640000,6,3,3121,42951,0
1789931700000,7,5,3121,42950,0
1789931760000,3,3,3121,2950,0
1789931820000,1,1,3121,2950,0
1789931880000,1,1,3121,2950,0
1789931940000,4,2,3121,42950,0
1789932000000,7,5,3121,42948,0
1789932060000,5,5,3121,2950,0
1789932120000,4,4,3121,2950,0
1789932300000,1,1,131,406,0
1789932360000,1,1,131,407,0
1789932540000,8,6,3121,2950,0
1789932600000,10,10,3121,2950,0
1789932660000,10,10,3121,2950,0
1789932720000,12,10,3121,2950,0
1789932780000,10,10,3121,2950,0
1789932840000,10,10,3121,2950,0
1789932900000,1,1,134,409,0
1789932960000,11,11,3121,2950,0
1789933020000,10,10,3121,2950,0
1789933140000,10,10,3121,2950,0
1789933200000,3,2,3121,42942,0
1789933260000,3,2,3121,42942,0
1789933500000,2,2,137,411,0
1789933560000,4,3,3121,42942,0
1789933620000,23,12,3121,2950,0
1789933680000,12,11,3121,42941,0
1789933740000,1,1,3121,2950,0
1789933800000,1,1,138,413,0
1789933920000,1,1,138,414,0
1789933980000,6,3,3121,42941,0
1789934040000,6,4,3121,2950,0
1789934100000,4,3,3121,42939,0
1789934160000,4,4,3121,2950,0
1789934220000,5,3,3121,2950,0
1789934280000,3,3,3121,2950,0
1789934340000,1,1,3121,2950,0
1789934400000,4,4,3121,2950,0
1789934460000,4,3,3121,42936,0
1789934520000,1,1,141,417,0
1789934580000,1,1,3121,2950,0
1789934640000,2,1,3121,2950,0
1789934700000,6,4,3121,2950,0
1789934760000,7,4,3121,2950,0
1789935000000,1,1,143,418,0
1789935060000,4,4,3121,2950,0
1789935120000,3,3,3121,2950,0
1789935240000,6,3,3121,2950,0
1789935300000,5,5,3121,2950,0
1789935360000,7,6,3121,2950,0
1789935420000,7,4,3121,2950,0
1789935480000,1,1,3121,2950,0
1789935540000,1,1,3121,2950,0
1789935600000,2,2,3121,2950,0
1789935660000,2,2,3121,2950,0
1789935720000,1,1,3121,2950,0
1789935900000,8,5,3121,2950,0
1789935960000,8,5,3121,2950,0
1789936200000,2,2,149,423,0
1789936320000,2,2,149,425,0
1789936380000,2,1,3121,42934,0
1789936440000,1,1,149,425,0
1789936500000,1,1,150,425,0
1789936560000,4,3,3121,2950,0
1789936620000,6,4,3121,2950,0
1789936680000,5,5,3121,2950,0
1789936800000,6,6,3121,2950,0
1789936860000,1,1,151,427,0
1789936920000,4,2,3121,42930,0
1789936980000,2,2,151,427,0
1789937100000,4,4,3121,2950,0
1789937160000,10,7,3121,2950,0
1789937220000,12,7,3121,2950,0
1789937280000,4,2,3121,42928,0
1789937400000,1,1,154,429,0
1789937460000,5,3,3121,42928,0
1789937520000,2,2,154,430,0
1789937640000,9,8,3121,2950,0
1789937700000,10,9,3121,2950,0
1789937760000,1,1,155,431,0
1789938000000,2,2,157,431,0
1789938060000,57,29,3121,2950,0
1789938120000,29,22,3121,2950,0
1789938180000,54,50,3121,2950,0
1789938240000,23,21,3121,2950,0
1789938300000,10,10,158,438,0
1789938360000,10,10,158,439,0
1789938420000,8,8,158,439,0
1789938480000,9,9,158,439,0
1789938540000,21,9,3121,42919,0
1789938600000,44,31,159,439,0
1789938660000,185,116,3121,2950,0
1789938720000,128,68,3121,2950,0
1789938780000,76,48,3121,42911,0
1789938840000,49,34,159,456,0
1789938900000,66,37,3121,2950,0
1789938960000,59,41,3121,2950,0
1789939020000,41,40,3121,2950,0
1789939080000,40,40,3121,2950,0
1789939140000,40,40,3121,2950,0
1789939200000,27,27,162,478,0
1789939260000,53,43,3121,2950,0
1789939320000,31,27,162,479,0
1789939380000,30,26,162,483,0
1789939440000,48,42,3121,2950,0
1789939500000,49,43,3121,2950,0
1789939560000,27,27,163,484,0
1789939620000,26,26,163,484,0
1789939680000,26,26,163,484,0
1789939740000,26,26,163,484,0
1789939800000,28,28,165,484,0
1789939860000,28,28,165,486,0
1789939920000,39,39,3121,2950,0
1789939980000,25,25,165,486,0
1789940040000,44,42,3121,2950,0
1789940100000,29,29,166,486,0
1789940160000,29,29,3121,2950,0
1789940220000,28,28,3121,2950,0
1789940280000,25,25,166,487,0
1789940340000,25,25,166,487,0
1789940400000,31,29,3121,2950,0
1789940460000,31,30,3121,2950,0
1789940520000,31,29,3121,2950,0
1789940580000,39,30,3121,2950,0
1789940640000,53,46,3121,2950,0
1789940700000,56,43,3121,42887,0
1789940760000,42,35,3121,2950,0
1789940820000,27,27,169,490,0
1789940880000,27,27,3121,2950,0
1789940940000,25,25,169,490,0
1789941000000,30,28,3121,2950,0
1789941060000,42,42,3121,2950,0
1789941120000,28,26,3121,42886,0
1789941180000,41,41,3121,2950,0
1789941240000,26,26,170,491,0
1789941300000,31,29,3121,42886,0
1789941360000,31,29,3121,42886,0
1789941420000,30,28,3121,42886,0
1789941480000,28,28,171,492,0
1789941540000,27,27,3121,2950,0
1789941600000,69,68,3121,2950,0
1789941660000,49,47,3121,2950,0
1789941720000,58,45,3121,2950,0
1789941780000,34,30,173,494,0
1789941840000,28,27,3121,42884,0
1789941900000,28,28,174,494,0
1789941960000,27,27,3121,2950,0
1789942020000,88,65,3121,2950,0
1789942080000,57,57,3121,2950,0
1789942140000,57,57,3121,2950,0
1789942200000,58,58,3121,2950,0
1789942260000,58,58,3121,2950,0
1789942320000,65,60,3121,2950,0
1789942380000,63,61,3121,2950,0
1789942440000,63,61,3121,2950,0
1789942500000,67,63,3121,2950,0
1789942560000,42,42,177,521,0
1789942620000,42,41,3121,42881,0
1789942680000,41,41,177,521,0
1789942740000,41,41,3121,2950,0
1789942800000,42,42,3121,2950,0
1789942860000,42,42,3121,2950,0
1789942920000,41,41,3121,2950,0
1789942980000,40,40,178,522,0
1789943040000,40,40,178,522,0
1789943100000,41,41,179,522,0
1789943160000,41,41,179,523,0
1789943220000,40,40,179,523,0
1789943280000,40,40,179,523,0
1789943340000,40,40,179,523,0
1789943400000,42,42,181,523,0
1789943460000,42,42,181,525,0
1789943520000,40,40,181,525,0
1789943580000,40,40,181,525,0
1789943640000,40,40,181,525,0
1789943700000,45,43,3121,42880,0
1789943760000,43,43,182,526,0
1789943820000,42,42,3121,2950,0
1789943880000,46,44,3121,2950,0
1789943940000,44,44,3121,2950,0
1789944000000,45,45,3121,2950,0
1789944060000,41,41,183,527,0
1789944120000,40,40,183,527,0
1789944180000,42,41,3121,42876,0
1789944240000,43,42,3121,42875,0
1789944300000,44,43,3121,42875,0
1789944360000,43,43,3121,2950,0
1789944420000,40,40,185,529,0
1789944480000,40,40,185,529,0
1789944540000,40,40,185,529,0
1789944600000,43,42,3121,42875,0
1789944660000,46,44,3121,2950,0
1789944720000,43,43,3121,2950,0
1789944780000,40,40,186,530,0
1789944840000,40,40,186,530,0
1789944900000,41,41,187,530,0
1789944960000,41,41,187,531,0
1789945020000,40,40,187,531,0
1789945080000,40,40,187,531,0
1789945140000,40,40,187,531,0
1789945200000,43,43,190,531,0
1789945260000,43,43,190,534,0
1789945320000,40,40,190,534,0
1789945380000,40,40,190,534,0
1789945440000,44,42,3121,42874,0
1789945500000,43,43,191,534,0
1789945560000,43,43,3121,2950,0
1789945620000,40,40,191,535,0
1789945680000,42,42,3121,2950,0
1789945740000,46,43,3121,42872,0
1789945800000,44,44,192,535,0
1789945860000,44,44,3121,2950,0
1789945920000,45,44,3121,2950,0
1789945980000,42,41,3121,42869,0
1789946040000,43,43,3121,2950,0
1789946100000,42,42,194,536,0
1789946160000,42,42,194,538,0
1789946220000,40,40,194,538,0
1789946280000,40,40,194,538,0
1789946340000,44,42,3121,42869,0
1789946400000,43,43,195,538,0
1789946460000,43,43,3121,2950,0
1789946520000,42,42,3121,2950,0
1789946580000,49,46,3121,2950,0
1789946640000,113,83,3121,2950,0
1789946700000,117,84,3121,2950,0
1789946760000,63,63,196,562,0
1789946820000,62,62,196,562,0
1789946880000,62,62,196,562,0
1789946940000,64,63,3121,42858,0
1789947000000,65,65,198,562,0
1789947060000,64,64,198,564,0
1789947120000,63,63,3121,2950,0
1789947180000,62,62,198,564,0
1789947240000,62,62,198,564,0
1789947300000,69,65,3121,2950,0
1789947360000,66,65,199,565,0
1789947420000,62,62,199,565,0
1789947480000,108,63,3121,42857,0
1789947540000,107,63,3121,42856,0
1789947600000,108,64,3121,2950,0
1789947660000,108,64,3121,2950,0
1789947720000,63,63,3121,2950,0
1789947780000,62,62,200,566,0
1789947840000,62,62,200,566,0
1789947900000,66,65,3121,42856,0
1789947960000,111,66,3121,2950,0
1789948020000,85,63,202,568,0
1789948080000,107,63,3121,2950,0
1789948140000,62,62,202,590,0
1789948200000,117,83,3121,2950,0
1789948260000,90,83,203,591,0
1789948320000,106,62,3121,42833,0
1789948380000,106,62,3121,2950,0
1789948440000,133,65,3121,2950,0
1789948500000,110,66,3121,2950,0
1789948560000,65,65,3121,2950,0
1789948620000,64,64,3121,2950,0
1789948680000,111,66,3121,2950,0
1789948740000,111,66,3121,2950,0
1789948800000,111,66,3121,42809,0
1789948860000,86,76,207,617,0
1789948920000,36,36,207,617,0
1789948980000,99,73,3121,2950,0
1789949040000,88,69,3121,2950,0
1789949100000,61,57,3121,2950,0
1789949160000,106,81,3121,2950,0
1789949220000,84,61,3121,2950,0
1789949280000,45,45,208,650,0
1789949340000,44,44,208,650,0
1789949400000,45,45,209,650,0
1789949460000,53,53,209,651,0
1789949520000,63,62,3121,2950,0
1789949580000,2,1,209,652,0
1789949640000,1,1,209,652,0
1789949700000,18,18,3121,2950,0
1789949760000,36,19,3121,2950,0
1789949820000,18,18,210,653,0
1789949880000,1,1,210,653,0
1789949940000,2,1,210,653,0
1789950120000,1,1,210,653,0
1789950180000,1,1,210,653,0
1789950300000,1,1,210,653,0
1789950480000,1,1,210,653,0
1789950600000,2,2,211,653,0
1789950660000,1,1,211,654,0
1789950720000,1,1,211,654,0
1789950780000,2,1,211,655,0
1789950840000,2,2,211,655,0
1789950900000,2,2,211,655,0
1789950960000,3,1,3121,42780,0
1789951020000,1,1,211,655,0
1789951080000,3,1,3121,42780,0
1789951140000,2,2,211,655,0
1789951200000,1,1,211,655,0
1789951260000,2,2,211,655,0
1789951320000,2,2,211,655,0
1789951380000,2,2,211,655,0
1789951440000,2,2,211,655,0
1789951500000,2,2,212,655,0
1789951560000,3,2,3121,42780,0
1789951620000,1,1,212,656,0
1789951680000,1,1,212,656,0
1789951740000,2,2,3121,2950,0
1789951800000,4,2,3121,42779,0
1789951860000,4,2,3121,42779,0
1789951920000,2,1,212,656,0
1789951980000,4,2,212,657,0
1789952040000,4,2,3121,2950,0
1789952100000,3,1,3121,2950,0
1789952160000,3,2,3121,2950,0
1789952220000,7,2,3121,2950,0
1789952280000,3,2,212,658,0
1789952340000,4,2,3121,2950,0
1789952400000,5,4,3121,2950,0
1789952460000,5,4,3121,2950,0
1789952520000,2,2,214,661,0
1789952580000,3,2,3121,2950,0
1789952640000,6,2,3121,42776,0
1789952700000,3,2,214,661,0
1789952760000,4,2,3121,2950,0
1789952820000,3,2,3121,2950,0
1789952880000,3,2,3121,2950,0
1789952940000,2,2,3121,2950,0
1789953000000,2,2,3121,2950,0
1789953120000,2,2,3121,2950,0
1789953180000,4,2,3121,2950,0
1789953240000,2,2,214,662,0
1789953300000,1,1,215,662,0
1789953360000,1,1,215,663,0
1789953480000,1,1,215,663,0
1789953540000,3,2,3121,42775,0
1789953600000,3,2,3121,42775,0
1789953660000,12,5,3121,2950,0
1789953720000,2,2,3121,2950,0
1789953780000,2,2,3121,2950,0
1789953840000,9,5,215,667,0
1789953900000,4,4,215,667,0
1789953960000,12,7,3121,42771,0
1789954020000,9,7,3121,2950,0
1789954080000,52,51,215,669,0
1789954140000,9,7,3121,2950,0
1789954200000,9,9,217,669,0
1789954260000,9,9,217,671,0
1789954320000,164,111,3121,2950,0
1789954380000,119,71,3121,2950,0
1789954440000,76,75,217,677,0
1789954500000,72,72,218,677,0
1789954560000,72,72,218,678,0
1789954620000,71,71,218,678,0
1789954680000,71,71,218,678,0
1789954740000,71,71,218,678,0
1789954800000,72,72,219,678,0
1789954860000,72,72,219,679,0
1789954920000,71,71,219,679,0
1789954980000,59,59,219,679,0
1789955040000,59,59,219,679,0
1789955100000,61,61,221,679,0
1789955160000,75,74,3121,42770,0
1789955220000,76,76,221,681,0
1789955280000,93,77,3121,2950,0
1789955340000,145,113,3121,2950,0
1789955400000,181,114,3121,2950,0
1789955460000,199,125,3121,2950,0
1789955520000,175,115,3121,2950,0
1789955580000,114,113,222,712,0
1789955640000,120,119,3121,2950,0
1789955700000,97,97,223,712,0
1789955760000,213,101,3121,2950,0
1789955820000,170,113,3121,2950,0
1789955880000,115,115,223,714,0
1789955940000,111,111,223,714,0
1789956000000,116,115,3121,42753,0
1789956060000,124,123,3121,42753,0
1789956120000,145,116,3121,42753,0
1789956180000,128,116,226,722,0
1789956240000,140,116,3121,2950,0
1789956300000,117,117,227,734,0
1789956360000,129,117,3121,2950,0
1789956420000,116,116,227,735,0
1789956480000,150,116,3121,42741,0
1789956540000,183,116,3121,2950,0
1789956600000,167,117,3121,2950,0
1789956660000,176,117,3121,2950,0
1789956720000,145,116,3121,2950,0
1789956780000,137,102,3121,2950,0
1789956840000,131,102,3121,2950,0
1789956900000,133,104,3121,2950,0
1789956960000,82,82,230,755,0
1789957020000,178,98,3121,2950,0
1789957080000,134,102,230,755,0
1789957140000,85,81,3121,2950,0
1789957200000,69,69,3121,2950,0
1789957260000,65,65,231,756,0
1789957320000,106,60,3121,2950,0
1789957380000,68,68,3121,2950,0
1789957440000,102,56,3121,42704,0
1789957500000,57,57,232,756,0
1789957560000,57,57,232,757,0
1789957620000,70,69,3121,2950,0
1789957680000,65,65,232,757,0
1789957740000,111,65,3121,2950,0
1789957800000,102,79,3121,2950,0
1789957860000,220,122,3121,2950,0
1789957920000,162,120,3121,2950,0
1789957980000,131,116,234,812,0
1789958040000,164,121,3121,2950,0
1789958100000,118,118,235,816,0
1789958160000,182,122,3121,2950,0
1789958220000,215,118,3121,42651,0
1789958280000,182,118,3121,2950,0
1789958340000,197,118,3121,2950,0
1789958400000,172,119,3121,2950,0
1789958460000,155,117,3121,42606,0
1789958520000,129,117,3121,42596,0
1789958580000,129,117,3121,42595,0
1789958640000,127,116,3121,2950,0
1789958700000,170,118,3121,42595,0
1789958760000,170,118,3121,42595,0
1789958820000,153,118,3121,2950,0
1789958880000,131,119,3121,2950,0
1789958940000,139,117,3121,2950,0
1789959000000,130,119,3121,2950,0
1789959060000,117,117,239,896,0
1789959120000,148,116,3121,42582,0
1789959180000,136,118,3121,42567,0
1789959240000,241,120,3121,2950,0
1789959300000,177,101,3121,2950,0
1789959360000,200,101,3121,2950,0
1789959420000,215,120,3121,2950,0
1789959480000,94,88,3121,2950,0
1789959540000,91,88,3121,2950,0
1789959600000,86,83,3121,2950,0
1789959660000,94,91,3121,2950,0
1789959720000,139,89,3121,2950,0
1789959780000,199,100,3121,2950,0
1789959840000,111,65,3121,2950,0
1789959900000,164,92,3121,2950,0
1789959960000,200,101,3121,2950,0
1789960020000,76,76,244,950,0
1789960080000,76,76,244,950,0
1789960140000,80,80,244,950,0
1789960200000,89,89,245,950,0
1789960260000,151,114,3121,42514,0
1789960320000,134,119,3121,42508,0
1789960380000,125,119,3121,2950,0
1789960440000,122,119,3121,2950,0
1789960500000,84,83,3121,42508,0
1789960560000,81,80,3121,42507,0
1789960620000,78,77,3121,42507,0
1789960680000,77,77,3121,2950,0
1789960740000,77,77,3121,2950,0
1789960800000,83,80,3121,42507,0
1789960860000,83,80,3121,42507,0
1789960920000,77,77,3121,2950,0
1789960980000,111,65,3121,2950,0
1789961040000,122,76,3121,42507,0
1789961100000,189,94,3121,2950,0
1789961160000,227,88,3121,2950,0
1789961220000,245,101,3121,2950,0
1789961280000,122,76,3121,42507,0
1789961340000,99,76,249,974,0
1789961400000,112,66,3121,2950,0
1789961460000,192,93,3121,2950,0
1789961520000,145,70,3121,2950,0
1789961580000,57,57,3121,2950,0
1789961640000,59,58,3121,2950,0
1789961700000,63,60,3121,2950,0
1789961760000,61,60,3121,42483,0
1789961820000,58,58,3121,2950,0
1789961880000,59,58,3121,2950,0
1789961940000,60,59,3121,2950,0
1789962000000,61,60,3121,2950,0
1789962060000,58,58,3121,2950,0
1789962120000,56,56,253,1001,0
1789962180000,57,57,3121,2950,0
1789962240000,68,66,3121,2950,0
1789962300000,106,60,3121,42480,0
1789962360000,104,58,3121,42480,0
1789962420000,110,64,3121,2950,0
1789962480000,79,56,255,1003,0
1789962540000,56,56,255,1003,0
1789962600000,71,68,3121,42480,0
1789962660000,80,80,256,1004,0
1789962720000,79,79,3121,2950,0
1789962780000,85,82,3121,2950,0
1789962840000,84,83,3121,2950,0
1789962900000,79,78,3121,42474,0
1789962960000,85,84,3121,2950,0
1789963020000,77,77,257,1005,0
1789963080000,76,76,3121,2950,0
1789963140000,64,64,257,1005,0
1789963200000,82,81,3121,2950,0
1789963260000,69,69,3121,2950,0
1789963320000,56,56,260,1008,0
1789963380000,78,78,3121,2950,0
1789963440000,78,77,3121,42472,0
1789963500000,88,88,3121,2950,0
1789963560000,96,96,3121,2950,0
1789963620000,116,116,261,1009,0
1789963680000,87,87,3121,2950,0
1789963740000,80,80,261,1009,0
1789963800000,89,89,262,1009,0
1789963860000,113,112,3121,42471,0
1789963920000,117,117,262,1010,0
1789963980000,117,117,3121,2950,0
1789964040000,117,117,3121,2950,0
1789964100000,119,119,3121,2950,0
1789964160000,92,91,3121,42470,0
1789964220000,81,81,264,1012,0
1789964280000,116,116,264,1012,0
1789964340000,125,125,3121,2950,0
1789964400000,131,125,3121,2950,0
1789964460000,131,125,3121,2950,0
1789964520000,116,116,265,1013,0
1789964580000,116,116,265,1013,0
1789964640000,122,116,3121,42469,0
1789964700000,136,125,3121,2950,0
1789964760000,130,124,3121,2950,0
1789964820000,120,117,3121,2950,0
1789964880000,118,117,3121,42466,0
1789964940000,89,89,266,1017,0
1789965000000,133,120,3121,2950,0
1789965060000,155,123,3121,2950,0
1789965120000,159,121,3121,2950,0
1789965180000,140,117,3121,42461,0
1789965240000,133,120,3121,2950,0
1789965300000,96,84,3121,2950,0
1789965360000,97,86,3121,2950,0
1789965420000,93,81,3121,2950,0
1789965480000,106,80,3121,2950,0
1789965540000,91,80,3121,2950,0
1789965600000,107,81,3121,2950,0
1789965660000,77,77,270,1035,0
1789965720000,76,76,270,1035,0
1789965780000,76,76,270,1035,0
1789965840000,76,76,270,1035,0
1789965900000,77,77,272,1035,0
1789965960000,77,77,272,1037,0
1789966020000,64,64,272,1037,0
1789966080000,72,69,3121,2950,0
1789966140000,107,61,3121,2950,0
1789966200000,85,62,3121,2950,0
1789966260000,84,59,3121,2950,0
1789966320000,92,69,3121,2950,0
1789966380000,64,64,273,1061,0
1789966440000,68,66,3121,42421,0
1789966500000,80,79,3121,42419,0
1789966560000,80,79,3121,2950,0
1789966620000,64,64,273,1061,0
1789966680000,78,77,3121,42419,0
1789966740000,78,77,3121,42419,0
1789966800000,81,81,3121,2950,0
1789966860000,81,81,3121,2950,0
1789966920000,76,76,276,1064,0
1789966980000,76,76,276,1064,0
1789967040000,78,78,3121,2950,0
1789967100000,81,81,277,1064,0
1789967160000,81,80,3121,2950,0
1789967220000,83,83,3121,2950,0
1789967280000,105,83,3121,2950,0
1789967340000,102,91,3121,2950,0
1789967400000,103,92,3121,2950,0
1789967460000,100,89,3121,2950,0
1789967520000,80,80,278,1077,0
1789967580000,80,80,278,1077,0
1789967640000,80,80,278,1077,0
1789967700000,104,82,3121,42407,0
1789967760000,95,83,3121,42402,0
1789967820000,88,77,280,1090,0
1789967880000,96,81,3121,2950,0
1789967940000,92,81,3121,2950,0
1789968000000,93,82,3121,2950,0
1789968060000,85,81,3121,2950,0
1789968120000,140,82,3121,2950,0
1789968180000,99,71,3121,2950,0
1789968240000,13,13,3121,2950,0
1789968300000,210,84,3121,2950,0
1789968360000,17,15,282,1091,0
1789968420000,189,78,3121,2950,0
1789968480000,191,78,3121,2950,0
1789968540000,12,12,282,1093,0
1789968600000,187,77,3121,2950,0
1789968660000,184,75,3121,2950,0
1789968720000,182,73,3121,2950,0
1789968780000,183,74,3121,2950,0
1789968840000,181,73,3121,2950,0
1789968900000,10,10,284,1094,0
1789968960000,13,12,3121,42382,0
1789969020000,15,14,284,1095,0
1789969080000,13,13,284,1095,0
1789969140000,15,14,3121,2950,0
1789969200000,16,15,3121,2950,0
1789969260000,16,16,3121,2950,0
1789969320000,17,15,3121,2950,0
1789969380000,15,14,285,1097,0
1789969440000,15,14,285,1098,0
1789969500000,21,18,3121,2950,0
1789969560000,17,17,3121,2950,0
1789969620000,20,15,3121,2950,0
1789969680000,35,24,287,1109,0
1789969740000,29,24,3121,2950,0
1789969800000,25,25,288,1112,0
1789969860000,25,25,288,1113,0
1789969920000,24,24,288,1113,0
1789969980000,28,24,3121,42377,0
1789970040000,28,24,3121,42377,0
1789970100000,47,26,3121,2950,0
1789970160000,37,26,3121,2950,0
1789970220000,45,25,3121,2950,0
1789970280000,36,25,3121,2950,0
1789970340000,26,25,3121,42367,0
1789970400000,32,28,3121,42366,0
1789970460000,30,28,3121,2950,0
1789970520000,19,15,3121,2950,0
1789970580000,17,15,3121,2950,0
1789970640000,19,15,3121,2950,0
1789970700000,19,15,3121,2950,0
1789970760000,15,15,293,1129,0
1789970820000,34,27,3121,42364,0
1789970880000,24,17,3121,42363,0
1789970940000,23,17,3121,42361,0
1789971000000,21,18,3121,2950,0
1789971060000,23,19,3121,2950,0
1789971120000,25,20,3121,2950,0
1789971180000,22,19,3121,2950,0
1789971240000,19,15,3121,2950,0
1789971300000,27,21,3121,2950,0
1789971360000,23,21,3121,2950,0
1789971420000,21,19,3121,2950,0
1789971480000,20,19,3121,2950,0
1789971540000,207,85,3121,2950,0
1789971600000,208,86,3121,2950,0
1789971660000,19,19,297,1144,0
1789971720000,18,18,297,1144,0
1789971780000,18,18,297,1144,0
1789971840000,372,81,3121,2950,0
1789971900000,200,86,298,1144,0
1789971960000,19,19,298,1145,0
1789972020000,20,19,298,1145,0
1789972080000,12,11,298,1146,0
1789972140000,11,11,298,1146,0
1789972200000,21,21,300,1146,0
1789972260000,21,21,300,1148,0
1789972320000,19,19,300,1148,0
1789972380000,19,19,300,1148,0
1789972440000,11,11,300,1148,0
1789972500000,20,20,301,1148,0
1789972560000,41,23,3121,42352,0
1789972620000,36,24,3121,42342,0
1789972680000,44,24,3121,2950,0
1789972740000,37,25,3121,2950,0
1789972800000,40,26,3121,2950,0
1789972860000,28,24,302,1160,0
1789972920000,49,35,3121,2950,0
1789972980000,47,35,3121,2950,0
1789973040000,187,99,3121,2950,0
1789973100000,143,101,3121,2950,0
1789973160000,59,37,3121,42338,0
1789973220000,34,24,304,1164,0
1789973280000,42,22,3121,2950,0
1789973340000,32,22,3121,2950,0
1789973400000,21,21,305,1174,0
1789973460000,22,22,305,1175,0
1789973520000,26,22,3121,42326,0
1789973580000,25,23,305,1175,0
1789973640000,29,23,3121,2950,0
1789973700000,28,24,3121,2950,0
1789973760000,24,24,306,1178,0
1789973820000,27,23,3121,42324,0
1789973880000,27,23,3121,2950,0
1789973940000,26,22,3121,2950,0
1789974000000,27,25,3121,2950,0
1789974060000,27,25,3121,2950,0
1789974120000,26,22,3121,2950,0
1789974180000,27,23,3121,2950,0
1789974240000,23,23,308,1182,0
1789974300000,24,24,309,1182,0
1789974360000,28,25,3121,42322,0
1789974420000,25,24,309,1183,0
1789974480000,36,34,3121,2950,0
1789974540000,37,34,3121,2950,0
1789974600000,38,35,3121,2950,0
1789974660000,100,79,3121,2950,0
1789974720000,89,78,3121,2950,0
1789974780000,133,77,3121,42310,0
1789974840000,89,78,3121,2950,0
1789974900000,35,35,312,1195,0
1789974960000,37,35,3121,42310,0
1789975020000,34,33,312,1197,0
1789975080000,35,33,3121,2950,0
1789975140000,34,33,3121,2950,0
1789975200000,24,24,313,1198,0
1789975260000,27,25,3121,2950,0
1789975320000,25,24,3121,2950,0
1789975380000,23,23,3121,2950,0
1789975440000,25,24,3121,2950,0
1789975500000,28,24,3121,42308,0
1789975560000,28,24,3121,42308,0
1789975620000,29,26,3121,2950,0
1789975680000,26,24,3121,42308,0
1789975740000,29,26,3121,2950,0
1789975800000,43,39,3121,42307,0
1789975860000,84,83,3121,2950,0
1789975920000,126,80,3121,2950,0
1789975980000,127,82,3121,2950,0
1789976040000,100,77,3121,2950,0
1789976100000,100,79,3121,42280,0
1789976160000,45,35,317,1204,0
1789976220000,77,57,3121,2950,0
1789976280000,67,57,3121,2950,0
1789976340000,67,57,3121,2950,0
1789976400000,36,35,3121,42269,0
1789976460000,79,79,318,1215,0
1789976520000,107,80,3121,2950,0
1789976580000,98,85,3121,2950,0
1789976640000,96,83,3121,2950,0
1789976700000,84,82,3121,2950,0
1789976760000,81,80,3121,42265,0
1789976820000,77,77,320,1241,0
1789976880000,33,33,320,1241,0
1789976940000,33,33,320,1241,0
1789977000000,34,34,321,1241,0
1789977060000,58,58,3121,2950,0
1789977120000,61,57,3121,2950,0
1789977180000,27,23,3121,42265,0
1789977240000,65,61,3121,2950,0
1789977300000,63,62,3121,2950,0
1789977360000,66,64,3121,2950,0
1789977420000,81,63,3121,2950,0
1789977480000,71,62,3121,2950,0
1789977540000,81,63,3121,2950,0
1789977600000,86,66,3121,2950,0
1789977660000,13,12,323,1253,0
1789977720000,80,67,3121,2950,0
1789977780000,121,81,3121,2950,0
1789977840000,50,28,3121,2950,0
1789977900000,34,33,323,1276,0
1789977960000,99,81,3121,2950,0
1789978020000,71,62,3121,2950,0
1789978080000,73,63,3121,2950,0
1789978140000,73,63,3121,2950,0
1789978200000,27,27,323,1277,0
1789978260000,27,27,323,1277,0
1789978320000,6,6,323,1277,0
1789978380000,6,6,323,1277,0
1789978440000,28,28,323,1277,0
1789978500000,28,28,324,1277,0
1789978560000,30,28,3121,42242,0
1789978620000,7,6,324,1278,0
1789978680000,8,6,3121,2950,0
1789978740000,7,6,3121,2950,0
1789978800000,7,6,3121,2950,0
1789978860000,6,6,3121,2950,0
1789978920000,74,64,3121,2950,0
1789978980000,76,64,3121,2950,0
1789979040000,125,66,3121,2950,0
1789979100000,135,120,3121,2950,0
1789979280000,131,119,3121,2950,0
1789979340000,67,58,3121,2950,0
1789979520000,67,58,3121,2950,0
1789979640000,67,58,3121,2950,0
1789979700000,1,1,325,1279,0
1789979760000,69,59,3121,2950,0
1789979820000,67,58,3121,2950,0
1789979880000,67,58,3121,2950,0
1789979940000,67,58,3121,2950,0
1789980000000,1,1,326,1279,0
1789980060000,1,1,326,1280,0
1789980480000,2,1,3121,42234,0
1789980540000,2,1,3121,42234,0
1789980900000,2,1,3121,42234,0
1789980960000,2,1,3121,42234,0
1789981260000,2,1,3121,42234,0
1789981320000,1,1,326,1280,0
1789981440000,1,1,3121,2950,0
1789981500000,1,1,3121,2950,0
1789981560000,1,1,3121,2950,0
1789981620000,1,1,3121,2950,0
1789981680000,1,1,3121,2950,0
1789982160000,2,1,3121,2950,0
1789982220000,1,1,326,1280,0
1789982760000,69,59,3121,2950,0
1789982820000,68,59,3121,2950,0
1789983120000,67,58,3121,2950,0
1789983240000,67,58,3121,2950,0
1789983300000,67,58,3121,2950,0
1789983420000,67,58,3121,2950,0
1789983480000,67,58,3121,2950,0
1789983540000,67,58,3121,2950,0
1789986780000,2,1,326,1281,0
1789986840000,1,1,326,1281,0
1789986900000,1,1,326,1281,0
1789986960000,1,1,326,1281,0
1789987020000,1,1,326,1281,0
1789987080000,1,1,326,1281,0
1789987140000,1,1,326,1281,0
1789987200000,1,1,326,1281,0
1789987260000,1,1,326,1281,0
1789987320000,3,1,3121,42233,0
1789987380000,3,1,3121,42233,0
1789987440000,1,1,326,1281,0
1789987500000,1,1,326,1281,0
1789987560000,1,1,326,1281,0
1789987620000,1,1,326,1281,0
1789987680000,1,1,326,1281,0
1789987740000,1,1,326,1281,0
1789987800000,1,1,326,1281,0
1789987860000,1,1,326,1281,0
1789987920000,1,1,326,1281,0
1789987980000,1,1,326,1281,0
1789988040000,3,1,3121,42233,0
1789988100000,2,1,326,1281,0
1789988160000,2,1,3121,2950,0
1789988220000,1,1,3121,2950,0
1789988280000,1,1,3121,2950,0
1789988340000,2,1,3121,2950,0
1789988400000,1,1,326,1281,0
1789990800000,1,1,327,1281,0
1789990860000,1,1,327,1282,0
1789991100000,1,1,328,1282,0
1789991160000,1,1,328,1283,0
1789991220000,2,1,3121,42232,0
1789991280000,1,1,328,1283,0
1789991340000,3,2,3121,2950,0
1789991400000,1,1,328,1283,0
1789991460000,1,1,3121,2950,0
1789991520000,1,1,3121,2950,0
1789991700000,1,1,329,1283,0
1789991760000,2,2,3121,2950,0
1789991820000,1,1,3121,2950,0
1789991880000,2,1,3121,2950,0
1789991940000,1,1,329,1284,0
1789992060000,1,1,3121,2950,0
1789992120000,1,1,3121,2950,0
1789992180000,2,1,3121,2950,0
1789992240000,1,1,329,1284,0
1789993260000,134,58,3121,2950,0
1789993320000,67,58,329,1284,0
1789993800000,1,1,330,1284,0
1789993860000,1,1,330,1285,0
1789994100000,7,4,331,1285,0
1789994160000,4,4,331,1286,0
1789994220000,3,3,331,1286,0
1789994280000,6,3,331,1289,0
1789994340000,3,3,331,1289,0
1789994400000,4,4,332,1289,0
1789994460000,4,4,332,1290,0
1789994520000,5,4,3121,42229,0
1789994580000,4,4,332,1290,0
1789994640000,4,4,3121,2950,0
1789994700000,4,4,333,1290,0
1789994760000,4,4,333,1291,0
1789994820000,3,3,333,1291,0
1789994880000,5,4,3121,42228,0
1789994940000,4,4,333,1291,0
1789995000000,4,4,334,1291,0
1789995060000,5,5,3121,2950,0
1789995120000,3,3,334,1292,0
1789995180000,3,3,334,1292,0
1789995240000,3,3,334,1292,0
1789995300000,5,5,3121,2950,0
1789995360000,5,5,3121,2950,0
1789995420000,6,5,3121,2950,0
1789995480000,2,2,3121,2950,0
1789995540000,9,3,3121,42226,0
1789995600000,16,8,3121,2950,0
1789995660000,7,6,3121,42226,0
1789995720000,3,3,336,1294,0
1789995780000,4,4,3121,2950,0
1789995840000,14,6,3121,2950,0
1789995900000,9,7,3121,2950,0
1789995960000,4,3,3121,2950,0
1789996020000,2,2,3121,2950,0
1789996140000,3,3,337,1295,0
1789996200000,9,5,3121,42223,0
1789996260000,11,5,3121,2950,0
1789996320000,13,8,3121,2950,0
1789996380000,12,8,3121,2950,0
1789996440000,4,4,3121,2950,0
1789996500000,7,6,3121,2950,0
1789996560000,6,6,3121,2950,0
1789996620000,5,5,3121,2950,0
1789996680000,5,4,3121,2950,0
1789996740000,5,5,3121,2950,0
1789996800000,4,4,340,1300,0
1789996860000,4,4,340,1301,0
1789996920000,3,3,340,1301,0
1789996980000,5,4,3121,42219,0
1789997040000,5,5,3121,2950,0
1789997100000,16,7,3121,2950,0
1789997160000,12,9,3121,2950,0
1789997220000,5,5,3121,2950,0
1789997280000,5,5,3121,2950,0
1789997340000,3,3,341,1302,0
1789997400000,4,4,342,1302,0
1789997460000,4,4,342,1303,0
1789997520000,5,5,3121,2950,0
1789997580000,3,3,342,1303,0
1789997640000,3,3,342,1303,0
1789997700000,5,4,3121,42218,0
1789997760000,7,5,3121,42218,0
1789997820000,4,4,342,1303,0
1789997880000,7,5,3121,2950,0
1789997940000,8,7,3121,2950,0
1789998000000,4,4,342,1303,0
1789998060000,3,3,342,1303,0
1789998120000,4,4,3121,2950,0
1789998180000,3,3,342,1303,0
1789998240000,3,3,342,1303,0
1789998300000,15,7,3121,2950,0
1789998360000,7,7,3121,2950,0
1789998420000,7,5,3121,2950,0
1789998480000,9,8,3121,2950,0
1789998540000,3,3,343,1304,0
1789998600000,31,14,3121,2950,0
1789998660000,3,3,3121,2950,0
1789998780000,31,14,3121,2950,0
1789998840000,14,14,343,1318,0
1789998900000,14,14,343,1318,0
1789998960000,14,14,343,1318,0
1789999080000,42,14,3121,42212,0
1789999140000,28,14,343,1318,0
1789999200000,28,14,343,1332,0
1789999260000,28,14,3121,2950,0
1789999320000,28,14,3121,2950,0
1789999380000,17,17,343,1332,0
1789999440000,20,17,343,1332,0
1789999500000,21,18,344,1335,0
1789999560000,21,18,3121,2950,0
1789999620000,17,17,344,1336,0
1789999680000,17,17,344,1336,0
1789999740000,17,17,344,1336,0
1789999800000,21,18,3121,2950,0
1789999860000,18,18,345,1337,0
1789999920000,20,17,3121,2950,0
1789999980000,17,17,345,1337,0
1790000040000,17,17,345,1337,0
1790000100000,18,18,346,1337,0
1790000160000,20,19,3121,42195,0
1790000220000,18,18,3121,2950,0
1790000280000,17,17,3121,2950,0
1790000340000,15,15,3121,2950,0
1790000400000,16,15,3121,2950,0
1790000460000,15,15,346,1338,0
1790000520000,33,18,3121,2950,0
1790000580000,18,18,3121,2950,0
1790000700000,18,18,3121,2950,0
1790001120000,18,18,3121,2950,0
1790001180000,27,20,3121,2950,0
1790001240000,21,18,3121,2950,0
1790001360000,21,18,3121,2950,0
1790001540000,6,3,346,1341,0
1790001600000,3,3,346,1341,0
1790001660000,3,3,346,1341,0
1790001720000,3,3,346,1341,0
1790001780000,3,3,346,1341,0
1790001840000,3,3,346,1341,0
1790001900000,3,3,346,1341,0
1790001960000,3,3,346,1341,0
1790002020000,3,3,346,1341,0
1790002200000,21,18,3121,2950,0
1790002260000,21,18,3121,2950,0
1790002320000,42,18,3121,2950,0
1790002380000,21,18,346,1341,0
1790002620000,3,3,346,1341,0
1790002680000,3,3,346,1341,0
1790002740000,3,3,346,1341,0
1790002800000,3,3,346,1341,0
1790004000000,1,1,347,1341,0
1790004060000,1,1,347,1342,0
1790004300000,1,1,348,1342,0
1790004360000,10,4,3121,42192,0
1790004420000,3,3,348,1343,0
1790004480000,9,3,3121,42192,0
1790004540000,3,3,348,1343,0
1790004600000,5,5,350,1343,0
1790004660000,5,5,350,1345,0
1790004720000,3,3,350,1345,0
1790004900000,12,5,3121,42192,0
1790004960000,6,5,3121,42192,0
1790005020000,6,3,351,1346,0
1790005080000,6,3,3121,2950,0
1790005140000,3,3,3121,2950,0
1790005200000,1,1,352,1346,0
1790005260000,4,4,3121,2950,0
1790005380000,3,3,3121,2950,0
1790005440000,5,4,3121,2950,0
1790005500000,3,3,354,1347,0
1790005560000,6,6,3121,2950,0
1790005620000,4,4,3121,2950,0
1790005740000,4,4,3121,2950,0
1790005800000,1,1,355,1349,0
1790005860000,5,3,3121,42188,0
1790005920000,2,2,355,1350,0
1790005980000,2,2,3121,2950,0
1790006040000,2,2,3121,2950,0
1790006100000,1,1,356,1350,0
1790006160000,3,3,3121,2950,0
1790006220000,4,2,3121,2950,0
1790006280000,2,2,3121,2950,0
1790006340000,4,2,3121,2950,0
1790006400000,2,2,358,1351,0
1790006460000,2,2,358,1353,0
1790006580000,7,5,3121,42186,0
1790006640000,14,8,3121,42184,0
1790006700000,9,9,3121,2950,0
1790006760000,9,9,3121,2950,0
1790006820000,10,8,3121,2950,0
1790006880000,8,8,3121,2950,0
1790006940000,5,4,3121,42181,0
1790007000000,11,5,3121,42180,0
1790007060000,10,4,3121,42180,0
1790007120000,4,4,3121,2950,0
1790007180000,3,3,360,1358,0
1790007240000,3,3,360,1358,0
1790007300000,12,9,3121,2950,0
1790007360000,9,9,3121,2950,0
1790007420000,11,4,3121,2950,0
1790007480000,10,7,3121,2950,0
1790007540000,9,3,3121,2950,0
1790007600000,7,4,3121,2950,0
1790007660000,7,4,3121,2950,0
1790007720000,6,3,3121,2950,0
1790007780000,6,3,3121,2950,0
1790007840000,3,3,363,1364,0
1790007900000,10,4,3121,42174,0
1790007960000,7,4,364,1365,0
1790008020000,12,6,3121,2950,0
1790008080000,8,6,3121,2950,0
1790008140000,6,3,3121,2950,0
1790008200000,2,2,3121,2950,0
1790008260000,2,2,3121,2950,0
1790008320000,6,3,3121,2950,0
1790008380000,14,6,3121,2950,0
1790008440000,10,6,3121,2950,0
1790008500000,8,5,3121,2950,0
1790008560000,11,5,3121,2950,0
1790008620000,9,6,3121,2950,0
1790008680000,9,9,3121,2950,0
1790008740000,9,9,3121,2950,0
1790008800000,4,4,367,1370,0
1790008860000,10,10,3121,2950,0
1790008920000,5,4,3121,42167,0
1790008980000,4,4,367,1371,0
1790009040000,4,4,3121,2950,0
1790009100000,5,5,3121,2950,0
1790009160000,4,3,3121,2950,0
1790009220000,6,6,3121,2950,0
1790009280000,6,6,3121,2950,0
1790009340000,11,6,3121,2950,0
1790009400000,6,6,3121,2950,0
1790009460000,9,8,3121,2950,0
1790009520000,1,1,369,1373,0
1790009580000,1,1,3121,2950,0
1790009640000,2,1,3121,2950,0
1790009700000,7,5,3121,2950,0
1790009760000,6,4,3121,2950,0
1790009880000,4,2,3121,42164,0
1790009940000,2,2,370,1374,0
1790010000000,1,1,371,1374,0
1790010060000,3,3,3121,2950,0
1790010240000,4,3,3121,2950,0
1790010300000,5,4,3121,2950,0
1790010360000,5,3,3121,42162,0
1790010420000,2,2,372,1376,0
1790010480000,2,2,3121,2950,0
1790010540000,2,2,3121,2950,0
1790010720000,2,1,3121,42160,0
1790010780000,1,1,372,1376,0
1790010840000,1,1,3121,2950,0
1790010900000,2,2,3121,2950,0
1790010960000,6,5,3121,2950,0
1790011020000,7,7,3121,2950,0
1790011080000,6,6,3121,2950,0
1790011140000,4,4,3121,2950,0
1790011200000,4,4,374,1377,0
1790011260000,4,4,374,1378,0
1790011320000,3,3,374,1378,0
1790011380000,5,4,3121,42158,0
1790011440000,2,1,3121,42158,0
1790011500000,1,1,375,1378,0
1790011560000,1,1,375,1379,0
1790011800000,4,4,376,1379,0
1790011860000,3,2,3121,42158,0
1790011920000,5,4,3121,42158,0
1790012040000,9,6,3121,42158,0
1790012100000,7,7,377,1380,0
1790012160000,4,4,377,1381,0
1790012220000,3,3,3121,2950,0
1790012400000,1,1,378,1381,0
1790012460000,1,1,378,1382,0
1790012700000,10,9,3121,2950,0
1790012760000,12,6,3121,42154,0
1790012820000,10,7,3121,2950,0
1790012880000,12,6,3121,2950,0
1790012940000,13,7,3121,2950,0
1790013000000,4,4,381,1387,0
1790013060000,7,6,3121,2950,0
1790013120000,6,5,3121,2950,0
1790013180000,10,9,3121,2950,0
1790013240000,9,9,3121,2950,0
1790013300000,4,4,382,1388,0
1790013360000,10,10,3121,2950,0
1790013420000,14,7,3121,2950,0
1790013480000,10,7,3121,2950,0
1790013540000,7,7,3121,2950,0
1790013600000,11,5,3121,42146,0
1790013660000,12,9,3121,2950,0
1790013720000,6,3,384,1391,0
1790013780000,6,3,3121,2950,0
1790013840000,12,8,3121,2950,0
1790013900000,2,2,385,1391,0
1790013960000,12,9,3121,2950,0
1790014080000,11,8,3121,2950,0
1790014200000,1,1,386,1392,0
1790014260000,14,10,3121,2950,0
1790014320000,13,9,3121,2950,0
1790014500000,13,10,3121,2950,0
1790014560000,2,2,388,1395,0
1790014620000,11,8,3121,2950,0
1790014800000,1,1,389,1395,0
1790014860000,1,1,389,1396,0
1790014980000,2,1,3121,42142,0
1790015040000,3,2,3121,42142,0
1790015100000,3,3,3121,2950,0
1790015160000,2,2,3121,2950,0
1790015280000,2,2,3121,2950,0
1790015400000,4,4,3121,2950,0
1790015460000,2,2,392,1399,0
1790015640000,4,2,3121,2950,0
1790015700000,3,3,393,1399,0
1790015760000,1,1,393,1400,0
1790015820000,7,5,3121,42140,0
1790015880000,5,5,393,1400,0
1790015940000,8,4,3121,42138,0
1790016000000,7,5,3121,2950,0
1790016060000,3,3,394,1401,0
1790016120000,4,3,3121,2950,0
1790016180000,3,3,3121,2950,0
1790016240000,3,3,3121,2950,0
1790016300000,2,2,396,1401,0
1790016360000,4,3,3121,42135,0
1790016420000,6,3,3121,2950,0
1790016480000,2,2,396,1403,0
1790016540000,3,3,3121,2950,0
1790016600000,4,4,3121,2950,0
1790016660000,4,4,3121,2950,0
1790016720000,3,3,3121,2950,0
1790016780000,9,6,3121,2950,0
1790016840000,3,3,397,1404,0
1790016900000,7,7,3121,2950,0
1790016960000,4,4,3121,2950,0
1790017200000,8,8,3121,2950,0
1790017260000,8,8,3121,2950,0
1790017380000,2,1,3121,42132,0
1790017440000,1,1,400,1407,0
1790017500000,2,2,3121,2950,0
1790017560000,1,1,401,1408,0
1790017620000,1,1,3121,2950,0
1790017800000,3,2,3121,42131,0
1790017860000,3,2,3121,42131,0
1790018100000,1,1,403,1409,0
1790018160000,31,23,3121,2950,0
1790018220000,39,23,3121,2950,0
1790018280000,25,19,3121,2950,0
1790018340000,27,19,3121,2950,0
1790018400000,26,19,3121,2950,0
1790018460000,115,52,3121,2950,0
1790018520000,91,46,403,1455,0
1790018580000,53,52,403,1456,0
1790018640000,46,46,403,1456,0
1790018700000,47,47,404,1456,0
1790018760000,47,47,404,1457,0
1790018820000,136,46,3121,42120,0
1790018880000,136,46,3121,42120,0
1790018940000,46,46,404,1457,0
1790019000000,46,46,405,1457,0
1790019060000,46,46,405,1458,0
1790019120000,50,19,3121,2950,0
1790019180000,29,21,3121,2950,0
1790019240000,25,19,3121,2950,0
1790019300000,50,19,3121,2950,0
1790019900000,1,1,406,1458,0
1790019960000,1,1,406,1459,0
1790020200000,1,1,407,1459,0
1790020260000,1,1,407,1460,0
1790020320000,2,1,3121,42118,0
1790020380000,2,1,3121,42118,0
1790020440000,2,2,407,1460,0
1790020500000,3,2,3121,42118,0
1790020560000,2,2,408,1461,0
1790020620000,1,1,3121,2950,0
1790020680000,1,1,3121,2950,0
1790020740000,2,1,3121,42117,0
1790020800000,4,3,3121,42117,0
1790020860000,5,4,3121,2950,0
1790020920000,2,2,3121,2950,0
1790020980000,3,2,3121,2950,0
1790021040000,2,2,3121,2950,0
1790021100000,1,1,411,1463,0
1790021160000,1,1,411,1464,0
1790021220000,6,3,3121,2950,0
1790021280000,3,3,411,1464,0
1790021400000,3,3,3121,2950,0
1790021460000,3,3,3121,2950,0
1790021520000,2,2,3121,2950,0
1790021700000,1,1,413,1465,0
1790021760000,1,1,413,1466,0
1790021880000,18,8,3121,2950,0
1790022000000,18,8,3121,2950,0
1790022060000,8,8,413,1474,0
1790022120000,8,8,413,1474,0
1790022300000,8,8,413,1474,0
1790022360000,10,8,3121,2950,0
1790022480000,2,2,3121,2950,0
1790023200000,9,9,414,1474,0
1790023260000,9,9,414,1475,0
1790023320000,8,8,414,1475,0
1790023440000,8,8,414,1475,0
1790023500000,2,2,416,1475,0
1790023560000,2,2,416,1477,0
1790023620000,10,9,3121,42110,0
1790023680000,9,9,416,1477,0
1790023740000,9,9,3121,2950,0
1790023800000,10,10,3121,2950,0
1790023860000,13,11,3121,42109,0
1790023920000,2,2,417,1478,0
1790024040000,2,2,3121,2950,0
1790024220000,4,3,3121,2950,0
1790024280000,2,1,3121,42107,0
1790024340000,2,2,3121,2950,0
1790024400000,1,1,418,1478,0
1790024460000,10,10,3121,2950,0
1790024520000,9,9,3121,2950,0
1790024580000,9,9,3121,2950,0
1790024640000,9,9,3121,2950,0
1790024700000,10,10,3121,2950,0
1790024760000,10,10,3121,2950,0
1790024820000,9,9,3121,2950,0
1790024880000,8,8,419,1480,0
1790024940000,9,9,3121,2950,0
1790025000000,9,9,420,1480,0
1790025060000,10,10,3121,2950,0
1790025120000,8,8,420,1481,0
1790025180000,9,9,3121,2950,0
1790025240000,9,9,3121,2950,0
1790025300000,10,10,422,1481,0
1790025360000,13,12,3121,2950,0
1790025420000,10,9,3121,42107,0
1790025480000,8,8,422,1483,0
1790025540000,8,8,422,1483,0
1790025600000,10,10,3121,2950,0
1790025660000,14,12,3121,2950,0
1790025720000,12,10,3121,42107,0
1790025780000,8,8,423,1484,0
1790025840000,14,11,3121,42107,0
1790025900000,15,12,3121,42107,0
1790025960000,9,9,424,1485,0
1790026020000,10,9,3121,42107,0
1790026080000,10,9,3121,42107,0
1790026140000,8,8,424,1485,0
1790026200000,16,13,3121,42107,0
1790026260000,13,13,426,1487,0
1790026320000,13,12,3121,2950,0
1790026380000,12,12,3121,2950,0
1790026440000,12,12,3121,2950,0
1790026500000,13,13,3121,2950,0
1790026560000,13,13,3121,2950,0
1790026620000,8,8,427,1488,0
1790026680000,8,8,427,1488,0
1790026740000,8,8,427,1488,0
1790026800000,9,9,428,1488,0
1790026860000,9,9,428,1489,0
1790026920000,12,12,3121,2950,0
1790026980000,12,12,3121,2950,0
1790027040000,8,8,428,1489,0
1790027100000,12,11,3121,42103,0
1790027160000,11,11,430,1491,0
1790027220000,9,9,3121,2950,0
1790027280000,8,8,430,1491,0
1790027340000,17,13,3121,2950,0
1790027400000,16,15,3121,2950,0
1790027460000,15,15,3121,2950,0
1790027520000,16,15,3121,2950,0
1790027580000,9,9,431,1492,0
1790027640000,15,15,3121,2950,0
1790027700000,9,9,432,1492,0
1790027760000,10,10,3121,2950,0
1790027820000,8,8,432,1493,0
1790027880000,8,8,432,1493,0
1790027940000,15,15,3121,2950,0
1790028000000,17,17,3121,2950,0
1790028060000,24,17,3121,2950,0
1790028120000,19,17,3121,42096,0
1790028180000,10,10,434,1495,0
1790028240000,10,10,3121,2950,0
1790028300000,9,9,435,1495,0
1790028360000,11,11,3121,2950,0
1790028420000,12,10,3121,42094,0
1790028480000,10,10,435,1496,0
1790028540000,10,10,3121,2950,0
1790028600000,13,12,3121,2950,0
1790028660000,12,12,3121,2950,0
1790028720000,8,8,436,1497,0
1790028780000,10,9,3121,42092,0
1790028840000,9,9,436,1497,0
1790028900000,11,11,3121,2950,0
1790028960000,11,11,3121,2950,0
1790029020000,11,11,3121,2950,0
1790029080000,11,11,3121,2950,0
1790029140000,8,8,438,1499,0
1790029200000,13,11,3121,42091,0
1790029260000,11,11,439,1500,0
1790029320000,12,11,3121,2950,0
1790029380000,15,13,3121,2950,0
1790029440000,13,13,3121,2950,0
1790029500000,13,11,3121,2950,0
1790029560000,12,12,3121,2950,0
1790029620000,11,11,3121,2950,0
1790029680000,57,55,3121,2950,0
1790029740000,55,55,3121,2950,0
1790029800000,12,12,442,1503,0
1790029860000,12,12,442,1505,0
1790029920000,10,10,442,1505,0
1790029980000,10,10,442,1505,0
1790030040000,12,11,3121,42088,0
1790030100000,11,10,3121,42088,0
1790030160000,9,9,443,1506,0
1790030220000,8,8,443,1506,0
1790030280000,8,8,443,1506,0
1790030340000,10,9,3121,42088,0
1790030400000,10,10,444,1506,0
1790030460000,14,13,3121,2950,0
1790030520000,12,12,3121,2950,0
1790030580000,12,12,3121,2950,0
1790030640000,10,10,444,1507,0
1790030700000,18,16,3121,2950,0
1790030760000,16,16,3121,2950,0
1790030820000,60,59,3121,2950,0
1790030880000,70,62,3121,2950,0
1790030940000,62,60,3121,2950,0
1790031000000,70,63,3121,2950,0
1790031060000,63,60,3121,2950,0
1790031120000,62,60,3121,42080,0
1790031180000,62,59,3121,2950,0
1790031240000,58,58,447,1516,0
1790031300000,15,15,448,1516,0
1790031360000,15,15,448,1517,0
1790031420000,28,15,3121,42080,0
1790031480000,72,59,3121,42080,0
1790031540000,14,14,448,1517,0
1790031600000,16,16,450,1517,0
1790031660000,16,16,450,1519,0
1790031720000,14,14,450,1519,0
1790031780000,12,12,450,1519,0
1790031840000,12,12,450,1519,0
1790031900000,13,13,451,1519,0
1790031960000,13,13,451,1520,0
1790032020000,12,12,451,1520,0
1790032080000,12,12,451,1520,0
1790032140000,12,12,451,1520,0
1790032200000,13,13,452,1520,0
1790032260000,15,14,3121,42080,0
1790032320000,13,13,452,1521,0
1790032380000,13,13,3121,2950,0
1790032440000,13,13,3121,2950,0
1790032500000,16,15,3121,2950,0
1790032560000,17,16,3121,42079,0
1790032620000,13,13,454,1523,0
1790032680000,13,13,3121,2950,0
1790032740000,15,14,3121,2950,0
1790032800000,15,15,3121,2950,0
1790032860000,15,15,3121,2950,0
1790032920000,13,13,3121,2950,0
1790032980000,14,14,3121,2950,0
1790033040000,12,12,455,1524,0
1790033100000,15,15,3121,2950,0
1790033160000,15,15,3121,2950,0
1790033220000,14,14,3121,2950,0
1790033280000,14,14,3121,2950,0
1790033340000,14,14,3121,2950,0
1790033400000,17,17,3121,2950,0
1790033460000,21,19,3121,2950,0
1790033520000,18,16,3121,42077,0
1790033580000,16,16,3121,2950,0
1790033640000,16,16,3121,2950,0
1790033700000,76,62,3121,2950,0
1790033760000,76,62,3121,2950,0
1790033820000,14,14,457,1526,0
1790033880000,14,14,457,1526,0
1790033940000,14,14,457,1526,0
1790034000000,21,18,3121,42077,0
1790034060000,16,16,458,1527,0
1790034120000,19,18,3121,2950,0
1790034180000,17,16,3121,2950,0
1790034240000,16,15,3121,42074,0
1790034300000,17,17,460,1527,0
1790034360000,16,16,460,1529,0
1790034420000,15,15,3121,2950,0
1790034480000,14,14,460,1529,0
1790034540000,18,16,3121,42073,0
1790034600000,15,15,461,1529,0
1790034660000,20,19,3121,2950,0
1790034720000,13,13,461,1530,0
1790034780000,18,18,3121,2950,0
1790034840000,20,19,3121,2950,0
1790034900000,20,20,3121,2950,0
1790034960000,19,19,3121,2950,0
1790035020000,13,13,3121,2950,0
1790035080000,23,21,3121,2950,0
1790035140000,21,21,3121,2950,0
1790035200000,16,15,3121,42067,0
1790035260000,19,18,3121,2950,0
1790035320000,16,16,3121,2950,0
1790035380000,16,16,3121,2950,0
1790035440000,65,63,3121,2950,0
1790035500000,20,20,3121,2950,0
1790035560000,76,65,3121,2950,0
1790035620000,67,64,3121,2950,0
1790035680000,73,64,3121,2950,0
1790035740000,69,61,3121,2950,0
1790035800000,73,63,3121,42060,0
1790035860000,66,60,3121,42059,0
1790035920000,15,15,3121,2950,0
1790035980000,15,15,3121,2950,0
1790036040000,15,15,3121,2950,0
1790036100000,16,16,468,1538,0
1790036160000,17,17,3121,2950,0
1790036220000,16,15,3121,42059,0
1790036280000,14,14,468,1540,0
1790036340000,20,17,3121,42059,0
1790036400000,69,61,3121,42059,0
1790036460000,23,16,3121,42059,0
1790036520000,19,17,3121,42058,0
1790036580000,19,17,3121,2950,0
1790036640000,64,58,3121,42058,0
1790036700000,65,59,3121,42058,0
1790036760000,66,60,3121,42058,0
1790036820000,65,59,3121,42058,0
1790036880000,14,14,470,1542,0
1790036940000,14,14,470,1542,0
1790037000000,25,20,3121,2950,0
1790037060000,27,20,3121,2950,0
1790037120000,17,15,3121,2950,0
1790037180000,18,15,3121,2950,0
1790037240000,20,17,3121,2950,0
1790037300000,24,18,3121,42054,0
1790037360000,20,18,3121,2950,0
1790037420000,65,64,3121,2950,0
1790037480000,74,65,3121,2950,0
1790037540000,196,81,3121,2950,0
1790037600000,142,88,3121,2950,0
1790037660000,128,71,3121,2950,0
1790037720000,102,57,3121,2950,0
1790037780000,96,77,472,1612,0
1790037840000,76,76,472,1612,0
1790037900000,80,80,473,1612,0
1790037960000,168,78,3121,42002,0
1790038020000,102,57,473,1613,0
1790038080000,161,76,3121,41957,0
1790038140000,129,82,3121,2950,0
1790038200000,174,69,3121,2950,0
1790038260000,160,69,3121,2950,0
1790038320000,70,64,3121,2950,0
1790038380000,249,68,3121,2950,0
1790038440000,159,69,3121,2950,0
1790038500000,177,75,3121,2950,0
1790038560000,73,72,473,1673,0
1790038620000,68,68,473,1673,0
1790038680000,168,68,3121,2950,0
1790038740000,254,68,3121,2950,0
1790038800000,76,72,474,1677,0
1790038860000,69,69,474,1678,0
1790038920000,88,74,3121,2950,0
1790038980000,97,80,3121,2950,0
1790039040000,77,70,3121,2950,0
1790039100000,82,70,3121,2950,0
1790039160000,110,81,3121,2950,0
1790039220000,84,81,474,1691,0
1790039280000,85,81,3121,2950,0
1790039340000,98,84,3121,2950,0
1790039400000,90,82,3121,41944,0
1790039460000,88,85,3121,2950,0
1790039520000,81,81,475,1696,0
1790039580000,103,80,3121,41944,0
1790039640000,90,80,475,1699,0
1790039700000,97,86,3121,41934,0
1790039760000,97,86,3121,2950,0
1790039820000,80,80,3121,2950,0
1790039880000,171,112,3121,2950,0
1790039940000,57,57,476,1710,0
1790040000000,104,83,3121,2950,0
1790040060000,75,73,476,1720,0
1790040120000,73,73,476,1720,0
1790040180000,88,88,476,1720,0
1790040240000,96,88,476,1728,0
1790040300000,89,89,477,1728,0
1790040360000,74,74,477,1729,0
1790040420000,88,88,477,1729,0
1790040480000,88,88,477,1729,0
1790040540000,98,98,477,1729,0
1790040600000,100,100,479,1729,0
1790040660000,106,100,3121,41930,0
1790040720000,104,98,3121,41930,0
1790040780000,98,98,479,1731,0
1790040840000,98,98,479,1731,0
1790040900000,99,99,480,1731,0
1790040960000,99,99,480,1732,0
1790041020000,108,100,3121,41930,0
1790041080000,93,90,480,1732,0
1790041140000,91,88,480,1735,0
1790041200000,94,91,3121,2950,0
1790041260000,89,89,481,1736,0
1790041320000,88,88,481,1736,0
1790041380000,104,88,3121,41925,0
1790041440000,96,88,481,1736,0
1790041500000,106,90,3121,2950,0
1790041560000,98,90,3121,2950,0
1790041620000,96,89,3121,41917,0
1790041680000,100,89,3121,2950,0
1790041740000,93,84,3121,2950,0
1790041800000,61,55,3121,2950,0
1790041860000,74,74,484,1750,0
1790041920000,105,91,3121,2950,0
1790041980000,73,73,484,1750,0
1790042040000,73,73,484,1750,0
1790042100000,91,90,3121,41913,0
1790042160000,91,90,3121,41913,0
1790042220000,79,73,3121,41913,0
1790042280000,46,43,485,1751,0
1790042340000,110,84,3121,2950,0
1790042400000,95,86,3121,2950,0
1790042460000,48,45,3121,2950,0
1790042520000,43,43,487,1756,0
1790042580000,76,73,3121,2950,0
1790042640000,39,39,487,1756,0
1790042700000,39,39,487,1756,0
1790042760000,81,74,3121,41910,0
1790042820000,77,74,487,1756,0
1790042880000,91,88,487,1759,0
1790042940000,77,74,3121,2950,0
1790043000000,43,43,487,1759,0
1790043060000,46,41,3121,2950,0
1790043120000,118,71,3121,2950,0
1790043180000,93,69,3121,2950,0
1790043240000,104,104,3121,2950,0
1790043300000,94,88,3121,2950,0
1790043360000,94,90,3121,41890,0
1790043420000,129,104,3121,2950,0
1790043480000,92,86,3121,2950,0
1790043540000,73,73,488,1763,0
1790043600000,73,72,3121,41887,0
1790043660000,50,44,3121,41886,0
1790043720000,82,75,3121,2950,0
1790043780000,90,89,3121,41886,0
1790043840000,88,88,488,1763,0
1790043900000,99,92,3121,2950,0
1790043960000,111,92,3121,2950,0
1790044020000,113,102,3121,2950,0
1790044080000,122,103,3121,2950,0
1790044140000,113,102,3121,2950,0
1790044200000,99,99,489,1771,0
1790044260000,89,89,489,1772,0
1790044320000,88,88,489,1772,0
1790044380000,88,88,489,1772,0
1790044440000,88,88,489,1772,0
1790044500000,99,99,490,1772,0
1790044560000,99,99,490,1773,0
1790044620000,115,99,3121,41874,0
1790044680000,106,98,490,1773,0
1790044740000,108,99,3121,41866,0
1790044800000,108,100,3121,2950,0
1790044860000,99,99,491,1782,0
1790044920000,107,99,3121,2950,0
1790044980000,98,98,491,1782,0
1790045040000,106,98,3121,2950,0
1790045100000,100,100,493,1782,0
1790045160000,100,100,493,1784,0
1790045220000,100,99,3121,41865,0
1790045280000,125,105,3121,2950,0
1790045340000,101,100,3121,41864,0
1790045400000,144,107,3121,2950,0
1790045460000,110,102,3121,2950,0
1790045520000,108,91,3121,2950,0
1790045580000,99,91,3121,2950,0
1790045640000,88,88,494,1793,0
1790045700000,102,92,3121,2950,0
1790045760000,122,102,3121,2950,0
1790045820000,99,91,494,1793,0
1790045880000,99,99,3121,2950,0
1790045940000,98,98,494,1793,0
1790046000000,100,100,3121,2950,0
1790046060000,101,100,3121,41853,0
1790046120000,90,89,3121,41853,0
1790046180000,88,88,495,1794,0
1790046240000,88,88,495,1794,0
1790046300000,89,89,496,1794,0
1790046360000,105,89,3121,41853,0
1790046420000,108,90,3121,41853,0
1790046480000,116,90,3121,41845,0
1790046540000,96,88,3121,2950,0
1790046600000,86,80,3121,2950,0
1790046660000,57,53,3121,2950,0
1790046720000,104,96,3121,2950,0
1790046780000,54,50,3121,2950,0
1790046840000,41,40,3121,41842,0
1790046900000,72,72,497,1799,0
1790046960000,82,65,3121,2950,0
1790047020000,65,62,3121,2950,0
1790047080000,59,53,3121,41841,0
1790047140000,56,53,497,1813,0
1790047200000,67,61,3121,2950,0
1790047260000,67,61,3121,2950,0
1790047320000,86,72,3121,2950,0
1790047380000,84,67,3121,2950,0
1790047440000,78,72,3121,2950,0
1790047500000,98,64,3121,41837,0
1790047560000,70,64,3121,2950,0
1790047620000,98,85,3121,2950,0
1790047680000,95,85,3121,2950,0
1790047740000,84,84,497,1830,0
1790047800000,90,84,3121,2950,0
1790047860000,69,69,498,1831,0
1790047920000,64,64,498,1831,0
1790047980000,50,50,498,1831,0
1790048040000,50,50,498,1831,0
1790048100000,50,50,498,1831,0
1790048160000,54,54,498,1831,0
1790048220000,50,50,498,1831,0
1790048280000,50,50,498,1831,0
1790048340000,80,65,3121,41827,0
1790048400000,79,65,498,1845,0
1790048460000,78,64,3121,2950,0
1790048520000,93,65,3121,2950,0
1790048580000,78,64,498,1845,0
1790048640000,50,50,498,1845,0
1790048700000,64,64,498,1845,0
1790048760000,50,50,498,1845,0
1790048820000,50,50,498,1845,0
1790048880000,50,50,498,1845,0
1790048940000,50,50,498,1845,0
1790049000000,50,50,498,1845,0
1790049060000,50,50,498,1845,0
1790049120000,50,50,498,1845,0
1790049180000,50,50,498,1845,0
1790049240000,50,50,498,1845,0
1790049300000,54,54,498,1845,0
1790049360000,54,54,498,1845,0
1790049420000,82,82,498,1845,0
1790049480000,90,84,3121,41819,0
1790049540000,135,114,3121,2950,0
1790049600000,118,107,3121,2950,0
1790049660000,109,104,3121,2950,0
1790049720000,102,102,3121,2950,0
1790049780000,101,100,3121,2950,0
1790049840000,111,102,3121,2950,0
1790049900000,115,103,3121,2950,0
1790049960000,108,102,3121,2950,0
1790050020000,118,99,3121,41813,0
1790050080000,109,102,3121,41813,0
1790050140000,91,87,3121,41810,0
1790050200000,100,100,503,1860,0
1790050260000,103,103,3121,2950,0
1790050320000,84,84,503,1861,0
1790050380000,99,99,503,1861,0
1790050440000,84,84,503,1861,0
1790050500000,88,88,3121,2950,0
1790050560000,88,88,3121,2950,0
1790050620000,57,57,3121,2950,0
1790050680000,50,50,504,1862,0
1790050740000,53,53,3121,2950,0
1790050800000,57,54,3121,2950,0
1790050860000,54,54,505,1863,0
1790050920000,82,82,505,1863,0
1790050980000,50,50,505,1863,0
1790051040000,56,55,3121,41810,0
1790051100000,57,56,3121,41810,0
1790051160000,55,55,506,1864,0
1790051220000,54,54,506,1864,0
1790051280000,84,84,506,1864,0
1790051340000,82,82,506,1864,0
1790051400000,56,56,508,1864,0
1790051460000,56,54,3121,41810,0
1790051520000,52,52,508,1866,0
1790051580000,52,52,3121,2950,0
1790051640000,66,66,3121,2950,0
1790051700000,67,67,3121,2950,0
1790051760000,65,65,509,1867,0
1790051820000,76,72,3121,2950,0
1790051880000,58,58,509,1867,0
1790051940000,84,84,3121,2950,0
1790052000000,57,57,3121,2950,0
1790052060000,87,86,3121,2950,0
1790052120000,86,85,3121,2950,0
1790052180000,50,50,510,1868,0
1790052240000,50,50,510,1868,0
1790052300000,51,51,511,1868,0
1790052360000,51,51,511,1869,0
1790052420000,64,64,511,1869,0
1790052480000,66,65,3121,41806,0
1790052540000,66,65,3121,41806,0
1790052600000,65,65,512,1869,0
1790052660000,65,65,512,1870,0
1790052720000,64,64,512,1870,0
1790052780000,50,50,512,1870,0
1790052840000,50,50,512,1870,0
1790052900000,71,68,3121,41806,0
1790052960000,68,68,513,1871,0
1790053020000,67,67,3121,2950,0
1790053080000,67,67,3121,2950,0
1790053140000,67,67,3121,2950,0
1790053200000,66,66,515,1871,0
1790053260000,71,70,3121,2950,0
1790053320000,96,68,3121,2950,0
1790053380000,78,64,515,1873,0
1790053440000,92,64,3121,2950,0
1790053500000,79,65,3121,2950,0
1790053560000,71,68,3121,41789,0
1790053620000,67,67,516,1888,0
1790053680000,67,67,3121,2950,0
1790053740000,64,64,516,1888,0
1790053800000,68,68,3121,2950,0
1790053860000,67,66,3121,41786,0
1790053920000,115,65,3121,41785,0
1790053980000,114,64,3121,41785,0
1790054040000,64,64,517,1889,0
1790054100000,108,66,3121,2950,0
1790054160000,74,57,3121,2950,0
1790054220000,120,69,3121,2950,0
1790054280000,136,82,3121,2950,0
1790054340000,101,67,3121,2950,0
1790054400000,56,56,519,1904,0
1790054460000,56,56,519,1905,0
1790054520000,121,74,3121,41765,0
1790054580000,98,84,519,1924,0
1790054640000,98,84,519,1938,0
1790054700000,112,66,3121,2950,0
1790054760000,57,56,520,1939,0
1790054820000,98,66,3121,2950,0
1790054880000,58,57,520,1940,0
1790054940000,57,57,520,1940,0
1790055000000,57,57,520,1940,0
1790055060000,94,63,3121,2950,0
1790055120000,94,63,3121,2950,0
1790055180000,94,63,3121,2950,0
1790055240000,57,57,520,1940,0
1790055300000,57,57,520,1940,0
1790055360000,57,57,520,1940,0
1790055420000,87,57,3121,41750,0
1790055480000,91,76,520,1940,0
1790055540000,122,83,3121,2950,0
1790055600000,124,95,3121,2950,0
1790055660000,95,95,521,1965,0
1790055720000,94,94,521,1965,0
1790055780000,123,94,3121,2950,0
1790055840000,123,94,3121,2950,0
1790055900000,124,95,3121,2950,0
1790055960000,113,96,3121,2950,0
1790056020000,112,95,3121,2950,0
1790056080000,84,84,522,1966,0
1790056140000,116,99,3121,2950,0
1790056200000,83,82,3121,41735,0
1790056260000,83,82,3121,41735,0
1790056320000,116,99,3121,2950,0
1790056380000,112,112,523,1967,0
1790056440000,120,101,3121,2950,0
1790056500000,83,83,524,1967,0
1790056560000,83,83,3121,2950,0
1790056620000,82,82,3121,2950,0
1790056680000,96,96,3121,2950,0
1790056740000,96,96,3121,2950,0
1790056800000,98,98,3121,2950,0
1790056860000,96,96,526,1970,0
1790056920000,94,94,526,1970,0
1790056980000,118,96,3121,2950,0
1790057040000,128,97,3121,2950,0
1790057100000,117,87,3121,2950,0
1790057160000,103,85,3121,2950,0
1790057220000,127,89,3121,2950,0
1790057280000,142,86,3121,2950,0
1790057340000,94,94,527,1971,0
1790057400000,119,81,3121,2950,0
1790057460000,99,80,3121,2950,0
1790057520000,98,79,3121,2950,0
1790057580000,98,79,3121,2950,0
1790057640000,127,89,3121,2950,0
1790057700000,87,87,529,1991,0
1790057760000,89,88,3121,41713,0
1790057820000,78,77,3121,41713,0
1790057880000,76,76,529,1992,0
1790057940000,102,81,3121,2950,0
1790058000000,82,82,3121,2950,0
1790058060000,58,58,530,1993,0
1790058120000,59,59,3121,2950,0
1790058180000,103,81,3121,2950,0
1790058240000,81,81,3121,2950,0
1790058300000,60,59,3121,41711,0
1790058360000,88,88,531,1994,0
1790058420000,76,76,531,1994,0
1790058480000,77,77,531,1994,0
1790058540000,159,89,3121,2950,0
1790058600000,121,87,3121,2950,0
1790058660000,192,100,3121,2950,0
1790058720000,133,99,3121,2950,0
1790058780000,133,99,3121,2950,0
1790058840000,94,94,532,2029,0
1790058900000,134,100,3121,2950,0
1790058960000,95,95,533,2030,0
1790059020000,96,95,3121,41672,0
1790059080000,120,100,3121,2950,0
1790059140000,124,104,3121,2950,0
1790059200000,125,105,3121,2950,0
1790059260000,85,85,534,2031,0
1790059320000,84,84,534,2031,0
1790059380000,80,80,534,2031,0
1790059440000,82,81,3121,41671,0
1790059500000,166,97,3121,41670,0
1790059560000,131,97,3121,2950,0
1790059620000,164,96,3121,2950,0
1790059680000,94,94,535,2066,0
1790059740000,130,96,3121,2950,0
1790059800000,163,95,3121,41635,0
1790059860000,163,95,3121,41635,0
1790059920000,96,95,3121,41635,0
1790059980000,95,95,536,2067,0
1790060040000,95,95,3121,2950,0
1790060100000,173,98,3121,2950,0
1790060160000,180,98,3121,2950,0
1790060220000,128,94,537,2088,0
1790060280000,168,86,3121,2950,0
1790060340000,165,97,3121,2950,0
1790060400000,97,97,540,2102,0
1790060460000,88,87,3121,41599,0
1790060520000,95,95,540,2105,0
1790060580000,84,84,3121,2950,0
1790060640000,186,90,3121,2950,0
1790060700000,181,99,3121,2950,0
1790060760000,98,84,541,2120,0
1790060820000,154,97,3121,2950,0
1790060880000,117,97,541,2120,0
1790060940000,137,97,3121,2950,0
1790061000000,120,99,3121,2950,0
1790061060000,82,82,3121,2950,0
1790061120000,118,98,3121,2950,0
1790061180000,94,94,542,2141,0
1790061240000,94,94,542,2141,0
1790061300000,136,96,3121,41561,0
1790061360000,116,96,544,2143,0
1790061420000,114,94,544,2163,0
1790061480000,136,94,3121,2950,0
1790061540000,144,95,3121,2950,0
1790061600000,117,85,3121,41526,0
1790061660000,226,94,3121,2950,0
1790061720000,59,59,3121,2950,0
1790061780000,182,83,3121,2950,0
1790061840000,57,57,545,2178,0
1790061900000,87,58,3121,41526,0
1790061960000,87,58,3121,41526,0
1790062020000,57,57,545,2178,0
1790062080000,76,76,545,2178,0
1790062140000,76,76,545,2178,0
1790062200000,78,78,547,2178,0
1790062260000,78,78,547,2180,0
1790062320000,76,76,547,2180,0
1790062380000,87,58,3121,41526,0
1790062440000,314,82,3121,2950,0
1790062500000,207,82,3121,2950,0
1790062560000,58,58,548,2195,0
1790062620000,314,82,3121,2950,0
1790062680000,57,57,548,2195,0
1790062740000,59,58,3121,41511,0
1790062800000,59,59,549,2195,0
1790062860000,58,58,549,2196,0
1790062920000,58,58,3121,2950,0
1790062980000,57,57,549,2196,0
1790063040000,57,57,549,2196,0
1790063100000,79,79,3121,2950,0
1790063160000,79,79,3121,2950,0
1790063220000,57,57,551,2198,0
1790063280000,57,57,551,2198,0
1790063340000,76,76,551,2198,0
1790063400000,81,79,3121,41510,0
1790063460000,81,79,3121,41510,0
1790063520000,57,57,552,2199,0
1790063580000,76,76,552,2199,0
1790063640000,79,78,3121,2950,0
1790063700000,78,78,553,2199,0
1790063760000,78,78,553,2200,0
1790063820000,76,76,553,2200,0
1790063880000,76,76,553,2200,0
1790063940000,110,89,3121,41510,0
1790064000000,122,100,3121,41508,0
1790064060000,144,102,3121,2950,0
1790064120000,119,99,3121,2950,0
1790064180000,114,94,556,2223,0
1790064240000,121,100,3121,2950,0
1790064300000,122,101,3121,2950,0
1790064360000,101,98,3121,41485,0
1790064420000,100,97,3121,41485,0
1790064480000,169,103,3121,2950,0
1790064540000,143,103,3121,2950,0
1790064600000,81,81,558,2224,0
1790064660000,142,99,3121,2950,0
1790064720000,104,84,3121,2950,0
1790064780000,82,81,3121,2950,0
1790064840000,81,81,558,2225,0
1790064900000,96,96,560,2225,0
1790064960000,96,96,560,2227,0
1790065020000,94,94,560,2227,0
1790065080000,94,94,560,2227,0
1790065140000,98,96,3121,41484,0
1790065200000,83,83,561,2227,0
1790065260000,85,84,3121,2950,0
1790065320000,83,83,3121,2950,0
1790065380000,80,80,561,2228,0
1790065440000,81,81,3121,2950,0
1790065500000,298,154,3121,2950,0
1790065560000,172,105,562,2229,0
1790065620000,94,94,562,2229,0
1790065680000,102,98,3121,41481,0
1790065740000,98,98,562,2229,0
1790065800000,100,100,3121,2950,0
1790065860000,96,96,564,2231,0
1790065920000,98,98,3121,2950,0
1790065980000,96,95,3121,41477,0
1790066040000,95,95,564,2231,0
1790066100000,185,146,3121,2950,0
1790066160000,151,145,3121,2950,0
1790066220000,181,154,3121,2950,0
1790066280000,204,156,3121,2950,0
1790066340000,217,154,3121,2950,0
1790066400000,217,153,3121,2950,0
1790066460000,195,134,3121,2950,0
1790066520000,197,134,3121,2950,0
1790066580000,187,135,3121,2950,0
1790066640000,189,134,3121,2950,0
1790066700000,134,130,3121,41448,0
1790066760000,212,134,3121,2950,0
1790066820000,161,136,3121,2950,0
1790066880000,140,138,566,2257,0
1790066940000,157,135,3121,2950,0
1790067000000,129,127,3121,2950,0
1790067060000,122,120,3121,2950,0
1790067120000,300,149,3121,2950,0
1790067180000,217,151,3121,2950,0
1790067240000,217,149,3121,2950,0
1790067300000,185,140,3121,2950,0
1790067360000,121,121,568,2307,0
1790067420000,120,120,568,2307,0
1790067480000,124,120,3121,41399,0
1790067540000,124,120,3121,41399,0
1790067600000,134,133,570,2308,0
1790067660000,132,132,570,2310,0
1790067720000,133,131,3121,41399,0
1790067780000,199,161,3121,41399,0
1790067840000,187,167,570,2336,0
1790067900000,174,170,571,2340,0
1790067960000,200,168,3121,2950,0
1790068020000,171,152,571,2351,0
1790068080000,180,155,3121,2950,0
1790068140000,163,154,3121,2950,0
1790068200000,155,152,572,2360,0
1790068260000,196,157,3121,2950,0
1790068320000,182,160,3121,2950,0
1790068380000,169,145,3121,2950,0
1790068440000,143,130,3121,2950,0
1790068500000,136,133,3121,2950,0
1790068560000,136,132,3121,2950,0
1790068620000,134,130,3121,2950,0
1790068680000,131,131,574,2376,0
1790068740000,133,133,574,2376,0
1790068800000,130,130,575,2376,0
1790068860000,128,128,575,2377,0
1790068920000,136,129,3121,2950,0
1790068980000,164,157,3121,2950,0
1790069040000,161,153,3121,2950,0
1790069100000,158,158,3121,2950,0
1790069160000,155,155,576,2378,0
1790069220000,154,154,3121,2950,0
1790069280000,161,158,3121,2950,0
1790069340000,133,133,576,2378,0
1790069400000,153,153,578,2378,0
1790069460000,136,135,3121,41356,0
1790069520000,132,132,578,2380,0
1790069580000,154,153,3121,2950,0
1790069640000,156,154,3121,2950,0
1790069700000,156,156,579,2380,0
1790069760000,162,134,3121,41355,0
1790069820000,182,146,3121,2950,0
1790069880000,182,145,3121,2950,0
1790069940000,137,131,3121,41340,0
1790070000000,131,131,580,2394,0
1790070060000,168,134,3121,2950,0
1790070120000,150,134,3121,2950,0
1790070180000,149,134,3121,2950,0
1790070240000,131,130,3121,2950,0
1790070300000,164,136,3121,2950,0
1790070360000,137,134,3121,2950,0
1790070420000,132,132,582,2398,0
1790070480000,131,130,3121,2950,0
1790070540000,131,130,3121,2950,0
1790070600000,130,130,583,2398,0
1790070660000,131,131,583,2399,0
1790070720000,149,133,3121,2950,0
1790070780000,151,135,3121,2950,0
1790070840000,151,132,3121,41334,0
1790070900000,157,131,3121,2950,0
1790070960000,158,132,3121,2950,0
1790071020000,143,130,3121,2950,0
1790071080000,131,127,3121,41333,0
1790071140000,126,122,3121,2950,0
1790071200000,126,124,586,2404,0
1790071260000,125,123,3121,2950,0
1790071320000,119,119,586,2406,0
1790071380000,128,127,3121,41330,0
1790071440000,131,127,3121,41330,0
1790071500000,131,129,3121,2950,0
1790071560000,135,132,3121,2950,0
1790071620000,133,131,3121,2950,0
1790071680000,131,130,3121,2950,0
1790071740000,131,131,587,2409,0
1790071800000,140,133,3121,2950,0
1790071860000,139,133,3121,2950,0
1790071920000,130,130,588,2410,0
1790071980000,136,133,3121,2950,0
1790072040000,135,133,3121,2950,0
1790072100000,132,132,590,2410,0
1790072160000,133,133,3121,2950,0
1790072220000,130,130,590,2412,0
1790072280000,131,131,3121,2950,0
1790072340000,130,130,590,2412,0
1790072400000,134,133,3121,2950,0
1790072460000,132,131,3121,41326,0
1790072520000,130,130,3121,2950,0
1790072580000,136,135,3121,2950,0
1790072640000,159,133,3121,2950,0
1790072700000,172,161,3121,2950,0
1790072760000,171,157,3121,2950,0
1790072820000,157,151,3121,2950,0
1790072880000,153,152,3121,41312,0
1790072940000,167,152,3121,2950,0
1790073000000,199,162,3121,2950,0
1790073060000,205,174,3121,2950,0
1790073120000,210,172,3121,2950,0
1790073180000,203,174,3121,2950,0
1790073240000,205,172,3121,2950,0
1790073300000,165,165,595,2441,0
1790073360000,167,166,595,2442,0
1790073420000,152,151,595,2443,0
1790073480000,174,152,3121,2950,0
1790073540000,141,131,595,2443,0
1790073600000,139,129,596,2453,0
1790073660000,142,132,3121,2950,0
1790073720000,130,130,596,2454,0
1790073780000,155,151,3121,2950,0
1790073840000,151,149,3121,2950,0
1790073900000,156,155,3121,2950,0
1790073960000,172,170,3121,2950,0
1790074020000,177,168,3121,2950,0
1790074080000,170,165,3121,41288,0
1790074140000,156,151,3121,41286,0
1790074200000,157,153,3121,2950,0
1790074260000,153,152,3121,2950,0
1790074320000,177,155,3121,2950,0
1790074380000,142,132,3121,2950,0
1790074440000,164,134,3121,2950,0
1790074500000,153,133,3121,2950,0
1790074560000,181,136,3121,2950,0
1790074620000,152,132,600,2472,0
1790074680000,127,127,600,2472,0
1790074740000,128,128,600,2472,0
1790074800000,132,132,603,2472,0
1790074860000,131,131,603,2475,0
1790074920000,155,134,3121,41274,0
1790074980000,142,132,603,2475,0
1790075040000,141,131,603,2485,0
1790075100000,143,133,3121,2950,0
1790075160000,129,129,604,2486,0
1790075220000,128,128,604,2486,0
1790075280000,134,131,3121,41263,0
1790075340000,175,173,3121,2950,0
1790075400000,173,171,3121,2950,0
1790075460000,157,156,3121,2950,0
1790075520000,133,133,605,2487,0
1790075580000,151,151,605,2487,0
1790075640000,151,130,3121,41260,0
1790075700000,155,135,3121,2950,0
1790075760000,168,136,3121,2950,0
1790075820000,154,134,3121,2950,0
1790075880000,130,130,607,2499,0
1790075940000,178,136,3121,2950,0
1790076000000,155,133,3121,41247,0
1790076060000,155,135,3121,2950,0
1790076120000,154,134,3121,2950,0
1790076180000,158,134,3121,41247,0
1790076240000,144,134,608,2500,0
1790076300000,155,135,3121,2950,0
1790076360000,145,135,3121,2950,0
1790076420000,145,135,3121,2950,0
1790076480000,143,133,3121,2950,0
1790076540000,128,128,609,2511,0
1790076600000,149,138,3121,2950,0
1790076660000,155,154,3121,41233,0
1790076720000,142,131,3121,2950,0
1790076780000,128,128,611,2513,0
1790076840000,133,131,3121,2950,0
1790076900000,144,136,3121,2950,0
1790076960000,141,134,3121,2950,0
1790077020000,152,132,3121,2950,0
1790077080000,142,132,3121,2950,0
1790077140000,140,130,612,2524,0
1790077200000,143,133,3121,2950,0
1790077260000,177,140,3121,2950,0
1790077320000,168,135,3121,2950,0
1790077380000,132,128,3121,2950,0
1790077440000,202,136,3121,2950,0
1790077500000,172,140,3121,2950,0
1790077560000,132,132,615,2529,0
1790077620000,152,131,3121,41217,0
1790077680000,141,131,615,2529,0
1790077740000,140,130,615,2539,0
1790077800000,142,132,3121,2950,0
1790077860000,143,132,3121,2950,0
1790077920000,143,133,3121,2950,0
1790077980000,143,133,3121,2950,0
1790078040000,144,132,3121,2950,0
1790078100000,134,132,3121,41205,0
1790078160000,142,134,3121,41205,0
1790078220000,145,133,3121,2950,0
1790078280000,132,130,3121,41205,0
1790078340000,141,132,3121,41205,0
1790078400000,135,134,3121,41205,0
1790078460000,137,136,3121,41204,0
1790078520000,132,132,3121,2950,0
1790078580000,131,131,620,2544,0
1790078640000,131,131,620,2544,0
1790078700000,128,128,621,2544,0
1790078760000,137,131,3121,41204,0
1790078820000,134,131,621,2545,0
1790078880000,133,130,3121,2950,0
1790078940000,134,131,3121,2950,0
1790079000000,138,132,3121,2950,0
1790079060000,132,132,622,2549,0
1790079120000,131,131,622,2549,0
1790079180000,129,129,622,2549,0
1790079240000,146,138,3121,2950,0
1790079300000,177,165,3121,2950,0
1790079360000,164,161,3121,2950,0
1790079420000,155,152,3121,41194,0
1790079480000,204,184,3121,2950,0
1790079540000,165,165,624,2551,0
1790079600000,194,171,3121,2950,0
1790079660000,138,136,3121,41191,0
1790079720000,135,134,3121,2950,0
1790079780000,135,134,3121,2950,0
1790079840000,132,131,3121,2950,0
1790079900000,141,136,3121,2950,0
1790079960000,138,136,3121,2950,0
1790080020000,142,134,3121,2950,0
1790080080000,136,132,3121,2950,0
1790080140000,163,134,3121,2950,0
1790080200000,163,140,3121,2950,0
1790080260000,169,140,3121,2950,0
1790080320000,133,127,3121,2950,0
1790080380000,167,138,3121,2950,0
1790080440000,137,131,3121,2950,0
1790080500000,141,132,3121,2950,0
1790080560000,137,132,3121,2950,0
1790080620000,130,130,629,2577,0
1790080680000,139,130,3121,2950,0
1790080740000,134,130,629,2577,0
1790080800000,135,131,630,2581,0
1790080860000,140,131,3121,2950,0
1790080920000,131,131,630,2582,0
1790080980000,148,131,3121,2950,0
1790081040000,138,134,3121,41162,0
1790081100000,143,135,3121,41162,0
1790081160000,133,132,3121,41162,0
1790081220000,133,132,3121,41162,0
1790081280000,133,131,3121,41162,0
1790081340000,159,135,3121,2950,0
1790081400000,144,135,633,2584,0
1790081460000,130,130,633,2585,0
1790081520000,138,136,3121,2950,0
1790081580000,129,129,633,2585,0
1790081640000,131,129,3121,2950,0
1790081700000,134,132,3121,41157,0
1790081760000,134,134,3121,2950,0
1790081820000,136,135,3121,2950,0
1790081880000,131,131,634,2586,0
1790081940000,135,135,3121,2950,0
1790082000000,142,134,3121,2950,0
1790082060000,145,138,3121,2950,0
1790082120000,145,135,3121,2950,0
1790082180000,128,127,637,2593,0
1790082240000,149,139,3121,2950,0
1790082300000,138,134,3121,2950,0
1790082360000,220,146,3121,2950,0
1790082420000,191,136,3121,2950,0
1790082480000,177,139,3121,2950,0
1790082540000,131,127,3121,2950,0
1790082600000,129,128,3121,2950,0
1790082660000,140,135,3121,41146,0
1790082720000,135,133,3121,41146,0
1790082780000,133,133,3121,2950,0
1790082840000,137,133,3121,2950,0
1790082900000,140,138,3121,2950,0
1790082960000,135,134,641,2603,0
1790083020000,135,133,3121,2950,0
1790083080000,138,137,3121,2950,0
1790083140000,132,132,641,2603,0
1790083200000,132,132,642,2603,0
1790083260000,134,133,3121,41141,0
1790083320000,135,134,3121,2950,0
1790083380000,134,133,3121,2950,0
1790083440000,132,130,3121,2950,0
1790083500000,159,157,3121,2950,0
1790083560000,160,158,3121,2950,0
1790083620000,287,199,3121,2950,0
1790083680000,208,175,3121,2950,0
1790083740000,272,195,3121,2950,0
1790083800000,304,210,3121,2950,0
1790083860000,242,200,3121,41130,0
1790083920000,173,164,3121,2950,0
1790083980000,144,139,3121,2950,0
1790084040000,143,140,3121,2950,0
1790084100000,135,132,3121,2950,0
1790084160000,178,172,3121,2950,0
1790084220000,190,172,3121,2950,0
1790084280000,179,168,3121,41119,0
1790084340000,165,157,3121,2950,0
1790084400000,178,170,3121,2950,0
1790084460000,169,169,3121,2950,0
1790084520000,172,169,3121,41119,0
1790084580000,154,153,647,2620,0
1790084640000,132,131,647,2621,0
1790084700000,154,154,649,2621,0
1790084760000,156,155,3121,2950,0
1790084820000,135,134,3121,2950,0
1790084880000,136,133,3121,2950,0
1790084940000,133,132,3121,2950,0
1790085000000,158,138,3121,2950,0
1790085060000,163,142,3121,2950,0
1790085120000,131,131,650,2625,0
1790085180000,148,130,3121,41116,0
1790085240000,139,130,650,2625,0
1790085300000,142,131,3121,41107,0
1790085360000,175,140,3121,2950,0
1790085420000,191,150,3121,2950,0
1790085480000,360,172,3121,2950,0
1790085540000,189,143,3121,2950,0
1790085600000,337,187,3121,2950,0
1790085660000,201,155,3121,2950,0
1790085720000,152,152,653,2719,0
1790085780000,278,152,3121,41041,0
1790085840000,236,156,3121,2950,0
1790085900000,292,157,3121,2950,0
1790085960000,249,157,3121,2950,0
1790086020000,156,154,3121,40979,0
1790086080000,176,154,3121,40979,0
1790086140000,188,153,3121,40979,0
1790086200000,156,155,3121,40979,0
1790086260000,159,155,3121,40979,0
1790086320000,224,157,3121,2950,0
1790086380000,358,179,3121,2950,0
1790086440000,327,179,3121,2950,0
1790086500000,161,148,3121,2950,0
1790086560000,160,158,656,2800,0
1790086620000,161,156,3121,2950,0
1790086680000,158,156,3121,40962,0
1790086740000,156,156,3121,2950,0
1790086800000,159,159,657,2800,0
1790086860000,296,160,3121,2950,0
1790086920000,234,160,3121,2950,0
1790086980000,155,155,657,2801,0
1790087040000,159,159,657,2801,0
1790087100000,174,160,3121,40962,0
1790087160000,293,160,3121,2950,0
1790087220000,228,158,658,2809,0
1790087280000,292,159,3121,2950,0
1790087340000,234,163,3121,2950,0
1790087400000,263,190,3121,2950,0
1790087460000,198,198,660,2874,0
1790087520000,273,200,3121,2950,0
1790087580000,195,195,660,2874,0
1790087640000,266,199,3121,2950,0
1790087700000,351,230,3121,2950,0
1790087760000,280,206,3121,2950,0
1790087820000,233,194,3121,40872,0
1790087880000,247,205,3121,2950,0
1790087940000,214,205,3121,40872,0
1790088000000,202,194,3121,40871,0
1790088060000,172,170,3121,40871,0
1790088120000,207,205,3121,2950,0
1790088180000,207,201,3121,40871,0
1790088240000,191,191,662,2915,0
1790088300000,195,189,3121,40871,0
1790088360000,179,173,3121,40870,0
1790088420000,177,171,3121,2950,0
1790088480000,167,167,664,2920,0
1790088540000,173,170,3121,2950,0
1790088600000,293,167,3121,40867,0
1790088660000,298,169,3121,2950,0
1790088720000,285,165,3121,40867,0
1790088780000,290,168,3121,40867,0
1790088840000,182,166,3121,40867,0
1790088900000,180,170,3121,2950,0
1790088960000,171,164,666,2929,0
1790089020000,195,165,3121,2950,0
1790089080000,177,164,3121,2950,0
1790089140000,177,164,3121,2950,0
1790089200000,169,159,669,2939,0
1790089260000,181,168,3121,2950,0
1790089320000,149,145,3121,40850,0
1790089380000,169,163,3121,40850,0
1790089440000,156,156,669,2942,0
1790089500000,227,184,3121,2950,0
1790089560000,186,166,670,2943,0
1790089620000,209,184,3121,2950,0
1790089680000,231,174,3121,2950,0
1790089740000,222,171,3121,2950,0
1790089800000,205,188,3121,2950,0
1790089860000,166,164,3121,2950,0
1790089920000,188,185,3121,2950,0
1790089980000,159,156,3121,2950,0
1790090040000,169,167,3121,2950,0
1790090100000,174,168,3121,40825,0
1790090160000,182,158,3121,2950,0
1790090220000,186,164,3121,40824,0
1790090280000,190,187,3121,2950,0
1790090340000,166,165,3121,40823,0
1790090400000,187,186,3121,2950,0
1790090460000,172,166,3121,40823,0
1790090520000,167,166,674,2970,0
1790090580000,208,168,3121,2950,0
1790090640000,170,167,3121,2950,0
1790090700000,203,165,3121,40820,0
1790090760000,151,151,675,2972,0
1790090820000,166,165,3121,40820,0
1790090880000,164,164,675,2972,0
1790090940000,164,164,3121,2950,0
1790091000000,166,166,677,2972,0
1790091060000,166,166,3121,2950,0
1790091120000,199,155,3121,2950,0
1790091180000,175,155,3121,2950,0
1790091240000,185,166,3121,2950,0
1790091300000,206,167,3121,2950,0
1790091360000,226,160,3121,2950,0
1790091420000,174,154,3121,2950,0
1790091480000,230,170,3121,2950,0
1790091540000,181,170,3121,2950,0
1790091600000,251,177,3121,2950,0
1790091660000,344,228,3121,2950,0
1790091720000,467,216,3121,2950,0
1790091780000,330,188,3121,2950,0
1790091840000,130,97,3121,2950,0
1790091900000,130,96,3121,2950,0
1790091960000,112,94,3121,2950,0
1790092020000,166,121,3121,2950,0
1790092080000,94,94,681,3031,0
1790092140000,134,96,3121,40755,0
1790092200000,266,174,3121,40741,0
1790092260000,270,222,3121,2950,0
1790092320000,223,221,682,3120,0
1790092380000,196,173,3121,2950,0
1790092440000,175,173,3121,2950,0
1790092500000,216,174,3121,2950,0
1790092560000,195,174,683,3123,0
1790092620000,138,119,683,3142,0
1790092680000,192,173,3121,2950,0
1790092740000,173,173,683,3142,0
1790092800000,176,176,686,3142,0
1790092860000,176,176,686,3145,0
1790092920000,211,173,3121,2950,0
1790092980000,144,122,3121,2950,0
1790093040000,179,176,3121,40715,0
1790093100000,358,239,3121,2950,0
1790093160000,305,239,3121,2950,0
1790093220000,203,176,3121,40713,0
1790093280000,231,226,3121,2950,0
1790093340000,263,238,3121,2950,0
1790093400000,243,227,3121,2950,0
1790093460000,245,233,688,3160,0
1790093520000,244,226,3121,2950,0
1790093580000,248,233,3121,2950,0
1790093640000,231,231,688,3161,0
1790093700000,282,254,3121,2950,0
1790093760000,269,248,3121,2950,0
1790093820000,233,231,3121,40700,0
1790093880000,246,232,3121,40700,0
1790093940000,260,237,3121,2950,0
1790094000000,244,236,691,3170,0
1790094060000,257,234,3121,2950,0
1790094120000,232,231,691,3172,0
1790094180000,232,232,691,3172,0
1790094240000,241,235,3121,40691,0
1790094300000,244,219,3121,40687,0
1790094360000,259,234,3121,2950,0
1790094420000,267,241,3121,2950,0
1790094480000,263,237,3121,2950,0
1790094540000,256,236,3121,2950,0
1790094600000,257,239,3121,2950,0
1790094660000,302,241,3121,2950,0
1790094720000,278,239,3121,2950,0
1790094780000,249,235,3121,40668,0
1790094840000,247,237,3121,40664,0
1790094900000,244,234,3121,40661,0
1790094960000,240,233,3121,2950,0
1790095020000,233,231,3121,40661,0
1790095080000,241,231,3121,2950,0
1790095140000,232,230,3121,2950,0
1790095200000,237,234,3121,2950,0
1790095260000,226,224,3121,2950,0
1790095320000,265,235,3121,2950,0
1790095380000,225,224,696,3205,0
1790095440000,236,223,3121,2950,0
1790095500000,239,236,3121,40660,0
1790095560000,237,236,3121,40660,0
1790095620000,226,224,3121,40660,0
1790095680000,246,244,3121,40660,0
1790095740000,239,238,3121,40660,0
1790095800000,232,225,3121,40659,0
1790095860000,130,127,3121,2950,0
1790095920000,98,98,3121,2950,0
1790095980000,97,97,3121,2950,0
1790096040000,99,99,3121,2950,0
1790096100000,95,95,700,3208,0
1790096160000,120,120,700,3209,0
1790096220000,94,94,700,3209,0
1790096280000,159,119,3121,40651,0
1790096340000,159,119,3121,40651,0
1790096400000,263,223,3121,2950,0
1790096460000,178,176,3121,2950,0
1790096520000,123,120,3121,2950,0
1790096580000,100,100,3121,2950,0
1790096640000,119,119,703,3214,0
1790096700000,126,124,3121,2950,0
1790096760000,120,120,704,3215,0
1790096820000,94,94,704,3215,0
1790096880000,138,119,704,3215,0
1790096940000,138,119,704,3234,0
1790097000000,139,120,3121,2950,0
1790097060000,105,101,3121,40631,0
1790097120000,204,177,3121,2950,0
1790097180000,219,217,705,3235,0
1790097240000,194,173,3121,2950,0
1790097300000,161,121,3121,2950,0
1790097360000,159,121,3121,40629,0
1790097420000,299,236,3121,2950,0
1790097480000,258,234,3121,2950,0
1790097540000,314,238,3121,2950,0
1790097600000,227,221,3121,40627,0
1790097660000,174,174,708,3242,0
1790097720000,161,121,3121,40627,0
1790097780000,121,121,708,3242,0
1790097840000,129,125,3121,2950,0
1790097900000,101,101,3121,2950,0
1790097960000,101,101,3121,2950,0
1790098020000,100,100,3121,2950,0
1790098080000,99,98,3121,2950,0
1790098140000,109,108,3121,2950,0
1790098200000,112,111,3121,2950,0
1790098260000,99,97,3121,2950,0
1790098320000,91,91,711,3245,0
1790098380000,113,109,3121,2950,0
1790098440000,97,93,3121,40619,0
1790098500000,113,110,3121,2950,0
1790098560000,94,94,712,3248,0
1790098620000,123,122,3121,40619,0
1790098680000,97,97,712,3248,0
1790098740000,141,122,3121,2950,0
1790098800000,160,122,3121,2950,0
1790098860000,142,123,3121,2950,0
1790098920000,142,122,3121,2950,0
1790098980000,122,122,713,3268,0
1790099040000,140,121,3121,2950,0
1790099100000,122,122,714,3268,0
1790099160000,122,122,714,3269,0
1790099220000,121,121,714,3269,0
1790099280000,177,176,3121,40599,0
1790099340000,123,122,3121,40599,0
1790099400000,122,122,715,3269,0
1790099460000,178,177,3121,40599,0
1790099520000,144,123,3121,2950,0
1790099580000,117,116,3121,2950,0
1790099640000,134,115,3121,2950,0
1790099700000,146,122,3121,40599,0
1790099760000,100,96,3121,40599,0
1790099820000,97,95,3121,40596,0
1790099880000,111,111,3121,2950,0
1790099940000,117,111,3121,2950,0
1790100000000,100,96,3121,40596,0
1790100060000,101,99,718,3273,0
1790100120000,100,96,3121,2950,0
1790100180000,95,93,3121,2950,0
1790100240000,93,93,718,3275,0
1790100300000,104,97,3121,40594,0
1790100360000,106,100,3121,2950,0
1790100420000,107,100,3121,2950,0
1790100480000,107,100,3121,2950,0
1790100540000,96,96,719,3278,0
1790100600000,127,125,3121,2950,0
1790100660000,127,125,3121,2950,0
1790100720000,100,98,3121,40589,0
1790100780000,95,95,720,3279,0
1790100840000,96,96,720,3279,0
1790100900000,100,100,3121,2950,0
1790100960000,97,95,3121,40587,0
1790101020000,92,91,722,3281,0
1790101080000,92,91,722,3282,0
1790101140000,94,93,3121,2950,0
1790101200000,97,97,723,3282,0
1790101260000,128,123,3121,40586,0
1790101320000,124,122,723,3283,0
1790101380000,101,97,3121,2950,0
1790101440000,124,122,3121,2950,0
1790101500000,245,231,3121,2950,0
1790101560000,242,228,3121,2950,0
1790101620000,277,231,3121,2950,0
1790101680000,244,222,3121,2950,0
1790101740000,268,243,3121,2950,0
1790101800000,300,247,3121,2950,0
1790101860000,245,240,3121,40556,0
1790101920000,224,219,3121,40556,0
1790101980000,294,245,3121,2950,0
1790102040000,260,239,3121,2950,0
1790102100000,231,226,3121,2950,0
1790102160000,249,239,3121,2950,0
1790102220000,229,225,3121,2950,0
1790102280000,235,227,3121,2950,0
1790102340000,180,179,3121,2950,0
1790102400000,181,180,3121,2950,0
1790102460000,228,227,3121,2950,0
1790102520000,126,125,3121,2950,0
1790102580000,180,179,3121,2950,0
1790102640000,175,175,728,3315,0
1790102700000,177,177,730,3315,0
1790102760000,128,127,3121,2950,0
1790102820000,128,126,3121,2950,0
1790102880000,104,103,3121,2950,0
1790102940000,96,96,730,3317,0
1790103000000,132,129,3121,2950,0
1790103060000,126,124,3121,40550,0
1790103120000,121,121,731,3318,0
1790103180000,98,98,731,3318,0
1790103240000,96,96,731,3318,0
1790103300000,109,102,3121,2950,0
1790103360000,103,102,732,3319,0
1790103420000,100,96,3121,40550,0
1790103480000,100,96,3121,40550,0
1790103540000,127,124,3121,40550,0
1790103600000,129,127,3121,40549,0
1790103660000,102,101,3121,2950,0
1790103720000,125,123,3121,2950,0
1790103780000,182,179,3121,2950,0
1790103840000,183,179,3121,2950,0
1790103900000,122,122,736,3322,0
1790103960000,124,123,3121,40549,0
1790104020000,123,122,3121,40549,0
1790104080000,121,121,736,3323,0
1790104140000,121,121,736,3323,0
1790104200000,122,122,737,3323,0
1790104260000,122,122,737,3324,0
1790104320000,106,101,3121,40549,0
1790104380000,131,126,3121,40549,0
1790104440000,121,121,737,3324,0
1790104500000,129,126,3121,40549,0
1790104560000,111,104,3121,40546,0
1790104620000,106,99,3121,40546,0
1790104680000,99,99,3121,2950,0
1790104740000,93,93,739,3326,0
1790104800000,108,101,3121,40546,0
1790104860000,126,124,739,3326,0
1790104920000,132,126,3121,2950,0
1790104980000,125,123,3121,40541,0
1790105040000,126,124,3121,2950,0
1790105100000,122,122,740,3328,0
1790105160000,97,97,740,3329,0
1790105220000,100,98,3121,40541,0
1790105280000,106,101,3121,2950,0
1790105340000,124,124,740,3329,0
1790105400000,122,122,741,3329,0
1790105460000,130,124,3121,40541,0
1790105520000,130,126,3121,2950,0
1790105580000,235,228,3121,2950,0
1790105640000,225,224,3121,40537,0
1790105700000,131,127,3121,2950,0
1790105760000,226,225,3121,40537,0
1790105820000,261,246,3121,2950,0
1790105880000,222,217,742,3333,0
1790105940000,250,241,3121,2950,0
1790106000000,232,226,3121,2950,0
1790106060000,225,225,743,3339,0
1790106120000,223,223,3121,2950,0
1790106180000,225,225,3121,2950,0
1790106240000,229,223,3121,40529,0
1790106300000,231,225,3121,40529,0
1790106360000,225,225,745,3341,0
1790106420000,283,235,3121,40529,0
1790106480000,265,222,3121,40524,0
1790106540000,221,221,745,3341,0
1790106600000,259,238,3121,2950,0
1790106660000,248,224,3121,2950,0
1790106720000,247,225,3121,2950,0
1790106780000,317,257,3121,2950,0
1790106840000,302,264,3121,2950,0
1790106900000,240,236,3121,40518,0
1790106960000,297,263,3121,2950,0
1790107020000,232,230,3121,2950,0
1790107080000,249,229,3121,40518,0
1790107140000,256,236,3121,40518,0
1790107200000,234,232,3121,40518,0
1790107260000,244,238,3121,40517,0
1790107320000,368,266,3121,2950,0
1790107380000,300,265,749,3354,0
1790107440000,221,219,3121,40517,0
1790107500000,221,220,750,3354,0
1790107560000,238,238,750,3355,0
1790107620000,239,237,3121,2950,0
1790107680000,220,219,3121,2950,0
1790107740000,249,229,3121,40516,0
1790107800000,231,230,3121,2950,0
1790107860000,258,238,3121,40516,0
1790107920000,230,230,751,3357,0
1790107980000,229,229,751,3357,0
1790108040000,231,230,3121,40516,0
1790108100000,234,233,3121,40516,0
1790108160000,232,232,753,3359,0
1790108220000,229,229,753,3359,0
1790108280000,232,230,3121,40516,0
1790108340000,251,229,3121,40516,0
1790108400000,230,230,754,3359,0
1790108460000,221,220,3121,2950,0
1790108520000,220,219,3121,2950,0
1790108580000,219,218,3121,2950,0
1790108640000,249,238,3121,2950,0
1790108700000,230,225,755,3360,0
1790108760000,229,224,755,3366,0
1790108820000,230,224,3121,2950,0
1790108880000,262,224,3121,40511,0
1790108940000,272,228,3121,2950,0
1790109000000,233,227,3121,2950,0
1790109060000,225,222,3121,40511,0
1790109120000,223,220,3121,40510,0
1790109180000,243,239,3121,2950,0
1790109240000,239,226,3121,40509,0
1790109300000,232,226,758,3369,0
1790109360000,239,226,3121,2950,0
1790109420000,232,225,3121,2950,0
1790109480000,223,223,758,3376,0
1790109540000,223,223,758,3376,0
1790109600000,224,224,759,3376,0
1790109660000,224,224,759,3377,0
1790109720000,239,225,3121,40502,0
1790109780000,239,225,3121,40502,0
1790109840000,224,224,759,3377,0
1790109900000,242,240,3121,40502,0
1790109960000,222,221,761,3379,0
1790110020000,219,218,761,3380,0
1790110080000,220,219,3121,2950,0
1790110140000,220,219,3121,2950,0
1790110200000,238,238,762,3380,0
1790110260000,238,238,762,3381,0
1790110320000,226,221,3121,2950,0
1790110380000,227,223,3121,2950,0
1790110440000,259,235,3121,2950,0
1790110500000,238,235,3121,2950,0
1790110560000,220,220,763,3383,0
1790110620000,219,219,763,3383,0
1790110680000,229,229,763,3383,0
1790110740000,246,235,3121,2950,0
1790110800000,229,226,766,3383,0
1790110860000,242,241,3121,40496,0
1790110920000,227,226,3121,40496,0
1790110980000,240,239,3121,40495,0
1790111040000,225,225,3121,2950,0
1790111100000,226,226,767,3386,0
1790111160000,220,220,767,3387,0
1790111220000,276,238,3121,40495,0
1790111280000,262,224,3121,40495,0
1790111340000,239,239,767,3387,0
1790111400000,230,230,768,3387,0
1790111460000,222,221,3121,40495,0
1790111520000,221,220,3121,40495,0
1790111580000,219,219,768,3388,0
1790111640000,219,219,768,3388,0
1790111700000,225,223,3121,40495,0
1790111760000,223,223,770,3390,0
1790111820000,221,221,3121,2950,0
1790111880000,219,219,770,3390,0
1790111940000,219,219,770,3390,0
1790112000000,219,219,770,3390,0
1790112060000,235,233,3121,2950,0
1790112120000,232,232,3121,2950,0
1790112180000,231,231,3121,2950,0
1790112240000,219,219,770,3390,0
1790112300000,230,230,771,3390,0
1790112360000,233,233,3121,2950,0
1790112420000,233,233,3121,2950,0
1790112480000,219,219,771,3391,0
1790112540000,219,219,771,3391,0
1790112600000,221,221,773,3391,0
1790112660000,223,222,3121,40491,0
1790112720000,239,239,773,3393,0
1790112780000,220,220,3121,2950,0
1790112840000,219,219,773,3393,0
1790112900000,219,219,774,3393,0
1790112960000,244,242,3121,2950,0
1790113020000,243,241,3121,2950,0
1790113080000,223,221,3121,40490,0
1790113140000,221,221,774,3394,0
1790113200000,232,232,3121,2950,0
1790113260000,230,230,3121,2950,0
1790113320000,257,234,3121,2950,0
1790113380000,260,245,3121,2950,0
1790113440000,261,238,3121,2950,0
1790113500000,241,235,3121,40477,0
1790113560000,225,225,777,3407,0
1790113620000,222,222,3121,2950,0
1790113680000,230,229,3121,2950,0
1790113740000,229,229,3121,2950,0
1790113800000,230,230,3121,2950,0
1790113860000,268,230,3121,2950,0
1790113920000,243,243,3121,2950,0
1790113980000,223,221,3121,40472,0
1790114040000,221,221,778,3408,0
1790114100000,220,220,779,3408,0
1790114160000,222,222,3121,2950,0
1790114220000,221,221,3121,2950,0
1790114280000,231,231,3121,2950,0
1790114340000,241,230,3121,2950,0
1790114400000,247,236,3121,2950,0
1790114460000,222,222,782,3412,0
1790114520000,263,247,3121,2950,0
1790114580000,276,241,3121,2950,0
1790114640000,346,271,3121,2950,0
1790114700000,316,269,3121,2950,0
1790114760000,263,260,3121,40460,0
1790114820000,269,265,3121,2950,0
1790114880000,263,262,783,3440,0
1790114940000,292,269,3121,2950,0
1790115000000,250,242,3121,2950,0
1790115060000,329,266,3121,2950,0
1790115120000,265,244,3121,2950,0
1790115180000,402,244,3121,2950,0
1790115240000,376,237,3121,2950,0
1790115300000,422,260,3121,40429,0
1790115360000,332,260,3121,40401,0
1790115420000,425,284,3121,2950,0
1790115480000,356,282,3121,2950,0
1790115540000,424,284,3121,2950,0
1790115600000,392,283,3121,2950,0
1790115660000,327,277,3121,2950,0
1790115720000,372,283,3121,2950,0
1790115780000,380,284,3121,2950,0
1790115840000,284,281,3121,2950,0
1790115900000,284,282,3121,40332,0
1790115960000,348,277,3121,40332,0
1790116020000,345,276,3121,40332,0
1790116080000,335,282,3121,40332,0
1790116140000,308,282,786,3582,0
1790116200000,335,283,3121,2950,0
1790116260000,309,283,3121,2950,0
1790116320000,308,282,3121,2950,0
1790116380000,299,276,3121,40305,0
1790116440000,285,275,787,3609,0
1790116500000,387,287,3121,2950,0
1790116560000,398,287,3121,2950,0
1790116620000,277,276,3121,40294,0
1790116680000,282,282,788,3620,0
1790116740000,278,277,3121,40293,0
1790116800000,269,269,3121,2950,0
1790116860000,376,287,3121,2950,0
1790116920000,266,266,789,3621,0
1790116980000,375,286,3121,2950,0
1790117040000,279,278,3121,2950,0
1790117100000,269,269,791,3621,0
1790117160000,278,278,791,3623,0
1790117220000,377,287,3121,2950,0
1790117280000,407,287,3121,2950,0
1790117340000,304,283,3121,40292,0
1790117400000,276,276,792,3623,0
1790117460000,277,277,3121,2950,0
1790117520000,327,275,3121,2950,0
1790117580000,333,281,3121,40291,0
1790117640000,282,282,3121,2950,0
1790117700000,282,282,793,3624,0
1790117760000,337,283,3121,2950,0
1790117820000,316,285,3121,2950,0
1790117880000,452,285,3121,2950,0
1790117940000,408,284,3121,2950,0
1790118000000,428,286,3121,2950,0
1790118060000,285,284,796,3700,0
1790118120000,281,280,3121,2950,0
1790118180000,330,277,3121,40218,0
1790118240000,331,278,3121,40218,0
1790118300000,438,311,3121,2950,0
1790118360000,465,318,3121,2950,0
1790118420000,439,319,3121,2950,0
1790118480000,392,312,3121,2950,0
1790118540000,335,259,3121,2950,0
1790118600000,334,259,3121,2950,0
1790118660000,175,175,3121,2950,0
1790118720000,638,312,3121,2950,0
1790118780000,471,320,3121,2950,0
1790118840000,327,279,3121,2950,0
1790118900000,283,281,800,3758,0
1790118960000,177,175,3121,2950,0
1790119020000,228,228,800,3760,0
1790119080000,274,228,3121,40160,0
1790119140000,332,280,3121,2950,0
1790119200000,355,282,3121,2950,0
1790119260000,281,279,801,3786,0
1790119320000,338,280,3121,2950,0
1790119380000,285,277,3121,40135,0
1790119440000,284,279,3121,40135,0
1790119500000,354,294,3121,2950,0
1790119560000,342,305,3121,2950,0
1790119620000,390,303,3121,2950,0
1790119680000,361,289,3121,40130,0
1790119740000,391,303,3121,2950,0
1790119800000,314,286,804,3792,0
1790119860000,404,315,3121,2950,0
1790119920000,520,313,3121,2950,0
1790119980000,564,290,3121,2950,0
1790120040000,434,315,3121,2950,0
1790120100000,301,293,3121,2950,0
1790120160000,304,289,3121,40096,0
1790120220000,424,291,3121,2950,0
1790120280000,405,291,3121,40033,0
1790120340000,419,289,3121,2950,0
1790120400000,350,290,3121,40029,0
1790120460000,369,292,3121,2950,0
1790120520000,549,318,3121,2950,0
1790120580000,552,320,3121,2950,0
1790120640000,421,290,3121,40029,0
1790120700000,412,293,3121,2950,0
1790120760000,437,285,3121,2950,0
1790120820000,405,285,3121,2950,0
1790120880000,285,283,808,3981,0
1790120940000,511,293,3121,2950,0
1790121000000,358,293,3121,2950,0
1790121060000,353,290,809,4047,0
1790121120000,536,288,3121,2950,0
1790121180000,382,291,809,4047,0
1790121240000,288,288,809,4047,0
1790121300000,293,289,3121,39871,0
1790121360000,305,289,3121,39871,0
1790121420000,418,289,3121,39871,0
1790121480000,411,282,3121,39871,0
1790121540000,281,281,810,4048,0
1790121600000,303,292,3121,39866,0
1790121660000,309,293,3121,2950,0
1790121720000,424,289,3121,2950,0
1790121780000,412,292,3121,2950,0
1790121840000,473,291,3121,2950,0
1790121900000,297,294,3121,2950,0
1790121960000,299,296,3121,2950,0
1790122020000,294,293,3121,2950,0
1790122080000,297,292,3121,39800,0
1790122140000,341,287,3121,39797,0
1790122200000,308,278,3121,2950,0
1790122260000,490,304,3121,2950,0
1790122320000,448,304,3121,2950,0
1790122380000,418,306,3121,2950,0
1790122440000,416,306,3121,2950,0
1790122500000,550,308,3121,2950,0
1790122560000,418,308,3121,2950,0
1790122620000,409,302,3121,2950,0
1790122680000,404,299,3121,2950,0
1790122740000,314,248,3121,2950,0
1790122800000,446,248,3121,2950,0
1790122860000,177,176,3121,2950,0
1790122920000,178,175,3121,2950,0
1790122980000,176,173,3121,2950,0
1790123040000,153,152,3121,2950,0
1790123100000,179,176,3121,2950,0
1790123160000,195,166,3121,2950,0
1790123220000,160,154,3121,2950,0
1790123280000,227,190,3121,2950,0
1790123340000,191,188,3121,39751,0
1790123400000,194,190,3121,2950,0
1790123460000,166,164,3121,2950,0
1790123520000,193,188,3121,2950,0
1790123580000,165,163,821,4183,0
1790123640000,149,149,821,4183,0
1790123700000,150,150,822,4183,0
1790123760000,167,165,3121,39750,0
1790123820000,171,167,3121,39750,0
1790123880000,195,192,3121,39750,0
1790123940000,169,169,3121,2950,0
1790124000000,170,170,3121,2950,0
1790124060000,155,150,823,4185,0
1790124120000,173,168,823,4190,0
1790124180000,237,196,3121,2950,0
1790124240000,215,195,823,4190,0
1790124300000,239,198,3121,2950,0
1790124360000,199,197,3121,39728,0
1790124420000,197,195,3121,39728,0
1790124480000,233,195,3121,39728,0
1790124540000,273,195,3121,2950,0
1790124600000,199,175,3121,39728,0
1790124660000,177,173,3121,39728,0
1790124720000,172,172,826,4213,0
1790124780000,172,172,826,4213,0
1790124840000,235,195,3121,39728,0
1790124900000,220,196,3121,39721,0
1790124960000,240,196,3121,2950,0
1790125020000,215,195,3121,2950,0
1790125080000,215,195,3121,2950,0
1790125140000,200,197,3121,2950,0
1790125200000,235,201,3121,2950,0
1790125260000,187,175,3121,39707,0
1790125320000,182,175,3121,2950,0
1790125380000,141,136,3121,2950,0
1790125440000,168,156,3121,2950,0
1790125500000,154,154,829,4242,0
1790125560000,145,143,3121,39701,0
1790125620000,173,163,3121,2950,0
1790125680000,161,159,3121,2950,0
1790125740000,153,143,3121,2950,0
1790125800000,153,151,3121,39699,0
1790125860000,152,150,3121,39699,0
1790125920000,124,122,3121,2950,0
1790125980000,269,161,3121,2950,0
1790126040000,269,161,3121,2950,0
1790126100000,154,154,830,4304,0
1790126160000,154,154,830,4305,0
1790126220000,195,195,830,4305,0
1790126280000,158,158,830,4305,0
1790126340000,160,159,3121,39699,0
1790126400000,154,154,830,4305,0
1790126460000,154,154,3121,2950,0
1790126520000,145,145,3121,2950,0
1790126580000,153,153,830,4305,0
1790126640000,195,195,830,4305,0
1790126700000,196,196,831,4305,0
1790126760000,196,196,831,4306,0
1790126820000,195,195,831,4306,0
1790126880000,201,201,831,4306,0
1790126940000,195,195,831,4306,0
1790127000000,197,197,833,4306,0
1790127060000,217,197,3121,39698,0
1790127120000,226,216,833,4308,0
1790127180000,213,203,833,4318,0
1790127240000,205,195,3121,2950,0
1790127300000,250,238,3121,2950,0
1790127360000,276,264,3121,2950,0
1790127420000,312,264,3121,2950,0
1790127480000,397,319,3121,2950,0
1790127540000,294,264,3121,2950,0
1790127600000,325,319,3121,39688,0
1790127660000,399,372,3121,2950,0
1790127720000,448,386,3121,2950,0
1790127780000,406,370,3121,2950,0
1790127840000,478,384,3121,2950,0
1790127900000,448,386,3121,2950,0
1790127960000,393,366,837,4356,0
1790128020000,446,384,3121,2950,0
1790128080000,437,394,3121,2950,0
1790128140000,437,394,3121,2950,0
1790128200000,510,396,3121,2950,0
1790128260000,436,385,3121,39635,0
1790128320000,375,375,838,4357,0
1790128380000,376,375,838,4357,0
1790128440000,372,372,838,4357,0
1790128500000,384,383,3121,2950,0
1790128560000,376,367,3121,2950,0
1790128620000,465,386,3121,2950,0
1790128680000,427,387,3121,2950,0
1790128740000,446,378,3121,2950,0
1790128800000,413,377,3121,2950,0
1790128860000,419,378,3121,2950,0
1790128920000,370,370,841,4412,0
1790128980000,381,372,3121,39597,0
1790129040000,381,372,3121,2950,0
1790129100000,370,370,3121,2950,0
1790129160000,378,375,3121,2950,0
1790129220000,396,386,3121,39594,0
1790129280000,442,388,3121,2950,0
1790129340000,417,371,3121,39569,0
1790129400000,437,374,3121,2950,0
1790129460000,374,371,3121,39568,0
1790129520000,423,371,3121,2950,0
1790129580000,403,369,3121,39568,0
1790129640000,377,371,3121,39568,0
1790129700000,441,373,3121,2950,0
1790129760000,416,377,3121,39568,0
1790129820000,267,264,845,4443,0
1790129880000,269,263,3121,2950,0
1790129940000,304,263,3121,2950,0
1790130000000,283,265,3121,2950,0
1790130060000,251,243,3121,2950,0
1790130120000,239,223,3121,2950,0
1790130180000,224,218,3121,2950,0
1790130240000,229,217,3121,2950,0
1790130300000,223,217,3121,2950,0
1790130360000,224,218,3121,2950,0
1790130420000,221,216,847,4456,0
1790130480000,222,217,3121,2950,0
1790130540000,221,216,3121,2950,0
1790130600000,230,220,3121,2950,0
1790130660000,221,220,849,4464,0
1790130720000,217,217,849,4464,0
1790130780000,216,216,849,4464,0
1790130840000,226,216,3121,39549,0
1790130900000,226,221,850,4464,0
1790130960000,239,226,3121,2950,0
1790131020000,229,222,3121,2950,0
1790131080000,235,223,3121,2950,0
1790131140000,229,222,3121,2950,0
1790131200000,260,241,3121,2950,0
1790131260000,253,240,3121,2950,0
1790131320000,263,238,3121,39526,0
1790131380000,262,243,3121,2950,0
1790131440000,275,264,3121,2950,0
1790131500000,249,243,3121,2950,0
1790131560000,240,239,3121,2950,0
1790131620000,287,266,3121,2950,0
1790131680000,279,264,3121,2950,0
1790131740000,248,243,3121,2950,0
1790131800000,266,266,3121,2950,0
1790131860000,264,264,854,4496,0
1790131920000,277,265,3121,2950,0
1790131980000,252,240,3121,39520,0
1790132040000,265,264,3121,39520,0
1790132100000,270,267,3121,2950,0
1790132160000,276,266,3121,39520,0
1790132220000,271,238,3121,39515,0
1790132280000,256,240,3121,2950,0
1790132340000,250,240,3121,2950,0
1790132400000,227,225,3121,2950,0
1790132460000,279,243,3121,2950,0
1790132520000,278,239,3121,2950,0
1790132580000,271,265,3121,39496,0
1790132640000,275,265,3121,2950,0
1790132700000,270,265,3121,2950,0
1790132760000,271,266,3121,2950,0
1790132820000,276,265,3121,2950,0
1790132880000,269,263,3121,39490,0
1790132940000,280,265,3121,2950,0
1790133000000,297,264,3121,39485,0
1790133060000,272,239,3121,39485,0
1790133120000,245,240,3121,2950,0
1790133180000,269,243,3121,2950,0
1790133240000,247,240,3121,2950,0
1790133300000,248,239,3121,2950,0
1790133360000,244,242,3121,2950,0
1790133420000,225,223,3121,2950,0
1790133480000,264,239,3121,2950,0
1790133540000,273,239,3121,2950,0
1790133600000,302,241,3121,2950,0
1790133660000,270,240,3121,2950,0
1790133720000,228,198,3121,2950,0
1790133780000,229,199,3121,2950,0
1790133840000,79,78,863,4537,0
1790133900000,234,200,3121,2950,0
1790133960000,159,154,3121,2950,0
1790134020000,162,159,3121,39471,0
1790134080000,207,194,3121,2950,0
1790134140000,205,194,3121,2950,0
1790134200000,164,164,3121,2950,0
1790134260000,155,155,866,4543,0
1790134320000,162,162,3121,2950,0
1790134380000,155,153,3121,39460,0
1790134440000,154,153,866,4543,0
1790134500000,174,163,3121,2950,0
1790134560000,164,163,3121,2950,0
1790134620000,146,144,3121,2950,0
1790134680000,80,78,3121,2950,0
1790134740000,149,124,3121,2950,0
1790134800000,290,170,3121,2950,0
1790134860000,253,170,3121,2950,0
1790134920000,114,114,868,4545,0
1790134980000,152,114,868,4583,0
1790135040000,114,114,868,4583,0
1790135100000,116,115,869,4584,0
1790135160000,184,184,869,4585,0
1790135220000,117,117,869,4585,0
1790135280000,114,114,869,4585,0
1790135340000,119,118,3121,39446,0
1790135400000,289,185,3121,39445,0
1790135460000,237,185,3121,2950,0
1790135520000,236,184,3121,2950,0
1790135580000,236,184,3121,2950,0
1790135640000,193,193,3121,2950,0
1790135700000,185,185,3121,2950,0
1790135760000,193,193,871,4639,0
1790135820000,183,183,871,4639,0
1790135880000,195,193,3121,2950,0
1790135940000,193,192,871,4639,0
1790136000000,242,232,3121,2950,0
1790136060000,233,232,3121,2950,0
1790136120000,230,229,3121,2950,0
1790136180000,232,232,874,4651,0
1790136240000,230,229,3121,2950,0
1790136300000,234,233,875,4652,0
1790136360000,253,239,3121,2950,0
1790136420000,307,197,3121,39388,0
1790136480000,243,188,3121,2950,0
1790136540000,177,174,3121,2950,0
1790136600000,173,173,3121,2950,0
1790136660000,173,173,3121,2950,0
1790136720000,69,69,876,4655,0
1790136780000,172,172,3121,2950,0
1790136840000,115,114,876,4655,0
1790136900000,174,173,3121,2950,0
1790136960000,116,115,877,4657,0
1790137020000,176,174,3121,2950,0
1790137080000,114,114,877,4657,0
1790137140000,190,114,3121,39385,0
1790137200000,176,174,3121,2950,0
1790137260000,398,180,3121,2950,0
1790137320000,258,178,3121,2950,0
1790137380000,145,126,3121,2950,0
1790137440000,122,120,3121,2950,0
1790137500000,180,116,3121,2950,0
1790137560000,118,116,879,4659,0
1790137620000,57,56,879,4659,0
1790137680000,62,61,879,4660,0
1790137740000,61,61,879,4660,0
1790137800000,62,62,880,4660,0
1790137860000,57,57,880,4661,0
1790137920000,56,56,880,4661,0
1790137980000,55,55,880,4661,0
1790138040000,55,55,880,4661,0
1790138100000,56,56,881,4661,0
1790138160000,56,56,881,4662,0
1790138220000,56,56,881,4662,0
1790138280000,58,57,3121,39380,0
1790138340000,57,57,881,4662,0
1790138400000,65,63,3121,2950,0
1790138460000,65,63,3121,2950,0
1790138520000,56,56,882,4663,0
1790138580000,56,56,882,4663,0
1790138640000,56,56,882,4663,0
1790138700000,56,56,882,4663,0
1790138760000,58,57,3121,39379,0
1790138820000,57,57,882,4663,0
1790138880000,57,57,3121,2950,0
1790138940000,58,57,3121,2950,0
1790139000000,58,57,3121,39378,0
1790139060000,56,56,882,4663,0
1790139120000,56,56,882,4663,0
1790139180000,56,56,882,4663,0
1790139240000,56,56,882,4663,0
1790139300000,58,57,3121,39378,0
1790139360000,57,57,3121,2950,0
1790139420000,58,58,3121,2950,0
1790139480000,56,56,882,4663,0
1790139540000,56,56,882,4663,0
1790139600000,65,62,3121,2950,0
1790139660000,63,62,3121,2950,0
1790139720000,87,74,3121,2950,0
1790139780000,83,82,3121,2950,0
1790139840000,81,81,882,4675,0
1790139900000,101,83,3121,2950,0
1790139960000,99,82,3121,2950,0
1790140020000,82,81,3121,2950,0
1790140080000,81,81,883,4676,0
1790140140000,83,81,3121,2950,0
1790140200000,83,82,884,4676,0
1790140260000,82,82,884,4677,0
1790140320000,73,73,884,4677,0
1790140380000,73,73,884,4677,0
1790140440000,73,73,884,4677,0
1790140500000,75,75,886,4677,0
1790140560000,75,75,886,4679,0
1790140620000,73,73,886,4679,0
1790140680000,85,83,3121,39376,0
1790140740000,128,128,886,4679,0
1790140800000,88,88,887,4679,0
1790140860000,205,129,3121,2950,0
1790140920000,129,129,887,4680,0
1790140980000,206,128,3121,2950,0
1790141040000,204,126,3121,39374,0
1790141100000,203,127,3121,39374,0
1790141160000,167,127,3121,39341,0
1790141220000,203,126,3121,2950,0
1790141280000,168,127,3121,2950,0
1790141340000,169,130,3121,2950,0
1790141400000,171,132,3121,2950,0
1790141460000,291,200,3121,2950,0
1790141520000,341,198,3121,2950,0
1790141580000,308,204,3121,2950,0
1790141640000,289,198,3121,2950,0
1790141700000,202,198,3121,39282,0
1790141760000,130,129,891,4775,0
1790141820000,133,131,3121,2950,0
1790141880000,195,195,891,4776,0
1790141940000,198,197,3121,2950,0
1790142000000,196,196,892,4776,0
1790142060000,210,130,3121,2950,0
1790142120000,171,130,3121,2950,0
1790142180000,210,131,3121,2950,0
1790142240000,195,195,892,4816,0
1790142300000,199,197,3121,39239,0
1790142360000,135,132,3121,39239,0
1790142420000,130,130,894,4818,0
1790142480000,198,196,3121,2950,0
1790142540000,422,272,3121,2950,0
1790142600000,391,294,3121,2950,0
1790142660000,387,293,3121,2950,0
1790142720000,325,271,3121,2950,0
1790142780000,288,288,895,4876,0
1790142840000,271,271,895,4876,0
1790142900000,345,289,3121,2950,0
1790142960000,292,290,3121,39183,0
1790143020000,370,288,3121,2950,0
1790143080000,465,319,3121,2950,0
1790143140000,429,318,3121,2950,0
1790143200000,345,317,3121,39183,0
1790143260000,331,317,899,4880,0
1790143320000,338,314,3121,39169,0
1790143380000,313,289,3121,2950,0
1790143440000,307,289,3121,2950,0
1790143500000,291,289,3121,2950,0
1790143560000,275,269,3121,2950,0
1790143620000,296,288,3121,2950,0
1790143680000,292,288,3121,2950,0
1790143740000,269,268,900,4901,0
1790143800000,279,272,3121,2950,0
1790143860000,280,275,3121,2950,0
1790143920000,400,272,3121,2950,0
1790143980000,317,262,3121,2950,0
1790144040000,315,260,3121,2950,0
1790144100000,318,258,3121,2950,0
1790144160000,266,254,3121,2950,0
1790144220000,273,267,3121,2950,0
1790144280000,274,270,3121,39097,0
1790144340000,331,290,3121,39095,0
1790144400000,303,290,3121,2950,0
1790144460000,306,290,3121,2950,0
1790144520000,312,289,3121,2950,0
1790144580000,309,288,3121,39082,0
1790144640000,331,316,3121,2950,0
1790144700000,308,294,3121,2950,0
1790144760000,331,317,3121,2950,0
1790144820000,336,319,3121,2950,0
1790144880000,333,319,3121,2950,0
1790144940000,370,328,3121,2950,0
1790145000000,518,384,3121,2950,0
1790145060000,453,436,907,5002,0
1790145120000,463,333,3121,2950,0
1790145180000,328,328,907,5003,0
1790145240000,328,328,907,5003,0
1790145300000,363,331,3121,39070,0
1790145360000,354,306,3121,39054,0
1790145420000,345,304,3121,2950,0
1790145480000,327,303,3121,2950,0
1790145540000,291,283,3121,39047,0
1790145600000,307,286,3121,2950,0
1790145660000,286,284,3121,39047,0
1790145720000,334,285,3121,2950,0
1790145780000,321,285,3121,2950,0
1790145840000,310,282,3121,2950,0
1790145900000,300,284,3121,2950,0
1790145960000,335,305,3121,39023,0
1790146020000,330,304,3121,39011,0
1790146080000,334,305,3121,2950,0
1790146140000,343,330,3121,2950,0
1790146200000,329,329,912,5065,0
1790146260000,326,306,3121,2950,0
1790146320000,343,328,3121,2950,0
1790146380000,348,330,3121,2950,0
1790146440000,345,330,3121,2950,0
1790146500000,336,329,3121,2950,0
1790146560000,347,331,3121,2950,0
1790146620000,328,328,913,5069,0
1790146680000,351,306,3121,2950,0
1790146740000,374,329,3121,2950,0
1790146800000,335,331,3121,39006,0
1790146860000,391,388,916,5072,0
1790146920000,574,434,3121,2950,0
1790146980000,585,441,3121,2950,0
1790147040000,331,331,916,5076,0
1790147100000,456,441,3121,2950,0
1790147160000,437,429,917,5081,0
1790147220000,437,429,917,5089,0
1790147280000,446,438,3121,2950,0
1790147340000,387,384,917,5089,0
1790147400000,384,378,3121,2950,0
1790147460000,388,385,3121,2950,0
1790147520000,340,337,3121,2950,0
1790147580000,436,436,918,5093,0
1790147640000,447,428,3121,2950,0
1790147700000,453,437,3121,38988,0
1790147760000,447,446,3121,38988,0
1790147820000,393,393,920,5095,0
1790147880000,337,337,920,5095,0
1790147940000,453,445,3121,38987,0
1790148000000,404,396,3121,2950,0
1790148060000,392,392,921,5096,0
1790148120000,395,393,3121,38987,0
1790148180000,453,437,3121,38985,0
1790148240000,432,430,3121,2950,0
1790148300000,425,421,3121,2950,0
1790148360000,490,425,3121,2950,0
1790148420000,490,425,3121,2950,0
1790148480000,447,429,3121,38983,0
1790148540000,390,384,3121,38983,0
1790148600000,386,386,923,5098,0
1790148660000,449,437,3121,38983,0
1790148720000,426,426,923,5100,0
1790148780000,769,435,3121,2950,0
1790148840000,624,452,3121,2950,0
1790148900000,646,447,3121,2950,0
1790148960000,456,434,3121,38947,0
1790149020000,767,463,3121,2950,0
1790149080000,446,426,3121,38947,0
1790149140000,632,424,3121,38947,0
1790149200000,621,433,3121,38947,0
1790149260000,425,425,923,5135,0
1790149320000,438,426,3121,38938,0
1790149380000,507,424,3121,2950,0
1790149440000,903,472,3121,2950,0
1790149500000,841,473,3121,2950,0
1790149560000,597,424,3121,2950,0
1790149620000,510,421,3121,2950,0
1790149680000,442,421,3121,2950,0
1790149740000,548,448,3121,2950,0
1790149800000,492,444,3121,38836,0
1790149860000,592,446,3121,2950,0
1790149920000,528,439,3121,2950,0
1790149980000,512,446,924,5332,0
1790150040000,538,438,3121,2950,0
1790150100000,447,437,924,5332,0
1790150160000,619,443,3121,2950,0
1790150220000,531,444,3121,2950,0
1790150280000,518,443,924,5423,0
1790150340000,575,444,3121,2950,0
1790150400000,591,449,3121,2950,0
1790150460000,562,448,3121,2950,0
1790150520000,548,446,3121,2950,0
1790150580000,447,446,3121,2950,0
1790150640000,643,445,3121,2950,0
1790150700000,666,429,3121,2950,0
1790150760000,669,433,3121,2950,0
1790150820000,698,433,3121,2950,0
1790150880000,445,443,3121,38568,0
1790150940000,438,437,926,5524,0
1790151000000,438,437,3121,2950,0
1790151060000,440,439,3121,2950,0
1790151120000,440,439,3121,2950,0
1790151180000,438,438,926,5524,0
1790151240000,444,443,926,5525,0
1790151300000,567,450,3121,2950,0
1790151360000,445,432,927,5526,0
1790151420000,538,447,3121,2950,0
1790151480000,621,447,3121,2950,0
1790151540000,542,450,3121,2950,0
1790151600000,638,451,3121,2950,0
1790151660000,486,432,3121,2950,0
1790151720000,458,432,3121,2950,0
1790151780000,464,438,3121,2950,0
1790151840000,452,439,3121,2950,0
1790151900000,452,439,3121,2950,0
1790151960000,438,438,928,5553,0
1790152020000,481,446,3121,2950,0
1790152080000,465,443,3121,38538,0
1790152140000,468,444,3121,2950,0
1790152200000,447,445,3121,38538,0
1790152260000,459,445,3121,38538,0
1790152320000,443,443,929,5554,0
1790152380000,443,443,929,5554,0
1790152440000,443,443,929,5554,0
1790152500000,507,444,3121,38538,0
1790152560000,495,444,3121,38538,0
1790152620000,437,437,929,5554,0
1790152680000,437,437,929,5554,0
1790152740000,439,439,929,5554,0
1790152800000,440,438,3121,38538,0
1790152860000,440,438,3121,38538,0
1790152920000,455,443,3121,38538,0
1790152980000,463,450,3121,2950,0
1790153040000,736,415,3121,2950,0
1790153100000,708,419,3121,2950,0
1790153160000,742,419,3121,2950,0
1790153220000,941,419,3121,2950,0
1790153280000,1022,416,3121,2950,0
1790153340000,878,458,3121,2950,0
1790153400000,791,404,3121,2950,0
1790153460000,792,402,3121,2950,0
1790153520000,800,405,3121,2950,0
1790153580000,797,402,3121,2950,0
1790153640000,330,327,3121,2950,0
1790153700000,335,327,3121,38440,0
1790153760000,358,326,3121,38436,0
1790153820000,339,313,3121,2950,0
1790153880000,320,290,3121,2950,0
1790153940000,307,290,3121,2950,0
1790154000000,328,294,3121,2950,0
1790154060000,308,291,934,5674,0
1790154120000,293,293,934,5677,0
1790154180000,290,290,934,5677,0
1790154240000,290,290,934,5677,0
1790154300000,320,294,3121,38423,0
1790154360000,319,293,3121,38423,0
1790154420000,366,360,3121,2950,0
1790154480000,359,358,935,5678,0
1790154540000,360,358,3121,2950,0
1790154600000,361,360,3121,2950,0
1790154660000,358,358,936,5680,0
1790154720000,355,355,936,5680,0
1790154780000,359,358,3121,38419,0
1790154840000,291,291,936,5680,0
1790154900000,358,358,937,5680,0
1790154960000,292,292,3121,2950,0
1790155020000,358,358,3121,2950,0
1790155080000,292,292,3121,2950,0
1790155140000,290,290,937,5681,0
1790155200000,319,293,3121,2950,0
1790155260000,344,317,3121,2950,0
1790155320000,293,292,3121,38418,0
1790155380000,351,351,938,5682,0
1790155440000,360,359,3121,2950,0
1790155500000,368,362,3121,2950,0
1790155560000,366,362,3121,2950,0
1790155620000,357,357,939,5683,0
1790155680000,338,299,3121,2950,0
1790155740000,314,293,3121,38414,0
1790155800000,334,294,3121,2950,0
1790155860000,313,294,3121,2950,0
1790155920000,335,314,3121,2950,0
1790155980000,337,314,3121,2950,0
1790156040000,339,317,3121,2950,0
1790156100000,336,317,3121,2950,0
1790156160000,315,312,941,5707,0
1790156220000,314,311,3121,2950,0
1790156280000,316,312,3121,2950,0
1790156340000,317,313,3121,2950,0
1790156400000,353,317,3121,2950,0
1790156460000,345,329,3121,2950,0
1790156520000,348,330,3121,2950,0
1790156580000,314,312,3121,38392,0
1790156640000,312,312,941,5707,0
1790156700000,312,312,941,5707,0
1790156760000,312,312,941,5707,0
1790156820000,312,312,941,5707,0
1790156880000,314,312,3121,38392,0
1790156940000,312,312,941,5707,0
1790157000000,320,313,3121,2950,0
1790157060000,317,312,3121,2950,0
1790157120000,327,326,3121,2950,0
1790157180000,335,328,3121,2950,0
1790157240000,333,327,3121,38391,0
1790157300000,317,313,3121,2950,0
1790157360000,317,315,3121,38391,0
1790157420000,318,316,3121,38391,0
1790157480000,323,315,3121,38391,0
1790157540000,314,314,941,5709,0
1790157600000,318,318,943,5709,0
1790157660000,319,319,943,5711,0
1790157720000,320,318,3121,2950,0
1790157780000,315,313,3121,38389,0
1790157840000,313,313,943,5711,0
1790157900000,313,313,943,5711,0
1790157960000,312,312,943,5711,0
1790158020000,319,314,3121,38387,0
1790158080000,317,314,3121,2950,0
1790158140000,314,314,3121,2950,0
1790158200000,320,314,3121,2950,0
1790158260000,318,315,3121,2950,0
1790158320000,316,316,943,5714,0
1790158380000,315,312,3121,2950,0
1790158440000,312,312,943,5714,0
1790158500000,317,315,3121,2950,0
1790158560000,315,315,3121,2950,0
1790158620000,313,313,944,5715,0
1790158680000,333,327,3121,2950,0
1790158740000,320,314,3121,2950,0
1790158800000,327,325,3121,38384,0
1790158860000,330,327,3121,2950,0
1790158920000,337,329,3121,2950,0
1790158980000,1251,408,3121,2950,0
1790159040000,832,417,3121,2950,0
1790159100000,335,315,3121,2950,0
1790159160000,366,315,3121,2950,0
1790159220000,374,341,3121,2950,0
1790159280000,342,341,3121,2950,0
1790159340000,340,338,3121,2950,0
1790159400000,328,327,3121,2950,0
1790159460000,339,338,3121,2950,0
1790159520000,338,338,944,5748,0
1790159580000,339,339,944,5748,0
1790159640000,340,340,944,5748,0
1790159700000,338,338,944,5748,0
1790159760000,338,338,944,5748,0
1790159820000,324,322,3121,38361,0
1790159880000,331,325,3121,38361,0
1790159940000,328,326,3121,38361,0
1790160000000,324,324,945,5748,0
1790160060000,323,323,945,5749,0
1790160120000,333,330,3121,2950,0
1790160180000,324,323,945,5749,0
1790160240000,330,326,3121,2950,0
1790160300000,331,330,3121,2950,0
1790160360000,331,330,3121,2950,0
1790160420000,328,326,3121,2950,0
1790160480000,324,322,3121,2950,0
1790160540000,323,322,946,5752,0
1790160600000,329,327,3121,2950,0
1790160660000,333,328,3121,38359,0
1790160720000,331,327,3121,2950,0
1790160780000,330,324,3121,2950,0
1790160840000,324,324,947,5756,0
1790160900000,333,328,3121,2950,0
1790160960000,331,331,3121,2950,0
1790161020000,332,332,3121,2950,0
1790161080000,335,332,3121,2950,0
1790161140000,316,309,3121,2950,0
1790161200000,357,312,3121,2950,0
1790161260000,364,330,3121,38352,0
1790161320000,374,329,3121,2950,0
1790161380000,345,326,3121,38339,0
1790161440000,365,331,3121,2950,0
1790161500000,327,327,951,5777,0
1790161560000,325,325,951,5778,0
1790161620000,325,325,951,5778,0
1790161680000,326,326,951,5778,0
1790161740000,324,324,951,5778,0
1790161800000,363,343,3121,2950,0
1790161860000,349,342,3121,2950,0
1790161920000,348,341,3121,2950,0
1790161980000,330,330,952,5779,0
1790162040000,348,341,3121,2950,0
1790162100000,329,329,952,5779,0
1790162160000,329,329,952,5779,0
1790162220000,329,329,952,5779,0
1790162280000,331,314,3121,38333,0
1790162340000,321,313,952,5780,0
1790162400000,426,347,3121,2950,0
1790162460000,381,324,3121,2950,0
1790162520000,344,293,3121,2950,0
1790162580000,382,318,3121,2950,0
1790162640000,410,316,3121,2950,0
1790162700000,382,318,3121,2950,0
1790162760000,265,265,952,5801,0
1790162820000,365,280,3121,2950,0
1790162880000,318,289,3121,2950,0
1790162940000,410,298,3121,2950,0
1790163000000,378,315,3121,2950,0
1790163060000,265,265,952,5801,0
1790163120000,293,293,952,5801,0
1790163180000,265,265,952,5801,0
1790163240000,262,262,952,5801,0
1790163300000,248,248,952,5801,0
1790163360000,247,247,952,5801,0
1790163420000,261,261,952,5801,0
1790163480000,261,261,952,5801,0
1790163540000,261,261,952,5801,0
1790163600000,291,261,3121,38301,0
1790163660000,291,261,3121,38301,0
1790163720000,261,261,952,5801,0
1790163780000,261,261,952,5801,0
1790163840000,261,261,952,5801,0
1790163900000,261,261,952,5801,0
1790163960000,339,293,3121,38301,0
1790164020000,336,293,3121,38287,0
1790164080000,339,303,3121,2950,0
1790164140000,314,294,3121,2950,0
1790164200000,316,295,3121,2950,0
1790164260000,334,292,3121,2950,0
1790164320000,338,317,3121,2950,0
1790164380000,359,317,3121,2950,0
1790164440000,289,289,953,5831,0
1790164500000,305,305,954,5831,0
1790164560000,305,305,954,5832,0
1790164620000,304,304,954,5832,0
1790164680000,289,289,954,5832,0
1790164740000,289,289,954,5832,0
1790164800000,326,326,957,5832,0
1790164860000,311,298,3121,38280,0
1790164920000,332,296,3121,38273,0
1790164980000,330,308,3121,2950,0
1790165040000,299,267,3121,2950,0
1790165100000,277,262,3121,2950,0
1790165160000,292,262,3121,38258,0
1790165220000,321,261,3121,2950,0
1790165280000,264,248,957,5852,0
1790165340000,269,265,957,5856,0
1790165400000,265,265,957,5856,0
1790165460000,248,248,957,5856,0
1790165520000,248,248,957,5856,0
1790165580000,323,261,3121,38258,0
1790165640000,307,261,3121,38243,0
1790165700000,277,261,957,5872,0
1790165760000,277,261,3121,2950,0
1790165820000,392,305,3121,2950,0
1790165880000,257,202,3121,38229,0
1790165940000,306,226,3121,2950,0
1790166000000,328,226,3121,2950,0
1790166060000,245,188,3121,2950,0
1790166120000,207,203,957,5911,0
1790166180000,271,268,957,5914,0
1790166240000,300,268,3121,38204,0
1790166300000,271,255,958,5914,0
1790166360000,285,269,958,5931,0
1790166420000,284,268,3121,2950,0
1790166480000,268,268,958,5931,0
1790166540000,268,268,958,5931,0
1790166600000,320,271,3121,2950,0
1790166660000,291,257,3121,2950,0
1790166720000,323,273,3121,2950,0
1790166780000,272,272,959,5948,0
1790166840000,287,255,3121,2950,0
1790166900000,269,269,960,5948,0
1790166960000,269,269,960,5949,0
1790167020000,268,268,960,5949,0
1790167080000,255,255,960,5949,0
1790167140000,254,254,960,5949,0
1790167200000,255,255,961,5949,0
1790167260000,269,269,961,5950,0
1790167320000,270,269,3121,38171,0
1790167380000,269,269,961,5950,0
1790167440000,269,269,3121,2950,0
1790167500000,270,270,3121,2950,0
1790167560000,257,256,3121,38170,0
1790167620000,255,255,962,5951,0
1790167680000,258,257,3121,2950,0
1790167740000,272,271,3121,2950,0
1790167800000,269,269,963,5951,0
1790167860000,270,270,3121,2950,0
1790167920000,203,203,963,5952,0
1790167980000,269,269,3121,2950,0
1790168040000,268,268,963,5952,0
1790168100000,269,269,964,5952,0
1790168160000,269,269,964,5953,0
1790168220000,268,268,964,5953,0
1790168280000,268,268,964,5953,0
1790168340000,270,269,3121,38169,0
1790168400000,272,271,3121,38169,0
1790168460000,270,270,966,5955,0
1790168520000,274,268,3121,38169,0
1790168580000,270,269,3121,38169,0
1790168640000,201,201,3121,2950,0
1790168700000,228,190,3121,2950,0
1790168760000,209,190,3121,2950,0
1790168820000,241,201,3121,2950,0
1790168880000,203,183,3121,2950,0
1790168940000,202,182,966,5975,0
1790169000000,228,208,3121,2950,0
1790169060000,221,199,3121,38148,0
1790169120000,210,199,966,5975,0
1790169180000,210,199,3121,2950,0
1790169240000,188,188,966,5975,0
1790169300000,233,203,3121,2950,0
1790169360000,286,270,3121,38137,0
1790169420000,272,271,3121,38135,0
1790169480000,270,269,3121,38135,0
1790169540000,270,270,3121,2950,0
1790169600000,273,272,3121,2950,0
1790169660000,273,272,3121,2950,0
1790169720000,268,268,967,5987,0
1790169780000,268,268,967,5987,0
1790169840000,272,270,3121,2950,0
1790169900000,273,272,3121,38135,0
1790169960000,273,272,3121,38135,0
1790170020000,260,259,3121,2950,0
1790170080000,342,277,3121,2950,0
1790170140000,305,273,3121,2950,0
1790170200000,309,305,3121,2950,0
1790170260000,309,277,3121,38132,0
1790170320000,370,345,3121,38130,0
1790170380000,362,346,969,6013,0
1790170440000,327,311,3121,2950,0
1790170500000,277,274,3121,38115,0
1790170560000,331,312,3121,38115,0
1790170620000,430,372,3121,2950,0
1790170680000,366,353,970,6014,0
1790170740000,389,357,3121,2950,0
1790170800000,386,358,3121,2950,0
1790170860000,357,355,3121,38102,0
1790170920000,390,358,3121,2950,0
1790170980000,357,355,3121,2950,0
1790171040000,401,358,3121,2950,0
1790171100000,396,361,3121,2950,0
1790171160000,351,351,973,6032,0
1790171220000,350,348,3121,38100,0
1790171280000,358,353,3121,38098,0
1790171340000,349,344,3121,2950,0
1790171400000,360,354,3121,2950,0
1790171460000,316,312,3121,2950,0
1790171520000,348,346,3121,2950,0
1790171580000,332,331,974,6036,0
1790171640000,345,345,974,6036,0
1790171700000,333,332,3121,2950,0
1790171760000,336,334,3121,38095,0
1790171820000,360,358,3121,2950,0
1790171880000,382,354,3121,2950,0
1790171940000,368,355,3121,2950,0
1790172000000,373,360,3121,2950,0
1790172060000,403,363,3121,2950,0
1790172120000,413,364,3121,2950,0
1790172180000,371,356,3121,38080,0
1790172240000,345,345,978,6053,0
1790172300000,360,357,3121,38080,0
1790172360000,342,338,3121,38080,0
1790172420000,330,315,3121,2950,0
1790172480000,286,276,3121,2950,0
1790172540000,273,213,3121,2950,0
1790172600000,525,249,3121,2950,0
1790172660000,353,198,3121,2950,0
1790172720000,249,165,3121,2950,0
1790172780000,236,161,3121,2950,0
1790172840000,233,161,3121,2950,0
1790172900000,51,51,980,6079,0
1790172960000,85,51,3121,38049,0
1790173020000,401,135,3121,2950,0
1790173080000,240,136,3121,2950,0
1790173140000,41,23,3121,2950,0
1790173200000,25,24,980,6098,0
1790173260000,43,26,3121,2950,0
1790173320000,41,23,3121,2950,0
1790173380000,41,23,3121,2950,0
1790173440000,41,23,3121,2950,0
1790173500000,26,24,3121,38031,0
1790173560000,25,23,3121,38031,0
1790173620000,23,23,980,6100,0
1790173680000,23,23,980,6100,0
1790173740000,40,23,3121,2950,0
1790173800000,21,18,3121,2950,0
1790173860000,38,18,3121,2950,0
1790173920000,40,23,980,6100,0
1790173980000,23,23,980,6100,0
1790174040000,26,24,3121,38031,0
1790174100000,26,25,981,6100,0
1790174160000,27,25,3121,2950,0
1790174220000,24,23,3121,2950,0
1790174280000,24,24,981,6102,0
1790174340000,24,24,981,6102,0
1790174400000,25,25,982,6102,0
1790174460000,25,25,982,6103,0
1790174520000,26,24,3121,38030,0
1790174580000,23,23,982,6103,0
1790174640000,24,23,982,6103,0
1790174700000,25,24,3121,2950,0
1790174760000,26,24,3121,2950,0
1790174820000,23,23,983,6105,0
1790174880000,23,23,983,6105,0
1790174940000,23,23,983,6105,0
1790175000000,27,25,3121,2950,0
1790175060000,29,26,3121,2950,0
1790175120000,26,24,3121,2950,0
1790175180000,29,25,3121,38029,0
1790175240000,67,29,3121,38027,0
1790175300000,47,28,985,6108,0
1790175360000,49,30,3121,2950,0
1790175420000,27,27,985,6127,0
1790175480000,45,27,3121,2950,0
1790175540000,24,24,985,6127,0
1790175600000,29,29,988,6127,0
1790175660000,53,32,3121,2950,0
1790175720000,28,27,988,6130,0
1790175780000,49,29,3121,2950,0
1790175840000,28,27,3121,2950,0
1790175900000,30,28,3121,2950,0
1790175960000,29,28,989,6132,0
1790176020000,27,27,989,6132,0
1790176080000,54,32,3121,2950,0
1790176140000,54,32,3121,2950,0
1790176200000,28,28,990,6132,0
1790176260000,28,28,990,6133,0
1790176320000,27,27,990,6133,0
1790176380000,27,27,990,6133,0
1790176440000,27,27,990,6133,0
1790176500000,51,32,3121,2950,0
1790176560000,55,55,992,6135,0
1790176620000,48,29,3121,2950,0
1790176680000,35,31,3121,38007,0
1790176740000,31,31,992,6135,0
1790176800000,32,32,3121,2950,0
1790176860000,32,32,3121,2950,0
1790176920000,31,31,3121,2950,0
1790176980000,27,27,993,6136,0
1790177040000,29,28,3121,38003,0
1790177100000,30,29,3121,38003,0
1790177160000,28,28,994,6137,0
1790177220000,27,27,994,6137,0
1790177280000,33,29,3121,38003,0
1790177340000,37,32,3121,2950,0
1790177400000,33,31,3121,2950,0
1790177460000,72,33,3121,2950,0
1790177520000,43,25,995,6139,0
1790177580000,41,23,995,6157,0
1790177640000,57,32,3121,2950,0
1790177700000,26,25,996,6157,0
1790177760000,26,25,996,6159,0
1790177820000,84,29,3121,2950,0
1790177880000,63,28,3121,2950,0
1790177940000,57,23,3121,2950,0
1790178000000,70,29,3121,2950,0
1790178060000,47,29,3121,2950,0
1790178120000,64,28,3121,2950,0
1790178180000,59,24,3121,2950,0
1790178240000,75,24,3121,37961,0
1790178300000,41,24,998,6177,0
1790178360000,58,24,3121,2950,0
1790178420000,40,23,3121,2950,0
1790178480000,23,23,998,6195,0
1790178540000,23,23,998,6195,0
1790178600000,41,24,3121,2950,0
1790178660000,62,25,3121,2950,0
1790178720000,42,24,999,6196,0
1790178780000,26,24,3121,2950,0
1790178840000,25,24,3121,2950,0
1790178900000,23,23,999,6197,0
1790178960000,4,4,999,6197,0
1790179020000,27,24,3121,2950,0
1790179080000,25,23,3121,37942,0
1790179140000,6,5,3121,2950,0
1790179200000,8,7,3121,2950,0
1790179260000,48,25,3121,2950,0
1790179320000,8,6,3121,2950,0
1790179380000,8,6,3121,2950,0
1790179440000,47,26,1001,6219,0
1790179500000,27,27,1002,6219,0
1790179560000,48,46,3121,37935,0
1790179620000,46,45,1002,6220,0
1790179680000,46,45,1002,6221,0
1790179740000,80,45,3121,2950,0
1790179800000,80,46,3121,37934,0
1790179860000,47,46,3121,2950,0
1790179920000,47,45,3121,2950,0
1790179980000,46,45,1003,6222,0
1790180040000,47,46,3121,37934,0
1790180100000,55,48,3121,37934,0
1790180160000,53,47,3121,37934,0
1790180220000,47,46,3121,37934,0
1790180280000,47,46,3121,37934,0
1790180340000,45,45,1005,6224,0
1790180400000,50,47,3121,37934,0
1790180460000,48,47,1006,6225,0
1790180520000,46,45,1006,6226,0
1790180580000,47,46,3121,2950,0
1790180640000,45,45,1006,6226,0
1790180700000,46,46,1007,6226,0
1790180760000,48,46,3121,37932,0
1790180820000,47,45,3121,37932,0
1790180880000,45,45,1007,6227,0
1790180940000,45,45,1007,6227,0
1790181000000,89,51,3121,37932,0
1790181060000,90,51,3121,37931,0
1790181120000,46,45,1009,6229,0
1790181180000,48,46,3121,2950,0
1790181240000,46,45,3121,2950,0
1790181300000,50,48,3121,2950,0
1790181360000,49,48,3121,2950,0
1790181420000,45,45,1010,6231,0
1790181480000,48,47,3121,2950,0
1790181540000,29,28,3121,2950,0
1790181600000,29,28,3121,2950,0
1790181660000,26,26,1010,6231,0
1790181720000,29,28,3121,2950,0
1790181780000,26,26,1010,6231,0
1790181840000,26,26,1010,6231,0
1790181900000,44,44,1010,6231,0
1790181960000,26,26,1010,6231,0
1790182020000,26,26,1010,6231,0
1790182080000,26,26,1010,6231,0
1790182140000,71,28,3121,2950,0
1790182200000,47,26,1010,6231,0
1790182260000,71,28,3121,2950,0
1790182320000,47,26,3121,2950,0
1790182380000,26,26,1010,6252,0
1790182440000,26,26,1010,6252,0
1790182500000,26,26,1010,6252,0
1790182560000,26,26,1010,6252,0
1790182620000,26,26,1010,6252,0
1790182680000,26,26,1010,6252,0
1790182740000,26,26,1010,6252,0
1790182800000,27,27,1011,6252,0
1790182860000,46,46,1011,6253,0
1790182920000,26,26,1011,6253,0
1790182980000,110,26,3121,2950,0
1790183040000,89,26,3121,2950,0
1790183100000,47,26,1011,6253,0
1790183160000,26,26,1011,6253,0
1790183220000,26,26,1011,6253,0
1790183280000,29,28,3121,2950,0
1790183340000,26,26,1011,6253,0
1790183400000,29,28,3121,2950,0
1790183460000,26,26,1011,6253,0
1790183520000,26,26,1011,6253,0
1790183580000,28,26,3121,37908,0
1790183640000,7,5,3121,37908,0
1790183700000,26,26,1011,6253,0
1790183760000,68,26,3121,37908,0
1790183820000,47,26,1011,6253,0
1790183880000,68,26,3121,2950,0
1790183940000,47,26,3121,2950,0
1790184000000,27,27,1012,6274,0
1790184060000,27,27,1012,6275,0
1790184120000,67,45,3121,2950,0
1790184180000,67,46,3121,2950,0
1790184240000,67,46,3121,2950,0
1790184300000,27,27,1013,6275,0
1790184360000,27,27,1013,6276,0
1790184420000,26,26,1013,6276,0
1790184480000,26,26,1013,6276,0
1790184540000,26,26,1013,6276,0
1790184600000,28,28,1015,6276,0
1790184660000,28,28,1015,6278,0
1790184720000,26,26,1015,6278,0
1790184780000,26,26,1015,6278,0
1790184840000,74,29,3121,37886,0
1790184900000,51,30,1016,6278,0
1790184960000,48,27,1016,6300,0
1790185020000,50,29,3121,2950,0
1790185080000,26,26,1016,6300,0
1790185140000,70,27,3121,37862,0
1790185200000,71,28,3121,37862,0
1790185260000,29,28,3121,37862,0
1790185320000,27,27,1017,6301,0
1790185380000,70,48,3121,2950,0
1790185440000,69,48,3121,2950,0
1790185500000,79,53,3121,2950,0
1790185560000,110,53,3121,2950,0
1790185620000,72,50,3121,2950,0
1790185680000,97,54,3121,2950,0
1790185740000,45,45,1019,6321,0
1790185800000,46,46,1020,6321,0
1790185860000,63,46,3121,2950,0
1790185920000,91,51,3121,2950,0
1790185980000,45,45,1020,6322,0
1790186040000,93,52,3121,2950,0
1790186100000,89,51,3121,37839,0
1790186160000,85,51,3121,2950,0
1790186220000,49,49,3121,2950,0
1790186280000,49,49,3121,2950,0
1790186340000,45,45,1021,6323,0
1790186400000,48,48,1024,6323,0
1790186460000,48,48,1024,6326,0
1790186520000,86,51,3121,2950,0
1790186580000,68,51,3121,2950,0
1790186640000,85,51,3121,2950,0
1790186700000,46,46,1025,6343,0
1790186760000,46,46,1025,6344,0
1790186820000,53,49,3121,37817,0
1790186880000,53,49,3121,37817,0
1790186940000,47,46,3121,37817,0
1790187000000,81,47,3121,37816,0
1790187060000,116,47,3121,2950,0
1790187120000,64,47,3121,2950,0
1790187180000,82,47,3121,2950,0
1790187240000,46,46,3121,2950,0
1790187300000,48,48,3121,2950,0
1790187360000,47,47,1028,6347,0
1790187420000,46,46,3121,2950,0
1790187480000,45,45,1028,6347,0
1790187540000,82,47,3121,2950,0
1790187600000,82,47,3121,37816,0
1790187660000,47,47,3121,2950,0
1790187720000,46,46,3121,2950,0
1790187780000,57,51,3121,2950,0
1790187840000,51,51,1029,6348,0
1790187900000,50,48,3121,37816,0
1790187960000,48,48,1030,6349,0
1790188020000,47,47,3121,2950,0
1790188080000,45,45,1030,6349,0
1790188140000,49,48,3121,2950,0
1790188200000,49,48,3121,37814,0
1790188260000,49,49,3121,2950,0
1790188320000,47,46,3121,37814,0
1790188380000,47,46,3121,37814,0
1790188440000,49,48,3121,2950,0
1790188500000,49,49,3121,2950,0
1790188560000,46,46,1033,6352,0
1790188620000,45,45,1033,6352,0
1790188680000,46,46,3121,2950,0
1790188740000,51,48,3121,2950,0
1790188800000,53,51,3121,37813,0
1790188860000,52,49,3121,37813,0
1790188920000,47,46,3121,37813,0
1790188980000,47,46,3121,37813,0
1790189040000,46,46,1034,6353,0
1790189100000,82,48,3121,2950,0
1790189160000,82,48,3121,2950,0
1790189220000,45,45,1036,6355,0
1790189280000,82,47,3121,2950,0
1790189340000,64,47,3121,2950,0
1790189400000,90,52,3121,2950,0
1790189460000,68,51,3121,2950,0
1790189520000,91,52,3121,2950,0
1790189580000,113,57,3121,2950,0
1790189640000,45,45,1037,6373,0
1790189700000,121,61,3121,2950,0
1790189760000,83,47,3121,37788,0
1790189820000,150,60,3121,2950,0
1790189880000,46,46,1038,6376,0
1790189940000,46,46,1038,6376,0
1790190000000,50,50,1041,6376,0
1790190060000,49,49,1041,6379,0
1790190120000,47,47,1041,6379,0
1790190180000,47,47,1041,6379,0
1790190240000,47,47,1041,6379,0
1790190300000,48,48,1042,6379,0
1790190360000,48,48,1042,6380,0
1790190420000,54,51,3121,37788,0
1790190480000,53,50,3121,37788,0
1790190540000,47,47,1042,6380,0
1790190600000,54,51,3121,37788,0
1790190660000,87,52,3121,37785,0
1790190720000,85,50,3121,2950,0
1790190780000,50,46,3121,37785,0
1790190840000,48,46,1043,6381,0
1790190900000,86,49,3121,37783,0
1790190960000,69,50,3121,2950,0
1790191020000,64,47,1045,6402,0
1790191080000,47,47,1045,6402,0
1790191140000,64,47,3121,2950,0
1790191200000,48,48,1046,6402,0
1790191260000,47,47,1046,6403,0
1790191320000,55,51,3121,2950,0
1790191380000,134,68,3121,2950,0
1790191440000,124,64,3121,2950,0
1790191500000,50,47,3121,37759,0
1790191560000,126,69,3121,2950,0
1790191620000,50,47,3121,37758,0
1790191680000,62,52,3121,37758,0
1790191740000,56,55,1047,6412,0
1790191800000,206,72,3121,2950,0
1790191860000,133,72,3121,37757,0
1790191920000,56,53,3121,2950,0
1790191980000,47,46,1049,6415,0
1790192040000,49,46,3121,2950,0
1790192100000,48,47,3121,2950,0
1790192160000,52,49,3121,2950,0
1790192220000,48,47,1050,6418,0
1790192280000,47,47,1050,6418,0
1790192340000,47,47,1050,6418,0
1790192400000,48,48,1051,6418,0
1790192460000,48,48,1051,6419,0
1790192520000,47,47,1051,6419,0
1790192580000,53,53,1051,6419,0
1790192640000,47,47,1051,6419,0
1790192700000,49,49,1053,6419,0
1790192760000,52,51,3121,37755,0
1790192820000,56,50,3121,2950,0
1790192880000,50,48,3121,2950,0
1790192940000,54,50,3121,2950,0
1790193000000,49,47,3121,2950,0
1790193060000,49,49,1053,6422,0
1790193120000,54,50,1053,6426,0
1790193180000,51,51,1053,6426,0
1790193240000,49,49,1053,6426,0
1790193300000,51,51,1054,6426,0
1790193360000,51,51,1054,6426,0
1790193420000,50,50,1054,6427,0
1790193480000,49,49,1054,6427,0
1790193540000,52,52,1054,6427,0
1790193600000,56,54,3121,37750,0
1790193660000,64,59,3121,37750,0
1790193720000,68,62,3121,2950,0
1790193780000,67,62,3121,2950,0
1790193840000,121,64,3121,2950,0
1790193900000,103,65,3121,2950,0
1790193960000,79,60,3121,37728,0
1790194020000,80,60,3121,2950,0
1790194080000,72,58,3121,2950,0
1790194140000,77,60,3121,2950,0
1790194200000,62,60,1060,6453,0
1790194260000,98,61,3121,37725,0
1790194320000,79,60,3121,2950,0
1790194380000,78,59,3121,2950,0
1790194440000,78,61,3121,2950,0
1790194500000,62,60,3121,2950,0
1790194560000,78,61,3121,2950,0
1790194620000,62,60,3121,2950,0
1790194680000,61,59,3121,2950,0
1790194740000,93,59,3121,37707,0
1790194800000,77,60,1062,6474,0
1790194860000,77,60,1062,6492,0
1790194920000,76,59,3121,2950,0
1790194980000,139,64,3121,2950,0
1790195040000,119,64,3121,2950,0
1790195100000,145,68,3121,2950,0
1790195160000,162,68,3121,2950,0
1790195220000,188,66,3121,2950,0
1790195280000,124,66,1063,6496,0
1790195340000,60,60,1063,6496,0
1790195400000,62,62,1065,6496,0
1790195460000,61,61,1065,6498,0
1790195520000,60,60,1065,6498,0
1790195580000,59,59,1065,6498,0
1790195640000,59,59,1065,6498,0
1790195700000,60,60,1066,6498,0
1790195760000,61,61,1066,6499,0
1790195820000,60,60,1066,6499,0
1790195880000,59,59,1066,6499,0
1790195940000,113,63,3121,2950,0
1790196000000,84,62,3121,2950,0
1790196060000,94,57,3121,2950,0
1790196120000,92,60,3121,2950,0
1790196180000,58,57,3121,2950,0
1790196240000,63,60,3121,2950,0
1790196300000,61,60,3121,2950,0
1790196360000,62,60,3121,37662,0
1790196420000,70,60,3121,2950,0
1790196480000,66,61,3121,2950,0
1790196540000,73,62,3121,2950,0
1790196600000,62,62,1069,6526,0
1790196660000,68,63,3121,2950,0
1790196720000,67,62,3121,2950,0
1790196780000,60,60,1069,6527,0
1790196840000,71,63,3121,2950,0
1790196900000,74,64,3121,2950,0
1790196960000,73,64,3121,2950,0
1790197020000,64,60,3121,2950,0
1790197080000,71,63,3121,2950,0
1790197140000,71,63,3121,2950,0
1790197200000,63,63,1073,6531,0
1790197260000,63,63,1073,6534,0
1790197320000,86,63,3121,2950,0
1790197380000,79,64,3121,2950,0
1790197440000,75,65,3121,37652,0
1790197500000,64,62,3121,37650,0
1790197560000,63,62,3121,2950,0
1790197620000,60,60,1074,6536,0
1790197680000,62,61,3121,37650,0
1790197740000,73,62,3121,2950,0
1790197800000,68,62,3121,2950,0
1790197860000,73,62,3121,2950,0
1790197920000,59,59,1075,6542,0
1790197980000,59,59,1075,6542,0
1790198040000,75,61,3121,2950,0
1790198100000,69,63,3121,2950,0
1790198160000,77,63,3121,2950,0
1790198220000,71,60,3121,37644,0
1790198280000,71,60,3121,37644,0
1790198340000,59,59,1077,6544,0
1790198400000,60,60,1078,6544,0
1790198460000,76,63,3121,37644,0
1790198520000,76,63,3121,37644,0
1790198580000,59,59,1078,6545,0
1790198640000,70,62,3121,37644,0
1790198700000,65,63,1079,6545,0
1790198760000,63,61,1079,6548,0
1790198820000,66,64,3121,2950,0
1790198880000,57,57,1079,6548,0
1790198940000,116,59,3121,2950,0
1790199000000,102,63,3121,2950,0
1790199060000,120,63,3121,2950,0
1790199120000,100,61,3121,2950,0
1790199180000,51,51,1081,6568,0
1790199240000,51,51,1081,6568,0
1790199300000,155,68,3121,2950,0
1790199360000,125,66,3121,2950,0
1790199420000,144,66,3121,2950,0
1790199480000,123,66,3121,2950,0
1790199540000,122,65,3121,2950,0
1790199600000,197,65,3121,2950,0
1790199660000,123,66,3121,2950,0
1790199720000,85,49,3121,37593,0
1790199780000,83,47,3121,37593,0
1790199840000,49,48,3121,2950,0
1790199900000,48,48,1082,6586,0
1790199960000,49,49,1082,6587,0
1790200020000,47,47,1082,6587,0
1790200080000,89,50,3121,37592,0
1790200140000,70,51,1082,6590,0
1790200200000,90,51,3121,2950,0
1790200260000,70,51,3121,2950,0
1790200320000,70,51,3121,2950,0
1790200380000,69,50,3121,2950,0
1790200440000,50,50,1083,6610,0
1790200500000,90,52,3121,2950,0
1790200560000,81,54,3121,2950,0
1790200620000,62,52,3121,2950,0
1790200680000,53,51,3121,2950,0
1790200740000,89,52,3121,2950,0
1790200800000,82,61,3121,2950,0
1790200860000,80,61,3121,2950,0
1790200920000,69,51,3121,2950,0
1790200980000,81,60,3121,2950,0
1790201040000,98,63,3121,2950,0
1790201100000,77,63,3121,37551,0
1790201160000,130,67,3121,2950,0
1790201220000,131,82,3121,2950,0
1790201280000,93,54,3121,2950,0
1790201340000,76,54,3121,2950,0
1790201400000,53,52,3121,2950,0
1790201460000,52,52,1089,6656,0
1790201520000,51,51,1089,6656,0
1790201580000,51,51,1089,6656,0
1790201640000,57,51,3121,37521,0
1790201700000,106,78,1091,6681,0
1790201760000,81,78,1091,6686,0
1790201820000,79,76,3121,2950,0
1790201880000,76,76,1091,6686,0
1790201940000,92,78,3121,2950,0
1790202000000,60,54,1092,6686,0
1790202060000,85,79,3121,2950,0
1790202120000,128,76,3121,37513,0
1790202180000,104,78,1092,6691,0
1790202240000,100,75,1092,6716,0
1790202300000,101,76,3121,2950,0
1790202360000,101,76,3121,2950,0
1790202420000,100,75,3121,2950,0
1790202480000,100,75,3121,2950,0
1790202540000,106,77,3121,2950,0
1790202600000,124,89,3121,2950,0
1790202660000,115,88,3121,2950,0
1790202720000,88,85,3121,2950,0
1790202780000,82,80,3121,37484,0
1790202840000,81,79,3121,37484,0
1790202900000,83,81,3121,37484,0
1790202960000,83,81,3121,37484,0
1790203020000,79,79,1096,6725,0
1790203080000,81,79,3121,37484,0
1790203140000,80,79,1096,6725,0
1790203200000,83,80,3121,2950,0
1790203260000,79,79,1097,6726,0
1790203320000,82,79,3121,2950,0
1790203380000,78,78,1097,6726,0
1790203440000,78,78,3121,2950,0
1790203500000,144,85,3121,2950,0
1790203560000,91,85,3121,2950,0
1790203620000,63,57,3121,2950,0
1790203680000,55,52,3121,2950,0
1790203740000,55,52,3121,2950,0
1790203800000,56,53,3121,2950,0
1790203860000,87,79,3121,37478,0
1790203920000,56,53,1100,6732,0
1790203980000,59,53,3121,2950,0
1790204040000,56,53,3121,2950,0
1790204100000,52,52,1101,6735,0
1790204160000,52,52,1101,6736,0
1790204220000,114,79,3121,2950,0
1790204280000,110,79,3121,2950,0
1790204340000,104,76,3121,2950,0
1790204400000,89,83,3121,2950,0
1790204460000,88,82,3121,2950,0
1790204520000,86,80,3121,2950,0
1790204580000,80,78,3121,37444,0
1790204640000,178,78,3121,2950,0
1790204700000,152,77,3121,37444,0
1790204760000,80,79,1104,6767,0
1790204820000,80,78,3121,2950,0
1790204880000,81,78,3121,2950,0
1790204940000,79,77,3121,2950,0
1790205000000,80,79,3121,2950,0
1790205060000,79,78,1105,6769,0
1790205120000,80,78,3121,37443,0
1790205180000,77,77,1105,6769,0
1790205240000,79,76,3121,37443,0
1790205300000,78,77,1106,6769,0
1790205360000,85,81,3121,2950,0
1790205420000,83,80,3121,2950,0
1790205480000,93,83,3121,2950,0
1790205540000,93,83,3121,2950,0
1790205600000,90,83,3121,2950,0
1790205660000,92,85,3121,2950,0
1790205720000,93,85,3121,2950,0
1790205780000,93,85,3121,2950,0
1790205840000,78,78,1107,6773,0
1790205900000,79,79,1108,6773,0
1790205960000,79,79,1108,6774,0
1790206020000,78,78,1108,6774,0
1790206080000,78,78,1108,6774,0
1790206140000,77,77,1108,6774,0
1790206200000,87,82,3121,37440,0
1790206260000,91,84,3121,37440,0
1790206320000,83,80,3121,37440,0
1790206380000,81,80,3121,37440,0
1790206440000,87,81,3121,37440,0
1790206500000,81,80,1111,6776,0
1790206560000,77,76,1111,6778,0
1790206620000,84,83,3121,2950,0
1790206680000,77,77,1111,6778,0
1790206740000,80,79,3121,2950,0
1790206800000,89,86,3121,2950,0
1790206860000,84,82,3121,37435,0
1790206920000,80,80,1112,6779,0
1790206980000,79,79,1112,6779,0
1790207040000,82,80,3121,37435,0
1790207100000,85,83,3121,37433,0
1790207160000,110,88,3121,2950,0
1790207220000,99,89,3121,2950,0
1790207280000,108,87,3121,2950,0
1790207340000,80,80,3121,2950,0
1790207400000,132,93,3121,2950,0
1790207460000,126,93,3121,2950,0
1790207520000,129,92,3121,2950,0
1790207580000,87,87,1115,6786,0
1790207640000,88,88,1115,6786,0
1790207700000,88,86,3121,37425,0
1790207760000,90,87,3121,37424,0
1790207820000,89,88,1116,6788,0
1790207880000,88,86,3121,2950,0
1790207940000,88,86,3121,2950,0
1790208000000,98,93,3121,2950,0
1790208060000,89,87,3121,2950,0
1790208120000,79,79,1119,6792,0
1790208180000,83,81,3121,2950,0
1790208240000,81,80,3121,2950,0
1790208300000,91,84,3121,2950,0
1790208360000,87,85,3121,2950,0
1790208420000,83,80,3121,37420,0
1790208480000,88,83,3121,37420,0
1790208540000,95,92,3121,2950,0
1790208600000,218,97,3121,2950,0
1790208660000,169,99,3121,2950,0
1790208720000,100,90,1121,6800,0
1790208780000,217,97,3121,2950,0
1790208840000,94,89,3121,2950,0
1790208900000,93,91,3121,37405,0
1790208960000,92,89,3121,37404,0
1790209020000,89,87,3121,2950,0
1790209080000,87,86,3121,2950,0
1790209140000,81,80,3121,2950,0
1790209200000,88,87,3121,2950,0
1790209260000,88,88,1124,6809,0
1790209320000,97,91,3121,37404,0
1790209380000,103,91,3121,2950,0
1790209440000,95,89,1124,6810,0
1790209500000,90,90,1125,6810,0
1790209560000,91,90,3121,2950,0
1790209620000,89,89,1125,6811,0
1790209680000,103,90,3121,2950,0
1790209740000,107,90,3121,2950,0
1790209800000,109,91,3121,37395,0
1790209860000,110,93,3121,2950,0
1790209920000,86,82,1127,6819,0
1790209980000,97,89,3121,2950,0
1790210040000,95,90,3121,2950,0
1790210100000,100,91,3121,2950,0
1790210160000,99,91,3121,2950,0
1790210220000,99,90,3121,2950,0
1790210280000,109,94,3121,2950,0
1790210340000,108,95,3121,2950,0
1790210400000,99,91,3121,2950,0
1790210460000,100,92,3121,2950,0
1790210520000,93,90,3121,37388,0
1790210580000,91,89,3121,37388,0
1790210640000,90,88,3121,2950,0
1790210700000,92,91,3121,2950,0
1790210760000,93,91,3121,2950,0
1790210820000,89,88,1131,6829,0
1790210880000,89,89,1131,6829,0
1790210940000,89,89,1131,6829,0
1790211000000,102,96,3121,37385,0
1790211060000,104,93,3121,2950,0
1790211120000,98,90,3121,2950,0
1790211180000,88,88,1132,6829,0
1790211240000,102,91,3121,2950,0
1790211300000,95,92,3121,37382,0
1790211360000,109,99,3121,37382,0
1790211420000,99,98,1133,6839,0
1790211480000,99,97,3121,2950,0
1790211540000,98,98,1133,6840,0
1790211600000,109,101,3121,2950,0
1790211660000,119,102,3121,2950,0
1790211720000,110,98,3121,2950,0
1790211780000,107,99,3121,2950,0
1790211840000,105,98,3121,2950,0
1790211900000,101,98,3121,37371,0
1790211960000,101,98,3121,37371,0
1790212020000,101,98,3121,2950,0
1790212080000,99,98,1136,6852,0
1790212140000,102,98,3121,37370,0
1790212200000,94,92,3121,2950,0
1790212260000,94,92,3121,2950,0
1790212320000,96,92,3121,2950,0
1790212380000,96,92,3121,2950,0
1790212440000,91,91,1136,6854,0
1790212500000,99,98,3121,2950,0
1790212560000,99,98,3121,2950,0
1790212620000,170,123,3121,2950,0
1790212680000,172,125,3121,2950,0
1790212740000,138,127,3121,2950,0
1790212800000,128,128,1138,6884,0
1790212860000,185,122,3121,2950,0
1790212920000,154,122,3121,37338,0
1790212980000,152,120,3121,37329,0
1790213040000,170,130,3121,2950,0
1790213100000,139,131,3121,2950,0
1790213160000,178,118,3121,2950,0
1790213220000,216,123,3121,37324,0
1790213280000,153,123,1139,6916,0
1790213340000,156,121,3121,37291,0
1790213400000,155,123,3121,2950,0
1790213460000,122,120,1141,6950,0
1790213520000,156,124,3121,2950,0
1790213580000,165,130,3121,2950,0
1790213640000,182,129,3121,2950,0
1790213700000,191,131,3121,2950,0
1790213760000,194,129,3121,2950,0
1790213820000,136,129,3121,37279,0
1790213880000,203,131,3121,2950,0
1790213940000,127,127,1142,6965,0
1790214000000,131,125,3121,2950,0
1790214060000,183,121,3121,2950,0
1790214120000,134,121,3121,2950,0
1790214180000,145,104,3121,2950,0
1790214240000,163,131,3121,2950,0
1790214300000,114,102,1145,6985,0
1790214360000,104,104,3121,2950,0
1790214420000,90,90,3121,2950,0
1790214480000,93,90,3121,2950,0
1790214540000,75,72,3121,2950,0
1790214600000,89,71,3121,2950,0
1790214660000,89,71,3121,2950,0
1790214720000,94,91,3121,37261,0
1790214780000,100,91,3121,37259,0
1790214840000,101,91,3121,2950,0
1790214900000,104,103,3121,2950,0
1790214960000,104,103,3121,2950,0
1790215020000,104,103,3121,2950,0
1790215080000,100,90,3121,37259,0
1790215140000,72,71,1145,6990,0
1790215200000,59,58,1146,6991,0
1790215260000,119,72,3121,2950,0
1790215320000,102,83,3121,2950,0
1790215380000,103,59,3121,37257,0
1790215440000,77,56,1146,6992,0
1790215500000,125,60,3121,2950,0
1790215560000,57,56,1146,7014,0
1790215620000,103,60,3121,2950,0
1790215680000,51,51,1146,7014,0
1790215740000,51,51,1146,7014,0
1790215800000,77,55,3121,2950,0
1790215860000,77,55,3121,2950,0
1790215920000,98,55,3121,2950,0
1790215980000,56,56,1146,7014,0
1790216040000,51,51,1146,7014,0
1790216100000,103,60,3121,37235,0
1790216160000,124,93,3121,37219,0
1790216220000,155,104,3121,2950,0
1790216280000,199,132,3121,2950,0
1790216340000,228,133,3121,2950,0
1790216400000,169,133,3121,2950,0
1790216460000,233,133,3121,2950,0
1790216520000,143,121,3121,2950,0
1790216580000,139,97,3121,2950,0
1790216640000,104,83,3121,2950,0
1790216700000,149,84,3121,2950,0
1790216760000,137,116,3121,2950,0
1790216820000,59,59,1149,7096,0
1790216880000,115,73,3121,37151,0
1790216940000,124,103,1149,7096,0
1790217000000,150,107,3121,2950,0
1790217060000,123,101,3121,2950,0
1790217120000,215,135,3121,2950,0
1790217180000,147,140,1151,7124,0
1790217240000,247,133,3121,2950,0
1790217300000,151,132,3121,2950,0
1790217360000,140,132,3121,37118,0
1790217420000,112,104,3121,37117,0
1790217480000,198,132,3121,2950,0
1790217540000,141,132,3121,37111,0
1790217600000,243,142,3121,2950,0
1790217660000,230,143,3121,2950,0
1790217720000,232,141,3121,2950,0
1790217780000,146,140,3121,2950,0
1790217840000,302,141,3121,2950,0
1790217900000,224,143,3121,2950,0
1790217960000,142,142,1155,7159,0
1790218020000,313,141,3121,2950,0
1790218080000,146,140,3121,2950,0
1790218140000,146,140,3121,2950,0
1790218200000,146,141,3121,2950,0
1790218260000,145,143,3121,37094,0
1790218320000,142,142,1156,7165,0
1790218380000,140,140,1156,7165,0
1790218440000,157,142,3121,2950,0
1790218500000,156,141,3121,2950,0
1790218560000,141,141,1157,7166,0
1790218620000,160,140,3121,2950,0
1790218680000,150,140,1157,7166,0
1790218740000,150,140,3121,2950,0
1790218800000,151,144,3121,2950,0
1790218860000,160,144,3121,2950,0
1790218920000,143,132,3121,2950,0
1790218980000,278,136,3121,2950,0
1790219040000,211,135,3121,2950,0
1790219100000,139,133,3121,2950,0
1790219160000,148,145,3121,37079,0
1790219220000,155,144,3121,37076,0
1790219280000,167,148,3121,2950,0
1790219340000,171,143,3121,2950,0
1790219400000,175,149,3121,2950,0
1790219460000,165,148,3121,2950,0
1790219520000,163,144,3121,2950,0
1790219580000,169,147,3121,2950,0
1790219640000,143,142,3121,37062,0
1790219700000,144,144,1164,7196,0
1790219760000,142,142,1164,7198,0
1790219820000,135,135,3121,2950,0
1790219880000,146,132,3121,37061,0
1790219940000,206,141,3121,2950,0
1790220000000,177,139,3121,2950,0
1790220060000,145,113,3121,2950,0
1790220120000,186,112,3121,2950,0
1790220180000,162,114,3121,2950,0
1790220240000,145,87,3121,2950,0
1790220300000,122,83,3121,2950,0
1790220360000,185,85,3121,2950,0
1790220420000,123,85,3121,2950,0
1790220480000,226,85,3121,2950,0
1790220540000,100,57,3121,37021,0
1790220600000,59,59,1168,7229,0
1790220660000,58,58,1168,7231,0
1790220720000,62,60,3121,2950,0
1790220780000,56,56,1168,7231,0
1790220840000,62,60,3121,2950,0
1790220900000,57,57,1169,7231,0
1790220960000,57,57,1169,7232,0
1790221020000,56,56,1169,7232,0
1790221080000,55,55,3121,2950,0
1790221140000,55,55,3121,2950,0
1790221200000,57,57,1170,7232,0
1790221260000,59,58,3121,37021,0
1790221320000,57,57,1170,7233,0
1790221380000,57,57,3121,2950,0
1790221440000,57,57,3121,2950,0
1790221500000,58,58,1172,7233,0
1790221560000,58,58,1172,7235,0
1790221620000,56,56,1172,7235,0
1790221680000,51,51,1172,7235,0
1790221740000,51,51,1172,7235,0
1790221800000,52,52,1173,7235,0
1790221860000,52,52,1173,7236,0
1790221920000,51,51,1173,7236,0
1790221980000,51,51,1173,7236,0
1790222040000,51,51,1173,7236,0
1790222100000,52,52,1174,7236,0
1790222160000,54,53,3121,37020,0
1790222220000,56,56,3121,2950,0
1790222280000,56,56,3121,2950,0
1790222340000,51,51,1174,7237,0
1790222400000,54,54,1177,7237,0
1790222460000,54,54,1177,7240,0
1790222520000,53,52,3121,37019,0
1790222580000,57,57,3121,2950,0
1790222640000,56,56,3121,2950,0
1790222700000,53,53,3121,2950,0
1790222760000,52,52,1178,7241,0
1790222820000,57,54,3121,37018,0
1790222880000,54,54,1178,7241,0
1790222940000,54,54,3121,2950,0
1790223000000,54,53,3121,37015,0
1790223060000,58,57,3121,2950,0
1790223120000,53,53,3121,2950,0
1790223180000,30,30,1179,7242,0
1790223240000,31,31,3121,2950,0
1790223300000,54,53,3121,37014,0
1790223360000,53,53,1180,7243,0
1790223420000,51,51,1180,7243,0
1790223480000,42,37,3121,2950,0
1790223540000,36,36,3121,2950,0
1790223600000,51,51,1180,7243,0
1790223660000,51,51,1180,7243,0
1790223720000,51,51,1180,7243,0
1790223780000,51,51,1180,7243,0
1790223840000,51,51,1180,7243,0
1790223900000,52,52,1181,7243,0
1790223960000,54,53,3121,37013,0
1790224020000,52,52,1181,7244,0
1790224080000,53,53,3121,2950,0
1790224140000,51,51,1181,7244,0
1790224200000,55,55,3121,2950,0
1790224260000,53,53,1183,7246,0
1790224320000,53,52,3121,37012,0
1790224380000,53,52,3121,37012,0
1790224440000,51,51,1183,7246,0
1790224500000,56,54,3121,37012,0
1790224560000,58,55,3121,37012,0
1790224620000,52,52,1184,7247,0
1790224680000,51,51,1184,7247,0
1790224740000,51,51,1184,7247,0
1790224800000,53,53,3121,2950,0
1790224860000,52,52,1185,7248,0
1790224920000,51,51,1185,7248,0
1790224980000,51,51,1185,7248,0
1790225040000,51,51,1185,7248,0
1790225100000,52,52,1186,7248,0
1790225160000,51,51,1186,7248,0
1790225220000,55,54,3121,2950,0
1790225280000,32,32,3121,2950,0
1790225340000,30,30,1186,7249,0
1790225400000,33,33,3121,2950,0
1790225460000,31,31,1187,7250,0
1790225520000,53,52,3121,37010,0
1790225580000,52,52,1187,7250,0
1790225640000,52,52,3121,2950,0
1790225700000,59,56,3121,2950,0
1790225760000,119,72,3121,2950,0
1790225820000,89,68,3121,2950,0
1790225880000,106,64,3121,2950,0
1790225940000,114,64,3121,2950,0
1790226000000,105,78,3121,2950,0
1790226060000,113,92,3121,2950,0
1790226120000,144,116,3121,2950,0
1790226180000,208,150,3121,2950,0
1790226240000,230,150,3121,2950,0
1790226300000,194,155,3121,2950,0
1790226360000,162,155,3121,2950,0
1790226420000,185,155,3121,2950,0
1790226480000,165,142,3121,36945,0
1790226540000,160,153,3121,2950,0
1790226600000,141,141,1191,7311,0
1790226660000,143,142,3121,36945,0
1790226720000,181,135,3121,36944,0
1790226780000,178,132,3121,2950,0
1790226840000,154,131,3121,2950,0
1790226900000,203,134,3121,2950,0
1790226960000,180,134,3121,2950,0
1790227020000,151,128,3121,2950,0
1790227080000,104,104,1193,7336,0
1790227140000,104,104,1193,7336,0
1790227200000,105,105,1194,7336,0
1790227260000,144,119,3121,2950,0
1790227320000,94,94,1194,7337,0
1790227380000,153,130,3121,2950,0
1790227440000,100,100,3121,2950,0
1790227500000,109,107,3121,2950,0
1790227560000,132,132,1195,7338,0
1790227620000,92,92,1195,7338,0
1790227680000,104,104,1195,7338,0
1790227740000,103,103,1195,7338,0
1790227800000,110,109,3121,2950,0
1790227860000,96,96,3121,2950,0
1790227920000,76,76,3121,2950,0
1790227980000,129,103,3121,2950,0
1790228040000,112,89,3121,2950,0
1790228100000,124,101,3121,2950,0
1790228160000,77,77,3121,2950,0
1790228220000,179,103,3121,2950,0
1790228280000,190,140,3121,36915,0
1790228340000,133,133,1198,7341,0
1790228400000,134,134,3121,2950,0
1790228460000,133,133,1199,7342,0
1790228520000,108,106,3121,2950,0
1790228580000,179,131,3121,36913,0
1790228640000,131,131,1199,7342,0
1790228700000,106,106,1201,7342,0
1790228760000,159,134,3121,36891,0
1790228820000,145,132,3121,36890,0
1790228880000,140,128,3121,2950,0
1790228940000,104,104,3121,2950,0
1790229000000,106,106,3121,2950,0
1790229060000,99,99,1202,7345,0
1790229120000,94,93,3121,2950,0
1790229180000,105,105,1202,7345,0
1790229240000,98,98,1202,7345,0
1790229300000,94,93,3121,36889,0
1790229360000,77,76,3121,36889,0
1790229420000,61,61,3121,2950,0
1790229480000,100,58,3121,2950,0
1790229540000,79,58,3121,2950,0
1790229600000,102,58,3121,2950,0
1790229660000,81,60,3121,2950,0
1790229720000,79,58,3121,2950,0
1790229780000,146,58,3121,2950,0
1790229840000,102,58,3121,36861,0
1790229900000,100,57,3121,2950,0
1790229960000,58,57,1206,7392,0
1790230020000,78,56,3121,2950,0
1790230080000,81,59,3121,2950,0
1790230140000,115,92,3121,2950,0
1790230200000,97,75,3121,2950,0
1790230260000,116,94,3121,2950,0
1790230320000,129,105,3121,2950,0
1790230380000,127,105,3121,2950,0
1790230440000,92,92,1207,7393,0
1790230500000,75,75,1209,7393,0
1790230560000,94,94,1209,7395,0
1790230620000,92,92,1209,7395,0
1790230680000,154,106,3121,2950,0
1790230740000,156,133,3121,2950,0
1790230800000,116,94,1210,7395,0
1790230860000,92,92,1210,7396,0
1790230920000,73,73,1210,7396,0
1790230980000,59,59,1210,7396,0
1790231040000,92,92,1210,7396,0
1790231100000,99,99,1211,7396,0
1790231160000,92,92,1211,7397,0
1790231220000,108,106,3121,36843,0
1790231280000,102,100,3121,36843,0
1790231340000,135,132,3121,36843,0
1790231400000,163,136,3121,36842,0
1790231460000,136,135,1213,7422,0
1790231520000,163,136,3121,2950,0
1790231580000,162,136,3121,2950,0
1790231640000,104,104,1213,7423,0
1790231700000,132,132,1214,7423,0
1790231760000,132,132,1214,7424,0
1790231820000,104,104,1214,7424,0
1790231880000,104,104,1214,7424,0
1790231940000,104,104,1214,7424,0
1790232000000,105,105,1215,7424,0
1790232060000,105,105,1215,7425,0
1790232120000,131,131,1215,7425,0
1790232180000,131,131,1215,7425,0
1790232240000,104,104,1215,7425,0
1790232300000,110,108,3121,36839,0
1790232360000,100,98,3121,36839,0
1790232420000,96,95,3121,2950,0
1790232480000,73,73,1217,7427,0
1790232540000,93,93,3121,2950,0
1790232600000,93,93,1218,7427,0
1790232660000,94,93,3121,2950,0
1790232720000,74,74,1218,7428,0
1790232780000,75,74,3121,36836,0
1790232840000,75,74,3121,36836,0
1790232900000,76,75,3121,36836,0
1790232960000,77,76,3121,36835,0
1790233020000,94,94,3121,2950,0
1790233080000,92,92,1219,7429,0
1790233140000,75,75,3121,2950,0
1790233200000,68,66,3121,2950,0
1790233260000,106,64,3121,2950,0
1790233320000,81,60,3121,2950,0
1790233380000,81,60,3121,2950,0
1790233440000,77,56,3121,2950,0
1790233500000,63,60,3121,36811,0
1790233560000,60,60,1223,7454,0
1790233620000,62,62,3121,2950,0
1790233680000,95,91,3121,36808,0
1790233740000,62,62,3121,2950,0
1790233800000,62,60,1224,7454,0
1790233860000,64,61,3121,2950,0
1790233920000,59,59,3121,2950,0
1790233980000,63,59,3121,2950,0
1790234040000,64,60,3121,2950,0
1790234100000,61,61,1226,7457,0
1790234160000,93,93,1226,7459,0
1790234220000,91,91,1226,7459,0
1790234280000,97,96,3121,2950,0
1790234340000,110,110,3121,2950,0
1790234400000,105,105,1227,7459,0
1790234460000,111,111,3121,2950,0
1790234520000,104,104,1227,7460,0
1790234580000,104,104,1227,7460,0
1790234640000,98,98,1227,7460,0
1790234700000,175,145,3121,2950,0
1790234760000,175,150,3121,2950,0
1790234820000,173,147,3121,2950,0
1790234880000,208,158,3121,2950,0
1790234940000,258,180,3121,2950,0
1790235000000,180,156,3121,2950,0
1790235060000,386,219,3121,2950,0
1790235120000,295,202,3121,2950,0
1790235180000,314,202,3121,2950,0
1790235240000,236,183,3121,36766,0
1790235300000,194,188,3121,2950,0
1790235360000,139,138,1229,7537,0
1790235420000,187,181,3121,2950,0
1790235480000,217,187,3121,36766,0
1790235540000,202,187,3121,36755,0
1790235600000,233,203,3121,2950,0
1790235660000,201,187,3121,2950,0
1790235720000,269,208,3121,2950,0
1790235780000,246,211,3121,2950,0
1790235840000,236,211,3121,2950,0
1790235900000,222,212,3121,2950,0
1790235960000,219,209,3121,36740,0
1790236020000,267,211,3121,2950,0
1790236080000,279,211,3121,2950,0
1790236140000,217,189,3121,2950,0
1790236200000,231,186,3121,2950,0
1790236260000,211,188,3121,2950,0
1790236320000,185,183,3121,36717,0
1790236380000,295,177,3121,2950,0
1790236440000,141,131,1230,7601,0
1790236500000,143,131,1230,7613,0
1790236560000,285,177,3121,2950,0
1790236620000,282,188,3121,36706,0
1790236680000,190,188,3121,36706,0
1790236740000,139,139,1230,7613,0
1790236800000,152,150,3121,36706,0
1790236860000,213,191,3121,36706,0
1790236920000,153,131,3121,36706,0
1790236980000,138,138,1233,7616,0
1790237040000,132,132,1233,7616,0
1790237100000,139,139,1234,7616,0
1790237160000,132,132,1234,7617,0
1790237220000,131,131,1234,7617,0
1790237280000,426,177,3121,2950,0
1790237340000,335,204,3121,36706,0
1790237400000,195,188,1235,7617,0
1790237460000,322,190,3121,36697,0
1790237520000,224,189,3121,2950,0
1790237580000,266,211,3121,2950,0
1790237640000,242,213,3121,2950,0
1790237700000,246,215,3121,2950,0
1790237760000,215,215,1237,7658,0
1790237820000,291,213,3121,2950,0
1790237880000,261,213,3121,36670,0
1790237940000,212,212,1237,7659,0
1790238000000,241,215,3121,2950,0
1790238060000,234,210,3121,2950,0
1790238120000,230,208,3121,2950,0
1790238180000,203,181,3121,2950,0
1790238240000,191,174,3121,2950,0
1790238300000,192,175,3121,2950,0
1790238360000,196,174,3121,2950,0
1790238420000,130,130,3121,2950,0
1790238480000,225,144,3121,2950,0
1790238540000,193,145,3121,2950,0
1790238600000,248,132,3121,2950,0
1790238660000,267,153,3121,2950,0
1790238720000,150,129,3121,2950,0
1790238780000,134,134,1241,7690,0
1790238840000,150,129,3121,2950,0
1790238900000,216,139,3121,2950,0
1790238960000,183,139,3121,2950,0
1790239020000,126,124,3121,36643,0
1790239080000,124,124,1242,7691,0
1790239140000,103,103,1242,7691,0
1790239200000,125,125,1243,7691,0
1790239260000,104,104,1243,7692,0
1790239320000,131,116,3121,36640,0
1790239380000,102,88,3121,36639,0
1790239440000,88,88,3121,2950,0
1790239500000,90,90,3121,2950,0
1790239560000,41,37,3121,2950,0
1790239620000,40,38,3121,2950,0
1790239680000,37,37,3121,2950,0
1790239740000,145,90,3121,2950,0
1790239800000,28,26,3121,2950,0
1790239860000,4,4,1246,7707,0
1790239920000,65,65,1246,7707,0
1790239980000,115,65,1246,7757,0
1790240040000,65,65,1246,7757,0
1790240100000,66,66,1247,7757,0
1790240160000,66,66,1247,7758,0
1790240220000,65,65,1247,7758,0
1790240280000,65,65,1247,7758,0
1790240340000,71,68,1247,7761,0
1790240400000,92,91,1250,7762,0
1790240460000,91,91,1250,7765,0
1790240520000,68,68,1250,7765,0
1790240580000,68,68,1250,7765,0
1790240640000,68,68,1250,7765,0
1790240700000,75,69,3121,36634,0
1790240760000,69,69,1251,7766,0
1790240820000,71,68,1251,7766,0
1790240880000,74,68,3121,2950,0
1790240940000,71,68,3121,2950,0
1790241000000,74,70,3121,2950,0
1790241060000,73,70,3121,2950,0
1790241120000,171,70,3121,2950,0
1790241180000,167,66,3121,36630,0
1790241240000,71,70,3121,2950,0
1790241300000,72,72,3121,2950,0
1790241360000,10,10,3121,2950,0
1790241420000,8,8,3121,2950,0
1790241480000,3,3,1254,7772,0
1790241540000,75,70,3121,2950,0
1790241600000,71,71,1255,7772,0
1790241660000,66,66,1255,7773,0
1790241720000,3,3,1255,7773,0
1790241780000,7,5,3121,36629,0
1790241840000,5,5,1255,7773,0
1790241900000,4,4,1256,7773,0
1790241960000,6,6,3121,2950,0
1790242020000,5,5,3121,2950,0
1790242080000,3,3,1256,7774,0
1790242140000,3,3,1256,7774,0
1790242200000,55,29,3121,2950,0
1790242260000,29,27,3121,2950,0
1790242320000,31,14,3121,2950,0
1790242380000,3,3,3121,2950,0
1790242440000,1,1,1258,7776,0
1790242500000,27,14,1258,7789,0
1790242560000,18,14,3121,2950,0
1790242620000,16,16,1258,7789,0
1790242680000,14,14,1258,7789,0
1790242740000,14,14,1258,7789,0
1790242800000,15,15,1259,7789,0
1790242860000,15,15,1259,7790,0
1790242920000,14,14,1259,7790,0
1790242980000,14,14,1259,7790,0
1790243040000,14,14,1259,7790,0
1790243100000,16,16,1261,7790,0
1790243160000,3,3,1261,7792,0
1790243220000,1,1,1261,7792,0
1790243280000,1,1,1261,7792,0
1790243340000,1,1,1261,7792,0
1790243400000,45,17,3121,36618,0
1790243460000,17,17,1262,7793,0
1790243520000,42,16,3121,2950,0
1790243580000,16,16,3121,2950,0
1790243640000,14,14,1262,7793,0
1790243700000,19,18,3121,2950,0
1790243760000,19,18,3121,2950,0
1790243820000,14,14,1263,7794,0
1790243880000,14,14,1263,7794,0
1790243940000,16,15,3121,36616,0
1790244000000,20,20,3121,2950,0
1790244060000,22,22,3121,2950,0
1790244120000,16,16,1266,7797,0
1790244180000,19,19,3121,2950,0
1790244240000,19,19,3121,2950,0
1790244300000,17,17,1267,7797,0
1790244360000,15,15,1267,7798,0
1790244420000,16,15,3121,36615,0
1790244480000,16,15,3121,36615,0
1790244540000,16,16,1267,7798,0
1790244600000,23,20,3121,36615,0
1790244660000,23,20,3121,36615,0
1790244720000,18,17,3121,36615,0
1790244780000,43,16,3121,36614,0
1790244840000,43,16,3121,2950,0
1790244900000,16,16,1270,7799,0
1790244960000,26,22,3121,36614,0
1790245020000,24,20,3121,36614,0
1790245080000,16,16,1270,7801,0
1790245140000,16,16,1270,7801,0
1790245200000,17,16,3121,36614,0
1790245260000,16,16,1271,7802,0
1790245320000,14,14,1271,7802,0
1790245380000,15,15,3121,2950,0
1790245440000,16,16,1271,7802,0
1790245500000,15,15,1272,7802,0
1790245560000,15,15,1272,7803,0
1790245620000,14,14,1272,7803,0
1790245680000,17,16,3121,2950,0
1790245740000,17,16,3121,2950,0
1790245800000,15,15,1273,7803,0
1790245860000,45,17,3121,2950,0
1790245920000,42,16,3121,36613,0
1790245980000,16,15,3121,36613,0
1790246040000,17,16,3121,36612,0
1790246100000,16,16,3121,2950,0
1790246160000,16,16,3121,2950,0
1790246220000,14,14,1273,7804,0
1790246280000,18,18,3121,2950,0
1790246340000,30,24,3121,2950,0
1790246400000,28,28,3121,2950,0
1790246460000,17,17,1274,7805,0
1790246520000,27,27,3121,2950,0
1790246580000,16,16,1274,7805,0
1790246640000,16,16,1274,7805,0
1790246700000,18,18,1276,7805,0
1790246760000,18,18,1276,7807,0
1790246820000,16,16,1276,7807,0
1790246880000,16,16,1276,7807,0
1790246940000,191,90,3121,2950,0
1790247000000,141,91,3121,2950,0
1790247060000,151,90,3121,2950,0
1790247120000,140,90,3121,2950,0
1790247180000,78,78,1277,7858,0
1790247240000,78,78,1277,7858,0
1790247300000,79,79,1278,7858,0
1790247360000,17,17,1278,7859,0
1790247420000,78,78,1278,7859,0
1790247480000,80,79,3121,36554,0
1790247540000,79,79,1278,7859,0
1790247600000,233,83,3121,2950,0
1790247660000,131,81,1281,7862,0
1790247720000,180,80,3121,2950,0
1790247780000,180,80,3121,2950,0
1790247840000,183,83,3121,2950,0
1790247900000,181,81,3121,2950,0
1790247960000,185,82,3121,36503,0
1790248020000,131,81,1282,7913,0
1790248080000,181,81,3121,2950,0
1790248140000,131,81,3121,2950,0
1790248200000,79,79,1283,7963,0
1790248260000,79,79,1283,7964,0
1790248320000,78,78,1283,7964,0
1790248380000,78,78,1283,7964,0
1790248440000,80,79,3121,36450,0
1790248500000,288,86,3121,2950,0
1790248560000,182,82,1285,7966,0
1790248620000,79,79,3121,2950,0
1790248680000,78,78,1285,7966,0
1790248740000,78,78,1285,7966,0
1790248800000,81,80,3121,36449,0
1790248860000,80,80,1286,7967,0
1790248920000,79,79,3121,2950,0
1790248980000,82,80,3121,36448,0
1790249040000,80,80,1286,7967,0
1790249100000,81,81,3121,2950,0
1790249160000,79,79,1287,7968,0
1790249220000,78,78,1287,7968,0
1790249280000,78,78,1287,7968,0
1790249340000,78,78,1287,7968,0
1790249400000,83,82,3121,2950,0
1790249460000,82,82,3121,2950,0
1790249520000,233,83,3121,2950,0
1790249580000,133,83,3121,2950,0
1790249640000,133,83,3121,2950,0
1790249700000,239,84,3121,2950,0
1790249760000,184,84,3121,2950,0
1790249820000,128,78,3121,2950,0
1790249880000,66,66,3121,2950,0
1790249940000,66,66,3121,2950,0
1790250000000,17,17,1291,7971,0
1790250060000,17,17,1291,7972,0
1790250120000,68,67,3121,2950,0
1790250180000,17,17,1291,7972,0
1790250240000,68,67,3121,2950,0
1790250300000,21,20,3121,2950,0
1790250360000,18,18,1293,7974,0
1790250420000,16,16,1293,7974,0
1790250480000,18,17,3121,36394,0
1790250540000,17,17,1293,7974,0
1790250600000,18,18,3121,2950,0
1790250660000,23,20,3121,36393,0
1790250720000,136,83,3121,2950,0
1790250780000,68,68,3121,2950,0
1790250840000,16,16,1294,7975,0
1790250900000,17,17,1295,7975,0
1790250960000,17,17,1295,7976,0
1790251020000,16,16,1295,7976,0
1790251080000,16,16,1295,7976,0
1790251140000,136,82,3121,36393,0
1790251200000,90,86,3121,36393,0
1790251260000,30,25,3121,36393,0
1790251320000,22,21,3121,36390,0
1790251380000,20,20,3121,2950,0
1790251440000,22,21,3121,2950,0
1790251500000,23,22,3121,2950,0
1790251560000,17,17,1300,8031,0
1790251620000,16,16,1300,8031,0
1790251680000,82,80,3121,36389,0
1790251740000,80,80,1300,8031,0
1790251800000,89,88,3121,2950,0
1790251860000,84,83,3121,36387,0
1790251920000,86,86,3121,2950,0
1790251980000,78,78,1301,8032,0
1790252040000,80,79,3121,36387,0
1790252100000,81,81,1303,8032,0
1790252160000,83,82,3121,2950,0
1790252220000,92,87,3121,2950,0
1790252280000,85,84,3121,2950,0
1790252340000,80,80,3121,2950,0
1790252400000,81,80,3121,2950,0
1790252460000,79,79,1304,8035,0
1790252520000,88,85,3121,2950,0
1790252580000,85,85,3121,2950,0
1790252640000,90,87,3121,2950,0
1790252700000,92,87,3121,2950,0
1790252760000,83,83,1305,8040,0
1790252820000,82,82,1305,8040,0
1790252880000,82,82,1305,8040,0
1790252940000,82,82,1305,8040,0
1790253000000,84,84,1307,8040,0
1790253060000,86,85,3121,36381,0
1790253120000,83,83,1307,8042,0
1790253180000,87,82,3121,2950,0
1790253240000,82,82,3121,2950,0
1790253300000,87,85,3121,2950,0
1790253360000,87,85,3121,2950,0
1790253420000,20,20,1308,8043,0
1790253480000,20,20,1308,8043,0
1790253540000,22,21,3121,36375,0
1790253600000,23,22,3121,36375,0
1790253660000,23,22,3121,36375,0
1790253720000,87,85,3121,36375,0
1790253780000,86,84,3121,36374,0
1790253840000,83,83,3121,2950,0
1790253900000,84,84,1311,8044,0
1790253960000,22,22,1311,8046,0
1790254020000,20,20,1311,8046,0
1790254080000,86,84,3121,2950,0
1790254140000,85,84,3121,36374,0
1790254200000,21,21,1312,8046,0
1790254260000,21,21,1312,8047,0
1790254320000,20,20,1312,8047,0
1790254380000,20,20,1312,8047,0
1790254440000,26,23,3121,36374,0
1790254500000,90,88,3121,36374,0
1790254560000,88,88,3121,2950,0
1790254620000,92,90,3121,2950,0
1790254680000,93,90,3121,2950,0
1790254740000,97,85,3121,36367,0
1790254800000,96,88,3121,2950,0
1790254860000,104,95,3121,2950,0
1790254920000,93,90,3121,2950,0
1790254980000,123,111,3121,2950,0
1790255040000,164,161,3121,2950,0
1790255100000,164,161,3121,2950,0
1790255160000,165,161,3121,2950,0
1790255220000,116,114,3121,36364,0
1790255280000,112,112,1316,8060,0
1790255340000,159,159,1316,8060,0
1790255400000,113,113,1317,8060,0
1790255460000,104,96,1317,8069,0
1790255520000,119,111,3121,36364,0
1790255580000,167,159,3121,36364,0
1790255640000,163,161,3121,36364,0
1790255700000,163,162,1318,8069,0
1790255760000,209,186,3121,2950,0
1790255820000,199,187,3121,2950,0
1790255880000,228,207,3121,2950,0
1790255940000,224,209,3121,2950,0
1790256000000,266,212,3121,2950,0
1790256060000,270,214,3121,2950,0
1790256120000,230,209,3121,2950,0
1790256180000,199,189,1318,8084,0
1790256240000,208,188,3121,2950,0
1790256300000,188,188,1318,8094,0
1790256360000,219,209,3121,2950,0
1790256420000,209,209,1318,8094,0
1790256480000,188,188,1318,8094,0
1790256540000,219,189,3121,2950,0
1790256600000,239,213,3121,36341,0
1790256660000,292,225,3121,2950,0
1790256720000,336,301,3121,2950,0
1790256780000,326,292,3121,2950,0
1790256840000,274,253,3121,2950,0
1790256900000,236,235,3121,36319,0
1790256960000,219,219,1320,8117,0
1790257020000,262,220,3121,36318,0
1790257080000,342,295,3121,2950,0
1790257140000,373,303,3121,2950,0
1790257200000,358,296,3121,2950,0
1790257260000,238,225,3121,2950,0
1790257320000,217,217,3121,2950,0
1790257380000,232,222,3121,2950,0
1790257440000,220,220,1320,8142,0
1790257500000,222,222,1322,8142,0
1790257560000,224,222,3121,36295,0
1790257620000,233,221,3121,36295,0
1790257680000,226,221,1322,8144,0
1790257740000,228,222,3121,36290,0
1790257800000,238,222,3121,2950,0
1790257860000,233,223,3121,2950,0
1790257920000,220,215,1323,8150,0
1790257980000,221,217,3121,2950,0
1790258040000,222,222,3121,2950,0
1790258100000,300,294,3121,36288,0
1790258160000,297,294,3121,36287,0
1790258220000,268,266,3121,2950,0
1790258280000,295,293,3121,2950,0
1790258340000,336,293,3121,2950,0
1790258400000,338,296,3121,36287,0
1790258460000,343,296,3121,2950,0
1790258520000,333,304,3121,2950,0
1790258580000,384,293,3121,2950,0
1790258640000,313,292,3121,2950,0
1790258700000,296,294,3121,36265,0
1790258760000,416,304,3121,2950,0
1790258820000,365,308,3121,2950,0
1790258880000,387,308,3121,2950,0
1790258940000,306,306,1327,8182,0
1790259000000,306,306,1327,8182,0
1790259060000,356,300,3121,36262,0
1790259120000,321,298,1327,8183,0
1790259180000,356,298,3121,2950,0
1790259240000,301,300,1327,8205,0
1790259300000,348,302,3121,2950,0
1790259360000,350,303,3121,2950,0
1790259420000,300,300,1329,8208,0
1790259480000,301,301,1329,8208,0
1790259540000,307,307,1329,8208,0
1790259600000,317,307,3121,36239,0
1790259660000,317,307,3121,36239,0
1790259720000,316,306,3121,36239,0
1790259780000,317,307,3121,36239,0
1790259840000,339,307,3121,2950,0
1790259900000,402,305,3121,2950,0
1790259960000,390,277,3121,2950,0
1790260020000,370,280,3121,2950,0
1790260080000,440,275,3121,2950,0
1790260140000,130,109,3121,2950,0
1790260200000,262,164,3121,2950,0
1790260260000,208,191,3121,2950,0
1790260320000,109,109,1330,8241,0
1790260380000,126,126,1330,8241,0
1790260440000,126,126,1330,8241,0
1790260500000,126,126,1330,8241,0
1790260560000,280,233,1330,8280,0
1790260620000,276,268,1330,8288,0
1790260680000,339,315,3121,2950,0
1790260740000,322,320,3121,36173,0
1790260800000,270,270,1331,8304,0
1790260860000,400,318,3121,36171,0
1790260920000,320,318,3121,2950,0
1790260980000,469,342,3121,2950,0
1790261040000,412,344,3121,2950,0
1790261100000,457,353,3121,2950,0
1790261160000,410,353,3121,2950,0
1790261220000,440,344,3121,2950,0
1790261280000,429,316,3121,2950,0
1790261340000,395,272,3121,2950,0
1790261400000,424,270,3121,2950,0
1790261460000,408,265,3121,2950,0
1790261520000,379,279,3121,2950,0
1790261580000,152,152,1334,8384,0
1790261640000,371,273,3121,2950,0
1790261700000,254,253,1335,8384,0
1790261760000,256,253,3121,2950,0
1790261820000,162,154,3121,2950,0
1790261880000,159,151,3121,36079,0
1790261940000,152,152,1335,8385,0
1790262000000,155,154,1338,8385,0
1790262060000,172,170,3121,2950,0
1790262120000,157,151,3121,2950,0
1790262180000,155,151,3121,36078,0
1790262240000,285,257,3121,2950,0
1790262300000,258,246,1339,8390,0
1790262360000,314,268,3121,2950,0
1790262420000,279,261,3121,2950,0
1790262480000,278,266,3121,2950,0
1790262540000,260,260,1339,8430,0
1790262600000,270,262,3121,2950,0
1790262660000,264,262,3121,36055,0
1790262720000,331,271,3121,2950,0
1790262780000,293,266,1340,8431,0
1790262840000,309,262,3121,36034,0
1790262900000,319,272,3121,2950,0
1790262960000,301,272,3121,2950,0
1790263020000,279,269,3121,2950,0
1790263080000,289,270,3121,2950,0
1790263140000,270,268,3121,2950,0
1790263200000,269,269,3121,2950,0
1790263260000,280,270,3121,36013,0
1790263320000,276,271,3121,2950,0
1790263380000,332,305,3121,2950,0
1790263440000,368,345,3121,2950,0
1790263500000,344,343,3121,2950,0
1790263560000,329,307,3121,2950,0
1790263620000,284,284,3121,2950,0
1790263680000,306,302,3121,2950,0
1790263740000,274,270,3121,2950,0
1790263800000,303,303,1346,8478,0
1790263860000,322,311,3121,36007,0
1790263920000,316,309,3121,36002,0
1790263980000,353,342,3121,2950,0
1790264040000,346,341,3121,2950,0
1790264100000,386,357,3121,2950,0
1790264160000,385,358,3121,2950,0
1790264220000,534,357,3121,2950,0
1790264280000,528,357,3121,2950,0
1790264340000,350,350,1347,8488,0
1790264400000,350,350,1348,8488,0
1790264460000,470,353,3121,35999,0
1790264520000,468,351,3121,35999,0
1790264580000,349,349,1348,8489,0
1790264640000,446,352,3121,35999,0
1790264700000,433,347,3121,35959,0
1790264760000,424,350,3121,35957,0
1790264820000,393,351,3121,2950,0
1790264880000,441,353,3121,2950,0
1790264940000,396,352,3121,35957,0
1790265000000,350,350,1350,8530,0
1790265060000,351,351,1350,8531,0
1790265120000,350,350,1350,8531,0
1790265180000,384,350,3121,35957,0
1790265240000,357,345,3121,35957,0
1790265300000,371,346,3121,35943,0
1790265360000,466,349,3121,2950,0
1790265420000,433,354,3121,2950,0
1790265480000,342,342,1351,8553,0
1790265540000,342,342,1351,8553,0
1790265600000,439,357,3121,35936,0
1790265660000,396,356,1355,8557,0
1790265720000,432,352,3121,2950,0
1790265780000,391,351,3121,2950,0
1790265840000,382,342,3121,2950,0
1790265900000,384,344,3121,2950,0
1790265960000,391,345,3121,35894,0
1790266020000,399,345,3121,2950,0
1790266080000,420,345,3121,2950,0
1790266140000,386,340,3121,2950,0
1790266200000,379,344,3121,2950,0
1790266260000,377,331,3121,2950,0
1790266320000,347,297,3121,2950,0
1790266380000,269,269,1357,8627,0
1790266440000,418,347,3121,2950,0
1790266500000,503,362,3121,2950,0
1790266560000,365,350,3121,2950,0
1790266620000,264,221,3121,2950,0
1790266680000,337,286,3121,35857,0
1790266740000,418,343,3121,2950,0
1790266800000,274,261,1360,8629,0
1790266860000,293,231,3121,2950,0
1790266920000,266,232,3121,35826,0
1790266980000,205,166,3121,2950,0
1790267040000,280,233,3121,2950,0
1790267100000,280,267,3121,2950,0
1790267160000,357,260,3121,2950,0
1790267220000,267,259,3121,2950,0
1790267280000,232,177,3121,2950,0
1790267340000,151,130,3121,2950,0
1790267400000,217,168,3121,35802,0
1790267460000,386,264,3121,2950,0
1790267520000,304,270,3121,2950,0
1790267580000,281,270,3121,2950,0
1790267640000,337,313,3121,2950,0
1790267700000,333,324,3121,2950,0
1790267760000,274,244,3121,2950,0
1790267820000,318,242,3121,2950,0
1790267880000,301,240,3121,2950,0
1790267940000,210,176,3121,2950,0
1790268000000,226,167,3121,2950,0
1790268060000,228,150,3121,2950,0
1790268120000,123,109,3121,35765,0
1790268180000,239,166,3121,2950,0
1790268240000,367,261,3121,35764,0
1790268300000,320,319,1365,8721,0
1790268360000,338,269,3121,2950,0
1790268420000,234,234,3121,2950,0
1790268480000,218,166,3121,35763,0
1790268540000,200,166,3121,35745,0
1790268600000,348,261,3121,35745,0
1790268660000,347,261,3121,2950,0
1790268720000,306,270,3121,2950,0
1790268780000,431,320,3121,2950,0
1790268840000,397,320,3121,2950,0
1790268900000,441,322,3121,2950,0
1790268960000,351,323,3121,2950,0
1790269020000,410,320,3121,2950,0
1790269080000,311,311,3121,2950,0
1790269140000,372,315,3121,2950,0
1790269200000,470,351,3121,2950,0
1790269260000,466,350,3121,2950,0
1790269320000,346,343,3121,2950,0
1790269380000,285,272,3121,2950,0
1790269440000,341,337,3121,2950,0
1790269500000,430,341,3121,35656,0
1790269560000,402,348,3121,2950,0
1790269620000,396,344,3121,2950,0
1790269680000,469,345,3121,2950,0
1790269740000,358,317,3121,2950,0
1790269800000,433,345,3121,2950,0
1790269860000,347,345,1372,8920,0
1790269920000,434,342,3121,35568,0
1790269980000,392,344,3121,35528,0
1790270040000,487,321,3121,2950,0
1790270100000,469,344,3121,2950,0
1790270160000,411,326,3121,2950,0
1790270220000,431,346,3121,2950,0
1790270280000,451,348,3121,2950,0
1790270340000,484,351,3121,2950,0
1790270400000,352,351,1375,8966,0
1790270460000,541,356,3121,2950,0
1790270520000,351,350,3121,2950,0
1790270580000,433,353,3121,2950,0
1790270640000,427,347,3121,2950,0
1790270700000,344,344,1376,8968,0
1790270760000,344,344,1376,8969,0
1790270820000,343,343,1376,8969,0
1790270880000,350,350,1376,8969,0
1790270940000,350,350,1376,8969,0
1790271000000,353,352,3121,35521,0
1790271060000,353,348,3121,2950,0
1790271120000,348,346,3121,2950,0
1790271180000,349,346,3121,2950,0
1790271240000,353,351,3121,2950,0
1790271300000,352,351,3121,2950,0
1790271360000,346,345,1379,8973,0
1790271420000,353,351,3121,2950,0
1790271480000,510,346,3121,2950,0
1790271540000,429,348,3121,2950,0
1790271600000,342,342,1380,8973,0
1790271660000,343,342,3121,2950,0
1790271720000,344,344,1380,8974,0
1790271780000,344,343,3121,2950,0
1790271840000,304,303,3121,2950,0
1790271900000,322,310,3121,35517,0
1790271960000,328,316,3121,35517,0
1790272020000,341,341,1382,8976,0
1790272080000,340,340,1382,8976,0
1790272140000,340,340,1382,8976,0
1790272200000,388,342,3121,35517,0
1790272260000,348,344,3121,35517,0
1790272320000,306,304,3121,35516,0
1790272380000,311,305,3121,2950,0
1790272440000,274,273,3121,2950,0
1790272500000,358,301,3121,2950,0
1790272560000,359,302,3121,2950,0
1790272620000,285,270,3121,35514,0
1790272680000,275,270,1384,8978,0
1790272740000,280,270,3121,2950,0
1790272800000,278,273,3121,2950,0
1790272860000,274,273,3121,35508,0
1790272920000,376,302,3121,2950,0
1790272980000,362,304,3121,2950,0
1790273040000,358,300,3121,2950,0
1790273100000,283,271,3121,2950,0
1790273160000,276,273,3121,35493,0
1790273220000,272,272,1388,9001,0
1790273280000,325,307,3121,2950,0
1790273340000,319,314,1388,9001,0
1790273400000,408,347,3121,2950,0
1790273460000,341,341,1389,9007,0
1790273520000,355,345,3121,2950,0
1790273580000,340,340,1389,9007,0
1790273640000,368,347,3121,2950,0
1790273700000,376,358,3121,2950,0
1790273760000,380,359,3121,2950,0
1790273820000,373,356,3121,2950,0
1790273880000,348,347,3121,2950,0
1790273940000,368,357,3121,2950,0
1790274000000,350,350,1392,9015,0
1790274060000,346,346,1392,9016,0
1790274120000,372,358,3121,2950,0
1790274180000,371,358,3121,2950,0
1790274240000,345,345,1392,9017,0
1790274300000,392,358,3121,2950,0
1790274360000,464,359,3121,35476,0
1790274420000,362,321,1393,9018,0
1790274480000,362,320,1393,9059,0
1790274540000,374,322,3121,2950,0
1790274600000,411,325,3121,2950,0
1790274660000,387,345,3121,2950,0
1790274720000,342,342,1395,9062,0
1790274780000,349,346,3121,35432,0
1790274840000,354,350,3121,35431,0
1790274900000,357,354,3121,2950,0
1790274960000,354,353,3121,2950,0
1790275020000,361,350,3121,2950,0
1790275080000,445,356,3121,2950,0
1790275140000,495,325,3121,2950,0
1790275200000,425,347,3121,2950,0
1790275260000,360,343,1397,9065,0
1790275320000,376,342,3121,2950,0
1790275380000,359,342,3121,2950,0
1790275440000,360,341,3121,2950,0
1790275500000,330,325,3121,2950,0
1790275560000,368,348,3121,2950,0
1790275620000,346,346,1399,9084,0
1790275680000,347,346,3121,2950,0
1790275740000,350,347,3121,35406,0
1790275800000,453,347,3121,2950,0
1790275860000,459,335,3121,2950,0
1790275920000,401,316,3121,2950,0
1790275980000,411,320,3121,2950,0
1790276040000,360,320,3121,2950,0
1790276100000,402,317,3121,2950,0
1790276160000,447,319,3121,2950,0
1790276220000,453,332,3121,2950,0
1790276280000,343,316,3121,35277,0
1790276340000,476,338,3121,2950,0
1790276400000,320,319,1404,9211,0
1790276460000,437,349,3121,2950,0
1790276520000,394,351,3121,2950,0
1790276580000,443,352,3121,2950,0
1790276640000,351,350,3121,2950,0
1790276700000,359,351,3121,35235,0
1790276760000,395,352,3121,2950,0
1790276820000,352,349,3121,2950,0
1790276880000,323,323,3121,2950,0
1790276940000,340,324,3121,2950,0
1790277000000,331,315,3121,35232,0
1790277060000,323,321,3121,2950,0
1790277120000,274,272,3121,2950,0
1790277180000,519,337,3121,2950,0
1790277240000,289,235,3121,35189,0
1790277300000,467,338,3121,2950,0
1790277360000,313,261,3121,2950,0
1790277420000,363,259,3121,2950,0
1790277480000,290,235,3121,35177,0
1790277540000,261,260,1408,9313,0
1790277600000,237,234,3121,35175,0
1790277660000,265,261,3121,2950,0
1790277720000,235,234,3121,2950,0
1790277780000,235,234,3121,2950,0
1790277840000,387,309,3121,2950,0
1790277900000,358,280,3121,2950,0
1790277960000,422,310,3121,2950,0
1790278020000,246,230,3121,35174,0
1790278080000,238,230,1410,9316,0
1790278140000,174,166,1410,9324,0
1790278200000,243,235,3121,2950,0
1790278260000,237,236,3121,35166,0
1790278320000,235,235,1412,9326,0
1790278380000,242,234,3121,2950,0
1790278440000,231,231,3121,2950,0
1790278500000,235,235,1413,9326,0
1790278560000,280,264,3121,2950,0
1790278620000,390,274,3121,2950,0
1790278680000,329,268,3121,2950,0
1790278740000,448,319,3121,2950,0
1790278800000,400,326,3121,2950,0
1790278860000,393,325,3121,2950,0
1790278920000,326,319,3121,2950,0
1790278980000,464,325,3121,2950,0
1790279040000,399,325,3121,2950,0
1790279100000,445,323,3121,2950,0
1790279160000,443,323,3121,35097,0
1790279220000,324,320,3121,2950,0
1790279280000,317,317,3121,2950,0
1790279340000,425,319,3121,2950,0
1790279400000,330,272,3121,2950,0
1790279460000,369,261,3121,2950,0
1790279520000,318,263,3121,2950,0
1790279580000,279,277,3121,2950,0
1790279640000,259,259,1417,9450,0
1790279700000,270,270,1418,9450,0
1790279760000,374,349,3121,2950,0
1790279820000,362,348,3121,2950,0
1790279880000,468,355,3121,2950,0
1790279940000,411,354,3121,2950,0
1790280000000,356,354,3121,35031,0
1790280060000,360,356,3121,35031,0
1790280120000,354,352,3121,35031,0
1790280180000,354,351,3121,35029,0
1790280240000,346,344,3121,2950,0
1790280300000,359,351,3121,2950,0
1790280360000,354,353,3121,2950,0
1790280420000,348,347,3121,2950,0
1790280480000,354,351,3121,2950,0
1790280540000,343,342,3121,2950,0
1790280600000,344,342,3121,2950,0
1790280660000,342,342,1424,9468,0
1790280720000,346,345,3121,2950,0
1790280780000,466,355,3121,35026,0
1790280840000,431,363,3121,2950,0
1790280900000,476,359,3121,2950,0
1790280960000,447,358,3121,2950,0
1790281020000,424,358,3121,2950,0
1790281080000,350,350,1426,9519,0
1790281140000,350,350,1426,9519,0
1790281200000,451,351,3121,2950,0
1790281260000,396,344,3121,34935,0
1790281320000,505,350,3121,2950,0
1790281380000,447,348,3121,2950,0
1790281440000,390,340,3121,2950,0
1790281500000,342,342,1428,9570,0
1790281560000,391,341,3121,2950,0
1790281620000,343,342,3121,34921,0
1790281680000,454,352,3121,34920,0
1790281740000,402,352,3121,2950,0
1790281800000,447,347,3121,2950,0
1790281860000,343,343,1430,9623,0
1790281920000,341,341,1430,9623,0
1790281980000,342,341,3121,34868,0
1790282040000,343,342,3121,34868,0
1790282100000,396,346,3121,2950,0
1790282160000,404,353,3121,2950,0
1790282220000,350,350,3121,2950,0
1790282280000,412,354,3121,2950,0
1790282340000,403,353,3121,2950,0
1790282400000,399,350,3121,2950,0
1790282460000,343,343,1432,9625,0
1790282520000,397,347,3121,2950,0
1790282580000,342,342,1432,9625,0
1790282640000,344,344,1432,9625,0
1790282700000,346,346,1434,9625,0
1790282760000,403,350,3121,2950,0
1790282820000,401,349,3121,2950,0
1790282880000,345,345,1434,9627,0
1790282940000,400,349,3121,2950,0
1790283000000,374,324,3121,2950,0
1790283060000,316,316,1435,9629,0
1790283120000,347,343,3121,34866,0
1790283180000,345,343,3121,34865,0
1790283240000,350,349,3121,2950,0
1790283300000,365,356,3121,2950,0
1790283360000,357,356,3121,2950,0
1790283420000,350,350,1436,9630,0
1790283480000,352,351,3121,34863,0
1790283540000,345,345,1436,9630,0
1790283600000,348,348,3121,2950,0
1790283660000,349,349,3121,2950,0
1790283720000,348,347,3121,2950,0
1790283780000,350,350,1439,9633,0
1790283840000,357,349,3121,34862,0
1790283900000,354,350,1440,9633,0
1790283960000,357,352,3121,34858,0
1790284020000,356,351,3121,2950,0
1790284080000,353,349,3121,2950,0
1790284140000,349,349,1440,9638,0
1790284200000,354,350,3121,2950,0
1790284260000,346,346,1441,9639,0
1790284320000,345,345,1441,9639,0
1790284380000,353,349,3121,2950,0
1790284440000,357,351,3121,34858,0
1790284500000,361,356,3121,34858,0
1790284560000,348,348,1443,9641,0
1790284620000,346,346,3121,2950,0
1790284680000,351,347,3121,2950,0
1790284740000,355,341,3121,34855,0
1790284800000,345,345,3121,2950,0
1790284860000,323,323,3121,2950,0
1790284920000,348,341,3121,34854,0
1790284980000,353,342,3121,2950,0
1790285040000,348,341,3121,2950,0
1790285100000,349,342,3121,2950,0
1790285160000,326,325,3121,2950,0
1790285220000,339,330,3121,2950,0
1790285280000,336,329,3121,2950,0
1790285340000,320,320,1445,9650,0
1790285400000,322,322,1447,9650,0
1790285460000,331,329,3121,2950,0
1790285520000,441,332,3121,2950,0
1790285580000,381,331,3121,2950,0
1790285640000,434,330,3121,2950,0
1790285700000,313,313,1448,9653,0
1790285760000,274,274,1448,9654,0
1790285820000,328,322,3121,34844,0
1790285880000,343,338,3121,34841,0
1790285940000,347,343,3121,2950,0
1790286000000,328,323,3121,2950,0
1790286060000,321,321,1449,9658,0
1790286120000,314,314,1449,9658,0
1790286180000,319,319,1449,9658,0
1790286240000,316,316,1449,9658,0
1790286300000,322,322,1451,9658,0
1790286360000,317,317,1451,9660,0
1790286420000,319,319,1451,9660,0
1790286480000,319,319,1451,9660,0
1790286540000,345,341,3121,2950,0
1790286600000,341,337,3121,2950,0
1790286660000,337,337,1452,9661,0
1790286720000,336,336,1452,9661,0
1790286780000,319,319,1452,9661,0
1790286840000,355,345,3121,2950,0
1790286900000,358,351,3121,2950,0
1790286960000,357,351,3121,2950,0
1790287020000,343,343,1453,9663,0
1790287080000,354,351,3121,2950,0
1790287140000,360,356,3121,2950,0
1790287200000,375,362,3121,2950,0
1790287260000,362,354,3121,2950,0
1790287320000,367,360,3121,2950,0
1790287380000,355,351,3121,2950,0
1790287440000,349,349,1456,9670,0
1790287500000,351,351,1457,9670,0
1790287560000,362,352,3121,2950,0
1790287620000,364,352,3121,34828,0
1790287680000,357,349,3121,34828,0
1790287740000,349,349,1457,9671,0
1790287800000,350,350,1458,9671,0
1790287860000,351,351,1458,9672,0
1790287920000,349,349,1458,9672,0
1790287980000,349,349,1458,9672,0
1790288040000,350,350,1458,9672,0
1790288100000,351,351,1460,9672,0
1790288160000,482,365,3121,2950,0
1790288220000,414,355,3121,2950,0
1790288280000,520,337,3121,2950,0
1790288340000,427,319,3121,2950,0
1790288400000,389,282,3121,2950,0
1790288460000,267,267,1460,9728,0
1790288520000,270,270,3121,2950,0
1790288580000,269,269,1460,9728,0
1790288640000,411,301,3121,34759,0
1790288700000,384,316,1460,9742,0
1790288760000,425,316,3121,2950,0
1790288820000,317,316,1460,9797,0
1790288880000,304,303,3121,2950,0
1790288940000,301,301,1460,9797,0
1790289000000,302,302,1461,9797,0
1790289060000,545,328,3121,2950,0
1790289120000,479,316,3121,2950,0
1790289180000,331,328,3121,2950,0
1790289240000,340,327,3121,2950,0
1790289300000,440,329,3121,2950,0
1790289360000,373,317,3121,2950,0
1790289420000,410,302,3121,2950,0
1790289480000,338,284,3121,2950,0
1790289540000,324,270,3121,2950,0
1790289600000,325,271,3121,2950,0
1790289660000,329,271,3121,2950,0
1790289720000,273,269,3121,34648,0
1790289780000,409,301,3121,34648,0
1790289840000,409,301,3121,34648,0
1790289900000,303,303,1464,9853,0
1790289960000,455,318,3121,34648,0
1790290020000,448,355,3121,2950,0
1790290080000,463,354,3121,2950,0
1790290140000,411,355,3121,2950,0
1790290200000,411,356,3121,2950,0
1790290260000,355,355,1465,9911,0
1790290320000,355,355,3121,2950,0
1790290380000,465,355,3121,2950,0
1790290440000,411,356,3121,2950,0
1790290500000,356,356,1466,9911,0
1790290560000,468,357,3121,2950,0
1790290620000,356,355,3121,34593,0
1790290680000,354,354,1466,9912,0
1790290740000,358,358,3121,2950,0
1790290800000,362,362,3121,2950,0
1790290860000,366,366,1469,9915,0
1790290920000,359,359,3121,2950,0
1790290980000,364,364,3121,2950,0
1790291040000,364,364,3121,2950,0
1790291100000,365,365,3121,2950,0
1790291160000,360,360,3121,2950,0
1790291220000,359,359,3121,2950,0
1790291280000,360,360,3121,2950,0
1790291340000,363,363,1470,9916,0
1790291400000,359,359,1471,9916,0
1790291460000,358,358,1471,9916,0
1790291520000,371,368,3121,34593,0
1790291580000,369,366,3121,34593,0
1790291640000,363,363,1471,9917,0
1790291700000,365,365,1473,9917,0
1790291760000,366,366,1473,9919,0
1790291820000,363,363,1473,9919,0
1790291880000,363,363,1473,9919,0
1790291940000,363,363,1473,9919,0
1790292000000,364,364,1474,9919,0
1790292060000,369,366,3121,2950,0
1790292120000,360,359,3121,2950,0
1790292180000,359,358,1474,9921,0
1790292240000,362,360,3121,2950,0
1790292300000,371,359,3121,2950,0
1790292360000,360,358,3121,2950,0
1790292420000,357,352,3121,2950,0
1790292480000,338,335,3121,2950,0
1790292540000,338,335,3121,2950,0
1790292600000,337,335,3121,2950,0
1790292660000,337,335,3121,2950,0
1790292720000,347,335,3121,2950,0
1790292780000,342,335,3121,34588,0
1790292840000,337,335,3121,34588,0
1790292900000,336,336,1478,9927,0
1790292960000,336,333,3121,2950,0
1790293020000,333,330,3121,34586,0
1790293080000,331,331,3121,2950,0
1790293140000,335,335,3121,2950,0
1790293200000,334,334,1479,9928,0
1790293260000,334,334,1479,9929,0
1790293320000,333,333,1479,9929,0
1790293380000,350,350,1479,9929,0
1790293440000,362,356,3121,34584,0
1790293500000,363,358,3121,2950,0
1790293560000,368,358,3121,2950,0
1790293620000,351,351,3121,2950,0
1790293680000,358,356,3121,2950,0
1790293740000,362,358,3121,2950,0
1790293800000,367,359,3121,2950,0
1790293860000,358,358,3121,2950,0
1790293920000,352,352,3121,2950,0
1790293980000,336,336,3121,2950,0
1790294040000,364,361,3121,2950,0
1790294100000,364,362,3121,2950,0
1790294160000,363,359,3121,2950,0
1790294220000,357,356,1483,9939,0
1790294280000,357,356,1483,9940,0
1790294340000,356,355,3121,2950,0
1790294400000,358,357,3121,2950,0
1790294460000,344,340,3121,2950,0
1790294520000,345,342,3121,2950,0
1790294580000,379,353,3121,2950,0
1790294640000,309,300,3121,2950,0
1790294700000,311,297,3121,2950,0
1790294760000,385,355,3121,2950,0
1790294820000,306,305,1488,9958,0
1790294880000,406,298,3121,2950,0
1790294940000,487,334,3121,2950,0
1790295000000,641,367,3121,2950,0
1790295060000,322,270,3121,2950,0
1790295120000,237,203,3121,2950,0
1790295180000,203,203,1489,10001,0
1790295240000,215,203,3121,34536,0
1790295300000,285,269,3121,34536,0
1790295360000,283,269,3121,34534,0
1790295420000,367,272,3121,2950,0
1790295480000,405,299,3121,2950,0
1790295540000,324,300,1491,10072,0
1790295600000,375,275,3121,2950,0
1790295660000,334,300,1492,10073,0
1790295720000,277,273,3121,34470,0
1790295780000,311,270,3121,34468,0
1790295840000,313,270,3121,2950,0
1790295900000,268,268,1493,10075,0
1790295960000,270,270,1493,10076,0
1790296020000,307,270,3121,34468,0
1790296080000,260,204,3121,2950,0
1790296140000,260,204,3121,2950,0
1790296200000,297,278,3121,2950,0
1790296260000,441,306,3121,34448,0
1790296320000,432,302,3121,34443,0
1790296380000,337,275,3121,2950,0
1790296440000,309,277,3121,2950,0
1790296500000,385,303,3121,2950,0
1790296560000,332,301,3121,2950,0
1790296620000,278,276,3121,2950,0
1790296680000,302,272,3121,2950,0
1790296740000,274,273,3121,34413,0
1790296800000,299,269,3121,2950,0
1790296860000,277,206,3121,2950,0
1790296920000,224,204,3121,2950,0
1790296980000,319,269,3121,2950,0
1790297040000,276,272,3121,34412,0
1790297100000,276,274,1499,10130,0
1790297160000,278,274,3121,2950,0
1790297220000,276,272,3121,2950,0
1790297280000,276,274,3121,2950,0
1790297340000,277,269,3121,34410,0
1790297400000,276,270,3121,34410,0
1790297460000,270,270,1500,10135,0
1790297520000,267,267,1500,10135,0
1790297580000,272,272,1500,10135,0
1790297640000,277,270,3121,34410,0
1790297700000,274,271,3121,34406,0
1790297760000,270,268,1501,10138,0
1790297820000,272,272,1501,10138,0
1790297880000,276,274,3121,2950,0
1790297940000,299,299,1501,10138,0
1790298000000,276,276,1504,10138,0
1790298060000,284,276,3121,2950,0
1790298120000,242,209,3121,2950,0
1790298180000,138,135,3121,2950,0
1790298240000,179,137,3121,2950,0
1790298300000,208,198,3121,2950,0
1790298360000,203,203,1505,10141,0
1790298420000,104,104,1505,10142,0
1790298480000,395,270,3121,2950,0
1790298540000,393,268,3121,2950,0
1790298600000,378,269,3121,2950,0
1790298660000,387,281,3121,2950,0
1790298720000,403,294,3121,2950,0
1790298780000,119,118,1506,10159,0
1790298840000,120,120,1506,10159,0
1790298900000,122,122,1508,10159,0
1790298960000,186,186,1508,10161,0
1790299020000,122,120,3121,34398,0
1790299080000,122,120,3121,34398,0
1790299140000,188,186,3121,34398,0
1790299200000,226,223,3121,34394,0
1790299260000,224,221,3121,2950,0
1790299320000,290,286,3121,2950,0
1790299380000,318,318,3121,2950,0
1790299440000,343,318,3121,2950,0
1790299500000,524,330,3121,2950,0
1790299560000,492,328,3121,2950,0
1790299620000,371,316,3121,2950,0
1790299680000,372,317,3121,2950,0
1790299740000,440,330,3121,2950,0
1790299800000,551,423,3121,2950,0
1790299860000,527,422,3121,2950,0
1790299920000,556,418,3121,2950,0
1790299980000,440,410,3121,2950,0
1790300040000,414,414,1511,10252,0
1790300100000,477,419,3121,2950,0
1790300160000,494,422,3121,2950,0
1790300220000,425,420,1512,10254,0
1790300280000,512,419,3121,2950,0
1790300340000,429,417,3121,2950,0
1790300400000,396,392,3121,34300,0
1790300460000,449,393,3121,34300,0
1790300520000,354,326,1513,10259,0
1790300580000,355,325,3121,34272,0
1790300640000,416,386,3121,2950,0
1790300700000,402,388,3121,34272,0
1790300760000,473,390,3121,2950,0
1790300820000,361,329,3121,34258,0
1790300880000,410,328,3121,2950,0
1790300940000,348,319,3121,2950,0
1790301000000,495,322,3121,2950,0
1790301060000,494,322,3121,2950,0
1790301120000,500,319,3121,2950,0
1790301180000,469,321,3121,2950,0
1790301240000,317,317,1516,10381,0
1790301300000,380,328,3121,34178,0
1790301360000,355,329,1517,10382,0
1790301420000,353,325,3121,34152,0
1790301480000,403,317,3121,2950,0
1790301540000,425,292,3121,2950,0
1790301600000,396,293,3121,34122,0
1790301660000,379,319,3121,2950,0
1790301720000,386,289,3121,2950,0
1790301780000,218,187,3121,2950,0
1790301840000,520,322,3121,2950,0
1790301900000,473,295,3121,2950,0
1790301960000,130,122,3121,2950,0
1790302020000,113,109,3121,2950,0
1790302080000,152,139,1520,10458,0
1790302140000,139,139,1520,10458,0
1790302200000,130,122,3121,34111,0
1790302260000,117,109,3121,2950,0
1790302320000,833,295,3121,2950,0
1790302380000,477,295,3121,2950,0
1790302440000,109,109,1520,10462,0
1790302500000,139,123,3121,2950,0
1790302560000,131,123,1521,10463,0
1790302620000,109,109,1521,10463,0
1790302680000,109,109,1521,10463,0
1790302740000,117,109,3121,34107,0
1790302800000,117,109,3121,34107,0
1790302860000,109,109,1521,10463,0
1790302920000,111,110,3121,34107,0
1790302980000,123,123,1521,10463,0
1790303040000,140,140,3121,2950,0
1790303100000,139,139,1521,10463,0
1790303160000,123,123,3121,2950,0
1790303220000,166,140,3121,2950,0
1790303280000,247,198,3121,2950,0
1790303340000,246,233,1521,10476,0
1790303400000,212,199,3121,2950,0
1790303460000,135,135,1523,10478,0
1790303520000,133,133,1523,10478,0
1790303580000,133,133,1523,10478,0
1790303640000,313,234,3121,2950,0
1790303700000,327,299,3121,2950,0
1790303760000,479,344,3121,2950,0
1790303820000,438,403,3121,2950,0
1790303880000,606,405,3121,2950,0
1790303940000,458,421,3121,34042,0
1790304000000,584,429,3121,2950,0
1790304060000,548,429,3121,2950,0
1790304120000,468,405,3121,34009,0
1790304180000,433,401,3121,2950,0
1790304240000,461,399,3121,2950,0
1790304300000,434,403,3121,2950,0
1790304360000,690,443,3121,2950,0
1790304420000,638,437,3121,2950,0
1790304480000,639,438,3121,2950,0
1790304540000,483,438,3121,2950,0
1790304600000,809,444,3121,2950,0
1790304660000,634,438,3121,2950,0
1790304720000,434,434,1528,10641,0
1790304780000,478,436,3121,2950,0
1790304840000,466,425,3121,2950,0
1790304900000,426,426,1529,10641,0
1790304960000,467,426,3121,2950,0
1790305020000,578,428,3121,2950,0
1790305080000,576,426,3121,2950,0
1790305140000,525,425,3121,33931,0
1790305200000,478,428,1532,10643,0
1790305260000,486,428,3121,33881,0
1790305320000,477,423,3121,2950,0
1790305380000,427,423,1532,10700,0
1790305440000,484,430,3121,2950,0
1790305500000,490,437,3121,2950,0
1790305560000,438,437,1533,10702,0
1790305620000,488,436,3121,2950,0
1790305680000,439,437,3121,2950,0
1790305740000,489,438,3121,2950,0
1790305800000,489,438,3121,2950,0
1790305860000,439,439,3121,2950,0
1790305920000,438,438,3121,2950,0
1790305980000,440,437,3121,33875,0
1790306040000,428,427,1534,10704,0
1790306100000,528,442,3121,2950,0
1790306160000,526,442,3121,2950,0
1790306220000,434,431,3121,2950,0
1790306280000,432,431,3121,2950,0
1790306340000,436,427,3121,2950,0
1790306400000,433,428,3121,2950,0
1790306460000,431,431,1537,10708,0
1790306520000,433,431,3121,33873,0
1790306580000,434,432,3121,33873,0
1790306640000,427,426,3121,33873,0
1790306700000,432,432,1538,10708,0
1790306760000,427,427,1538,10709,0
1790306820000,541,430,3121,2950,0
1790306880000,536,406,3121,2950,0
1790306940000,540,390,3121,2950,0
1790307000000,478,378,3121,2950,0
1790307060000,356,352,3121,33811,0
1790307120000,646,406,3121,2950,0
1790307180000,487,432,3121,2950,0
1790307240000,542,432,3121,2950,0
1790307300000,488,433,3121,2950,0
1790307360000,432,432,1540,10827,0
1790307420000,501,444,3121,2950,0
1790307480000,583,445,3121,2950,0
1790307540000,598,448,3121,2950,0
1790307600000,491,448,3121,33713,0
1790307660000,594,445,3121,2950,0
1790307720000,443,442,1541,10870,0
1790307780000,444,442,3121,2950,0
1790307840000,592,434,3121,2950,0
1790307900000,500,432,3121,2950,0
1790307960000,465,404,1543,10927,0
1790308020000,465,403,3121,2950,0
1790308080000,481,429,3121,2950,0
1790308140000,441,429,3121,2950,0
1790308200000,438,432,1544,10933,0
1790308260000,432,432,1544,10934,0
1790308320000,548,434,3121,2950,0
1790308380000,459,403,1544,10934,0
1790308440000,413,401,3121,33650,0
1790308500000,444,431,3121,33650,0
1790308560000,433,433,1545,10935,0
1790308620000,432,432,3121,2950,0
1790308680000,432,432,3121,2950,0
1790308740000,432,432,3121,2950,0
1790308800000,436,436,3121,2950,0
1790308860000,437,436,3121,33649,0
1790308920000,432,432,1549,10939,0
1790308980000,545,405,3121,2950,0
1790309040000,456,387,3121,2950,0
1790309100000,485,404,3121,2950,0
1790309160000,497,405,3121,2950,0
1790309220000,452,436,3121,2950,0
1790309280000,440,436,3121,2950,0
1790309340000,430,430,1550,11008,0
1790309400000,620,437,3121,2950,0
1790309460000,524,401,3121,2950,0
1790309520000,537,369,3121,2950,0
1790309580000,467,354,3121,2950,0
1790309640000,496,386,3121,2950,0
1790309700000,649,344,3121,2950,0
1790309760000,660,397,3121,2950,0
1790309820000,388,385,3121,2950,0
1790309880000,371,371,3121,2950,0
1790309940000,354,352,3121,2950,0
1790310000000,354,353,3121,2950,0
1790310060000,372,370,3121,2950,0
1790310120000,371,370,3121,2950,0
1790310180000,369,369,1553,11068,0
1790310240000,336,336,1553,11068,0
1790310300000,352,352,1554,11068,0
1790310360000,337,337,1554,11069,0
1790310420000,350,350,1554,11069,0
1790310480000,336,336,1554,11069,0
1790310540000,351,351,1554,11069,0
1790310600000,384,376,3121,2950,0
1790310660000,392,388,3121,33515,0
1790310720000,374,372,3121,2950,0
1790310780000,390,386,3121,2950,0
1790310840000,410,405,3121,2950,0
1790310900000,422,405,3121,2950,0
1790310960000,446,431,3121,2950,0
1790311020000,432,430,3121,2950,0
1790311080000,486,428,3121,33513,0
1790311140000,496,438,3121,2950,0
1790311200000,450,437,3121,2950,0
1790311260000,455,446,3121,2950,0
1790311320000,458,450,3121,2950,0
1790311380000,459,450,3121,2950,0
1790311440000,441,438,3121,33503,0
1790311500000,443,440,3121,33503,0
1790311560000,439,439,1560,11085,0
1790311620000,439,438,3121,33503,0
1790311680000,445,433,3121,33502,0
1790311740000,437,431,3121,2950,0
1790311800000,423,408,3121,2950,0
1790311860000,411,404,3121,2950,0
1790311920000,404,402,3121,2950,0
1790311980000,415,402,3121,2950,0
1790312040000,436,403,3121,2950,0
1790312100000,410,397,1562,11093,0
1790312160000,465,435,3121,2950,0
1790312220000,448,434,3121,2950,0
1790312280000,431,429,3121,2950,0
1790312340000,474,428,3121,33479,0
1790312400000,480,433,3121,2950,0
1790312460000,436,435,3121,2950,0
1790312520000,435,434,3121,2950,0
1790312580000,434,433,3121,2950,0
1790312640000,432,432,1565,11111,0
1790312700000,459,432,3121,33479,0
1790312760000,457,430,3121,33479,0
1790312820000,443,429,3121,33479,0
1790312880000,446,403,3121,2950,0
1790312940000,474,433,3121,33479,0
1790313000000,444,431,1565,11111,0
1790313060000,458,429,3121,33465,0
1790313120000,434,406,3121,2950,0
1790313180000,403,401,3121,2950,0
1790313240000,403,402,3121,2950,0
1790313300000,404,403,3121,2950,0
1790313360000,446,433,3121,2950,0
1790313420000,440,437,3121,2950,0
1790313480000,446,432,3121,2950,0
1790313540000,453,401,3121,33464,0
1790313600000,432,400,3121,33444,0
1790313660000,421,401,1566,11146,0
1790313720000,428,403,3121,2950,0
1790313780000,380,374,3121,2950,0
1790313840000,398,392,3121,2950,0
1790313900000,385,384,1566,11148,0
1790313960000,402,401,3121,2950,0
1790314020000,402,402,1566,11148,0
1790314080000,401,401,1566,11148,0
1790314140000,412,400,3121,33440,0
1790314200000,403,403,1567,11148,0
1790314260000,371,371,1567,11149,0
1790314320000,371,371,1567,11149,0
1790314380000,413,401,3121,33440,0
1790314440000,404,402,3121,33440,0
1790314500000,442,402,3121,33440,0
1790314560000,454,433,3121,33421,0
1790314620000,480,437,3121,2950,0
1790314680000,479,444,3121,2950,0
1790314740000,588,462,3121,2950,0
1790314800000,585,459,3121,2950,0
1790314860000,529,444,3121,33414,0
1790314920000,518,437,3121,33374,0
1790314980000,535,433,3121,2950,0
1790315040000,515,434,3121,2950,0
1790315100000,443,440,3121,33352,0
1790315160000,441,440,3121,33352,0
1790315220000,436,436,1570,11233,0
1790315280000,436,436,1570,11233,0
1790315340000,439,438,3121,33352,0
1790315400000,435,435,1571,11233,0
1790315460000,475,435,3121,2950,0
1790315520000,597,434,3121,2950,0
1790315580000,575,433,3121,2950,0
1790315640000,555,433,3121,2950,0
1790315700000,473,432,3121,2950,0
1790315760000,595,433,3121,2950,0
1790315820000,572,430,3121,2950,0
1790315880000,565,403,3121,2950,0
1790315940000,545,403,3121,2950,0
1790316000000,550,407,3121,2950,0
1790316060000,550,407,3121,2950,0
1790316120000,401,401,1575,11319,0
1790316180000,428,428,1575,11319,0
1790316240000,404,402,3121,2950,0
1790316300000,477,434,3121,2950,0
1790316360000,474,433,3121,2950,0
1790316420000,413,401,3121,33269,0
1790316480000,414,402,3121,33269,0
1790316540000,691,411,3121,2950,0
1790316600000,749,390,3121,2950,0
1790316660000,736,361,3121,2950,0
1790316720000,682,361,3121,2950,0
1790316780000,575,344,3121,2950,0
1790316840000,887,411,3121,2950,0
1790316900000,383,382,1578,11405,0
1790316960000,372,368,3121,2950,0
1790317020000,367,366,1578,11408,0
1790317080000,369,366,3121,2950,0
1790317140000,535,432,3121,2950,0
1790317200000,603,469,3121,2950,0
1790317260000,609,465,3121,2950,0
1790317320000,507,466,1579,11502,0
1790317380000,552,460,3121,2950,0
1790317440000,505,459,3121,33111,0
1790317500000,542,460,3121,33111,0
1790317560000,456,415,1580,11503,0
1790317620000,492,403,3121,2950,0
1790317680000,411,368,3121,2950,0
1790317740000,410,366,3121,2950,0
1790317800000,372,370,3121,2950,0
1790317860000,369,368,3121,2950,0
1790317920000,368,366,3121,33066,0
1790317980000,603,368,3121,2950,0
1790318040000,526,332,3121,2950,0
1790318100000,412,330,3121,2950,0
1790318160000,526,333,3121,2950,0
1790318220000,471,332,3121,2950,0
1790318280000,531,334,3121,2950,0
1790318340000,849,360,3121,2950,0
1790318400000,850,365,3121,2950,0
1790318460000,355,330,3121,32970,0
1790318520000,342,330,1583,11645,0
1790318580000,436,330,3121,2950,0
1790318640000,424,330,3121,2950,0
1790318700000,346,332,3121,2950,0
1790318760000,466,369,3121,2950,0
1790318820000,463,367,3121,2950,0
1790318880000,329,329,1585,11660,0
1790318940000,411,329,3121,32956,0
1790319000000,371,330,1586,11660,0
1790319060000,371,330,1586,11702,0
1790319120000,394,329,3121,2950,0
1790319180000,341,329,1586,11702,0
1790319240000,375,351,3121,2950,0
1790319300000,364,352,3121,2950,0
1790319360000,364,352,3121,2950,0
1790319420000,363,351,3121,2950,0
1790319480000,329,329,1587,11715,0
1790319540000,329,329,1587,11715,0
1790319600000,354,354,1590,11715,0
1790319660000,332,332,1590,11718,0
1790319720000,329,329,1590,11718,0
1790319780000,495,330,3121,2950,0
1790319840000,414,330,3121,2950,0
1790319900000,496,331,3121,2950,0
1790319960000,416,331,3121,2950,0
1790320020000,486,332,3121,2950,0
1790320080000,1145,441,3121,2950,0
1790320140000,312,244,3121,2950,0
1790320200000,1134,377,3121,2950,0
1790320260000,338,307,3121,2950,0
1790320320000,341,309,3121,2950,0
1790320380000,275,262,3121,2950,0
1790320440000,242,240,3121,32772,0
1790320500000,241,241,1593,11843,0
1790320560000,379,262,3121,32772,0
1790320620000,390,313,3121,32729,0
1790320680000,446,325,3121,2950,0
1790320740000,393,373,3121,2950,0
1790320800000,451,381,3121,2950,0
1790320860000,439,381,3121,2950,0
1790320920000,436,380,3121,2950,0
1790320980000,378,378,1594,11950,0
1790321040000,435,380,3121,2950,0
1790321100000,537,381,3121,2950,0
1790321160000,429,378,1595,11951,0
1790321220000,536,380,3121,2950,0
1790321280000,485,380,3121,2950,0
1790321340000,487,381,3121,2950,0
1790321400000,576,420,3121,2950,0
1790321460000,441,416,3121,2950,0
1790321520000,621,384,3121,2950,0
1790321580000,532,376,3121,2950,0
1790321640000,458,316,3121,2950,0
1790321700000,360,263,3121,32558,0
1790321760000,367,271,3121,2950,0
1790321820000,350,308,3121,2950,0
1790321880000,391,308,3121,2950,0
1790321940000,386,249,3121,2950,0
1790322000000,428,249,3121,2950,0
1790322060000,377,262,3121,32517,0
1790322120000,319,262,1598,12142,0
1790322180000,420,308,3121,2950,0
1790322240000,305,305,1598,12197,0
1790322300000,326,326,1600,12197,0
1790322360000,446,379,3121,2950,0
1790322420000,459,382,3121,2950,0
1790322480000,400,379,3121,2950,0
1790322540000,450,382,3121,2950,0
1790322600000,437,383,3121,2950,0
1790322660000,378,378,1601,12210,0
1790322720000,437,382,3121,2950,0
1790322780000,377,377,1601,12210,0
1790322840000,378,378,1601,12210,0
1790322900000,378,378,1602,12210,0
1790322960000,437,383,3121,2950,0
1790323020000,462,406,3121,2950,0
1790323080000,497,419,3121,2950,0
1790323140000,497,419,3121,2950,0
1790323200000,416,416,1606,12211,0
1790323260000,617,427,3121,2950,0
1790323320000,644,456,3121,2950,0
1790323380000,451,449,3121,2950,0
1790323440000,462,462,1606,12217,0
1790323500000,627,439,3121,2950,0
1790323560000,429,429,1607,12218,0
1790323620000,460,432,3121,32445,0
1790323680000,444,418,3121,32441,0
1790323740000,434,433,3121,2950,0
1790323800000,435,433,3121,2950,0
1790323860000,420,419,3121,2950,0
1790323920000,449,448,3121,32440,0
1790323980000,858,472,3121,2950,0
1790324040000,644,456,1608,12220,0
1790324100000,466,464,3121,32440,0
1790324160000,483,482,1610,12222,0
1790324220000,511,509,3121,2950,0
1790324280000,556,509,3121,2950,0
1790324340000,557,510,3121,2950,0
1790324400000,637,512,3121,32417,0
1790324460000,718,523,3121,2950,0
1790324520000,687,528,3121,2950,0
1790324580000,752,528,3121,2950,0
1790324640000,915,540,3121,2950,0
1790324700000,858,521,3121,2950,0
1790324760000,883,522,3121,2950,0
1790324820000,846,514,3121,2950,0
1790324880000,824,492,3121,2950,0
1790324940000,824,492,3121,2950,0
1790325000000,504,504,1614,12323,0
1790325060000,518,518,1614,12325,0
1790325120000,562,515,3121,32333,0
1790325180000,549,503,3121,32333,0
1790325240000,515,515,1614,12326,0
1790325300000,516,516,1615,12326,0
1790325360000,516,516,1615,12327,0
1790325420000,515,515,1615,12327,0
1790325480000,535,535,1615,12327,0
1790325540000,661,539,3121,32333,0
1790325600000,643,536,3121,32332,0
1790325660000,538,536,3121,2950,0
1790325720000,564,535,3121,2950,0
1790325780000,550,535,3121,2950,0
1790325840000,565,536,3121,2950,0
1790325900000,552,537,3121,2950,0
1790325960000,552,537,3121,2950,0
1790326020000,535,535,1618,12359,0
1790326080000,593,535,3121,2950,0
1790326140000,564,535,3121,2950,0
1790326200000,594,536,3121,2950,0
1790326260000,545,540,3121,32304,0
1790326320000,649,542,3121,32300,0
1790326380000,597,542,3121,2950,0
1790326440000,649,542,3121,2950,0
1790326500000,576,521,3121,2950,0
1790326560000,612,515,3121,2950,0
1790326620000,506,483,1620,12429,0
1790326680000,562,490,3121,2950,0
1790326740000,528,505,3121,2950,0
1790326800000,484,484,1623,12452,0
1790326860000,510,486,3121,2950,0
1790326920000,651,487,3121,2950,0
1790326980000,1293,477,3121,2950,0
1790327040000,985,483,3121,2950,0
1790327100000,884,454,3121,2950,0
1790327160000,879,449,3121,2950,0
1790327220000,207,207,1624,12501,0
1790327280000,273,273,1624,12501,0
1790327340000,1252,448,3121,2950,0
1790327400000,378,378,1625,12501,0
1790327460000,375,375,1625,12502,0
1790327520000,371,371,1625,12502,0
1790327580000,374,374,1625,12502,0
1790327640000,378,377,1625,12503,0
1790327700000,379,379,1627,12503,0
1790327760000,379,379,1627,12505,0
1790327820000,471,379,3121,32171,0
1790327880000,499,406,3121,32171,0
1790327940000,379,378,3121,32171,0
1790328000000,501,407,3121,32171,0
1790328060000,454,408,1628,12506,0
1790328120000,427,379,3121,32123,0
1790328180000,425,379,3121,2950,0
1790328240000,373,372,3121,32123,0
1790328300000,309,309,1629,12552,0
1790328360000,274,274,3121,2950,0
1790328420000,351,294,3121,2950,0
1790328480000,371,319,3121,2950,0
1790328540000,330,281,3121,2950,0
1790328600000,483,300,3121,2950,0
1790328660000,350,301,1631,12555,0
1790328720000,217,211,1631,12561,0
1790328780000,213,213,1631,12561,0
1790328840000,213,211,3121,32120,0
1790328900000,216,214,3121,32120,0
1790328960000,213,213,1632,12562,0
1790329020000,276,276,1632,12562,0
1790329080000,276,276,1632,12562,0
1790329140000,213,213,1632,12562,0
1790329200000,313,313,1632,12562,0
1790329260000,507,410,3121,2950,0
1790329320000,432,383,3121,2950,0
1790329380000,378,378,3121,2950,0
1790329440000,378,378,3121,2950,0
1790329500000,383,382,1634,12563,0
1790329560000,388,387,3121,2950,0
1790329620000,378,378,3121,2950,0
1790329680000,381,380,3121,2950,0
1790329740000,377,377,1634,12565,0
1790329800000,381,381,1635,12565,0
1790329860000,384,384,1635,12566,0
1790329920000,477,385,3121,32119,0
1790329980000,477,385,3121,32119,0
1790330040000,384,384,1635,12566,0
1790330100000,385,385,1636,12566,0
1790330160000,382,380,3121,32119,0
1790330220000,384,382,3121,32119,0
1790330280000,383,383,1636,12567,0
1790330340000,479,386,3121,32119,0
1790330400000,510,414,3121,32072,0
1790330460000,648,495,3121,2950,0
1790330520000,548,499,3121,2950,0
1790330580000,626,531,3121,2950,0
1790330640000,600,530,3121,2950,0
1790330700000,578,531,3121,2950,0
1790330760000,542,519,3121,2950,0
1790330820000,519,519,1640,12650,0
1790330880000,529,529,1640,12650,0
1790330940000,568,519,3121,32047,0
1790331000000,522,498,1641,12650,0
1790331060000,541,493,3121,2950,0
1790331120000,516,492,3121,2950,0
1790331180000,492,492,1641,12675,0
1790331240000,513,489,3121,2950,0
1790331300000,518,494,3121,2950,0
1790331360000,495,495,1643,12677,0
1790331420000,491,491,1643,12677,0
1790331480000,547,498,3121,32022,0
1790331540000,517,493,1643,12677,0
1790331600000,522,498,1644,12701,0
1790331660000,519,495,3121,2950,0
1790331720000,496,496,1644,12702,0
1790331780000,547,496,3121,2950,0
1790331840000,616,497,3121,2950,0
1790331900000,488,419,3121,2950,0
1790331960000,533,418,3121,2950,0
1790332020000,466,393,3121,2950,0
1790332080000,396,326,3121,2950,0
1790332140000,331,277,3121,2950,0
1790332200000,339,314,3121,2950,0
1790332260000,287,256,3121,2950,0
1790332320000,314,314,1647,12751,0
1790332380000,314,314,1647,12751,0
1790332440000,213,213,1647,12751,0
1790332500000,212,212,1647,12751,0
1790332560000,285,279,3121,31942,0
1790332620000,349,276,3121,2950,0
1790332680000,275,257,3121,31940,0
1790332740000,218,215,3121,2950,0
1790332800000,224,213,3121,2950,0
1790332860000,216,213,3121,2950,0
1790332920000,218,218,3121,2950,0
1790332980000,213,213,1647,12752,0
1790333040000,218,218,3121,2950,0
1790333100000,214,214,1648,12752,0
1790333160000,214,214,1648,12753,0
1790333220000,213,213,1648,12753,0
1790333280000,213,213,1648,12753,0
1790333340000,214,214,1648,12753,0
1790333400000,215,214,3121,31937,0
1790333460000,233,232,3121,31937,0
1790333520000,196,196,1648,12753,0
1790333580000,213,213,1648,12753,0
1790333640000,188,188,3121,2950,0
1790333700000,221,219,3121,2950,0
1790333760000,190,190,1648,12753,0
1790333820000,212,212,3121,2950,0
1790333880000,224,212,3121,2950,0
1790333940000,214,212,3121,2950,0
1790334000000,226,216,3121,2950,0
1790334060000,240,240,1650,12755,0
1790334120000,214,214,3121,2950,0
1790334180000,213,213,1650,12755,0
1790334240000,196,196,1650,12755,0
1790334300000,183,183,1650,12755,0
1790334360000,634,343,3121,2950,0
1790334420000,326,175,3121,2950,0
1790334480000,227,185,3121,2950,0
1790334540000,393,243,3121,2950,0
1790334600000,118,116,3121,31908,0
1790334660000,207,184,3121,31895,0
1790334720000,438,273,3121,2950,0
1790334780000,438,273,3121,2950,0
1790334840000,450,299,3121,2950,0
1790334900000,244,242,3121,2950,0
1790334960000,458,277,3121,2950,0
1790335020000,200,185,1650,12799,0
1790335080000,260,186,3121,2950,0
1790335140000,170,132,3121,2950,0
1790335200000,189,132,3121,2950,0
1790335260000,162,126,3121,2950,0
1790335320000,110,110,1650,12820,0
1790335380000,358,236,3121,2950,0
1790335440000,293,293,1650,12906,0
1790335500000,333,292,3121,2950,0
1790335560000,274,274,1651,12912,0
1790335620000,219,219,1651,12912,0
1790335680000,219,219,1651,12912,0
1790335740000,219,219,1651,12912,0
1790335800000,439,293,3121,31856,0
1790335860000,383,293,1653,12931,0
1790335920000,437,291,3121,2950,0
1790335980000,420,309,3121,2950,0
1790336040000,418,309,3121,2950,0
1790336100000,275,275,1654,13006,0
1790336160000,294,294,1654,13007,0
1790336220000,706,324,3121,2950,0
1790336280000,568,311,3121,31783,0
1790336340000,293,293,1654,13007,0
1790336400000,311,307,3121,31783,0
1790336460000,363,349,3121,2950,0
1790336520000,324,321,1655,13010,0
1790336580000,323,321,3121,2950,0
1790336640000,337,323,3121,2950,0
1790336700000,407,390,3121,2950,0
1790336760000,396,389,3121,2950,0
1790336820000,332,321,3121,31779,0
1790336880000,507,496,3121,2950,0
1790336940000,504,491,3121,2950,0
1790337000000,531,522,3121,2950,0
1790337060000,432,425,1658,13020,0
1790337120000,429,423,3121,2950,0
1790337180000,494,488,3121,2950,0
1790337240000,494,488,3121,2950,0
1790337300000,488,488,1659,13020,0
1790337360000,527,521,3121,2950,0
1790337420000,496,490,3121,2950,0
1790337480000,487,487,1659,13021,0
1790337540000,588,495,3121,31773,0
1790337600000,592,499,3121,31773,0
1790337660000,427,427,1663,13025,0
1790337720000,423,423,1663,13025,0
1790337780000,423,423,1663,13025,0
1790337840000,495,491,3121,31773,0
1790337900000,496,492,3121,31773,0
1790337960000,488,488,1664,13026,0
1790338020000,509,492,3121,31773,0
1790338080000,441,428,3121,31769,0
1790338140000,423,423,1664,13026,0
1790338200000,492,492,3121,2950,0
1790338260000,499,497,3121,31769,0
1790338320000,589,497,3121,31768,0
1790338380000,970,675,3121,2950,0
1790338440000,816,671,3121,2950,0
1790338500000,975,678,3121,2950,0
1790338560000,933,667,3121,2950,0
1790338620000,966,634,3121,2950,0
1790338680000,945,617,3121,2950,0
1790338740000,532,520,3121,2950,0
1790338800000,560,558,3121,31617,0
1790338860000,620,605,1668,13138,0
1790338920000,684,652,3121,2950,0
1790338980000,657,656,1668,13170,0
1790339040000,676,669,3121,2950,0
1790339100000,665,665,3121,2950,0
1790339160000,676,671,3121,2950,0
1790339220000,669,669,1669,13183,0
1790339280000,764,675,3121,2950,0
1790339340000,697,653,3121,2950,0
1790339400000,737,656,3121,2950,0
1790339460000,638,637,3121,2950,0
1790339520000,720,678,3121,2950,0
1790339580000,644,641,3121,31574,0
1790339640000,620,618,3121,31574,0
1790339700000,740,618,3121,2950,0
1790339760000,640,559,3121,2950,0
1790339820000,653,612,1672,13272,0
1790339880000,657,614,3121,2950,0
1790339940000,613,612,1672,13272,0
1790340000000,615,614,1673,13273,0
1790340060000,723,638,3121,2950,0
1790340120000,693,652,1673,13274,0
1790340180000,742,654,3121,2950,0
1790340240000,693,644,3121,2950,0
1790340300000,766,681,3121,2950,0
1790340360000,705,658,3121,31489,0
1790340420000,708,623,3121,2950,0
1790340480000,711,623,3121,2950,0
1790340540000,652,651,3121,31486,0
1790340600000,644,643,3121,31486,0
1790340660000,624,622,3121,31486,0
1790340720000,741,655,3121,31483,0
1790340780000,737,653,3121,2950,0
1790340840000,623,622,3121,2950,0
1790340900000,630,627,3121,2950,0
1790340960000,624,623,3121,2950,0
1790341020000,623,622,3121,2950,0
1790341080000,620,620,3121,2950,0
1790341140000,624,622,3121,2950,0
1790341200000,766,680,3121,31478,0
1790341260000,766,680,3121,31478,0
1790341320000,637,634,1680,13329,0
1790341380000,620,617,1680,13332,0
1790341440000,619,616,3121,2950,0
1790341500000,630,626,3121,2950,0
1790341560000,580,556,3121,31475,0
1790341620000,646,626,3121,2950,0
1790341680000,624,618,3121,31475,0
1790341740000,623,617,3121,31475,0
1790341800000,618,618,1682,13333,0
1790341860000,618,618,1682,13334,0
1790341920000,617,617,1682,13334,0
1790341980000,629,620,3121,31475,0
1790342040000,629,620,3121,31475,0
1790342100000,687,626,3121,31475,0
1790342160000,697,620,3121,31471,0
1790342220000,645,619,3121,2950,0
1790342280000,746,657,3121,2950,0
1790342340000,725,682,3121,2950,0
1790342400000,715,673,3121,2950,0
1790342460000,720,677,3121,2950,0
1790342520000,700,661,3121,2950,0
1790342580000,668,668,1685,13380,0
1790342640000,714,658,3121,2950,0
1790342700000,727,660,3121,2950,0
1790342760000,607,605,1686,13381,0
1790342820000,641,600,3121,2950,0
1790342880000,706,632,3121,2950,0
1790342940000,730,632,3121,2950,0
1790343000000,615,580,3121,2950,0
1790343060000,590,522,3121,2950,0
1790343120000,610,546,3121,2950,0
1790343180000,610,546,3121,2950,0
1790343240000,562,540,3121,2950,0
1790343300000,828,667,3121,31392,0
1790343360000,750,677,3121,2950,0
1790343420000,643,589,3121,2950,0
1790343480000,647,591,3121,2950,0
1790343540000,605,604,3121,2950,0
1790343600000,590,590,1690,13416,0
1790343660000,556,556,1690,13417,0
1790343720000,554,554,1690,13417,0
1790343780000,790,572,3121,2950,0
1790343840000,1462,616,3121,2950,0
1790343900000,1007,622,3121,2950,0
1790343960000,1453,630,3121,2950,0
1790344020000,317,255,3121,2950,0
1790344080000,1330,530,3121,2950,0
1790344140000,499,396,3121,2950,0
1790344200000,562,484,3121,31279,0
1790344260000,484,416,3121,2950,0
1790344320000,511,478,3121,2950,0
1790344380000,568,546,3121,2950,0
1790344440000,623,587,3121,2950,0
1790344500000,612,587,3121,2950,0
1790344560000,601,587,3121,31245,0
1790344620000,573,550,3121,2950,0
1790344680000,578,544,3121,2950,0
1790344740000,556,544,1694,13586,0
1790344800000,587,555,3121,2950,0
1790344860000,575,553,3121,2950,0
1790344920000,727,553,3121,2950,0
1790344980000,1265,517,3121,2950,0
1790345040000,1399,460,3121,2950,0
1790345100000,1224,394,3121,2950,0
1790345160000,1283,446,3121,2950,0
1790345220000,171,166,3121,2950,0
1790345280000,245,237,1697,13661,0
1790345340000,237,237,1697,13661,0
1790345400000,237,237,1697,13661,0
1790345460000,246,240,3121,31173,0
1790345520000,245,240,3121,31170,0
1790345580000,246,240,3121,31170,0
1790345640000,246,240,3121,2950,0
1790345700000,245,241,3121,2950,0
1790345760000,321,321,1698,13666,0
1790345820000,357,237,3121,2950,0
1790345880000,353,237,3121,31169,0
1790345940000,248,241,3121,31169,0
1790346000000,245,242,1698,13666,0
1790346060000,411,374,3121,2950,0
1790346120000,457,398,3121,2950,0
1790346180000,412,375,3121,2950,0
1790346240000,271,270,3121,2950,0
1790346300000,289,270,3121,2950,0
1790346360000,265,256,1698,13697,0
1790346420000,255,242,3121,2950,0
1790346480000,248,240,3121,2950,0
1790346540000,274,257,3121,2950,0
1790346600000,326,317,3121,2950,0
1790346660000,526,415,3121,2950,0
1790346720000,471,414,3121,2950,0
1790346780000,522,420,3121,2950,0
1790346840000,587,496,3121,2950,0
1790346900000,553,497,3121,2950,0
1790346960000,505,484,1700,13759,0
1790347020000,458,437,3121,2950,0
1790347080000,570,488,3121,2950,0
1790347140000,502,502,1700,13780,0
1790347200000,647,493,3121,2950,0
1790347260000,539,425,3121,2950,0
1790347320000,463,400,3121,31017,0
1790347380000,523,435,3121,2950,0
1790347440000,241,239,3121,31017,0
1790347500000,321,284,3121,2950,0
1790347560000,573,414,3121,2950,0
1790347620000,424,368,3121,2950,0
1790347680000,405,404,3121,2950,0
1790347740000,427,422,3121,31015,0
1790347800000,404,403,3121,31015,0
1790347860000,410,408,3121,2950,0
1790347920000,244,243,3121,2950,0
1790347980000,320,318,3121,2950,0
1790348040000,396,396,3121,2950,0
1790348100000,588,485,3121,31014,0
1790348160000,688,557,3121,2950,0
1790348220000,697,555,3121,2950,0
1790348280000,742,561,3121,2950,0
1790348340000,676,559,3121,2950,0
1790348400000,705,564,3121,2950,0
1790348460000,679,562,3121,2950,0
1790348520000,630,592,3121,2950,0
1790348580000,910,558,3121,2950,0
1790348640000,536,485,3121,30869,0
1790348700000,519,423,3121,2950,0
1790348760000,406,402,3121,2950,0
1790348820000,622,485,3121,2950,0
1790348880000,540,500,1708,14027,0
1790348940000,589,549,3121,2950,0
1790349000000,569,489,3121,2950,0
1790349060000,524,484,3121,2950,0
1790349120000,646,552,3121,2950,0
1790349180000,635,555,3121,30812,0
1790349240000,595,555,1709,14028,0
1790349300000,597,557,1711,14068,0
1790349360000,597,557,3121,2950,0
1790349420000,550,550,1711,14070,0
1790349480000,502,502,1711,14070,0
1790349540000,586,486,3121,30772,0
1790349600000,597,399,3121,2950,0
1790349660000,540,491,1712,14071,0
1790349720000,550,550,3121,2950,0
1790349780000,500,500,1712,14071,0
1790349840000,488,488,1712,14071,0
1790349900000,484,484,1713,14071,0
1790349960000,438,438,1713,14072,0
1790350020000,437,437,1713,14072,0
1790350080000,474,397,3121,2950,0
1790350140000,408,369,3121,30748,0
1790350200000,563,489,3121,2950,0
1790350260000,402,400,3121,30733,0
1790350320000,522,484,3121,2950,0
1790350380000,423,420,3121,30732,0
1790350440000,433,395,3121,2950,0
1790350500000,412,367,3121,2950,0
1790350560000,360,348,3121,2950,0
1790350620000,368,363,3121,2950,0
1790350680000,303,298,3121,2950,0
1790350740000,428,323,3121,2950,0
1790350800000,421,322,3121,2950,0
1790350860000,257,241,3121,2950,0
1790350920000,245,237,3121,2950,0
1790350980000,560,320,3121,2950,0
1790351040000,413,320,3121,2950,0
1790351100000,238,238,1717,14122,0
1790351160000,266,239,3121,2950,0
1790351220000,246,238,1717,14123,0
1790351280000,175,175,1717,14123,0
1790351340000,166,166,1717,14123,0
1790351400000,166,166,1717,14123,0
1790351460000,166,166,1717,14123,0
1790351520000,175,175,1717,14123,0
1790351580000,175,175,1717,14123,0
1790351640000,237,237,1717,14123,0
1790351700000,265,238,3121,30719,0
1790351760000,262,241,3121,30708,0
1790351820000,273,241,3121,2950,0
1790351880000,395,319,3121,2950,0
1790351940000,483,410,3121,2950,0
1790352000000,568,505,3121,2950,0
1790352060000,627,569,3121,2950,0
1790352120000,769,571,3121,2950,0
1790352180000,688,570,3121,2950,0
1790352240000,596,556,3121,2950,0
1790352300000,752,572,3121,2950,0
1790352360000,889,617,3121,2950,0
1790352420000,888,617,3121,2950,0
1790352480000,672,558,3121,2950,0
1790352540000,638,558,3121,30592,0
1790352600000,581,581,3121,2950,0
1790352660000,604,556,3121,30592,0
1790352720000,581,557,3121,2950,0
1790352780000,577,553,1723,14272,0
1790352840000,578,554,3121,2950,0
1790352900000,618,593,3121,2950,0
1790352960000,670,593,3121,2950,0
1790353020000,1138,626,3121,2950,0
1790353080000,923,612,3121,2950,0
1790353140000,565,554,3121,30562,0
1790353200000,609,589,3121,2950,0
1790353260000,757,555,3121,2950,0
1790353320000,650,554,1726,14285,0
1790353380000,762,558,3121,2950,0
1790353440000,665,558,3121,2950,0
1790353500000,554,554,1727,14381,0
1790353560000,576,555,3121,30461,0
1790353620000,565,554,3121,30456,0
1790353680000,563,553,1727,14392,0
1790353740000,566,554,3121,2950,0
1790353800000,558,556,3121,30451,0
1790353860000,558,556,3121,30451,0
1790353920000,566,554,3121,2950,0
1790353980000,556,554,3121,30450,0
1790354040000,770,562,3121,2950,0
1790354100000,714,519,3121,2950,0
1790354160000,620,501,3121,30365,0
1790354220000,698,560,3121,2950,0
1790354280000,655,507,3121,2950,0
1790354340000,624,505,3121,2950,0
1790354400000,550,550,1731,14496,0
1790354460000,487,487,1731,14497,0
1790354520000,550,550,1731,14497,0
1790354580000,729,556,3121,30345,0
1790354640000,719,556,3121,30345,0
1790354700000,604,504,3121,2950,0
1790354760000,547,504,1733,14499,0
1790354820000,487,483,3121,30345,0
1790354880000,513,469,3121,2950,0
1790354940000,401,398,1733,14499,0
1790355000000,512,468,3121,2950,0
1790355060000,428,421,3121,2950,0
1790355120000,487,485,3121,30342,0
1790355180000,492,490,3121,30342,0
1790355240000,483,483,1734,14503,0
1790355300000,438,438,1735,14503,0
1790355360000,438,438,1735,14504,0
1790355420000,401,400,3121,30342,0
1790355480000,404,395,3121,2950,0
1790355540000,448,368,3121,2950,0
1790355600000,477,395,3121,2950,0
1790355660000,571,489,3121,2950,0
1790355720000,538,491,3121,30301,0
1790355780000,530,493,1738,14547,0
1790355840000,755,554,3121,2950,0
1790355900000,721,554,3121,30298,0
1790355960000,526,489,3121,2950,0
1790356020000,483,483,1738,14547,0
1790356080000,557,483,3121,30295,0
1790356140000,796,558,3121,2950,0
1790356200000,783,556,3121,2950,0
1790356260000,636,551,3121,2950,0
1790356320000,577,501,3121,2950,0
1790356380000,724,552,3121,2950,0
1790356440000,675,552,3121,2950,0
1790356500000,769,561,3121,2950,0
1790356560000,556,556,1741,14673,0
1790356620000,720,560,3121,2950,0
1790356680000,549,549,1741,14673,0
1790356740000,624,550,3121,30170,0
1790356800000,538,501,1742,14673,0
1790356860000,646,495,3121,2950,0
1790356920000,576,501,3121,2950,0
1790356980000,538,500,1742,14749,0
1790357040000,525,487,3121,2950,0
1790357100000,560,485,3121,2950,0
1790357160000,563,488,3121,2950,0
1790357220000,478,441,3121,2950,0
1790357280000,489,443,3121,2950,0
1790357340000,569,449,3121,2950,0
1790357400000,243,239,1744,14753,0
1790357460000,447,389,3121,2950,0
1790357520000,614,480,3121,2950,0
1790357580000,404,398,3121,30090,0
1790357640000,370,364,3121,30090,0
1790357700000,309,309,1745,14755,0
1790357760000,365,365,1745,14756,0
1790357820000,248,248,1745,14756,0
1790357880000,308,308,1745,14756,0
1790357940000,374,368,3121,30090,0
1790358000000,405,402,1746,14756,0
1790358060000,410,402,3121,2950,0
1790358120000,405,400,3121,2950,0
1790358180000,405,400,3121,2950,0
1790358240000,400,399,3121,2950,0
1790358300000,404,397,3121,2950,0
1790358360000,406,403,1748,14763,0
1790358420000,372,366,3121,2950,0
1790358480000,369,366,3121,2950,0
1790358540000,395,395,1748,14766,0
1790358600000,396,396,1749,14766,0
1790358660000,368,362,3121,30081,0
1790358720000,317,310,3121,2950,0
1790358780000,313,309,3121,30078,0
1790358840000,310,309,3121,30078,0
1790358900000,319,312,3121,2950,0
1790358960000,364,364,3121,2950,0
1790359020000,365,365,3121,2950,0
1790359080000,365,364,3121,2950,0
1790359140000,401,399,3121,2950,0
1790359200000,406,406,3121,2950,0
1790359260000,497,491,3121,2950,0
1790359320000,489,483,3121,30074,0
1790359380000,434,425,3121,2950,0
1790359440000,420,420,1753,14774,0
1790359500000,406,400,3121,30074,0
1790359560000,504,491,3121,2950,0
1790359620000,492,488,3121,2950,0
1790359680000,492,488,3121,2950,0
1790359740000,713,558,3121,2950,0
1790359800000,643,564,3121,2950,0
1790359860000,722,566,3121,2950,0
1790359920000,932,572,3121,2950,0
1790359980000,615,556,1755,14851,0
1790360040000,928,571,3121,2950,0
1790360100000,679,558,3121,2950,0
1790360160000,617,558,1757,14912,0
1790360220000,807,568,3121,2950,0
1790360280000,807,568,3121,2950,0
1790360340000,843,592,3121,2950,0
1790360400000,594,592,3121,29931,0
1790360460000,854,604,3121,2950,0
1790360520000,676,556,3121,2950,0
1790360580000,675,555,3121,29930,0
1790360640000,553,553,1758,14913,0
1790360700000,578,577,3121,29930,0
1790360760000,710,558,3121,29930,0
1790360820000,626,551,1759,14914,0
1790360880000,706,556,3121,2950,0
1790360940000,550,550,1759,14989,0
1790361000000,556,556,1761,14989,0
1790361060000,556,556,1761,14991,0
1790361120000,553,553,1761,14991,0
1790361180000,553,553,1761,14991,0
1790361240000,553,553,1761,14991,0
1790361300000,678,558,3121,29854,0
1790361360000,676,556,3121,29854,0
1790361420000,709,557,3121,29854,0
1790361480000,627,552,1762,14992,0
1790361540000,732,553,3121,2950,0
1790361600000,579,504,3121,2950,0
1790361660000,656,553,3121,2950,0
1790361720000,555,555,1763,15068,0
1790361780000,554,554,1763,15068,0
1790361840000,556,555,3121,29776,0
1790361900000,555,555,1764,15068,0
1790361960000,554,554,3121,2950,0
1790362020000,557,557,3121,2950,0
1790362080000,550,550,1764,15069,0
1790362140000,557,556,3121,29775,0
1790362200000,552,551,3121,29775,0
1790362260000,559,557,3121,29775,0
1790362320000,554,552,3121,29775,0
1790362380000,549,549,1764,15069,0
1790362440000,555,555,1764,15069,0
1790362500000,554,554,1764,15069,0
1790362560000,554,554,1764,15069,0
1790362620000,555,555,1764,15069,0
1790362680000,554,554,1764,15069,0
1790362740000,549,549,1764,15069,0
1790362800000,562,560,3121,29775,0
1790362860000,562,560,3121,29775,0
1790362920000,550,550,1767,15072,0
1790362980000,549,549,1767,15072,0
1790363040000,549,549,1767,15072,0
1790363100000,566,561,3121,29775,0
1790363160000,560,560,1768,15073,0
1790363220000,682,561,3121,2950,0
1790363280000,681,561,3121,2950,0
1790363340000,557,556,3121,29770,0
1790363400000,551,551,1769,15073,0
1790363460000,556,556,1769,15074,0
1790363520000,679,561,3121,2950,0
1790363580000,642,583,3121,2950,0
1790363640000,617,559,3121,2950,0
1790363700000,615,557,3121,2950,0
1790363760000,560,557,3121,2950,0
1790363820000,555,554,1771,15134,0
1790363880000,556,554,3121,2950,0
1790363940000,555,554,3121,2950,0
1790364000000,556,555,3121,2950,0
1790364060000,554,554,1772,15136,0
1790364120000,553,553,1772,15136,0
1790364180000,553,553,1772,15136,0
1790364240000,559,555,3121,29706,0
1790364300000,563,560,3121,2950,0
1790364360000,562,559,3121,2950,0
1790364420000,553,553,1773,15138,0
1790364480000,553,553,1773,15138,0
1790364540000,553,553,1773,15138,0
1790364600000,555,555,1775,15138,0
1790364660000,555,555,1775,15140,0
1790364720000,555,554,3121,29703,0
1790364780000,554,554,1775,15140,0
1790364840000,553,553,1775,15140,0
1790364900000,555,555,3121,2950,0
1790364960000,671,555,3121,2950,0
1790365020000,719,600,3121,2950,0
1790365080000,710,593,3121,2950,0
1790365140000,708,590,3121,2950,0
1790365200000,559,558,3121,2950,0
1790365260000,563,561,3121,2950,0
1790365320000,561,560,3121,2950,0
1790365380000,555,555,3121,2950,0
1790365440000,553,553,1777,15200,0
1790365500000,555,555,1779,15200,0
1790365560000,709,592,3121,2950,0
1790365620000,704,588,3121,29639,0
1790365680000,555,555,3121,2950,0
1790365740000,553,553,1779,15203,0
1790365800000,554,554,1780,15203,0
1790365860000,554,554,1780,15204,0
1790365920000,553,553,1780,15204,0
1790365980000,553,553,1780,15204,0
1790366040000,553,553,1780,15204,0
1790366100000,554,554,1781,15204,0
1790366160000,554,554,1781,15205,0
1790366220000,555,554,3121,29639,0
1790366280000,554,554,1781,15205,0
1790366340000,553,553,1781,15205,0
1790366400000,560,559,3121,2950,0
1790366460000,558,558,1785,15209,0
1790366520000,554,554,3121,2950,0
1790366580000,555,555,3121,2950,0
1790366640000,572,563,3121,2950,0
1790366700000,560,559,3121,2950,0
1790366760000,550,550,3121,2950,0
1790366820000,551,551,3121,2950,0
1790366880000,550,550,1786,15210,0
1790366940000,557,555,3121,29636,0
1790367000000,556,556,1787,15210,0
1790367060000,551,551,1787,15211,0
1790367120000,556,555,1787,15211,0
1790367180000,556,554,3121,2950,0
1790367240000,554,554,1787,15212,0
1790367300000,552,552,3121,2950,0
1790367360000,556,556,1789,15214,0
1790367420000,553,553,1789,15214,0
1790367480000,553,553,1789,15214,0
1790367540000,553,553,1789,15214,0
1790367600000,554,554,1790,15214,0
1790367660000,554,554,1790,15215,0
1790367720000,561,557,3121,29635,0
1790367780000,557,557,1790,15215,0
1790367840000,1137,633,3121,2950,0
1790367900000,1077,634,3121,2950,0
1790367960000,722,605,3121,2950,0
1790368020000,667,606,3121,2950,0
1790368080000,629,603,3121,29564,0
1790368140000,601,588,1791,15287,0
1790368200000,617,591,3121,2950,0
1790368260000,581,568,3121,2950,0
1790368320000,604,602,3121,29551,0
1790368380000,606,603,3121,29551,0
1790368440000,603,603,1792,15302,0
1790368500000,603,603,1792,15302,0
1790368560000,603,601,3121,29551,0
1790368620000,602,601,1792,15302,0
1790368680000,1463,719,3121,2950,0
1790368740000,1285,701,3121,2950,0
1790368800000,857,655,3121,2950,0
1790368860000,637,636,1792,15421,0
1790368920000,636,636,1792,15421,0
1790368980000,787,669,3121,29446,0
1790369040000,759,638,3121,29388,0
1790369100000,858,624,3121,2950,0
1790369160000,664,637,1793,15481,0
1790369220000,681,636,3121,2950,0
1790369280000,672,636,3121,2950,0
1790369340000,692,636,3121,2950,0
1790369400000,645,630,3121,2950,0
1790369460000,624,602,3121,2950,0
1790369520000,647,628,3121,2950,0
1790369580000,601,601,1794,15523,0
1790369640000,945,626,3121,2950,0
1790369700000,783,579,3121,2950,0
1790369760000,818,514,3121,2950,0
1790369820000,506,483,3121,29303,0
1790369880000,627,529,3121,2950,0
1790369940000,562,527,3121,2950,0
1790370000000,573,537,3121,2950,0
1790370060000,552,535,1798,15603,0
1790370120000,528,527,3121,2950,0
1790370180000,550,529,3121,2950,0
1790370240000,778,512,3121,2950,0
1790370300000,706,520,3121,2950,0
1790370360000,614,489,3121,2950,0
1790370420000,306,303,1799,15603,0
1790370480000,628,392,3121,2950,0
1790370540000,307,296,3121,2950,0
1790370600000,363,357,3121,29264,0
1790370660000,356,356,1800,15608,0
1790370720000,357,357,1800,15609,0
1790370780000,356,356,1800,15609,0
1790370840000,304,304,1800,15609,0
1790370900000,293,287,3121,29264,0
1790370960000,288,285,1802,15611,0
1790371020000,349,308,3121,2950,0
1790371080000,318,308,3121,2950,0
1790371140000,284,284,1802,15614,0
1790371200000,284,284,1802,15614,0
1790371260000,320,304,3121,29261,0
1790371320000,299,296,1802,15614,0
1790371380000,315,305,3121,2950,0
1790371440000,371,358,3121,2950,0
1790371500000,372,359,3121,2950,0
1790371560000,362,359,3121,2950,0
1790371620000,456,415,3121,2950,0
1790371680000,449,412,1803,15659,0
1790371740000,454,414,3121,2950,0
1790371800000,413,413,1805,15659,0
1790371860000,411,411,1805,15659,0
1790371920000,413,413,1805,15661,0
1790371980000,411,411,1805,15661,0
1790372040000,593,442,3121,2950,0
1790372100000,535,453,3121,2950,0
1790372160000,489,452,1806,15700,0
1790372220000,495,446,3121,2950,0
1790372280000,453,444,3121,29177,0
1790372340000,446,444,3121,29177,0
1790372400000,451,451,1807,15700,0
1790372460000,455,451,3121,2950,0
1790372520000,497,454,3121,2950,0
1790372580000,452,449,3121,2950,0
1790372640000,496,453,3121,2950,0
1790372700000,446,446,3121,2950,0
1790372760000,498,456,3121,2950,0
1790372820000,495,454,3121,2950,0
1790372880000,453,450,3121,29172,0
1790372940000,566,478,3121,2950,0
1790373000000,544,479,3121,2950,0
1790373060000,595,496,3121,2950,0
1790373120000,554,533,3121,2950,0
1790373180000,542,478,3121,2950,0
1790373240000,470,470,3121,2950,0
1790373300000,450,450,1811,15731,0
1790373360000,450,450,1811,15732,0
1790373420000,491,470,3121,2950,0
1790373480000,470,470,3121,2950,0
1790373540000,466,466,3121,2950,0
1790373600000,489,468,3121,2950,0
1790373660000,469,443,3121,2950,0
1790373720000,468,444,3121,29146,0
1790373780000,475,450,3121,29146,0
1790373840000,483,471,1814,15735,0
1790373900000,692,544,3121,2950,0
1790373960000,620,542,3121,2950,0
1790374020000,554,531,1815,15771,0
1790374080000,555,532,3121,2950,0
1790374140000,628,548,3121,2950,0
1790374200000,630,549,3121,2950,0
1790374260000,650,556,3121,2950,0
1790374320000,643,555,3121,2950,0
1790374380000,550,543,1816,15780,0
1790374440000,551,543,3121,2950,0
1790374500000,644,564,3121,2950,0
1790374560000,693,613,3121,2950,0
1790374620000,691,611,3121,2950,0
1790374680000,599,599,1818,15782,0
1790374740000,692,612,3121,2950,0
1790374800000,692,612,3121,2950,0
1790374860000,569,553,3121,29099,0
1790374920000,617,601,3121,29099,0
1790374980000,599,599,1819,15783,0
1790375040000,692,612,3121,2950,0
1790375100000,600,600,1820,15783,0
1790375160000,599,599,1820,15783,0
1790375220000,698,618,3121,2950,0
1790375280000,703,613,3121,2950,0
1790375340000,540,539,3121,2950,0
1790375400000,541,539,3121,2950,0
1790375460000,608,605,3121,29097,0
1790375520000,729,620,3121,2950,0
1790375580000,713,619,3121,2950,0
1790375640000,727,619,3121,2950,0
1790375700000,714,620,3121,2950,0
1790375760000,736,642,3121,2950,0
1790375820000,713,619,3121,2950,0
1790375880000,858,654,3121,2950,0
1790375940000,752,657,3121,2950,0
1790376000000,862,658,3121,2950,0
1790376060000,658,642,3121,2950,0
1790376120000,650,640,3121,29072,0
1790376180000,649,640,1824,15811,0
1790376240000,650,640,3121,2950,0
1790376300000,645,642,3121,2950,0
1790376360000,643,642,1826,15814,0
1790376420000,688,641,3121,2950,0
1790376480000,669,641,3121,2950,0
1790376540000,675,639,3121,2950,0
1790376600000,645,627,3121,2950,0
1790376660000,639,639,1827,15833,0
1790376720000,645,642,3121,29049,0
1790376780000,779,643,3121,2950,0
1790376840000,831,645,3121,2950,0
1790376900000,839,644,3121,2950,0
1790376960000,709,641,3121,2950,0
1790377020000,777,641,3121,2950,0
1790377080000,766,641,3121,2950,0
1790377140000,669,641,1828,15903,0
1790377200000,645,643,3121,28979,0
1790377260000,643,643,1831,15906,0
1790377320000,642,640,3121,28979,0
1790377380000,642,640,3121,28979,0
1790377440000,641,640,1831,15906,0
1790377500000,643,641,3121,2950,0
1790377560000,628,628,1832,15908,0
1790377620000,628,627,3121,2950,0
1790377680000,627,627,1832,15908,0
1790377740000,627,627,1832,15908,0
1790377800000,628,628,1833,15908,0
1790377860000,632,629,3121,28978,0
1790377920000,650,644,3121,28978,0
1790377980000,643,643,1833,15909,0
1790378040000,645,644,3121,2950,0
1790378100000,642,641,3121,28975,0
1790378160000,645,645,3121,2950,0
1790378220000,640,640,1835,15911,0
1790378280000,643,642,3121,2950,0
1790378340000,643,642,3121,2950,0
1790378400000,639,639,1836,15911,0
1790378460000,638,638,1836,15911,0
1790378520000,641,641,1836,15912,0
1790378580000,638,638,1836,15912,0
1790378640000,673,643,3121,2950,0
1790378700000,623,609,3121,2950,0
1790378760000,669,641,3121,2950,0
1790378820000,646,643,3121,28959,0
1790378880000,645,643,3121,28958,0
1790378940000,641,641,3121,2950,0
1790379000000,641,641,1838,15927,0
1790379060000,642,642,3121,2950,0
1790379120000,644,642,3121,28958,0
1790379180000,642,642,1838,15928,0
1790379240000,644,643,3121,2950,0
1790379300000,640,640,1839,15928,0
1790379360000,642,642,3121,2950,0
1790379420000,640,640,1839,15929,0
1790379480000,640,640,1839,15929,0
1790379540000,640,640,1839,15929,0
1790379600000,641,641,1840,15929,0
1790379660000,641,641,1840,15930,0
1790379720000,639,639,3121,2950,0
1790379780000,639,639,3121,2950,0
1790379840000,638,638,1840,15930,0
1790379900000,640,640,1842,15930,0
1790379960000,638,638,1842,15930,0
1790380020000,640,640,1842,15932,0
1790380080000,638,638,1842,15932,0
1790380140000,638,638,1842,15932,0
1790380200000,639,639,1843,15932,0
1790380260000,639,639,1843,15933,0
1790380320000,638,638,1843,15933,0
1790380380000,671,642,3121,2950,0
1790380440000,657,610,3121,2950,0
1790380500000,653,611,3121,2950,0
1790380560000,604,604,1844,15948,0
1790380620000,606,606,3121,2950,0
1790380680000,603,603,1844,15948,0
1790380740000,646,644,3121,2950,0
1790380800000,649,648,3121,2950,0
1790380860000,645,645,3121,2950,0
1790380920000,640,640,1848,15952,0
1790380980000,638,638,1848,15952,0
1790381040000,605,604,3121,28936,0
1790381100000,606,605,3121,28936,0
1790381160000,630,630,1849,15952,0
1790381220000,655,650,3121,2950,0
1790381280000,682,674,3121,2950,0
1790381340000,659,654,3121,2950,0
1790381400000,644,642,3121,28931,0
1790381460000,644,642,3121,28931,0
1790381520000,642,642,3121,2950,0
1790381580000,645,643,3121,2950,0
1790381640000,643,641,3121,2950,0
1790381700000,643,641,3121,2950,0
1790381760000,642,641,3121,2950,0
1790381820000,626,626,3121,2950,0
1790381880000,603,603,1850,15955,0
1790381940000,654,611,3121,2950,0
1790382000000,653,611,3121,2950,0
1790382060000,640,639,3121,28927,0
1790382120000,641,640,3121,2950,0
1790382180000,625,611,3121,2950,0
1790382240000,625,611,3121,2950,0
1790382300000,603,603,1850,15955,0
1790382360000,653,611,3121,2950,0
1790382420000,643,615,3121,2950,0
1790382480000,663,619,3121,2950,0
1790382540000,641,613,3121,2950,0
1790382600000,603,603,3121,2950,0
1790382660000,714,619,3121,2950,0
1790382720000,559,488,3121,28882,0
1790382780000,580,493,3121,2950,0
1790382840000,449,449,1852,16000,0
1790382900000,552,472,3121,2950,0
1790382960000,535,473,3121,2950,0
1790383020000,581,472,3121,2950,0
1790383080000,511,450,3121,2950,0
1790383140000,537,450,3121,28879,0
1790383200000,577,490,3121,2950,0
1790383260000,605,490,3121,2950,0
1790383320000,601,535,3121,2950,0
1790383380000,583,538,3121,2950,0
1790383440000,566,538,3121,2950,0
1790383500000,533,533,1856,16070,0
1790383560000,567,533,3121,28811,0
1790383620000,613,538,3121,2950,0
1790383680000,595,533,3121,2950,0
1790383740000,553,536,3121,2950,0
1790383800000,568,551,3121,2950,0
1790383860000,617,600,3121,2950,0
1790383920000,599,599,1857,16090,0
1790383980000,548,531,3121,2950,0
1790384040000,540,538,3121,28794,0
1790384100000,541,539,3121,28794,0
1790384160000,541,539,3121,28794,0
1790384220000,540,538,3121,28794,0
1790384280000,535,533,3121,28794,0
1790384340000,533,533,1858,16091,0
1790384400000,541,540,3121,28792,0
1790384460000,625,607,3121,2950,0
1790384520000,618,601,3121,2950,0
1790384580000,623,606,3121,2950,0
1790384640000,605,605,1861,16094,0
1790384700000,619,602,3121,2950,0
1790384760000,612,609,3121,28790,0
1790384820000,606,603,3121,28790,0
1790384880000,605,602,3121,28790,0
1790384940000,602,602,1862,16095,0
1790385000000,604,604,3121,2950,0
1790385060000,600,600,1863,16095,0
1790385120000,615,601,3121,28787,0
1790385180000,557,550,1863,16096,0
1790385240000,564,550,3121,2950,0
1790385300000,602,602,1865,16103,0
1790385360000,628,610,3121,2950,0
1790385420000,623,606,3121,2950,0
1790385480000,606,606,3121,2950,0
1790385540000,600,600,1865,16105,0
1790385600000,601,601,1866,16105,0
1790385660000,600,600,1866,16106,0
1790385720000,600,600,1866,16106,0
1790385780000,621,605,3121,2950,0
1790385840000,612,605,1866,16106,0
1790385900000,601,601,1867,16106,0
1790385960000,601,601,1867,16107,0
1790386020000,600,600,1867,16107,0
1790386080000,599,599,1867,16107,0
1790386140000,599,599,1867,16107,0
1790386200000,601,601,1869,16107,0
1790386260000,601,601,1869,16109,0
1790386320000,600,600,1869,16109,0
1790386380000,599,599,1869,16109,0
1790386440000,600,600,1869,16109,0
1790386500000,610,608,3121,28779,0
1790386560000,637,614,3121,2950,0
1790386620000,609,609,3121,2950,0
1790386680000,629,612,3121,2950,0
1790386740000,629,612,3121,2950,0
1790386800000,641,641,1871,16110,0
1790386860000,667,649,3121,2950,0
1790386920000,640,639,3121,28773,0
1790386980000,603,603,1871,16111,0
1790387040000,603,603,1871,16111,0
1790387100000,629,628,3121,28773,0
1790387160000,645,644,3121,28773,0
1790387220000,641,641,1873,16113,0
1790387280000,639,639,3121,2950,0
1790387340000,604,604,3121,2950,0
1790387400000,604,604,1874,16113,0
1790387460000,604,604,1874,16114,0
1790387520000,638,638,1874,16114,0
1790387580000,646,644,3121,2950,0
1790387640000,670,653,3121,2950,0
1790387700000,671,654,3121,2950,0
1790387760000,639,639,1875,16115,0
1790387820000,638,638,1875,16115,0
1790387880000,640,640,1875,16115,0
1790387940000,640,640,1875,16115,0
1790388000000,645,644,3121,28769,0
1790388060000,609,608,3121,28768,0
1790388120000,605,605,3121,2950,0
1790388180000,605,605,3121,2950,0
1790388240000,603,603,1878,16118,0
1790388300000,626,626,1879,16118,0
1790388360000,604,604,1879,16119,0
1790388420000,603,603,1879,16119,0
1790388480000,603,603,1879,16119,0
1790388540000,603,603,1879,16119,0
1790388600000,604,604,1880,16119,0
1790388660000,604,604,1880,16120,0
1790388720000,638,638,1880,16120,0
1790388780000,642,640,3121,28767,0
1790388840000,857,696,3121,2950,0
1790388900000,829,667,3121,2950,0
1790388960000,634,634,1882,16128,0
1790389020000,632,632,1882,16128,0
1790389080000,708,646,3121,28765,0
1790389140000,803,665,3121,2950,0
1790389200000,880,680,3121,2950,0
1790389260000,766,647,3121,28765,0
1790389320000,705,646,1883,16129,0
1790389380000,764,646,3121,2950,0
1790389440000,707,647,3121,2950,0
1790389500000,670,611,3121,2950,0
1790389560000,609,609,3121,2950,0
1790389620000,610,610,3121,2950,0
1790389680000,691,632,3121,2950,0
1790389740000,673,612,3121,2950,0
1790389800000,673,614,3121,2950,0
1790389860000,673,614,3121,2950,0
1790389920000,608,608,1886,16191,0
1790389980000,608,608,1886,16191,0
1790390040000,610,610,3121,2950,0
1790390100000,609,609,1887,16191,0
1790390160000,615,613,3121,2950,0
1790390220000,734,612,3121,2950,0
1790390280000,671,612,3121,2950,0
1790390340000,618,613,3121,2950,0
1790390400000,616,614,3121,28702,0
1790390460000,611,610,3121,28702,0
1790390520000,614,611,3121,28702,0
1790390580000,610,610,1888,16193,0
1790390640000,608,608,1888,16193,0
1790390700000,612,612,3121,2950,0
1790390760000,610,610,1890,16195,0
1790390820000,610,609,3121,28700,0
1790390880000,609,609,1890,16195,0
1790390940000,648,647,3121,2950,0
1790391000000,648,648,3121,2950,0
1790391060000,609,609,1891,16196,0
1790391120000,609,609,3121,2950,0
1790391180000,608,608,1891,16196,0
1790391240000,608,608,1891,16196,0
1790391300000,609,609,1892,16196,0
1790391360000,609,609,1892,16197,0
1790391420000,608,608,1892,16197,0
1790391480000,608,608,1892,16197,0
1790391540000,612,610,3121,28698,0
1790391600000,615,614,3121,28697,0
1790391660000,622,618,3121,2950,0
1790391720000,615,615,3121,2950,0
1790391780000,615,615,3121,2950,0
1790391840000,608,608,1895,16200,0
1790391900000,609,609,1896,16200,0
1790391960000,609,609,1896,16201,0
1790392020000,608,608,1896,16201,0
1790392080000,608,608,1896,16201,0
1790392140000,608,608,1896,16201,0
1790392200000,626,622,3121,2950,0
1790392260000,632,618,3121,2950,0
1790392320000,574,567,3121,2950,0
1790392380000,576,568,3121,2950,0
1790392440000,613,605,3121,28680,0
1790392500000,625,618,3121,2950,0
1790392560000,557,557,1899,16211,0
1790392620000,555,555,1899,16211,0
1790392680000,606,605,3121,28680,0
1790392740000,556,556,1899,16211,0
1790392800000,559,558,3121,2950,0
1790392860000,608,607,3121,2950,0
1790392920000,625,608,3121,28679,0
1790392980000,614,607,1900,16212,0
1790393040000,621,607,3121,2950,0
1790393100000,621,614,3121,2950,0
1790393160000,621,613,3121,2950,0
1790393220000,619,612,3121,2950,0
1790393280000,618,611,3121,2950,0
1790393340000,609,609,3121,2950,0
1790393400000,621,614,3121,2950,0
1790393460000,647,639,3121,2950,0
1790393520000,644,637,3121,2950,0
1790393580000,609,609,3121,2950,0
1790393640000,610,609,3121,28667,0
1790393700000,610,610,1904,16222,0
1790393760000,610,610,3121,2950,0
1790393820000,608,608,1904,16223,0
1790393880000,608,608,1904,16223,0
1790393940000,609,609,3121,2950,0
1790394000000,610,610,3121,2950,0
1790394060000,609,609,3121,2950,0
1790394120000,613,611,3121,2950,0
1790394180000,610,610,3121,2950,0
1790394240000,620,606,3121,2950,0
1790394300000,617,609,3121,2950,0
1790394360000,622,608,3121,2950,0
1790394420000,612,605,3121,2950,0
1790394480000,605,605,3121,2950,0
1790394540000,604,604,1907,16233,0
1790394600000,606,606,1908,16233,0
1790394660000,611,610,1908,16234,0
1790394720000,611,610,3121,2950,0
1790394780000,606,606,3121,2950,0
1790394840000,605,605,1908,16234,0
1790394900000,634,611,3121,2950,0
1790394960000,564,557,1909,16234,0
1790395020000,562,555,1909,16241,0
1790395080000,624,610,3121,2950,0
1790395140000,604,604,1909,16242,0
1790395200000,608,608,1913,16242,0
1790395260000,619,616,3121,28648,0
1790395320000,610,610,1913,16247,0
1790395380000,610,610,3121,2950,0
1790395440000,610,610,3121,2950,0
1790395500000,609,609,1914,16247,0
1790395560000,611,611,3121,2950,0
1790395620000,620,614,3121,2950,0
1790395680000,615,614,3121,2950,0
1790395740000,618,615,3121,2950,0
1790395800000,616,614,3121,2950,0
1790395860000,614,613,3121,2950,0
1790395920000,613,612,3121,2950,0
1790395980000,610,609,3121,28641,0
1790396040000,609,609,1915,16250,0
1790396100000,613,612,3121,2950,0
1790396160000,609,609,1917,16250,0
1790396220000,608,608,1917,16250,0
1790396280000,624,618,3121,2950,0
1790396340000,618,616,3121,2950,0
1790396400000,620,617,3121,2950,0
1790396460000,621,617,3121,2950,0
1790396520000,613,611,3121,2950,0
1790396580000,613,613,3121,2950,0
1790396640000,644,614,3121,2950,0
1790396700000,636,615,3121,2950,0
1790396760000,621,585,3121,2950,0
1790396820000,597,575,3121,2950,0
1790396880000,646,570,3121,2950,0
1790396940000,537,537,1919,16255,0
1790397000000,704,573,3121,2950,0
1790397060000,730,579,3121,2950,0
1790397120000,585,548,3121,28626,0
1790397180000,564,547,1921,16262,0
1790397240000,573,555,1921,16279,0
1790397300000,588,556,3121,2950,0
1790397360000,601,563,3121,2950,0
1790397420000,581,563,3121,2950,0
1790397480000,564,563,3121,28608,0
1790397540000,562,562,1922,16288,0
1790397600000,563,563,1923,16288,0
1790397660000,629,612,3121,2950,0
1790397720000,629,612,3121,2950,0
1790397780000,634,617,3121,2950,0
1790397840000,633,616,3121,2950,0
1790397900000,634,617,3121,2950,0
1790397960000,617,617,1925,16291,0
1790398020000,615,615,1925,16291,0
1790398080000,615,615,1925,16291,0
1790398140000,619,617,3121,28608,0
1790398200000,654,618,3121,2950,0
1790398260000,632,615,1926,16291,0
1790398320000,615,615,1926,16291,0
1790398380000,616,616,1926,16292,0
1790398440000,615,615,1926,16292,0
1790398500000,616,616,1927,16292,0
1790398560000,616,616,1927,16293,0
1790398620000,615,615,1927,16293,0
1790398680000,615,615,1927,16293,0
1790398740000,615,615,1927,16293,0
1790398800000,624,621,3121,28608,0
1790398860000,618,618,1930,16293,0
1790398920000,621,621,3121,2950,0
1790398980000,618,618,3121,2950,0
1790399040000,615,615,1930,16296,0
1790399100000,616,616,1931,16296,0
1790399160000,615,615,1931,16296,0
1790399220000,616,616,1931,16297,0
1790399280000,624,621,3121,2950,0
1790399340000,621,618,3121,28605,0
1790399400000,619,619,3121,2950,0
1790399460000,616,616,1932,16298,0
1790399520000,618,617,3121,28605,0
1790399580000,613,613,1932,16298,0
1790399640000,617,617,3121,2950,0
1790399700000,620,620,3121,2950,0
1790399760000,614,614,3121,2950,0
1790399820000,630,614,3121,2950,0
1790399880000,564,559,3121,2950,0
1790399940000,575,556,3121,28602,0
1790400000000,618,616,3121,2950,0
1790400060000,614,614,1934,16300,0
1790400120000,611,611,1934,16300,0
1790400180000,618,618,3121,2950,0
1790400240000,619,618,3121,2950,0
1790400300000,620,619,3121,2950,0
1790400360000,616,616,1935,16301,0
1790400420000,617,617,1935,16301,0
1790400480000,611,611,1935,16301,0
1790400540000,562,562,1935,16301,0
1790400600000,564,564,1937,16301,0
1790400660000,572,564,3121,28600,0
1790400720000,553,549,3121,28599,0
1790400780000,544,543,3121,2950,0
1790400840000,541,541,3121,2950,0
1790400900000,541,541,3121,2950,0
1790400960000,541,541,3121,2950,0
1790401020000,559,552,3121,2950,0
1790401080000,623,613,3121,2950,0
1790401140000,615,614,1937,16307,0
1790401200000,614,613,1938,16308,0
1790401260000,616,615,3121,2950,0
1790401320000,611,611,1938,16309,0
1790401380000,611,611,1938,16309,0
1790401440000,611,611,1938,16309,0
1790401500000,621,620,3121,2950,0
1790401560000,621,620,3121,2950,0
1790401620000,615,615,1940,16311,0
1790401680000,618,617,3121,2950,0
1790401740000,615,615,1940,16311,0
1790401800000,616,616,1941,16311,0
1790401860000,628,619,3121,28592,0
1790401920000,567,563,1941,16312,0
1790401980000,571,563,3121,2950,0
1790402040000,565,556,3121,2950,0
1790402100000,559,550,3121,2950,0
1790402160000,556,556,1942,16317,0
1790402220000,555,555,1942,16317,0
1790402280000,562,562,1942,16317,0
1790402340000,562,562,1942,16317,0
1790402400000,565,565,1945,16317,0
1790402460000,565,565,1945,16320,0
1790402520000,572,564,3121,2950,0
1790402580000,551,544,3121,2950,0
1790402640000,572,565,3121,28586,0
1790402700000,567,567,3121,2950,0
1790402760000,562,562,1946,16320,0
1790402820000,574,566,3121,2950,0
1790402880000,558,555,3121,28583,0
1790402940000,585,562,3121,28582,0
1790403000000,584,566,3121,2950,0
1790403060000,566,566,1947,16323,0
1790403120000,562,562,1947,16323,0
1790403180000,574,563,3121,28582,0
1790403240000,551,549,3121,2950,0
1790403300000,550,547,3121,2950,0
1790403360000,546,542,3121,2950,0
1790403420000,644,552,3121,2950,0
1790403480000,625,551,3121,2950,0
1790403540000,578,553,3121,28559,0
1790403600000,577,554,3121,2950,0
1790403660000,551,551,1950,16350,0
1790403720000,568,568,3121,2950,0
1790403780000,563,560,3121,2950,0
1790403840000,554,551,3121,2950,0
1790403900000,573,559,3121,28557,0
1790403960000,565,559,3121,2950,0
1790404020000,554,551,1951,16352,0
1790404080000,585,569,3121,2950,0
1790404140000,567,567,1951,16352,0
1790404200000,622,621,3121,2950,0
1790404260000,621,621,3121,2950,0
1790404320000,625,625,3121,2950,0
1790404380000,624,624,3121,2950,0
1790404440000,624,622,3121,28554,0
1790404500000,592,555,3121,28552,0
1790404560000,561,543,1954,16355,0
1790404620000,591,551,3121,2950,0
1790404680000,555,551,3121,28533,0
1790404740000,579,565,3121,28533,0
1790404800000,573,566,1955,16373,0
1790404860000,592,567,3121,2950,0
1790404920000,577,559,3121,2950,0
1790404980000,551,551,1955,16374,0
1790405040000,551,551,1955,16374,0
1790405100000,593,553,3121,28526,0
1790405160000,598,553,3121,28525,0
1790405220000,596,551,3121,28525,0
1790405280000,598,565,3121,2950,0
1790405340000,606,565,3121,2950,0
1790405400000,572,566,3121,2950,0
1790405460000,566,566,1958,16407,0
1790405520000,568,565,3121,2950,0
1790405580000,572,567,3121,2950,0
1790405640000,557,553,3121,2950,0
1790405700000,554,552,3121,2950,0
1790405760000,551,551,1959,16408,0
1790405820000,553,552,3121,2950,0
1790405880000,603,572,3121,2950,0
1790405940000,578,544,3121,2950,0
1790406000000,596,559,3121,2950,0
1790406060000,551,551,1962,16412,0
1790406120000,548,548,1962,16412,0
1790406180000,701,617,3121,2950,0
1790406240000,685,629,3121,2950,0
1790406300000,684,623,3121,2950,0
1790406360000,699,638,3121,2950,0
1790406420000,690,637,3121,2950,0
1790406480000,690,637,3121,2950,0
1790406540000,624,621,3121,2950,0
1790406600000,697,641,3121,2950,0
1790406660000,619,619,1964,16444,0
1790406720000,620,619,3121,28458,0
1790406780000,620,619,3121,28458,0
1790406840000,618,618,1964,16444,0
1790406900000,620,620,1966,16444,0
1790406960000,624,622,3121,28458,0
1790407020000,620,620,1966,16446,0
1790407080000,689,637,3121,2950,0
1790407140000,687,635,3121,2950,0
1790407200000,619,619,1967,16446,0
1790407260000,619,619,1967,16447,0
1790407320000,618,618,1967,16447,0
1790407380000,618,618,1967,16447,0
1790407440000,618,618,1967,16447,0
1790407500000,619,619,1968,16447,0
1790407560000,619,619,1968,16448,0
1790407620000,618,618,1968,16448,0
1790407680000,618,618,1968,16448,0
1790407740000,618,618,1968,16448,0
1790407800000,620,620,1970,16448,0
1790407860000,620,620,1970,16450,0
1790407920000,618,618,1970,16450,0
1790407980000,618,618,1970,16450,0
1790408040000,618,618,1970,16450,0
1790408100000,618,618,1970,16450,0
1790408160000,618,618,1970,16450,0
1790408220000,618,618,1970,16450,0
1790408280000,693,638,3121,2950,0
1790408340000,688,636,3121,2950,0
1790408400000,720,649,3121,2950,0
1790408460000,779,694,3121,2950,0
1790408520000,779,693,3121,2950,0
1790408580000,678,666,3121,28450,0
1790408640000,645,644,1971,16475,0
1790408700000,681,679,3121,28448,0
1790408760000,658,657,3121,2950,0
1790408820000,872,687,3121,2950,0
1790408880000,869,686,3121,2950,0
1790408940000,751,686,3121,2950,0
1790409000000,752,687,3121,2950,0
1790409060000,774,656,3121,28446,0
1790409120000,714,655,1974,16479,0
1790409180000,818,670,3121,2950,0
1790409240000,732,670,3121,2950,0
1790409300000,829,690,3121,2950,0
1790409360000,806,676,3121,2950,0
1790409420000,811,675,3121,2950,0
1790409480000,837,689,3121,2950,0
1790409540000,837,689,3121,2950,0
1790409600000,659,659,1979,16545,0
1790409660000,662,661,1979,16550,0
1790409720000,820,672,3121,28378,0
1790409780000,790,670,3121,28377,0
1790409840000,657,655,3121,2950,0
1790409900000,671,670,3121,2950,0
1790409960000,660,658,3121,2950,0
1790410020000,817,668,3121,2950,0
1790410080000,801,680,3121,2950,0
1790410140000,658,656,3121,2950,0
1790410200000,659,658,1981,16553,0
1790410260000,659,658,1981,16555,0
1790410320000,658,657,3121,2950,0
1790410380000,805,670,3121,28361,0
1790410440000,805,670,3121,2950,0
1790410500000,657,657,1983,16555,0
1790410560000,657,657,1983,16557,0
1790410620000,714,683,3121,2950,0
1790410680000,663,648,3121,2950,0
1790410740000,645,645,1983,16571,0
1790410800000,646,646,1984,16571,0
1790410860000,768,647,3121,28361,0
1790410920000,752,647,3121,2950,0
1790410980000,720,645,1984,16632,0
1790411040000,660,645,1984,16647,0
1790411100000,740,649,3121,2950,0
1790411160000,682,682,1985,16648,0
1790411220000,675,665,3121,2950,0
1790411280000,665,663,3121,2950,0
1790411340000,653,650,3121,2950,0
1790411400000,666,652,3121,2950,0
1790411460000,1180,796,3121,2950,0
1790411520000,1685,840,3121,2950,0
1790411580000,755,688,3121,2950,0
1790411640000,1529,797,3121,2950,0
1790411700000,1527,797,3121,2950,0
1790411760000,1643,809,3121,2950,0
1790411820000,751,704,1987,16674,0
1790411880000,1638,809,3121,2950,0
1790411940000,767,703,3121,2950,0
1790412000000,807,704,3121,2950,0
1790412060000,761,695,3121,2950,0
1790412120000,717,696,3121,2950,0
1790412180000,705,698,3121,2950,0
1790412240000,710,698,3121,2950,0
1790412300000,705,699,3121,2950,0
1790412360000,716,695,3121,2950,0
1790412420000,703,692,3121,2950,0
1790412480000,696,686,1988,16739,0
1790412540000,758,697,3121,2950,0
1790412600000,732,696,3121,2950,0
1790412660000,735,685,3121,2950,0
1790412720000,684,684,1989,16765,0
1790412780000,684,684,1989,16765,0
1790412840000,684,684,1989,16765,0
1790412900000,684,684,1989,16765,0
1790412960000,733,696,3121,2950,0
1790413020000,704,692,3121,2950,0
1790413080000,661,658,3121,2950,0
1790413140000,658,657,1989,16765,0
1790413200000,663,661,3121,2950,0
1790413260000,709,696,3121,2950,0
1790413320000,706,693,3121,2950,0
1790413380000,733,697,3121,2950,0
1790413440000,683,683,1992,16769,0
1790413500000,820,754,3121,2950,0
1790413560000,709,696,1993,16769,0
1790413620000,660,660,3121,2950,0
1790413680000,656,656,1993,16770,0
1790413740000,772,717,3121,2950,0
1790413800000,841,840,3121,2950,0
1790413860000,918,827,3121,2950,0
1790413920000,795,794,3121,2950,0
1790413980000,1116,818,3121,2950,0
1790414040000,911,781,3121,28085,0
1790414100000,1020,785,3121,2950,0
1790414160000,912,782,3121,2950,0
1790414220000,1177,784,3121,2950,0
1790414280000,950,785,3121,2950,0
1790414340000,1088,783,3121,28084,0
1790414400000,921,781,3121,28084,0
1790414460000,781,781,1997,16980,0
1790414520000,780,780,1997,16980,0
1790414580000,780,780,1997,16980,0
1790414640000,922,781,3121,28084,0
1790414700000,852,782,1998,16980,0
1790414760000,922,782,3121,2950,0
1790414820000,851,781,3121,2950,0
1790414880000,780,780,1998,17051,0
1790414940000,780,780,1998,17051,0
1790415000000,782,782,2000,17051,0
1790415060000,925,784,3121,2950,0
1790415120000,851,781,2000,17053,0
1790415180000,780,780,2000,17053,0
1790415240000,778,778,2000,17053,0
1790415300000,779,779,2001,17053,0
1790415360000,781,781,2001,17054,0
1790415420000,780,780,2001,17054,0
1790415480000,780,780,2001,17054,0
1790415540000,782,781,3121,28013,0
1790415600000,786,784,3121,28012,0
1790415660000,784,784,3121,2950,0
1790415720000,783,783,3121,2950,0
1790415780000,783,783,3121,2950,0
1790415840000,783,783,3121,2950,0
1790415900000,782,782,2004,17055,0
1790415960000,780,780,2004,17057,0
1790416020000,778,778,2004,17057,0
1790416080000,780,780,2004,17057,0
1790416140000,780,780,2004,17057,0
1790416200000,781,781,2005,17057,0
1790416260000,783,782,3121,28010,0
1790416320000,781,781,2005,17058,0
1790416380000,780,780,2005,17058,0
1790416440000,781,781,3121,2950,0
1790416500000,782,782,3121,2950,0
1790416560000,781,781,3121,2950,0
1790416620000,785,785,3121,2950,0
1790416680000,780,780,2006,17059,0
1790416740000,786,785,3121,2950,0
1790416800000,788,786,3121,28008,0
1790416860000,784,784,3121,2950,0
1790416920000,816,816,3121,2950,0
1790416980000,843,815,3121,28006,0
1790417040000,805,805,3121,2950,0
1790417100000,793,791,3121,28006,0
1790417160000,794,794,3121,2950,0
1790417220000,791,791,3121,2950,0
1790417280000,788,788,2010,17063,0
1790417340000,951,792,3121,2950,0
1790417400000,858,779,3121,2950,0
1790417460000,947,779,3121,2950,0
1790417520000,862,778,3121,2950,0
1790417580000,779,774,2011,17148,0
1790417640000,780,775,3121,2950,0
1790417700000,777,777,2013,17148,0
1790417760000,879,795,3121,2950,0
1790417820000,866,781,3121,2950,0
1790417880000,770,770,3121,2950,0
1790417940000,681,681,2013,17150,0
1790418000000,683,683,3121,2950,0
1790418060000,917,798,3121,2950,0
1790418120000,951,842,3121,2950,0
1790418180000,905,817,3121,2950,0
1790418240000,907,765,3121,27919,0
1790418300000,817,746,2015,17152,0
1790418360000,837,764,3121,2950,0
1790418420000,1043,809,3121,2950,0
1790418480000,820,776,2015,17224,0
1790418540000,853,809,3121,2950,0
1790418600000,763,763,2017,17224,0
1790418660000,807,807,3121,2950,0
1790418720000,789,776,2017,17239,0
1790418780000,758,758,2017,17239,0
1790418840000,961,792,3121,2950,0
1790418900000,847,778,3121,2950,0
1790418960000,917,775,3121,2950,0
1790419020000,776,774,2018,17340,0
1790419080000,778,774,3121,2950,0
1790419140000,793,789,3121,2950,0
1790419200000,950,809,3121,2950,0
1790419260000,813,811,3121,2950,0
1790419320000,827,756,3121,2950,0
1790419380000,965,808,3121,2950,0
1790419440000,834,765,3121,2950,0
1790419500000,818,816,3121,2950,0
1790419560000,815,815,3121,2950,0
1790419620000,697,697,3121,2950,0
1790419680000,683,683,2021,17345,0
1790419740000,681,681,2021,17345,0
1790419800000,697,697,2022,17345,0
1790419860000,696,696,2022,17346,0
1790419920000,695,695,2022,17346,0
1790419980000,683,683,2022,17346,0
1790420040000,832,763,2022,17415,0
1790420100000,808,808,2023,17415,0
1790420160000,939,830,3121,2950,0
1790420220000,868,815,3121,2950,0
1790420280000,803,697,3121,2950,0
1790420340000,694,694,2023,17469,0
1790420400000,902,836,3121,2950,0
1790420460000,1052,851,3121,2950,0
1790420520000,985,824,3121,2950,0
1790420580000,708,708,3121,2950,0
1790420640000,695,695,2026,17472,0
1790420700000,793,793,3121,2950,0
1790420760000,777,777,2027,17473,0
1790420820000,682,682,3121,2950,0
1790420880000,708,708,2027,17473,0
1790420940000,695,695,2027,17473,0
1790421000000,764,764,2028,17473,0
1790421060000,682,682,2028,17474,0
1790421120000,681,681,2028,17474,0
1790421180000,822,712,3121,27600,0
1790421240000,818,711,3121,27597,0
1790421300000,724,712,3121,2950,0
1790421360000,904,839,3121,2950,0
1790421420000,658,657,3121,27597,0
1790421480000,835,834,3121,2950,0
1790421540000,715,714,3121,27597,0
1790421600000,717,716,3121,27596,0
1790421660000,697,697,3121,2950,0
1790421720000,696,696,3121,2950,0
1790421780000,802,696,3121,2950,0
1790421840000,747,694,2031,17477,0
1790421900000,803,697,3121,2950,0
1790421960000,750,697,3121,2950,0
1790422020000,750,697,3121,2950,0
1790422080000,740,685,3121,2950,0
1790422140000,752,697,3121,2950,0
1790422200000,697,697,2034,17531,0
1790422260000,697,697,2034,17533,0
1790422320000,684,682,3121,27542,0
1790422380000,697,695,3121,27542,0
1790422440000,697,695,3121,27542,0
1790422500000,807,698,3121,27541,0
1790422560000,764,709,3121,2950,0
1790422620000,815,708,3121,2950,0
1790422680000,769,715,3121,2950,0
1790422740000,712,711,3121,2950,0
1790422800000,770,716,3121,2950,0
1790422860000,699,696,3121,27486,0
1790422920000,696,695,2036,17589,0
1790422980000,714,712,3121,2950,0
1790423040000,714,713,3121,2950,0
1790423100000,699,698,3121,2950,0
1790423160000,694,694,2038,17590,0
1790423220000,696,696,2038,17592,0
1790423280000,697,696,3121,27484,0
1790423340000,697,696,3121,27484,0
1790423400000,707,707,2039,17592,0
1790423460000,719,707,3121,27484,0
1790423520000,712,706,2039,17593,0
1790423580000,718,706,3121,2950,0
1790423640000,712,706,3121,2950,0
1790423700000,701,701,3121,2950,0
1790423760000,709,708,3121,27478,0
1790423820000,708,707,3121,27478,0
1790423880000,694,694,2040,17600,0
1790423940000,704,702,3121,2950,0
1790424000000,700,700,2044,17600,0
1790424060000,694,694,2044,17600,0
1790424120000,715,711,3121,2950,0
1790424180000,882,826,3121,2950,0
1790424240000,1011,822,3121,2950,0
1790424300000,952,829,3121,2950,0
1790424360000,764,764,2045,17605,0
1790424420000,707,707,2045,17605,0
1790424480000,683,683,2045,17605,0
1790424540000,782,778,3121,27471,0
1790424600000,746,746,2046,17605,0
1790424660000,852,790,3121,27471,0
1790424720000,778,774,3121,27471,0
1790424780000,792,788,3121,27471,0
1790424840000,789,789,2046,17606,0
1790424900000,790,785,3121,27471,0
1790424960000,725,723,3121,27470,0
1790425020000,722,720,3121,2950,0
1790425080000,827,720,3121,2950,0
1790425140000,825,716,3121,27463,0
1790425200000,768,767,3121,2950,0
1790425260000,811,810,3121,2950,0
1790425320000,781,777,3121,2950,0
1790425380000,779,777,3121,2950,0
1790425440000,846,780,3121,2950,0
1790425500000,859,795,3121,2950,0
1790425560000,776,776,2049,17612,0
1790425620000,841,775,3121,27458,0
1790425680000,971,812,3121,2950,0
1790425740000,971,812,3121,2950,0
1790425800000,810,777,3121,2950,0
1790425860000,779,778,3121,27425,0
1790425920000,776,776,2051,17647,0
1790425980000,778,777,3121,2950,0
1790426040000,775,775,2051,17647,0
1790426100000,791,791,3121,2950,0
1790426160000,791,791,3121,2950,0
1790426220000,858,790,3121,27423,0
1790426280000,1008,815,3121,2950,0
1790426340000,1039,815,3121,2950,0
1790426400000,791,791,2053,17681,0
1790426460000,1048,841,3121,2950,0
1790426520000,1024,803,3121,2950,0
1790426580000,994,803,3121,2950,0
1790426640000,778,778,2053,17696,0
1790426700000,796,781,3121,2950,0
1790426760000,806,792,3121,2950,0
1790426820000,817,803,3121,2950,0
1790426880000,809,803,3121,2950,0
1790426940000,788,788,2055,17698,0
1790427000000,789,789,2056,17698,0
1790427060000,788,788,2056,17698,0
1790427120000,804,804,3121,2950,0
1790427180000,788,788,2056,17699,0
1790427240000,817,815,3121,27373,0
1790427300000,781,781,2057,17699,0
1790427360000,780,780,3121,2950,0
1790427420000,779,779,2057,17700,0
1790427480000,813,813,2057,17700,0
1790427540000,802,802,3121,2950,0
1790427600000,781,781,2060,17700,0
1790427660000,803,803,2060,17703,0
1790427720000,889,807,3121,2950,0
1790427780000,865,798,3121,27370,0
1790427840000,810,804,3121,2950,0
1790427900000,798,798,3121,2950,0
1790427960000,860,793,3121,2950,0
1790428020000,838,805,3121,2950,0
1790428080000,837,804,3121,2950,0
1790428140000,824,791,3121,2950,0
1790428200000,1086,854,3121,2950,0
1790428260000,1252,827,3121,2950,0
1790428320000,1025,793,3121,27313,0
1790428380000,1033,821,3121,2950,0
1790428440000,787,787,2062,17759,0
1790428500000,998,794,3121,27313,0
1790428560000,894,794,2064,17761,0
1790428620000,991,791,3121,2950,0
1790428680000,787,787,2064,17861,0
1790428740000,787,787,2064,17861,0
1790428800000,834,789,3121,27209,0
1790428860000,811,789,2065,17863,0
1790428920000,1138,795,3121,2950,0
1790428980000,985,783,3121,2950,0
1790429040000,1141,810,3121,2950,0
1790429100000,985,783,3121,2950,0
1790429160000,1222,814,3121,2950,0
1790429220000,1230,816,3121,2950,0
1790429280000,1360,784,3121,2950,0
1790429340000,1423,830,3121,2950,0
1790429400000,753,753,2067,18004,0
1790429460000,858,746,3121,27079,0
1790429520000,793,744,2067,18006,0
1790429580000,827,727,3121,2950,0
1790429640000,833,734,3121,2950,0
1790429700000,778,728,3121,2950,0
1790429760000,734,727,3121,2950,0
1790429820000,851,745,3121,2950,0
1790429880000,872,753,3121,26980,0
1790429940000,902,753,3121,2950,0
1790430000000,760,754,3121,2950,0
1790430060000,757,754,3121,2950,0
1790430120000,744,744,2069,18110,0
1790430180000,744,744,2069,18110,0
1790430240000,744,744,2069,18110,0
1790430300000,851,753,3121,26975,0
1790430360000,800,751,2071,18110,0
1790430420000,962,807,3121,2950,0
1790430480000,1202,833,3121,2950,0
1790430540000,1042,831,3121,26899,0
1790430600000,1043,834,3121,2950,0
1790430660000,938,808,3121,2950,0
1790430720000,790,740,2072,18219,0
1790430780000,801,751,2072,18269,0
1790430840000,1026,806,3121,2950,0
1790430900000,1123,832,3121,2950,0
1790430960000,1118,839,3121,2950,0
1790431020000,1124,830,3121,2950,0
1790431080000,848,831,3121,2950,0
1790431140000,833,803,3121,26724,0
1790431200000,913,806,3121,2950,0
1790431260000,811,754,3121,2950,0
1790431320000,808,751,2076,18445,0
1790431380000,801,751,3121,2950,0
1790431440000,1068,838,3121,2950,0
1790431500000,923,758,3121,2950,0
1790431560000,853,752,3121,2950,0
1790431620000,852,751,3121,2950,0
1790431680000,737,737,2077,18446,0
1790431740000,851,751,3121,26671,0
1790431800000,864,804,2078,18446,0
1790431860000,874,804,3121,2950,0
1790431920000,863,803,3121,2950,0
1790431980000,813,803,3121,2950,0
1790432040000,874,804,3121,2950,0
1790432100000,1158,841,3121,2950,0
1790432160000,1032,840,3121,2950,0
1790432220000,943,831,2080,18623,0
1790432280000,944,832,3121,2950,0
1790432340000,830,830,2080,18623,0
1790432400000,831,831,2081,18623,0
1790432460000,983,839,3121,2950,0
1790432520000,965,838,3121,2950,0
1790432580000,862,832,3121,2950,0
1790432640000,830,830,2081,18639,0
1790432700000,1188,846,3121,2950,0
1790432760000,1016,838,3121,2950,0
1790432820000,837,835,3121,2950,0
1790432880000,836,835,3121,2950,0
1790432940000,865,845,3121,2950,0
1790433000000,860,845,3121,2950,0
1790433060000,860,845,3121,2950,0
1790433120000,903,844,3121,2950,0
1790433180000,881,844,3121,2950,0
1790433240000,842,842,2084,18648,0
1790433300000,846,844,3121,26480,0
1790433360000,843,843,2085,18648,0
1790433420000,843,843,3121,2950,0
1790433480000,844,844,3121,2950,0
1790433540000,843,843,3121,2950,0
1790433600000,842,842,2086,18649,0
1790433660000,862,847,3121,2950,0
1790433720000,859,842,3121,2950,0
1790433780000,841,840,2086,18650,0
1790433840000,861,844,3121,2950,0
1790433900000,850,848,3121,2950,0
1790433960000,847,847,3121,2950,0
1790434020000,841,841,2088,18653,0
1790434080000,843,843,3121,2950,0
1790434140000,842,842,2088,18653,0
1790434200000,864,847,3121,2950,0
1790434260000,861,845,3121,2950,0
1790434320000,840,840,2089,18655,0
1790434380000,861,844,3121,2950,0
1790434440000,860,844,3121,2950,0
1790434500000,841,841,2090,18656,0
1790434560000,840,840,2090,18656,0
1790434620000,841,841,2090,18657,0
1790434680000,842,842,2090,18657,0
1790434740000,842,842,2090,18657,0
1790434800000,847,846,3121,26475,0
1790434860000,855,850,3121,2950,0
1790434920000,844,844,2093,18660,0
1790434980000,840,840,2093,18660,0
1790435040000,844,843,3121,26475,0
1790435100000,842,842,2094,18660,0
1790435160000,841,841,3121,2950,0
1790435220000,844,843,3121,2950,0
1790435280000,849,846,3121,26473,0
1790435340000,846,846,3121,2950,0
1790435400000,847,847,3121,2950,0
1790435460000,843,843,2095,18662,0
1790435520000,844,843,3121,26470,0
1790435580000,844,843,3121,26470,0
1790435640000,848,847,3121,2950,0
1790435700000,850,849,3121,2950,0
1790435760000,846,844,3121,26470,0
1790435820000,842,842,2097,18664,0
1790435880000,842,842,3121,2950,0
1790435940000,840,840,2097,18664,0
1790436000000,850,848,3121,2950,0
1790436060000,850,848,3121,2950,0
1790436120000,852,846,3121,2950,0
1790436180000,847,846,2098,18665,0
1790436240000,849,847,3121,2950,0
1790436300000,843,843,2099,18666,0
1790436360000,846,846,3121,2950,0
1790436420000,891,872,3121,2950,0
1790436480000,856,856,2099,18667,0
1790436540000,853,853,2099,18667,0
1790436600000,960,879,3121,2950,0
1790436660000,911,877,3121,2950,0
1790436720000,986,898,3121,2950,0
1790436780000,747,747,2101,18669,0
1790436840000,1074,881,3121,2950,0
1790436900000,876,874,3121,26429,0
1790436960000,910,836,3121,2950,0
1790437020000,890,829,3121,2950,0
1790437080000,984,842,3121,26429,0
1790437140000,843,842,2102,18673,0
1790437200000,914,878,3121,2950,0
1790437260000,846,845,3121,2950,0
1790437320000,843,843,2103,18708,0
1790437380000,844,844,3121,2950,0
1790437440000,858,858,3121,2950,0
1790437500000,860,860,2105,18708,0
1790437560000,850,847,3121,2950,0
1790437620000,914,845,3121,2950,0
1790437680000,893,858,3121,2950,0
1790437740000,931,860,3121,2950,0
1790437800000,898,861,3121,2950,0
1790437860000,859,859,2106,18745,0
1790437920000,1071,895,3121,2950,0
1790437980000,986,844,3121,26390,0
1790438040000,848,844,3121,2950,0
1790438100000,851,845,3121,2950,0
1790438160000,845,843,3121,2950,0
1790438220000,749,749,3121,2950,0
1790438280000,747,747,2107,18746,0
1790438340000,749,749,3121,2950,0
1790438400000,854,846,3121,2950,0
1790438460000,864,862,2111,18752,0
1790438520000,845,843,2111,18754,0
1790438580000,863,857,3121,2950,0
1790438640000,980,842,3121,26386,0
1790438700000,897,828,2112,18754,0
1790438760000,896,827,2112,18823,0
1790438820000,897,828,3121,2950,0
1790438880000,827,827,2112,18824,0
1790438940000,827,827,2112,18824,0
1790439000000,884,876,3121,26317,0
1790439060000,861,857,3121,26317,0
1790439120000,854,854,2113,18825,0
1790439180000,994,855,3121,26317,0
1790439240000,924,855,2113,18825,0
1790439300000,995,857,3121,2950,0
1790439360000,932,859,3121,2950,0
1790439420000,914,843,3121,2950,0
1790439480000,1003,858,3121,26245,0
1790439540000,918,843,3121,2950,0
1790439600000,1002,860,3121,2950,0
1790439660000,998,852,3121,2950,0
1790439720000,925,848,3121,2950,0
1790439780000,845,845,3121,2950,0
1790439840000,843,843,2116,18968,0
1790439900000,844,844,2117,18968,0
1790439960000,844,844,2117,18969,0
1790440020000,942,864,3121,2950,0
1790440080000,938,864,3121,2950,0
1790440140000,845,844,3121,26169,0
1790440200000,849,849,3121,2950,0
1790440260000,1021,879,3121,2950,0
1790440320000,896,825,3121,2950,0
1790440380000,906,836,3121,2950,0
1790440440000,905,836,3121,2950,0
1790440500000,764,762,2119,18972,0
1790440560000,748,747,2119,18973,0
1790440620000,752,749,3121,2950,0
1790440680000,749,749,2119,18973,0
1790440740000,749,749,3121,2950,0
1790440800000,752,747,3121,2950,0
1790440860000,754,749,3121,2950,0
1790440920000,747,747,2119,18973,0
1790440980000,747,747,2119,18973,0
1790441040000,747,747,2119,18973,0
1790441100000,987,845,3121,2950,0
1790441160000,832,832,3121,2950,0
1790441220000,754,749,3121,2950,0
1790441280000,918,842,3121,2950,0
1790441340000,959,842,3121,2950,0
1790441400000,867,842,2120,19045,0
1790441460000,895,824,3121,2950,0
1790441520000,859,859,3121,2950,0
1790441580000,844,844,3121,2950,0
1790441640000,884,858,3121,26092,0
1790441700000,886,860,3121,2950,0
1790441760000,1017,867,3121,2950,0
1790441820000,927,853,3121,2950,0
1790441880000,842,842,2121,19046,0
1790441940000,843,843,2121,19046,0
1790442000000,848,847,3121,26092,0
1790442060000,847,847,2124,19049,0
1790442120000,842,842,2124,19049,0
1790442180000,865,864,3121,2950,0
1790442240000,860,859,3121,26091,0
1790442300000,863,863,3121,2950,0
1790442360000,929,860,3121,26091,0
1790442420000,943,873,3121,2950,0
1790442480000,936,867,3121,2950,0
1790442540000,894,859,3121,2950,0
1790442600000,951,882,3121,2950,0
1790442660000,946,877,3121,2950,0
1790442720000,948,879,3121,2950,0
1790442780000,928,859,3121,26055,0
1790442840000,891,857,2126,19086,0
1790442900000,908,874,2128,19120,0
1790442960000,896,861,3121,2950,0
1790443020000,859,858,3121,26020,0
1790443080000,938,870,3121,26020,0
1790443140000,1071,890,3121,2950,0
1790443200000,1003,866,3121,2950,0
1790443260000,897,863,3121,2950,0
1790443320000,870,870,2129,19157,0
1790443380000,870,870,2129,19157,0
1790443440000,856,856,2129,19157,0
1790443500000,863,863,2130,19157,0
1790443560000,935,866,3121,2950,0
1790443620000,898,863,3121,25986,0
1790443680000,872,872,2130,19158,0
1790443740000,857,857,2130,19158,0
1790443800000,872,872,2132,19158,0
1790443860000,880,877,3121,25986,0
1790443920000,850,848,3121,25985,0
1790443980000,836,836,3121,2950,0
1790444040000,849,847,3121,2950,0
1790444100000,852,849,3121,25984,0
1790444160000,882,875,3121,2950,0
1790444220000,881,876,3121,2950,0
1790444280000,863,862,3121,2950,0
1790444340000,969,865,3121,2950,0
1790444400000,893,859,2134,19163,0
1790444460000,949,880,3121,2950,0
1790444520000,858,858,2134,19198,0
1790444580000,892,858,3121,2950,0
1790444640000,936,864,3121,2950,0
1790444700000,923,853,3121,2950,0
1790444760000,924,853,3121,2950,0
1790444820000,921,851,3121,2950,0
1790444880000,920,850,3121,2950,0
1790444940000,921,851,3121,2950,0
1790445000000,844,844,2137,19201,0
1790445060000,843,843,2137,19201,0
1790445120000,844,844,2137,19202,0
1790445180000,848,844,3121,25941,0
1790445240000,845,844,2137,19202,0
1790445300000,847,845,3121,2950,0
1790445360000,1022,872,3121,2950,0
1790445420000,985,871,3121,2950,0
1790445480000,829,828,3121,2950,0
1790445540000,878,828,3121,2950,0
1790445600000,914,864,3121,2950,0
1790445660000,842,842,2141,19204,0
1790445720000,890,864,3121,2950,0
1790445780000,1009,894,3121,2950,0
1790445840000,947,883,3121,2950,0
1790445900000,921,881,3121,2950,0
1790445960000,881,833,3121,2950,0
1790446020000,955,878,3121,2950,0
1790446080000,921,845,3121,25927,0
1790446140000,886,846,3121,2950,0
1790446200000,924,847,3121,2950,0
1790446260000,887,847,3121,2950,0
1790446320000,843,843,2142,19249,0
1790446380000,885,846,3121,2950,0
1790446440000,885,846,3121,2950,0
1790446500000,902,863,3121,2950,0
1790446560000,900,861,3121,2950,0
1790446620000,900,861,3121,2950,0
1790446680000,900,861,3121,2950,0
1790446740000,858,858,2144,19251,0
1790446800000,857,857,2145,19251,0
1790446860000,859,859,2145,19252,0
1790446920000,860,858,3121,25888,0
1790446980000,845,845,2145,19252,0
1790447040000,858,857,3121,25886,0
1790447100000,988,880,3121,2950,0
1790447160000,906,872,2146,19253,0
1790447220000,968,861,3121,2950,0
1790447280000,891,857,3121,2950,0
1790447340000,856,856,2146,19287,0
1790447400000,899,865,3121,2950,0
1790447460000,856,856,2148,19289,0
1790447520000,897,863,3121,2950,0
1790447580000,928,859,3121,25850,0
1790447640000,981,875,3121,2950,0
1790447700000,895,860,3121,2950,0
1790447760000,943,866,3121,2950,0
1790447820000,929,854,3121,2950,0
1790447880000,927,853,3121,2950,0
1790447940000,1008,852,3121,2950,0
1790448000000,927,853,3121,2950,0
1790448060000,1008,853,3121,2950,0
1790448120000,844,844,2149,19291,0
1790448180000,844,844,2149,19291,0
1790448240000,856,851,3121,2950,0
1790448300000,864,857,3121,2950,0
1790448360000,847,847,2150,19291,0
1790448420000,864,855,3121,2950,0
1790448480000,854,854,3121,2950,0
1790448540000,849,849,2150,19295,0
1790448600000,846,846,2151,19295,0
1790448660000,848,848,3121,2950,0
1790448720000,847,847,3121,2950,0
1790448780000,845,845,2151,19296,0
1790448840000,845,845,2151,19296,0
1790448900000,845,845,2151,19296,0
1790448960000,845,845,2151,19296,0
1790449020000,847,846,3121,25841,0
1790449080000,846,846,2151,19296,0
1790449140000,845,845,2151,19296,0
1790449200000,860,856,3121,2950,0
1790449260000,858,856,3121,2950,0
1790449320000,880,876,3121,2950,0
1790449380000,867,865,3121,2950,0
1790449440000,856,854,3121,25839,0
1790449500000,857,855,3121,25838,0
1790449560000,861,855,3121,2950,0
1790449620000,855,852,3121,2950,0
1790449680000,858,852,3121,2950,0
1790449740000,863,854,3121,2950,0
1790449800000,853,853,3121,2950,0
1790449860000,860,854,3121,2950,0
1790449920000,852,852,2154,19305,0
1790449980000,852,851,3121,25834,0
1790450040000,851,851,2154,19305,0
1790450100000,852,852,2156,19305,0
1790450160000,853,853,3121,2950,0
1790450220000,850,850,2156,19307,0
1790450280000,851,851,3121,2950,0
1790450340000,853,853,3121,2950,0
1790450400000,860,854,3121,2950,0
1790450460000,856,850,3121,25833,0
1790450520000,852,852,2157,19308,0
1790450580000,854,852,3121,25833,0
1790450640000,852,852,2157,19308,0
1790450700000,853,853,3121,2950,0
1790450760000,851,851,2158,19309,0
1790450820000,855,854,3121,2950,0
1790450880000,853,852,2158,19310,0
1790450940000,855,854,3121,2950,0
1790451000000,859,857,3121,2950,0
1790451060000,864,857,3121,2950,0
1790451120000,853,850,2160,19312,0
1790451180000,857,851,3121,2950,0
1790451240000,850,850,2160,19315,0
1790451300000,850,850,2160,19315,0
1790451360000,869,857,3121,2950,0
1790451420000,875,865,3121,2950,0
1790451480000,877,862,3121,2950,0
1790451540000,883,861,3121,2950,0
1790451600000,864,852,3121,25822,0
1790451660000,853,853,3121,2950,0
1790451720000,864,858,2160,19328,0
1790451780000,867,861,3121,25822,0
1790451840000,861,861,2160,19328,0
1790451900000,862,862,2161,19328,0
1790451960000,862,862,2161,19329,0
1790452020000,862,862,2161,19329,0
1790452080000,871,865,3121,25822,0
1790452140000,865,865,2161,19329,0
1790452200000,877,864,3121,25822,0
1790452260000,865,859,2162,19329,0
1790452320000,872,860,3121,2950,0
1790452380000,862,862,2162,19336,0
1790452440000,869,863,3121,2950,0
1790452500000,869,866,2163,19336,0
1790452560000,872,866,3121,2950,0
1790452620000,865,865,2163,19340,0
1790452680000,868,865,3121,2950,0
1790452740000,865,865,2163,19340,0
1790452800000,872,869,3121,2950,0
1790452860000,862,862,2167,19340,0
1790452920000,877,872,3121,2950,0
1790452980000,867,866,3121,25812,0
1790453040000,866,866,2167,19344,0
1790453100000,870,868,3121,2950,0
1790453160000,903,896,3121,2950,0
1790453220000,873,868,3121,2950,0
1790453280000,875,869,3121,25811,0
1790453340000,883,871,3121,2950,0
1790453400000,877,868,3121,2950,0
1790453460000,864,863,2169,19346,0
1790453520000,863,862,2169,19347,0
1790453580000,869,862,3121,2950,0
1790453640000,864,861,2169,19347,0
1790453700000,874,867,3121,2950,0
1790453760000,867,866,3121,25803,0
1790453820000,866,866,2171,19352,0
1790453880000,866,866,3121,2950,0
1790453940000,864,864,2171,19352,0
1790454000000,856,856,3121,2950,0
1790454060000,867,867,3121,2950,0
1790454120000,865,865,2172,19353,0
1790454180000,865,865,2172,19353,0
1790454240000,865,865,2172,19353,0
1790454300000,969,896,3121,2950,0
1790454360000,920,882,3121,2950,0
1790454420000,944,876,3121,2950,0
1790454480000,917,881,3121,2950,0
1790454540000,875,875,2173,19388,0
1790454600000,877,877,2175,19388,0
1790454660000,917,881,3121,2950,0
1790454720000,875,875,2175,19390,0
1790454780000,915,879,3121,2950,0
1790454840000,915,879,3121,2950,0
1790454900000,882,880,3121,25767,0
1790454960000,880,880,2176,19391,0
1790455020000,879,879,3121,2950,0
1790455080000,879,879,3121,2950,0
1790455140000,1010,914,3121,2950,0
1790455200000,1327,895,3121,2950,0
1790455260000,1158,801,3121,2950,0
1790455320000,1248,778,3121,2950,0
1790455380000,919,751,3121,2950,0
1790455440000,1435,779,3121,2950,0
1790455500000,1335,893,3121,2950,0
1790455560000,923,845,3121,25510,0
1790455620000,1893,843,3121,2950,0
1790455680000,1158,719,3121,2950,0
1790455740000,653,650,2178,19643,0
1790455800000,1015,742,3121,25508,0
1790455860000,1050,860,3121,2950,0
1790455920000,1191,867,3121,2950,0
1790455980000,1074,884,3121,2950,0
1790456040000,1069,887,3121,2950,0
1790456100000,1076,894,3121,2950,0
1790456160000,891,891,2179,19805,0
1790456220000,1073,891,3121,2950,0
1790456280000,894,888,3121,25366,0
1790456340000,888,888,2179,19805,0
1790456400000,891,891,2182,19805,0
1790456460000,1078,897,3121,2950,0
1790456520000,1060,893,3121,2950,0
1790456580000,1063,893,3121,2950,0
1790456640000,1139,932,3121,2950,0
1790456700000,1111,930,3121,2950,0
1790456760000,887,887,2183,19811,0
1790456820000,901,901,2183,19812,0
1790456880000,900,900,2183,19812,0
1790456940000,887,887,2183,19812,0
1790457000000,901,901,2184,19812,0
1790457060000,901,901,2184,19813,0
1790457120000,902,901,3121,25362,0
1790457180000,1412,930,3121,2950,0
1790457240000,1165,945,3121,2950,0
1790457300000,1202,946,3121,2950,0
1790457360000,1164,947,3121,2950,0
1790457420000,1153,963,3121,2950,0
1790457480000,1056,907,3121,2950,0
1790457540000,1689,980,3121,2950,0
1790457600000,1720,978,3121,2950,0
1790457660000,895,891,3121,25319,0
1790457720000,905,904,2187,19858,0
1790457780000,976,899,3121,25317,0
1790457840000,894,889,3121,2950,0
1790457900000,838,809,3121,25316,0
1790457960000,819,793,3121,25316,0
1790458020000,906,850,3121,2950,0
1790458080000,851,846,2188,19863,0
1790458140000,1392,1042,3121,2950,0
1790458200000,762,738,2190,19876,0
1790458260000,1119,935,3121,2950,0
1790458320000,740,728,3121,2950,0
1790458380000,711,705,2190,19879,0
1790458440000,1187,943,3121,2950,0
1790458500000,1143,943,3121,2950,0
1790458560000,821,771,3121,2950,0
1790458620000,731,731,3121,2950,0
1790458680000,712,712,2191,19925,0
1790458740000,763,742,3121,25255,0
1790458800000,915,882,3121,2950,0
1790458860000,886,884,3121,2950,0
1790458920000,863,862,3121,2950,0
1790458980000,911,906,3121,2950,0
1790459040000,867,865,3121,2950,0
1790459100000,876,875,3121,2950,0
1790459160000,866,865,2194,19983,0
1790459220000,976,970,3121,2950,0
1790459280000,876,873,3121,2950,0
1790459340000,854,850,3121,2950,0
1790459400000,956,931,3121,2950,0
1790459460000,955,930,3121,2950,0
1790459520000,956,933,3121,2950,0
1790459580000,1043,1002,3121,2950,0
1790459640000,1025,1003,3121,2950,0
1790459700000,992,971,3121,2950,0
1790459760000,978,971,3121,2950,0
1790459820000,1003,980,3121,2950,0
1790459880000,871,866,3121,2950,0
1790459940000,872,866,3121,2950,0
1790460000000,916,908,3121,2950,0
1790460060000,947,912,3121,2950,0
1790460120000,806,790,3121,2950,0
1790460180000,976,933,3121,2950,0
1790460240000,828,780,3121,2950,0
1790460300000,1273,958,3121,2950,0
1790460360000,2096,1007,3121,2950,0
1790460420000,2067,994,3121,2950,0
1790460480000,873,749,3121,2950,0
1790460540000,902,785,3121,2950,0
1790460600000,872,785,3121,25096,0
1790460660000,858,781,3121,2950,0
1790460720000,720,712,3121,25096,0
1790460780000,874,712,3121,2950,0
1790460840000,862,785,2201,20172,0
1790460900000,716,715,3121,25096,0
1790460960000,711,711,2203,20174,0
1790461020000,976,782,3121,2950,0
1790461080000,873,781,3121,2950,0
1790461140000,867,775,2203,20266,0
1790461200000,889,788,3121,2950,0
1790461260000,868,777,3121,2950,0
1790461320000,778,777,2204,20277,0
1790461380000,786,786,2204,20277,0
1790461440000,972,780,3121,25003,0
1790461500000,872,781,2205,20277,0
1790461560000,963,781,3121,2950,0
1790461620000,780,780,2205,20369,0
1790461680000,888,787,3121,2950,0
1790461740000,784,690,3121,2950,0
1790461800000,890,788,3121,2950,0
1790461860000,800,787,3121,24905,0
1790461920000,787,780,3121,2950,0
1790461980000,961,781,3121,2950,0
1790462040000,965,781,3121,2950,0
1790462100000,799,783,3121,2950,0
1790462160000,789,783,3121,2950,0
1790462220000,788,775,3121,2950,0
1790462280000,781,775,3121,2950,0
1790462340000,781,779,3121,24894,0
1790462400000,782,776,3121,2950,0
1790462460000,771,771,2209,20389,0
1790462520000,779,778,3121,24894,0
1790462580000,957,782,3121,24893,0
1790462640000,970,783,3121,24893,0
1790462700000,785,773,3121,2950,0
1790462760000,779,779,2211,20391,0
1790462820000,775,775,2211,20391,0
1790462880000,958,782,3121,2950,0
1790462940000,875,784,3121,24865,0
1790463000000,959,784,3121,2950,0
1790463060000,928,785,3121,2950,0
1790463120000,874,786,3121,2950,0
1790463180000,794,706,3121,2950,0
1790463240000,843,786,3121,24802,0
1790463300000,957,782,3121,24800,0
1790463360000,875,784,3121,2950,0
1790463420000,972,785,3121,2950,0
1790463480000,867,779,3121,2950,0
1790463540000,880,780,3121,2950,0
1790463600000,795,783,3121,24711,0
1790463660000,790,784,2216,20572,0
1790463720000,824,715,3121,2950,0
1790463780000,974,694,3121,2950,0
1790463840000,911,717,3121,2950,0
1790463900000,807,788,3121,2950,0
1790463960000,844,784,3121,24692,0
1790464020000,822,783,3121,2950,0
1790464080000,816,783,3121,2950,0
1790464140000,807,780,3121,2950,0
1790464200000,808,781,3121,2950,0
1790464260000,812,785,3121,2950,0
1790464320000,807,780,3121,2950,0
1790464380000,810,783,3121,2950,0
1790464440000,723,711,3121,2950,0
1790464500000,935,722,3121,2950,0
1790464560000,854,743,3121,2950,0
1790464620000,756,715,3121,2950,0
1790464680000,719,715,3121,2950,0
1790464740000,723,715,3121,2950,0
1790464800000,681,681,3121,2950,0
1790464860000,1988,962,3121,2950,0
1790464920000,2020,984,3121,2950,0
1790464980000,708,706,3121,24654,0
1790465040000,709,709,2221,20644,0
1790465100000,706,706,2222,20644,0
1790465160000,714,706,3121,24654,0
1790465220000,708,704,2222,20645,0
1790465280000,812,804,3121,2950,0
1790465340000,806,806,2222,20649,0
1790465400000,758,710,3121,2950,0
1790465460000,755,711,3121,24650,0
1790465520000,711,709,3121,24650,0
1790465580000,748,706,3121,24650,0
1790465640000,673,673,2224,20651,0
1790465700000,653,653,2225,20651,0
1790465760000,751,707,3121,24650,0
1790465820000,709,709,2225,20652,0
1790465880000,708,706,3121,24650,0
1790465940000,708,708,2225,20652,0
1790466000000,740,698,3121,24650,0
1790466060000,739,697,3121,24650,0
1790466120000,755,710,3121,24650,0
1790466180000,750,727,3121,24628,0
1790466240000,727,706,2226,20674,0
1790466300000,736,713,3121,2950,0
1790466360000,702,699,3121,24626,0
1790466420000,692,691,2227,20675,0
1790466480000,693,691,3121,2950,0
1790466540000,675,674,3121,2950,0
1790466600000,690,690,2227,20676,0
1790466660000,673,673,2227,20676,0
1790466720000,652,652,2227,20676,0
1790466780000,652,652,2227,20676,0
1790466840000,656,653,3121,2950,0
1790466900000,675,674,2227,20676,0
1790466960000,673,673,2227,20676,0
1790467020000,673,673,2227,20676,0
1790467080000,3269,961,3121,2950,0
1790467140000,1952,941,3121,2950,0
1790467200000,1955,942,3121,2950,0
1790467260000,716,709,3121,2950,0
1790467320000,709,706,3121,24620,0
1790467380000,857,810,3121,2950,0
1790467440000,730,708,3121,2950,0
1790467500000,706,706,2230,20683,0
1790467560000,705,705,2230,20684,0
1790467620000,704,704,2230,20684,0
1790467680000,748,704,3121,24618,0
1790467740000,726,704,2230,20684,0
1790467800000,859,806,3121,2950,0
1790467860000,828,802,3121,2950,0
1790467920000,809,801,3121,2950,0
1790467980000,854,803,3121,2950,0
1790468040000,886,802,3121,2950,0
1790468100000,923,805,3121,2950,0
1790468160000,911,804,3121,2950,0
1790468220000,920,802,3121,2950,0
1790468280000,801,801,2233,20768,0
1790468340000,1234,815,3121,2950,0
1790468400000,1111,815,3121,2950,0
1790468460000,909,799,2234,20879,0
1790468520000,903,793,3121,2950,0
1790468580000,924,802,3121,2950,0
1790468640000,917,802,3121,2950,0
1790468700000,925,803,3121,2950,0
1790468760000,799,798,2235,20885,0
1790468820000,798,797,2235,20886,0
1790468880000,797,797,2235,20886,0
1790468940000,797,797,2235,20886,0
1790469000000,800,799,3121,2950,0
1790469060000,1034,810,3121,2950,0
1790469120000,915,805,3121,2950,0
1790469180000,1050,809,3121,2950,0
1790469240000,830,709,3121,2950,0
1790469300000,846,716,3121,2950,0
1790469360000,842,716,3121,2950,0
1790469420000,1076,804,3121,24295,0
1790469480000,1023,805,3121,24295,0
1790469540000,705,705,2238,21009,0
1790469600000,705,705,2239,21009,0
1790469660000,705,705,2239,21010,0
1790469720000,729,729,2239,21010,0
1790469780000,725,725,2239,21010,0
1790469840000,725,725,2239,21010,0
1790469900000,731,731,2241,21010,0
1790469960000,731,731,2241,21012,0
1790470020000,828,801,2241,21012,0
1790470080000,854,800,3121,2950,0
1790470140000,827,800,3121,2950,0
1790470200000,829,802,3121,2950,0
1790470260000,856,802,3121,2950,0
1790470320000,828,801,2242,21040,0
1790470380000,801,801,2242,21040,0
1790470440000,801,801,2242,21040,0
1790470500000,802,802,2243,21040,0
1790470560000,802,802,2243,21041,0
1790470620000,801,801,2243,21041,0
1790470680000,801,801,2243,21041,0
1790470740000,801,801,2243,21041,0
1790470800000,804,804,2246,21041,0
1790470860000,814,804,3121,24268,0
1790470920000,806,801,2246,21044,0
1790470980000,811,801,3121,2950,0
1790471040000,806,801,3121,2950,0
1790471100000,815,807,3121,2950,0
1790471160000,809,807,3121,2950,0
1790471220000,810,807,3121,2950,0
1790471280000,804,804,2247,21050,0
1790471340000,807,806,3121,2950,0
1790471400000,970,738,3121,2950,0
1790471460000,827,714,3121,2950,0
1790471520000,940,714,3121,2950,0
1790471580000,823,710,3121,2950,0
1790471640000,967,721,3121,2950,0
1790471700000,952,718,3121,2950,0
1790471760000,718,711,2250,21172,0
1790471820000,959,719,3121,2950,0
1790471880000,709,706,3121,2950,0
1790471940000,727,725,3121,24132,0
1790472000000,707,707,3121,2950,0
1790472060000,707,706,2251,21174,0
1790472120000,707,706,3121,2950,0
1790472180000,706,705,3121,2950,0
1790472240000,725,708,3121,2950,0
1790472300000,745,738,3121,2950,0
1790472360000,714,707,3121,2950,0
1790472420000,742,735,3121,2950,0
1790472480000,865,804,3121,2950,0
1790472540000,838,804,3121,2950,0
1790472600000,840,806,3121,2950,0
1790472660000,844,810,3121,2950,0
1790472720000,752,752,3121,2950,0
1790472780000,813,806,3121,2950,0
1790472840000,812,805,3121,2950,0
1790472900000,813,806,3121,2950,0
1790472960000,800,800,2255,21212,0
1790473020000,802,802,2255,21213,0
1790473080000,801,801,2255,21213,0
1790473140000,855,801,3121,24094,0
1790473200000,853,809,3121,2950,0
1790473260000,971,737,3121,2950,0
1790473320000,859,738,3121,2950,0
1790473380000,951,727,3121,2950,0
1790473440000,842,727,3121,2950,0
1790473500000,1092,742,3121,2950,0
1790473560000,1070,725,3121,2950,0
1790473620000,1068,726,3121,2950,0
1790473680000,1056,720,3121,2950,0
1790473740000,1051,719,3121,2950,0
1790473800000,1124,736,3121,2950,0
1790473860000,1313,733,3121,2950,0
1790473920000,1135,650,3121,2950,0
1790473980000,657,587,3121,23963,0
1790474040000,609,584,2258,21335,0
1790474100000,628,576,3121,2950,0
1790474160000,628,589,3121,2950,0
1790474220000,623,587,3121,2950,0
1790474280000,744,677,3121,2950,0
1790474340000,692,678,3121,23927,0
1790474400000,720,680,3121,2950,0
1790474460000,680,680,2262,21405,0
1790474520000,781,685,3121,2950,0
1790474580000,740,677,3121,2950,0
1790474640000,756,684,3121,2950,0
1790474700000,713,678,3121,2950,0
1790474760000,680,678,3121,23892,0
1790474820000,684,681,3121,23892,0
1790474880000,682,681,3121,23892,0
1790474940000,582,582,3121,2950,0
1790475000000,603,593,3121,2950,0
1790475060000,678,678,2264,21442,0
1790475120000,677,677,2264,21442,0
1790475180000,681,679,3121,23887,0
1790475240000,681,679,3121,2950,0
1790475300000,677,677,3121,2950,0
1790475360000,676,676,2266,21444,0
1790475420000,679,678,3121,23887,0
1790475480000,681,679,3121,23886,0
1790475540000,699,679,3121,2950,0
1790475600000,589,588,3121,2950,0
1790475660000,581,581,3121,2950,0
1790475720000,603,589,3121,2950,0
1790475780000,588,588,3121,2950,0
1790475840000,573,573,2267,21446,0
1790475900000,623,623,2268,21446,0
1790475960000,586,586,2268,21447,0
1790476020000,575,575,2268,21447,0
1790476080000,573,573,2268,21447,0
1790476140000,595,585,3121,23879,0
1790476200000,600,590,3121,2950,0
1790476260000,632,579,3121,2950,0
1790476320000,619,568,3121,23874,0
1790476380000,579,577,3121,2950,0
1790476440000,600,588,3121,23874,0
1790476500000,588,587,2271,21459,0
1790476560000,588,587,3121,2950,0
1790476620000,663,636,3121,2950,0
1790476680000,705,677,3121,2950,0
1790476740000,680,680,3121,2950,0
1790476800000,681,681,3121,2950,0
1790476860000,680,680,3121,2950,0
1790476920000,679,679,3121,2950,0
1790476980000,677,677,2272,21462,0
1790477040000,677,677,2272,21462,0
1790477100000,680,679,3121,23870,0
1790477160000,677,677,2273,21463,0
1790477220000,680,680,3121,2950,0
1790477280000,826,689,3121,2950,0
1790477340000,758,688,3121,23869,0
1790477400000,746,684,3121,2950,0
1790477460000,678,678,2274,21469,0
1790477520000,680,680,2274,21470,0
1790477580000,679,679,3121,2950,0
1790477640000,748,678,3121,23868,0
1790477700000,714,679,2275,21470,0
1790477760000,749,679,3121,2950,0
1790477820000,713,678,3121,2950,0
1790477880000,678,678,2275,21506,0
1790477940000,855,693,3121,2950,0
1790478000000,787,691,3121,2950,0
1790478060000,684,684,2277,21506,0
1790478120000,688,687,3121,23833,0
1790478180000,765,680,3121,2950,0
1790478240000,726,677,3121,2950,0
1790478300000,722,679,3121,2950,0
1790478360000,626,620,3121,2950,0
1790478420000,612,608,3121,2950,0
1790478480000,572,572,2278,21514,0
1790478540000,710,678,3121,2950,0
1790478600000,678,678,2279,21544,0
1790478660000,685,676,3121,23795,0
1790478720000,679,675,2279,21545,0
1790478780000,683,675,3121,2950,0
1790478840000,674,674,2279,21549,0
1790478900000,743,679,3121,2950,0
1790478960000,717,681,3121,2950,0
1790479020000,709,679,2280,21580,0
1790479080000,714,680,3121,2950,0
1790479140000,715,681,3121,2950,0
1790479200000,773,692,3121,2950,0
1790479260000,789,714,3121,2950,0
1790479320000,794,713,3121,2950,0
1790479380000,1040,735,3121,2950,0
1790479440000,926,736,3121,2950,0
1790479500000,1061,748,3121,2950,0
1790479560000,745,745,2282,21703,0
1790479620000,933,747,3121,2950,0
1790479680000,740,740,2282,21703,0
1790479740000,984,745,3121,23637,0
1790479800000,864,745,2284,21703,0
1790479860000,983,745,3121,2950,0
1790479920000,876,744,3121,2950,0
1790479980000,836,715,3121,2950,0
1790480040000,821,715,3121,2950,0
1790480100000,734,728,3121,2950,0
1790480160000,732,732,2285,21831,0
1790480220000,731,731,2285,21831,0
1790480280000,732,732,2285,21831,0
1790480340000,976,744,3121,23510,0
1790480400000,977,745,3121,23510,0
1790480460000,732,732,2286,21832,0
1790480520000,733,733,2286,21832,0
1790480580000,733,733,2286,21832,0
1790480640000,731,731,2286,21832,0
1790480700000,980,747,3121,23510,0
1790480760000,864,749,2288,21834,0
1790480820000,1245,748,3121,2950,0
1790480880000,1053,748,3121,2950,0
1790480940000,744,744,2288,21949,0
1790481000000,743,743,2289,21949,0
1790481060000,975,745,3121,23392,0
1790481120000,974,744,3121,23392,0
1790481180000,742,742,2289,21950,0
1790481240000,742,742,2289,21950,0
1790481300000,743,743,2290,21950,0
1790481360000,732,732,2290,21951,0
1790481420000,731,731,2290,21951,0
1790481480000,731,731,2290,21951,0
1790481540000,733,733,2290,21951,0
1790481600000,746,746,2294,21951,0
1790481660000,746,746,2294,21955,0
1790481720000,742,742,2294,21955,0
1790481780000,973,743,3121,23392,0
1790481840000,974,744,3121,23392,0
1790481900000,736,735,3121,23392,0
1790481960000,733,733,2295,21956,0
1790482020000,873,739,3121,2950,0
1790482080000,823,717,3121,2950,0
1790482140000,701,689,3121,2950,0
1790482200000,689,689,2296,21962,0
1790482260000,897,721,3121,2950,0
1790482320000,815,712,3121,2950,0
1790482380000,670,622,3121,23354,0
1790482440000,891,713,3121,2950,0
1790482500000,678,677,3121,23348,0
1790482560000,676,676,2298,21999,0
1790482620000,740,679,3121,23348,0
1790482680000,715,685,2298,21999,0
1790482740000,745,685,3121,2950,0
1790482800000,685,685,2299,22029,0
1790482860000,686,686,2299,22030,0
1790482920000,678,678,2299,22030,0
1790482980000,684,684,2299,22030,0
1790483040000,684,684,2299,22030,0
1790483100000,685,685,2300,22030,0
1790483160000,684,684,2300,22030,0
1790483220000,685,685,2300,22031,0
1790483280000,791,689,3121,2950,0
1790483340000,779,711,3121,2950,0
1790483400000,842,737,3121,2950,0
1790483460000,1060,756,3121,2950,0
1790483520000,931,749,3121,2950,0
1790483580000,1184,772,3121,2950,0
1790483640000,1077,781,3121,2950,0
1790483700000,841,841,2303,22185,0
1790483760000,1049,753,3121,2950,0
1790483820000,999,769,3121,23157,0
1790483880000,1314,849,3121,2950,0
1790483940000,1376,850,3121,2950,0
1790484000000,1261,850,3121,2950,0
1790484060000,1261,850,3121,2950,0
1790484120000,861,840,3121,2950,0
1790484180000,1274,852,3121,2950,0
1790484240000,1068,838,3121,23042,0
1790484300000,954,839,2306,22302,0
1790484360000,1505,856,3121,2950,0
1790484420000,1395,861,3121,2950,0
1790484480000,777,777,2306,22425,0
1790484540000,773,773,2306,22425,0
1790484600000,846,846,2307,22425,0
1790484660000,846,846,2307,22426,0
1790484720000,844,844,2307,22426,0
1790484780000,845,845,2307,22426,0
1790484840000,845,845,2307,22426,0
1790484900000,844,844,2307,22426,0
1790484960000,845,845,2307,22426,0
1790485020000,844,844,2307,22426,0
1790485080000,845,845,2307,22426,0
1790485140000,898,844,3121,22922,0
1790485200000,904,849,3121,22922,0
1790485260000,850,849,3121,22922,0
1790485320000,866,850,3121,2950,0
1790485380000,762,750,3121,2950,0
1790485440000,766,750,3121,2950,0
1790485500000,765,755,3121,2950,0
1790485560000,751,750,3121,2950,0
1790485620000,761,753,3121,2950,0
1790485680000,823,743,3121,2950,0
1790485740000,834,754,3121,2950,0
1790485800000,749,749,2312,22438,0
1790485860000,838,750,3121,2950,0
1790485920000,793,749,3121,2950,0
1790485980000,792,749,2312,22483,0
1790486040000,791,748,3121,2950,0
1790486100000,748,748,2314,22483,0
1790486160000,748,748,2314,22485,0
1790486220000,746,746,2314,22485,0
1790486280000,840,751,3121,22869,0
1790486340000,785,741,2314,22485,0
1790486400000,830,742,3121,2950,0
1790486460000,740,740,2315,22529,0
1790486520000,740,740,2315,22529,0
1790486580000,740,740,2315,22529,0
1790486640000,741,741,2315,22530,0
1790486700000,741,741,2316,22530,0
1790486760000,741,741,2316,22531,0
1790486820000,740,740,2316,22531,0
1790486880000,740,740,2316,22531,0
1790486940000,750,750,2316,22531,0
1790487000000,897,755,3121,2950,0
1790487060000,843,745,3121,2950,0
1790487120000,883,743,3121,2950,0
1790487180000,816,720,3121,2950,0
1790487240000,784,694,3121,2950,0
1790487300000,826,697,3121,2950,0
1790487360000,1000,687,3121,2950,0
1790487420000,1770,709,3121,2950,0
1790487480000,1381,698,3121,2950,0
1790487540000,722,633,3121,2950,0
1790487600000,685,642,3121,22736,0
1790487660000,679,649,3121,2950,0
1790487720000,653,650,2320,22676,0
1790487780000,644,641,3121,2950,0
1790487840000,641,641,2320,22676,0
1790487900000,685,635,3121,2950,0
1790487960000,660,635,2322,22678,0
1790488020000,703,641,3121,22733,0
1790488080000,705,641,3121,22733,0
1790488140000,642,641,2322,22678,0
1790488200000,677,655,3121,2950,0
1790488260000,767,692,3121,2950,0
1790488320000,739,691,3121,2950,0
1790488380000,822,750,3121,2950,0
1790488440000,794,753,3121,2950,0
1790488500000,795,754,3121,2950,0
1790488560000,796,755,3121,2950,0
1790488620000,796,753,3121,2950,0
1790488680000,871,754,3121,2950,0
1790488740000,828,752,3121,22693,0
1790488800000,755,755,2327,22720,0
1790488860000,752,752,2327,22723,0
1790488920000,827,750,3121,22693,0
1790488980000,699,661,2327,22723,0
1790489040000,739,661,3121,2950,0
1790489100000,704,661,3121,2950,0
1790489160000,693,652,3121,2950,0
1790489220000,696,653,3121,2950,0
1790489280000,684,644,3121,2950,0
1790489340000,676,644,3121,2950,0
1790489400000,688,647,3121,2950,0
1790489460000,690,594,3121,22649,0
1790489520000,679,632,3121,2950,0
1790489580000,635,591,2329,22808,0
1790489640000,645,593,3121,2950,0
1790489700000,647,595,3121,2950,0
1790489760000,643,642,3121,22605,0
1790489820000,642,642,2331,22810,0
1790489880000,650,634,3121,2950,0
1790489940000,609,601,2331,22810,0
1790490000000,704,641,3121,2950,0
1790490060000,696,641,3121,2950,0
1790490120000,591,591,2332,22811,0
1790490180000,632,632,3121,2950,0
1790490240000,629,629,3121,2950,0
1790490300000,630,630,3121,2950,0
1790490360000,535,535,2333,22812,0
1790490420000,533,533,2333,22812,0
1790490480000,533,533,2333,22812,0
1790490540000,601,592,3121,22596,0
1790490600000,602,593,3121,22596,0
1790490660000,609,601,2334,22821,0
1790490720000,646,644,3121,2950,0
1790490780000,660,657,3121,2950,0
1790490840000,657,656,3121,2950,0
1790490900000,644,642,3121,22594,0
1790490960000,643,642,2335,22824,0
1790491020000,643,641,3121,2950,0
1790491080000,641,641,2335,22825,0
1790491140000,658,655,3121,2950,0
1790491200000,646,646,2336,22825,0
1790491260000,656,655,3121,22593,0
1790491320000,651,651,2336,22826,0
1790491380000,650,650,2336,22826,0
1790491440000,651,651,3121,2950,0
1790491500000,655,654,3121,22592,0
1790491560000,644,644,2338,22828,0
1790491620000,642,642,3121,2950,0
1790491680000,642,642,3121,2950,0
1790491740000,645,643,3121,2950,0
1790491800000,661,655,3121,2950,0
1790491860000,650,649,2339,22828,0
1790491920000,654,653,3121,2950,0
1790491980000,649,647,3121,2950,0
1790492040000,647,647,2339,22830,0
1790492100000,740,664,3121,2950,0
1790492160000,702,664,3121,2950,0
1790492220000,845,755,3121,2950,0
1790492280000,738,700,3121,2950,0
1790492340000,650,650,2340,22869,0
1790492400000,662,662,2343,22869,0
1790492460000,652,651,3121,22550,0
1790492520000,643,643,3121,2950,0
1790492580000,643,643,3121,2950,0
1790492640000,639,639,2343,22872,0
1790492700000,642,642,3121,2950,0
1790492760000,649,646,3121,22549,0
1790492820000,642,642,2344,22873,0
1790492880000,642,642,3121,2950,0
1790492940000,642,642,2344,22873,0
1790493000000,642,642,2345,22873,0
1790493060000,642,642,2345,22874,0
1790493120000,659,656,3121,2950,0
1790493180000,644,644,2345,22874,0
1790493240000,652,652,2345,22874,0
1790493300000,645,644,3121,22546,0
1790493360000,640,640,2347,22874,0
1790493420000,658,657,3121,2950,0
1790493480000,651,651,2347,22876,0
1790493540000,851,757,3121,2950,0
1790493600000,796,755,3121,2950,0
1790493660000,827,751,3121,2950,0
1790493720000,788,750,3121,2950,0
1790493780000,749,749,2348,22915,0
1790493840000,690,690,2348,22915,0
1790493900000,661,661,2349,22915,0
1790493960000,650,650,2349,22915,0
1790494020000,650,650,2349,22915,0
1790494080000,655,653,3121,22505,0
1790494140000,654,652,3121,22503,0
1790494200000,652,651,3121,2950,0
1790494260000,653,651,3121,2950,0
1790494320000,654,653,3121,2950,0
1790494380000,651,647,3121,2950,0
1790494440000,628,610,3121,2950,0
1790494500000,640,614,3121,2950,0
1790494560000,659,638,3121,2950,0
1790494620000,647,631,3121,2950,0
1790494680000,647,631,3121,2950,0
1790494740000,643,631,3121,2950,0
1790494800000,714,615,3121,2950,0
1790494860000,611,606,3121,2950,0
1790494920000,712,615,3121,2950,0
1790494980000,613,607,3121,2950,0
1790495040000,554,549,3121,2950,0
1790495100000,535,535,3121,2950,0
1790495160000,534,534,2353,22937,0
1790495220000,534,534,3121,2950,0
1790495280000,650,643,3121,2950,0
1790495340000,1346,725,3121,2950,0
1790495400000,972,680,3121,2950,0
1790495460000,375,369,2353,22937,0
1790495520000,381,369,3121,2950,0
1790495580000,1331,680,3121,2950,0
1790495640000,475,475,2353,22984,0
1790495700000,473,473,2353,22984,0
1790495760000,409,409,2353,22984,0
1790495820000,531,511,3121,2950,0
1790495880000,371,369,2353,22984,0
1790495940000,498,485,3121,2950,0
1790496000000,376,373,3121,22464,0
1790496060000,492,480,3121,2950,0
1790496120000,627,485,3121,2950,0
1790496180000,483,469,3121,2950,0
1790496240000,597,455,3121,2950,0
1790496300000,341,339,3121,2950,0
1790496360000,343,340,3121,2950,0
1790496420000,341,340,2355,22992,0
1790496480000,342,340,3121,2950,0
1790496540000,340,340,2355,22992,0
1790496600000,340,340,2355,22992,0
1790496660000,339,339,2355,22992,0
1790496720000,359,354,3121,22461,0
1790496780000,373,371,2355,22993,0
1790496840000,342,340,2355,22995,0
1790496900000,343,341,3121,2950,0
1790496960000,344,340,3121,2950,0
1790497020000,488,340,3121,22459,0
1790497080000,503,353,3121,2950,0
1790497140000,360,354,3121,2950,0
1790497200000,358,354,3121,22459,0
1790497260000,346,341,3121,2950,0
1790497320000,355,354,3121,22459,0
1790497380000,356,355,3121,22459,0
1790497440000,372,372,2356,22996,0
1790497500000,371,371,2356,22996,0
1790497560000,355,355,3121,2950,0
1790497620000,373,371,3121,22458,0
1790497680000,373,371,3121,22458,0
1790497740000,354,354,2356,22996,0
1790497800000,372,372,2357,22996,0
1790497860000,376,372,3121,22458,0
1790497920000,490,341,3121,22458,0
1790497980000,396,322,2357,22997,0
1790498040000,494,342,3121,2950,0
1790498100000,360,356,3121,2950,0
1790498160000,356,356,2357,23074,0
1790498220000,356,356,2357,23074,0
1790498280000,380,375,3121,2950,0
1790498340000,378,375,3121,2950,0
1790498400000,357,352,3121,2950,0
1790498460000,378,374,3121,2950,0
1790498520000,385,381,3121,2950,0
1790498580000,393,381,3121,2950,0
1790498640000,376,373,3121,22379,0
1790498700000,352,351,2360,23077,0
1790498760000,380,374,2360,23080,0
1790498820000,384,373,3121,2950,0
1790498880000,379,373,3121,2950,0
1790498940000,381,373,3121,2950,0
1790499000000,357,356,3121,2950,0
1790499060000,382,381,3121,2950,0
1790499120000,381,380,3121,2950,0
1790499180000,364,363,3121,2950,0
1790499240000,364,363,3121,2950,0
1790499300000,356,356,2361,23086,0
1790499360000,373,373,2361,23086,0
1790499420000,368,363,3121,2950,0
1790499480000,360,356,3121,22372,0
1790499540000,368,363,3121,2950,0
1790499600000,378,375,3121,22370,0
1790499660000,381,376,3121,2950,0
1790499720000,353,350,3121,2950,0
1790499780000,356,351,3121,2950,0
1790499840000,356,352,3121,2950,0
1790499900000,392,384,3121,2950,0
1790499960000,525,483,3121,2950,0
1790500020000,508,482,3121,2950,0
1790500080000,514,478,3121,2950,0
1790500140000,689,583,3121,2950,0
1790500200000,709,643,3121,2950,0
1790500260000,708,643,3121,2950,0
1790500320000,621,580,3121,2950,0
1790500380000,520,516,3121,2950,0
1790500440000,519,515,3121,22304,0
1790500500000,553,517,3121,22304,0
1790500560000,553,517,3121,22304,0
1790500620000,515,515,2366,23155,0
1790500680000,515,515,2366,23155,0
1790500740000,515,515,2366,23155,0
1790500800000,516,516,2367,23155,0
1790500860000,515,515,2367,23155,0
1790500920000,516,516,2367,23156,0
1790500980000,515,515,2367,23156,0
1790501040000,515,515,2367,23156,0
1790501100000,520,516,3121,22304,0
1790501160000,381,379,2368,23156,0
1790501220000,485,481,3121,2950,0
1790501280000,482,480,3121,2950,0
1790501340000,373,373,2368,23159,0
1790501400000,376,374,3121,2950,0
1790501460000,386,374,3121,2950,0
1790501520000,406,398,3121,2950,0
1790501580000,379,376,3121,2950,0
1790501640000,381,376,3121,2950,0
1790501700000,401,399,3121,2950,0
1790501760000,353,351,3121,22299,0
1790501820000,352,350,3121,22299,0
1790501880000,375,375,2371,23164,0
1790501940000,373,373,2371,23164,0
1790502000000,386,377,3121,2950,0
1790502060000,380,377,2372,23165,0
1790502120000,356,356,2372,23165,0
1790502180000,356,356,2372,23165,0
1790502240000,377,373,3121,22299,0
1790502300000,498,350,3121,2950,0
1790502360000,531,343,3121,2950,0
1790502420000,516,343,3121,2950,0
1790502480000,499,342,3121,2950,0
1790502540000,421,275,3121,2950,0
1790502600000,265,265,2372,23238,0
1790502660000,300,227,3121,2950,0
1790502720000,300,227,3121,2950,0
1790502780000,437,265,3121,22217,0
1790502840000,444,333,3121,22136,0
1790502900000,522,336,3121,2950,0
1790502960000,422,336,3121,2950,0
1790503020000,265,265,2372,23339,0
1790503080000,227,227,2372,23339,0
1790503140000,265,265,2372,23339,0
1790503200000,265,265,2372,23339,0
1790503260000,265,265,2372,23339,0
1790503320000,227,227,2372,23339,0
1790503380000,265,265,2372,23339,0
1790503440000,265,265,2372,23339,0
1790503500000,265,265,2372,23339,0
1790503560000,265,265,2372,23339,0
1790503620000,265,265,2372,23339,0
1790503680000,230,229,3121,2950,0
1790503740000,229,229,3121,2950,0
1790503800000,228,228,3121,2950,0
1790503860000,228,228,3121,2950,0
1790503920000,155,155,2372,23339,0
1790503980000,235,235,3121,2950,0
1790504040000,271,229,3121,2950,0
1790504100000,324,303,3121,2950,0
1790504160000,256,235,3121,2950,0
1790504220000,183,162,3121,2950,0
1790504280000,162,162,2372,23360,0
1790504340000,155,155,2372,23360,0
1790504400000,155,155,2372,23360,0
1790504460000,156,156,2372,23360,0
1790504520000,156,156,2372,23360,0
1790504580000,155,155,2372,23360,0
1790504640000,157,156,2372,23361,0
1790504700000,228,228,2372,23361,0
1790504760000,266,266,2372,23361,0
1790504820000,266,266,2372,23361,0
1790504880000,228,228,2372,23361,0
1790504940000,228,228,2372,23361,0
1790505000000,267,267,2373,23361,0
1790505060000,267,267,2373,23362,0
1790505120000,266,266,2373,23362,0
1790505180000,266,266,2373,23362,0
1790505240000,266,266,2373,23362,0
1790505300000,229,229,2374,23362,0
1790505360000,267,267,2374,23363,0
1790505420000,268,267,3121,22110,0
1790505480000,335,335,2374,23363,0
1790505540000,335,335,3121,2950,0
1790505600000,336,336,3121,2950,0
1790505660000,335,335,2375,23364,0
1790505720000,615,355,3121,2950,0
1790505780000,515,339,3121,2950,0
1790505840000,658,356,3121,2950,0
1790505900000,377,357,2377,23452,0
1790505960000,571,358,3121,2950,0
1790506020000,376,355,3121,2950,0
1790506080000,376,355,3121,2950,0
1790506140000,402,357,3121,2950,0
1790506200000,773,362,3121,2950,0
1790506260000,449,359,3121,2950,0
1790506320000,738,372,3121,2950,0
1790506380000,651,373,3121,2950,0
1790506440000,651,373,3121,2950,0
1790506500000,652,374,3121,2950,0
1790506560000,535,360,3121,2950,0
1790506620000,444,358,3121,2950,0
1790506680000,574,360,3121,2950,0
1790506740000,469,359,3121,2950,0
1790506800000,494,362,3121,2950,0
1790506860000,468,362,3121,2950,0
1790506920000,449,343,3121,2950,0
1790506980000,338,338,2381,23673,0
1790507040000,355,355,2381,23673,0
1790507100000,455,346,3121,2950,0
1790507160000,452,345,3121,2950,0
1790507220000,334,334,2382,23674,0
1790507280000,452,345,3121,2950,0
1790507340000,383,297,3121,2950,0
1790507400000,267,267,2383,23674,0
1790507460000,384,298,3121,2950,0
1790507520000,268,267,3121,21800,0
1790507580000,267,267,2383,23675,0
1790507640000,267,267,3121,2950,0
1790507700000,267,267,2384,23675,0
1790507760000,341,340,3121,2950,0
1790507820000,572,359,3121,21798,0
1790507880000,483,357,3121,2950,0
1790507940000,441,355,2384,23762,0
1790508000000,358,357,3121,2950,0
1790508060000,444,358,3121,2950,0
1790508120000,340,339,3121,21711,0
1790508180000,267,267,2385,23763,0
1790508240000,270,269,3121,2950,0
1790508300000,270,270,3121,2950,0
1790508360000,270,270,3121,2950,0
1790508420000,228,228,2386,23764,0
1790508480000,269,269,3121,2950,0
1790508540000,266,266,2386,23764,0
1790508600000,267,267,2387,23764,0
1790508660000,266,266,2387,23764,0
1790508720000,266,266,2387,23764,0
1790508780000,530,357,3121,21709,0
1790508840000,575,359,3121,2950,0
1790508900000,571,359,3121,2950,0
1790508960000,445,358,3121,2950,0
1790509020000,339,339,2388,23852,0
1790509080000,707,361,3121,2950,0
1790509140000,563,359,3121,21621,0
1790509200000,357,356,3121,21621,0
1790509260000,342,340,3121,21621,0
1790509320000,338,338,3121,2950,0
1790509380000,336,336,3121,2950,0
1790509440000,268,268,3121,2950,0
1790509500000,336,336,2391,23853,0
1790509560000,338,338,3121,2950,0
1790509620000,563,356,3121,21620,0
1790509680000,528,356,3121,21619,0
1790509740000,428,356,3121,2950,0
1790509800000,397,357,3121,2950,0
1790509860000,338,338,2392,23855,0
1790509920000,555,341,3121,21619,0
1790509980000,422,336,2392,23856,0
1790510040000,440,334,2392,23942,0
1790510100000,443,337,3121,2950,0
1790510160000,266,266,2393,23942,0
1790510220000,375,289,3121,2950,0
1790510280000,551,337,3121,2950,0
1790510340000,374,288,2393,23943,0
1790510400000,274,273,3121,2950,0
1790510460000,395,308,3121,2950,0
1790510520000,281,279,3121,2950,0
1790510580000,280,279,3121,2950,0
1790510640000,281,279,3121,2950,0
1790510700000,281,280,3121,2950,0
1790510760000,281,280,3121,2950,0
1790510820000,155,155,2398,23949,0
1790510880000,155,155,2398,23949,0
1790510940000,281,280,3121,2950,0
1790511000000,156,156,2398,23949,0
1790511060000,282,280,3121,2950,0
1790511120000,283,281,3121,2950,0
1790511180000,155,155,2398,23949,0
1790511240000,282,281,3121,2950,0
1790511300000,157,157,2399,23949,0
1790511360000,408,283,3121,2950,0
1790511420000,281,281,3121,2950,0
1790511480000,155,155,2399,23950,0
1790511540000,155,155,2399,23950,0
1790511600000,155,155,2399,23950,0
1790511660000,155,155,2399,23950,0
1790511720000,155,155,2399,23950,0
1790511780000,155,155,2399,23950,0
1790511840000,156,156,2399,23950,0
1790511900000,238,232,3121,21507,0
1790511960000,165,159,3121,21507,0
1790512020000,155,155,2399,23950,0
1790512080000,155,155,2399,23950,0
1790512140000,155,155,2399,23950,0
1790512200000,157,157,2401,23950,0
1790512260000,159,157,3121,21507,0
1790512320000,156,156,2401,23952,0
1790512380000,155,155,2401,23952,0
1790512440000,155,155,2401,23952,0
1790512500000,156,156,2402,23952,0
1790512560000,158,157,3121,21507,0
1790512620000,157,156,3121,21507,0
1790512680000,154,154,2402,23953,0
1790512740000,155,155,2402,23953,0
1790512800000,156,156,2403,23953,0
1790512860000,156,156,2403,23954,0
1790512920000,155,155,2403,23954,0
1790512980000,155,155,2403,23954,0
1790513040000,155,155,2403,23954,0
1790513100000,156,156,2404,23954,0
1790513160000,156,156,2404,23955,0
1790513220000,156,155,2404,23955,0
1790513280000,157,155,3121,2950,0
1790513340000,160,157,3121,2950,0
1790513400000,160,158,3121,21506,0
1790513460000,156,156,2405,23957,0
1790513520000,159,157,3121,21506,0
1790513580000,238,234,3121,21504,0
1790513640000,234,234,3121,2950,0
1790513700000,273,273,3121,2950,0
1790513760000,542,345,3121,2950,0
1790513820000,432,344,3121,2950,0
1790513880000,576,380,3121,2950,0
1790513940000,498,380,3121,2950,0
1790514000000,835,438,3121,2950,0
1790514060000,539,537,2409,24086,0
1790514120000,814,432,3121,2950,0
1790514180000,415,415,2409,24087,0
1790514240000,400,398,3121,21390,0
1790514300000,394,393,2410,24087,0
1790514360000,392,391,3121,2950,0
1790514420000,405,399,3121,2950,0
1790514480000,384,382,3121,2950,0
1790514540000,398,396,2410,24090,0
1790514600000,371,369,3121,2950,0
1790514660000,413,412,2411,24092,0
1790514720000,570,534,3121,21385,0
1790514780000,496,496,2411,24092,0
1790514840000,962,541,3121,2950,0
1790514900000,928,543,3121,2950,0
1790514960000,393,392,3121,21385,0
1790515020000,368,368,2412,24093,0
1790515080000,400,395,3121,2950,0
1790515140000,394,392,2412,24093,0
1790515200000,399,395,3121,2950,0
1790515260000,440,401,3121,2950,0
1790515320000,580,383,3121,2950,0
1790515380000,494,370,3121,2950,0
1790515440000,561,365,3121,2950,0
1790515500000,478,370,3121,2950,0
1790515560000,476,368,3121,2950,0
1790515620000,500,366,3121,2950,0
1790515680000,456,364,3121,2950,0
1790515740000,388,296,3121,2950,0
1790515800000,353,273,3121,2950,0
1790515860000,336,284,3121,2950,0
1790515920000,308,281,3121,2950,0
1790515980000,352,281,3121,2950,0
1790516040000,419,343,3121,2950,0
1790516100000,399,278,3121,2950,0
1790516160000,240,240,2416,24230,0
1790516220000,276,276,2416,24230,0
1790516280000,405,365,3121,21253,0
1790516340000,364,364,2416,24230,0
1790516400000,365,365,2417,24230,0
1790516460000,349,349,2417,24231,0
1790516520000,348,348,2417,24231,0
1790516580000,367,367,2417,24231,0
1790516640000,602,382,3121,21253,0
1790516700000,531,403,3121,21168,0
1790516760000,546,370,3121,2950,0
1790516820000,456,368,3121,2950,0
1790516880000,350,349,3121,21165,0
1790516940000,277,277,2419,24321,0
1790517000000,277,277,2420,24321,0
1790517060000,387,347,3121,2950,0
1790517120000,368,348,2420,24322,0
1790517180000,365,345,3121,2950,0
1790517240000,365,345,3121,2950,0
1790517300000,297,297,3121,2950,0
1790517360000,299,298,3121,2950,0
1790517420000,261,261,3121,2950,0
1790517480000,195,195,3121,2950,0
1790517540000,200,194,3121,2950,0
1790517600000,176,174,3121,21143,0
1790517660000,181,175,3121,21143,0
1790517720000,277,277,2423,24325,0
1790517780000,241,240,3121,21143,0
1790517840000,277,277,2423,24325,0
1790517900000,277,277,2424,24325,0
1790517960000,245,243,3121,2950,0
1790518020000,173,167,3121,21140,0
1790518080000,171,165,3121,21140,0
1790518140000,168,168,3121,2950,0
1790518200000,171,170,3121,2950,0
1790518260000,168,167,3121,21140,0
1790518320000,165,165,2425,24327,0
1790518380000,171,165,3121,21140,0
1790518440000,171,165,3121,21140,0
1790518500000,167,167,2427,24327,0
1790518560000,167,167,2427,24329,0
1790518620000,165,165,2427,24329,0
1790518680000,175,167,3121,21140,0
1790518740000,243,240,2427,24329,0
1790518800000,286,280,3121,2950,0
1790518860000,283,280,3121,2950,0
1790518920000,282,279,3121,2950,0
1790518980000,698,374,3121,2950,0
1790519040000,493,371,3121,21047,0
1790519100000,553,372,3121,2950,0
1790519160000,580,389,3121,2950,0
1790519220000,616,403,3121,2950,0
1790519280000,631,433,3121,2950,0
1790519340000,434,402,3121,2950,0
1790519400000,608,409,3121,2950,0
1790519460000,416,416,3121,2950,0
1790519520000,396,395,2431,24462,0
1790519580000,402,401,3121,2950,0
1790519640000,400,397,3121,2950,0
1790519700000,417,405,3121,2950,0
1790519760000,399,395,3121,2950,0
1790519820000,751,510,3121,2950,0
1790519880000,513,497,2432,24463,0
1790519940000,626,411,3121,2950,0
1790520000000,422,402,3121,2950,0
1790520060000,406,403,3121,21006,0
1790520120000,400,398,3121,21006,0
1790520180000,396,395,2433,24480,0
1790520240000,466,420,3121,2950,0
1790520300000,418,396,3121,2950,0
1790520360000,799,550,3121,2950,0
1790520420000,783,547,3121,2950,0
1790520480000,1960,883,3121,2950,0
1790520540000,1787,844,3121,2950,0
1790520600000,818,727,3121,2950,0
1790520660000,818,729,3121,2950,0
1790520720000,793,725,3121,2950,0
1790520780000,691,691,2436,24620,0
1790520840000,722,705,2436,24637,0
1790520900000,640,640,2437,24637,0
1790520960000,623,623,2437,24638,0
1790521020000,694,694,2437,24638,0
1790521080000,751,725,3121,20885,0
1790521140000,908,705,3121,20885,0
1790521200000,842,708,3121,20843,0
1790521260000,1107,840,3121,2950,0
1790521320000,2363,896,3121,2950,0
1790521380000,1796,865,3121,2950,0
1790521440000,937,826,3121,2950,0
1790521500000,1420,980,3121,2950,0
1790521560000,1244,893,3121,2950,0
1790521620000,873,826,3121,2950,0
1790521680000,853,825,3121,20758,0
1790521740000,928,825,3121,20758,0
1790521800000,909,774,3121,20717,0
1790521860000,958,823,3121,20713,0
1790521920000,869,825,3121,2950,0
1790521980000,839,825,3121,20713,0
1790522040000,859,825,3121,20713,0
1790522100000,826,826,2444,24819,0
1790522160000,869,753,3121,2950,0
1790522220000,819,727,3121,20700,0
1790522280000,814,706,3121,2950,0
1790522340000,759,707,3121,2950,0
1790522400000,722,716,3121,20660,0
1790522460000,782,729,3121,2950,0
1790522520000,709,707,3121,2950,0
1790522580000,772,726,3121,2950,0
1790522640000,814,738,3121,2950,0
1790522700000,728,727,3121,2950,0
1790522760000,1017,852,3121,2950,0
1790522820000,958,840,3121,20612,0
1790522880000,763,736,3121,2950,0
1790522940000,838,730,3121,2950,0
1790523000000,754,730,3121,2950,0
1790523060000,957,761,3121,2950,0
1790523120000,842,742,3121,2950,0
1790523180000,750,730,3121,20606,0
1790523240000,767,728,3121,2950,0
1790523300000,787,734,3121,2950,0
1790523360000,778,735,3121,2950,0
1790523420000,863,826,3121,2950,0
1790523480000,824,824,2449,24940,0
1790523540000,969,828,3121,2950,0
1790523600000,963,829,3121,2950,0
1790523660000,878,827,3121,2950,0
1790523720000,903,827,3121,2950,0
1790523780000,870,826,3121,2950,0
1790523840000,903,896,3121,2950,0
1790523900000,960,863,3121,2950,0
1790523960000,931,841,3121,20587,0
1790524020000,933,828,3121,20587,0
1790524080000,837,772,3121,20543,0
1790524140000,874,772,3121,2950,0
1790524200000,890,825,3121,2950,0
1790524260000,933,828,3121,2950,0
1790524320000,880,829,2453,25002,0
1790524380000,840,838,3121,20533,0
1790524440000,847,845,3121,20533,0
1790524500000,833,833,2454,25002,0
1790524560000,823,823,2454,25003,0
1790524620000,818,818,2454,25003,0
1790524680000,840,837,3121,20533,0
1790524740000,838,835,3121,20533,0
1790524800000,829,829,2458,25003,0
1790524860000,842,828,3121,20533,0
1790524920000,839,825,3121,20533,0
1790524980000,825,825,2458,25007,0
1790525040000,954,833,3121,20533,0
1790525100000,775,718,2459,25007,0
1790525160000,847,714,3121,2950,0
1790525220000,760,687,3121,2950,0
1790525280000,726,704,3121,2950,0
1790525340000,886,710,3121,2950,0
1790525400000,926,736,3121,2950,0
1790525460000,731,715,3121,20460,0
1790525520000,714,714,2460,25077,0
1790525580000,764,706,3121,20460,0
1790525640000,732,703,2460,25077,0
1790525700000,737,706,3121,2950,0
1790525760000,782,717,3121,2950,0
1790525820000,744,736,3121,20424,0
1790525880000,794,728,3121,2950,0
1790525940000,829,712,3121,2950,0
1790526000000,878,761,3121,2950,0
1790526060000,625,589,3121,2950,0
1790526120000,827,752,3121,2950,0
1790526180000,726,701,3121,2950,0
1790526240000,742,695,2463,25151,0
1790526300000,749,702,2464,25198,0
1790526360000,744,697,3121,2950,0
1790526420000,744,697,3121,2950,0
1790526480000,696,696,2464,25199,0
1790526540000,791,697,3121,20341,0
1790526600000,880,830,3121,20299,0
1790526660000,878,831,2466,25248,0
1790526720000,943,824,3121,2950,0
1790526780000,801,729,3121,2950,0
1790526840000,722,722,2466,25248,0
1790526900000,1010,849,3121,2950,0
1790526960000,949,844,3121,2950,0
1790527020000,935,827,3121,2950,0
1790527080000,1013,862,3121,2950,0
1790527140000,918,817,3121,2950,0
1790527200000,819,819,2468,25303,0
1790527260000,827,827,2468,25304,0
1790527320000,934,822,3121,20235,0
1790527380000,1229,904,3121,2950,0
1790527440000,1188,896,3121,2950,0
1790527500000,1102,875,3121,2950,0
1790527560000,1020,874,3121,2950,0
1790527620000,864,862,2470,25450,0
1790527680000,841,840,3121,2950,0
1790527740000,857,857,2470,25450,0
1790527800000,858,858,2471,25450,0
1790527860000,859,859,2471,25451,0
1790527920000,864,862,3121,2950,0
1790527980000,820,819,2471,25451,0
1790528040000,876,865,3121,20088,0
1790528100000,872,862,3121,20087,0
1790528160000,863,859,3121,2950,0
1790528220000,842,840,3121,20087,0
1790528280000,819,819,2472,25453,0
1790528340000,840,840,2472,25453,0
1790528400000,844,842,3121,20087,0
1790528460000,850,844,3121,20087,0
1790528520000,846,842,3121,20086,0
1790528580000,833,827,3121,2950,0
1790528640000,829,826,3121,20084,0
1790528700000,827,823,3121,2950,0
1790528760000,884,869,3121,2950,0
1790528820000,1501,1001,3121,2950,0
1790528880000,1147,904,3121,2950,0
1790528940000,1157,874,3121,2950,0
1790529000000,1020,877,3121,2950,0
1790529060000,1025,875,3121,2950,0
1790529120000,1020,874,3121,2950,0
1790529180000,1012,872,3121,2950,0
1790529240000,1011,871,3121,2950,0
1790529300000,875,874,2476,25601,0
1790529360000,822,820,3121,2950,0
1790529420000,820,819,3121,2950,0
1790529480000,821,819,3121,19934,0
1790529540000,844,840,3121,2950,0
1790529600000,820,819,2476,25603,0
1790529660000,819,819,2476,25603,0
1790529720000,819,819,2476,25603,0
1790529780000,819,819,2476,25603,0
1790529840000,821,819,3121,19934,0
1790529900000,811,810,2477,25603,0
1790529960000,818,816,3121,2950,0
1790530020000,819,819,2477,25605,0
1790530080000,819,819,2477,25605,0
1790530140000,819,819,2477,25605,0
1790530200000,821,821,2479,25605,0
1790530260000,848,841,3121,2950,0
1790530320000,830,828,3121,19932,0
1790530380000,833,829,3121,2950,0
1790530440000,835,830,3121,2950,0
1790530500000,762,739,3121,2950,0
1790530560000,757,737,3121,19928,0
1790530620000,741,738,3121,2950,0
1790530680000,825,825,2480,25609,0
1790530740000,848,822,3121,19928,0
1790530800000,857,828,3121,19928,0
1790530860000,811,810,2481,25610,0
1790530920000,809,808,2481,25611,0
1790530980000,826,825,3121,2950,0
1790531040000,823,823,2481,25611,0
1790531100000,847,828,3121,19926,0
1790531160000,735,735,2483,25613,0
1790531220000,738,724,3121,2950,0
1790531280000,797,729,3121,2950,0
1790531340000,731,721,3121,2950,0
1790531400000,740,709,3121,19911,0
1790531460000,789,722,3121,2950,0
1790531520000,739,707,3121,2950,0
1790531580000,710,707,2484,25646,0
1790531640000,707,707,2484,25646,0
1790531700000,773,722,3121,2950,0
1790531760000,753,721,3121,2950,0
1790531820000,739,708,3121,2950,0
1790531880000,708,707,3121,2950,0
1790531940000,677,675,3121,2950,0
1790532000000,741,711,3121,2950,0
1790532060000,708,708,3121,2950,0
1790532120000,679,679,2488,25651,0
1790532180000,710,709,3121,2950,0
1790532240000,710,709,3121,2950,0
1790532300000,798,734,3121,2950,0
1790532360000,734,734,3121,2950,0
1790532420000,714,710,3121,2950,0
1790532480000,679,679,2489,25652,0
1790532540000,685,684,3121,2950,0
1790532600000,685,685,3121,2950,0
1790532660000,797,702,3121,2950,0
1790532720000,741,693,3121,2950,0
1790532780000,694,692,3121,2950,0
1790532840000,685,635,3121,2950,0
1790532900000,679,654,3121,2950,0
1790532960000,732,652,3121,2950,0
1790533020000,628,588,3121,2950,0
1790533080000,659,590,3121,2950,0
1790533140000,667,591,3121,2950,0
1790533200000,623,588,3121,2950,0
1790533260000,774,662,3121,2950,0
1790533320000,611,589,3121,2950,0
1790533380000,748,633,3121,2950,0
1790533440000,716,630,3121,2950,0
1790533500000,619,556,3121,19804,0
1790533560000,576,556,3121,19804,0
1790533620000,452,452,2494,25735,0
1790533680000,451,447,3121,19804,0
1790533740000,575,503,3121,2950,0
1790533800000,616,536,3121,2950,0
1790533860000,598,598,2496,25739,0
1790533920000,462,462,2496,25739,0
1790533980000,449,447,3121,19802,0
1790534040000,451,447,3121,19802,0
1790534100000,452,448,3121,19802,0
1790534160000,452,448,3121,19802,0
1790534220000,577,505,3121,2950,0
1790534280000,430,427,2497,25742,0
1790534340000,576,505,3121,2950,0
1790534400000,429,428,3121,2950,0
1790534460000,429,428,3121,2950,0
1790534520000,578,506,3121,2950,0
1790534580000,607,530,3121,2950,0
1790534640000,602,526,3121,2950,0
1790534700000,454,449,3121,19798,0
1790534760000,451,449,2499,25747,0
1790534820000,451,447,3121,2950,0
1790534880000,449,447,3121,2950,0
1790534940000,446,446,2499,25749,0
1790535000000,447,447,2500,25749,0
1790535060000,596,590,3121,2950,0
1790535120000,434,428,3121,2950,0
1790535180000,427,423,3121,19794,0
1790535240000,425,422,3121,2950,0
1790535300000,434,429,3121,2950,0
1790535360000,472,471,3121,2950,0
1790535420000,456,451,3121,2950,0
1790535480000,595,518,3121,2950,0
1790535540000,574,502,3121,2950,0
1790535600000,767,538,3121,2950,0
1790535660000,608,535,3121,2950,0
1790535720000,467,455,3121,2950,0
1790535780000,454,450,3121,2950,0
1790535840000,431,427,3121,2950,0
1790535900000,428,428,2504,25763,0
1790535960000,469,456,3121,19786,0
1790536020000,459,454,2504,25765,0
1790536080000,457,452,2504,25770,0
1790536140000,459,454,3121,2950,0
1790536200000,453,442,3121,2950,0
1790536260000,449,442,3121,2950,0
1790536320000,442,440,3121,2950,0
1790536380000,427,427,3121,2950,0
1790536440000,452,441,3121,2950,0
1790536500000,447,443,3121,2950,0
1790536560000,473,429,3121,2950,0
1790536620000,444,420,3121,19774,0
1790536680000,467,427,3121,2950,0
1790536740000,453,426,3121,2950,0
1790536800000,429,423,3121,19758,0
1790536860000,447,443,3121,2950,0
1790536920000,443,439,3121,2950,0
1790536980000,479,462,3121,2950,0
1790537040000,472,457,3121,2950,0
1790537100000,453,453,2509,25797,0
1790537160000,485,465,3121,2950,0
1790537220000,494,475,3121,2950,0
1790537280000,487,465,3121,2950,0
1790537340000,474,463,3121,2950,0
1790537400000,680,576,3121,2950,0
1790537460000,642,574,3121,2950,0
1790537520000,740,609,3121,2950,0
1790537580000,671,609,3121,2950,0
1790537640000,503,487,3121,2950,0
1790537700000,488,481,3121,2950,0
1790537760000,495,481,3121,2950,0
1790537820000,488,478,3121,2950,0
1790537880000,480,473,3121,2950,0
1790537940000,480,473,3121,2950,0
1790538000000,453,453,2513,25870,0
1790538060000,493,479,3121,2950,0
1790538120000,488,478,3121,2950,0
1790538180000,454,452,2513,25873,0
1790538240000,454,452,3121,2950,0
1790538300000,451,441,3121,2950,0
1790538360000,479,463,3121,2950,0
1790538420000,421,421,2514,25875,0
1790538480000,476,461,3121,2950,0
1790538540000,444,440,3121,2950,0
1790538600000,441,434,3121,2950,0
1790538660000,442,439,3121,2950,0
1790538720000,457,455,3121,2950,0
1790538780000,470,462,3121,2950,0
1790538840000,437,434,3121,2950,0
1790538900000,450,436,3121,2950,0
1790538960000,437,434,3121,2950,0
1790539020000,427,427,2514,25881,0
1790539080000,440,433,3121,2950,0
1790539140000,440,433,3121,2950,0
1790539200000,445,437,3121,2950,0
1790539260000,436,434,3121,2950,0
1790539320000,430,426,3121,2950,0
1790539380000,460,456,3121,2950,0
1790539440000,452,452,2518,25889,0
1790539500000,483,464,3121,2950,0
1790539560000,443,438,3121,2950,0
1790539620000,443,437,3121,2950,0
1790539680000,465,462,3121,2950,0
1790539740000,458,456,3121,2950,0
1790539800000,441,439,3121,2950,0
1790539860000,443,441,3121,2950,0
1790539920000,426,424,3121,2950,0
1790539980000,426,424,3121,2950,0
1790540040000,431,426,3121,2950,0
1790540100000,430,427,3121,2950,0
1790540160000,452,443,3121,2950,0
1790540220000,442,438,3121,2950,0
1790540280000,442,439,3121,2950,0
1790540340000,438,438,3121,2950,0
1790540400000,507,489,3121,2950,0
1790540460000,602,577,3121,2950,0
1790540520000,585,568,3121,2950,0
1790540580000,916,682,3121,2950,0
1790540640000,779,618,3121,2950,0
1790540700000,706,604,3121,2950,0
1790540760000,771,669,3121,2950,0
1790540820000,742,666,3121,2950,0
1790540880000,988,682,3121,2950,0
1790540940000,824,683,3121,2950,0
1790541000000,819,669,3121,19560,0
1790541060000,670,605,3121,19531,0
1790541120000,873,736,3121,2950,0
1790541180000,789,716,3121,2950,0
1790541240000,679,651,3121,2950,0
1790541300000,816,718,3121,2950,0
1790541360000,755,705,3121,2950,0
1790541420000,702,702,2524,26064,0
1790541480000,702,702,2524,26064,0
1790541540000,707,706,3121,19483,0
1790541600000,708,707,3121,19483,0
1790541660000,703,703,2525,26065,0
1790541720000,647,647,2525,26065,0
1790541780000,772,670,3121,2950,0
1790541840000,630,606,2525,26065,0
1790541900000,707,608,3121,2950,0
1790541960000,669,669,2527,26091,0
1790542020000,964,769,3121,2950,0
1790542080000,834,728,3121,2950,0
1790542140000,750,718,3121,2950,0
1790542200000,700,697,3121,2950,0
1790542260000,852,706,3121,19450,0
1790542320000,765,714,2528,26095,0
1790542380000,785,683,3121,2950,0
1790542440000,907,758,3121,2950,0
1790542500000,761,752,3121,2950,0
1790542560000,746,735,3121,2950,0
1790542620000,790,734,3121,2950,0
1790542680000,797,732,3121,19396,0
1790542740000,782,725,3121,19390,0
1790542800000,728,728,2532,26151,0
1790542860000,864,704,3121,2950,0
1790542920000,799,694,3121,19385,0
1790542980000,842,738,3121,2950,0
1790543040000,728,672,3121,2950,0
1790543100000,704,704,3121,2950,0
1790543160000,649,649,2533,26158,0
1790543220000,648,648,3121,2950,0
1790543280000,583,583,2533,26158,0
1790543340000,584,584,3121,2950,0
1790543400000,584,584,2534,26158,0
1790543460000,609,607,3121,2950,0
1790543520000,605,605,2534,26159,0
1790543580000,818,611,3121,2950,0
1790543640000,636,493,3121,2950,0
1790543700000,667,491,3121,2950,0
1790543760000,747,578,3121,2950,0
1790543820000,516,502,3121,2950,0
1790543880000,575,567,3121,2950,0
1790543940000,468,468,2536,26200,0
1790544000000,475,468,3121,2950,0
1790544060000,585,569,3121,19342,0
1790544120000,575,568,2537,26201,0
1790544180000,582,568,3121,2950,0
1790544240000,565,565,2537,26208,0
1790544300000,468,468,2538,26208,0
1790544360000,580,572,3121,2950,0
1790544420000,613,606,3121,2950,0
1790544480000,679,671,3121,2950,0
1790544540000,663,655,3121,2950,0
1790544600000,666,657,3121,2950,0
1790544660000,671,671,3121,2950,0
1790544720000,668,668,3121,2950,0
1790544780000,652,651,3121,2950,0
1790544840000,729,710,3121,2950,0
1790544900000,836,723,3121,2950,0
1790544960000,890,768,3121,2950,0
1790545020000,1049,861,3121,2950,0
1790545080000,963,853,3121,2950,0
1790545140000,781,752,3121,19248,0
1790545200000,759,745,2542,26303,0
1790545260000,754,740,2542,26318,0
1790545320000,878,855,3121,2950,0
1790545380000,743,743,2542,26327,0
1790545440000,744,743,2542,26328,0
1790545500000,777,768,3121,2950,0
1790545560000,701,699,3121,2950,0
1790545620000,631,631,3121,2950,0
1790545680000,645,631,3121,2950,0
1790545740000,600,593,3121,2950,0
1790545800000,591,577,3121,2950,0
1790545860000,601,594,3121,2950,0
1790545920000,495,495,3121,2950,0
1790545980000,495,495,3121,2950,0
1790546040000,502,495,3121,2950,0
1790546100000,503,496,3121,2950,0
1790546160000,603,595,3121,2950,0
1790546220000,577,577,2546,26339,0
1790546280000,472,472,3121,2950,0
1790546340000,578,578,3121,2950,0
1790546400000,1048,669,3121,2950,0
1790546460000,1020,808,3121,2950,0
1790546520000,1260,916,3121,2950,0
1790546580000,1091,901,3121,2950,0
1790546640000,1147,877,3121,2950,0
1790546700000,956,863,3121,2950,0
1790546760000,872,863,3121,2950,0
1790546820000,1109,917,3121,2950,0
1790546880000,1732,908,3121,2950,0
1790546940000,1394,891,3121,2950,0
1790547000000,1306,902,3121,2950,0
1790547060000,964,878,3121,2950,0
1790547120000,891,889,3121,2950,0
1790547180000,1291,923,3121,2950,0
1790547240000,2698,1010,3121,2950,0
1790547300000,2376,1044,3121,2950,0
1790547360000,1484,1027,3121,2950,0
1790547420000,1072,1056,3121,18895,0
1790547480000,958,956,2551,26734,0
1790547540000,1141,954,3121,2950,0
1790547600000,1141,974,3121,2950,0
1790547660000,963,955,3121,2950,0
1790547720000,935,917,3121,2950,0
1790547780000,953,921,3121,2950,0
1790547840000,833,828,3121,2950,0
1790547900000,854,840,3121,2950,0
1790547960000,861,841,3121,2950,0
1790548020000,857,843,3121,2950,0
1790548080000,827,825,3121,2950,0
1790548140000,830,828,3121,2950,0
1790548200000,979,949,3121,2950,0
1790548260000,944,935,3121,2950,0
1790548320000,1127,949,3121,2950,0
1790548380000,1106,991,3121,2950,0
1790548440000,1866,1065,3121,2950,0
1790548500000,2292,1103,3121,2950,0
1790548560000,2026,993,3121,2950,0
1790548620000,1955,1130,3121,2950,0
1790548680000,1562,980,3121,2950,0
1790548740000,894,871,3121,2950,0
1790548800000,923,865,3121,18556,0
1790548860000,1496,1015,3121,2950,0
1790548920000,1164,985,3121,18420,0
1790548980000,1410,985,3121,2950,0
1790549040000,1271,985,3121,2950,0
1790549100000,1479,1069,3121,2950,0
1790549160000,1464,1148,3121,2950,0
1790549220000,1110,1108,2555,27271,0
1790549280000,1405,1073,3121,2950,0
1790549340000,1007,1003,3121,18312,0
1790549400000,1455,1023,3121,2950,0
1790549460000,1131,958,3121,18185,0
1790549520000,1215,952,3121,2950,0
1790549580000,1128,951,3121,2950,0
1790549640000,904,867,3121,2950,0
1790549700000,909,863,3121,2950,0
1790549760000,890,865,3121,2950,0
1790549820000,1344,949,3121,2950,0
1790549880000,1104,948,3121,2950,0
1790549940000,1100,1016,3121,2950,0
1790550000000,1135,1083,3121,18156,0
1790550060000,1210,908,3121,2950,0
1790550120000,1080,927,3121,2950,0
1790550180000,1067,905,3121,2950,0
1790550240000,1075,910,3121,2950,0
1790550300000,1060,910,3121,2950,0
1790550360000,1197,1023,3121,2950,0
1790550420000,1135,991,3121,2950,0
1790550480000,1068,1015,3121,2950,0
1790550540000,1115,1068,3121,2950,0
1790550600000,2008,1199,3121,2950,0
1790550660000,1640,1061,3121,2950,0
1790550720000,1120,989,3121,2950,0
1790550780000,1882,1147,3121,2950,0
1790550840000,1619,1020,3121,2950,0
1790550900000,1353,1018,3121,17866,0
1790550960000,1330,1060,3121,17866,0
1790551020000,947,927,3121,17866,0
1790551080000,916,906,3121,17866,0
1790551140000,1509,983,3121,17866,0
1790551200000,1641,1160,3121,2950,0
1790551260000,1778,1156,3121,2950,0
1790551320000,1366,1060,3121,2950,0
1790551380000,1663,1155,3121,2950,0
1790551440000,1555,1160,3121,2950,0
1790551500000,1347,1064,3121,2950,0
1790551560000,1224,968,3121,2950,0
1790551620000,1264,974,3121,2950,0
1790551680000,978,974,3121,2950,0
1790551740000,1211,959,3121,2950,0
1790551800000,1006,976,3121,17593,0
1790551860000,931,922,2561,28054,0
1790551920000,1445,951,3121,2950,0
1790551980000,1286,961,3121,2950,0
1790552040000,1024,960,3121,17584,0
1790552100000,985,977,3121,2950,0
1790552160000,973,968,3121,17584,0
1790552220000,969,966,3121,17584,0
1790552280000,953,953,2562,28064,0
1790552340000,953,953,2562,28064,0
1790552400000,966,965,3121,17584,0
1790552460000,968,967,3121,17583,0
1790552520000,1061,1061,2563,28065,0
1790552580000,986,986,3121,2950,0
1790552640000,1115,1061,3121,2950,0
1790552700000,1063,1063,3121,2950,0
1790552760000,995,992,3121,17582,0
1790552820000,997,995,3121,17581,0
1790552880000,1039,959,3121,2950,0
1790552940000,976,923,3121,2950,0
1790553000000,1037,941,3121,2950,0
1790553060000,1003,942,3121,2950,0
1790553120000,992,932,3121,2950,0
1790553180000,987,932,3121,2950,0
1790553240000,1013,932,3121,2950,0
1790553300000,931,927,3121,2950,0
1790553360000,939,880,3121,2950,0
1790553420000,845,837,3121,17524,0
1790553480000,1121,937,3121,2950,0
1790553540000,970,923,2567,28120,0
1790553600000,1000,943,3121,2950,0
1790553660000,1042,947,3121,2950,0
1790553720000,905,842,3121,2950,0
1790553780000,905,842,3121,2950,0
1790553840000,901,842,3121,2950,0
1790553900000,873,846,3121,2950,0
1790553960000,854,834,3121,2950,0
1790554020000,1052,942,3121,2950,0
1790554080000,1072,977,3121,2950,0
1790554140000,1120,985,3121,2950,0
1790554200000,1083,989,3121,2950,0
1790554260000,1074,988,3121,2950,0
1790554320000,966,964,3121,17414,0
1790554380000,964,964,3121,2950,0
1790554440000,1063,968,3121,17412,0
1790554500000,994,939,3121,17377,0
1790554560000,1045,941,3121,2950,0
1790554620000,979,926,3121,2950,0
1790554680000,923,869,3121,2950,0
1790554740000,995,875,3121,2950,0
1790554800000,833,639,3121,2950,0
1790554860000,770,598,3121,2950,0
1790554920000,802,508,3121,2950,0
1790554980000,474,381,3121,2950,0
1790555040000,751,517,3121,2950,0
1790555100000,568,541,3121,2950,0
1790555160000,544,518,3121,2950,0
1790555220000,634,559,3121,2950,0
1790555280000,643,603,3121,2950,0
1790555340000,605,571,3121,2950,0
1790555400000,610,581,3121,2950,0
1790555460000,929,859,3121,2950,0
1790555520000,1151,1056,3121,2950,0
1790555580000,1272,1114,3121,2950,0
1790555640000,1146,1086,3121,2950,0
1790555700000,1745,1123,3121,2950,0
1790555760000,1487,1051,3121,2950,0
1790555820000,1472,989,3121,2950,0
1790555880000,1652,1103,3121,2950,0
1790555940000,1084,1066,3121,16929,0
1790556000000,1515,1036,3121,2950,0
1790556060000,1140,892,3121,16920,0
1790556120000,945,924,3121,2950,0
1790556180000,963,950,3121,2950,0
1790556240000,1524,1061,3121,2950,0
1790556300000,1485,1082,3121,2950,0
1790556360000,1431,986,3121,2950,0
1790556420000,1271,988,3121,2950,0
1790556480000,1200,978,3121,2950,0
1790556540000,1186,984,3121,2950,0
1790556600000,1100,931,3121,2950,0
1790556660000,1149,943,3121,2950,0
1790556720000,923,912,3121,16653,0
1790556780000,1229,978,3121,2950,0
1790556840000,1514,1024,3121,2950,0
1790556900000,1363,1087,3121,2950,0
1790556960000,1474,1010,3121,2950,0
1790557020000,1323,1095,3121,2950,0
1790557080000,1369,1112,3121,2950,0
1790557140000,1460,1213,3121,2950,0
1790557200000,1516,1268,3121,2950,0
1790557260000,1487,1229,3121,2950,0
1790557320000,1487,1252,3121,2950,0
1790557380000,1175,1142,3121,2950,0
1790557440000,1178,1161,3121,16367,0
1790557500000,1235,1163,3121,2950,0
1790557560000,1738,1209,3121,2950,0
1790557620000,1663,1274,3121,2950,0
1790557680000,1418,1048,3121,16313,0
1790557740000,1547,1221,3121,16313,0
1790557800000,1184,1133,3121,2950,0
1790557860000,1126,1100,3121,2950,0
1790557920000,1135,1108,3121,2950,0
1790557980000,1122,1063,3121,2950,0
1790558040000,1384,1063,3121,2950,0
1790558100000,1269,1063,3121,2950,0
1790558160000,1392,1022,3121,2950,0
1790558220000,1286,1054,3121,2950,0
1790558280000,1432,1042,3121,2950,0
1790558340000,1286,1058,3121,2950,0
1790558400000,1291,1067,3121,2950,0
1790558460000,1372,1184,3121,2950,0
1790558520000,1297,1163,3121,2950,0
1790558580000,1112,1110,3121,16108,0
1790558640000,1067,1067,2591,29570,0
1790558700000,1109,1105,3121,16108,0
1790558760000,1277,1163,3121,2950,0
1790558820000,1264,1159,3121,2950,0
1790558880000,1191,1108,3121,16061,0
1790558940000,1146,1097,3121,2950,0
1790559000000,1266,1172,3121,2950,0
1790559060000,1170,1123,2594,29620,0
1790559120000,1110,1110,2594,29620,0
1790559180000,1106,1104,3121,16061,0
1790559240000,1128,1104,3121,16061,0
1790559300000,1122,1069,3121,2950,0
1790559360000,1103,1062,3121,2950,0
1790559420000,1302,999,3121,2950,0
1790559480000,1139,955,3121,2950,0
1790559540000,1138,941,3121,15895,0
1790559600000,1113,955,3121,2950,0
1790559660000,1105,1044,3121,15893,0
1790559720000,1075,1054,3121,2950,0
1790559780000,946,926,3121,2950,0
1790559840000,1187,935,3121,2950,0
1790559900000,1141,935,3121,2950,0
1790559960000,852,786,3121,2950,0
1790560020000,984,914,3121,2950,0
1790560080000,963,935,3121,2950,0
1790560140000,1130,891,3121,2950,0
1790560200000,1052,686,3121,2950,0
1790560260000,1185,802,3121,2950,0
1790560320000,608,608,2598,29877,0
1790560380000,640,600,3121,2950,0
1790560440000,792,789,2598,29879,0
1790560500000,606,600,3121,2950,0
1790560560000,752,678,3121,2950,0
1790560620000,946,841,3121,2950,0
1790560680000,402,395,3121,2950,0
1790560740000,431,395,3121,2950,0
1790560800000,707,564,3121,2950,0
1790560860000,418,389,3121,15794,0
1790560920000,673,562,3121,2950,0
1790560980000,302,302,2600,29886,0
1790561040000,671,562,3121,2950,0
1790561100000,405,391,3121,15794,0
1790561160000,394,388,2601,29888,0
1790561220000,320,307,3121,2950,0
1790561280000,391,390,3121,2950,0
1790561340000,396,391,3121,2950,0
1790561400000,415,393,3121,2950,0
1790561460000,479,473,3121,2950,0
1790561520000,599,521,3121,2950,0
1790561580000,554,554,2602,29902,0
1790561640000,534,532,3121,2950,0
1790561700000,538,529,3121,15786,0
1790561760000,417,413,2603,29903,0
1790561820000,468,464,3121,2950,0
1790561880000,414,394,3121,2950,0
1790561940000,395,389,3121,15781,0
1790562000000,396,395,3121,2950,0
1790562060000,416,398,3121,2950,0
1790562120000,317,309,3121,2950,0
1790562180000,316,308,3121,2950,0
1790562240000,401,392,3121,2950,0
1790562300000,393,391,3121,15771,0
1790562360000,396,395,3121,2950,0
1790562420000,471,471,2605,29914,0
1790562480000,389,389,3121,2950,0
1790562540000,395,389,3121,15770,0
1790562600000,393,389,3121,15770,0
1790562660000,320,304,3121,15770,0
1790562720000,342,309,3121,2950,0
1790562780000,450,309,3121,2950,0
1790562840000,442,309,3121,2950,0
1790562900000,419,305,3121,2950,0
1790562960000,360,305,3121,15727,0
1790563020000,336,302,3121,2950,0
1790563080000,317,302,3121,2950,0
1790563140000,650,484,3121,2950,0
1790563200000,690,498,3121,2950,0
1790563260000,409,303,3121,2950,0
1790563320000,355,302,2609,29994,0
1790563380000,302,302,2609,29994,0
1790563440000,304,303,3121,15694,0
1790563500000,314,304,3121,15694,0
1790563560000,337,311,3121,15688,0
1790563620000,249,240,3121,2950,0
1790563680000,841,428,3121,2950,0
1790563740000,536,428,3121,2950,0
1790563800000,249,249,2611,30004,0
1790563860000,240,240,2611,30005,0
1790563920000,231,231,2611,30005,0
1790563980000,239,239,2611,30005,0
1790564040000,239,239,2611,30005,0
1790564100000,234,233,3121,15679,0
1790564160000,256,235,3121,15678,0
1790564220000,245,234,2612,30008,0
1790564280000,252,234,3121,2950,0
1790564340000,271,234,3121,2950,0
1790564400000,345,314,2613,30025,0
1790564460000,318,313,2613,30031,0
1790564520000,317,312,3121,2950,0
1790564580000,241,241,2613,30031,0
1790564640000,250,250,2613,30031,0
1790564700000,312,312,2613,30031,0
1790564760000,250,250,2613,30031,0
1790564820000,312,312,2613,30031,0
1790564880000,312,312,2613,30031,0
1790564940000,246,246,2613,30031,0
1790565000000,313,313,2614,30031,0
1790565060000,262,243,3121,15663,0
1790565120000,243,234,2614,30032,0
1790565180000,252,234,3121,2950,0
1790565240000,233,233,2614,30041,0
1790565300000,234,234,2615,30041,0
1790565360000,234,234,2615,30042,0
1790565420000,312,312,2615,30042,0
1790565480000,312,312,2615,30042,0
1790565540000,312,312,2615,30042,0
1790565600000,312,312,2615,30042,0
1790565660000,330,312,3121,15653,0
1790565720000,264,235,3121,2950,0
1790565780000,263,235,3121,2950,0
1790565840000,253,234,3121,2950,0
1790565900000,244,234,3121,2950,0
1790565960000,252,238,3121,2950,0
1790566020000,192,166,3121,2950,0
1790566080000,240,236,2615,30051,0
1790566140000,170,166,3121,2950,0
1790566200000,146,144,3121,2950,0
1790566260000,141,140,2615,30051,0
1790566320000,222,142,3121,2950,0
1790566380000,184,142,3121,2950,0
1790566440000,183,142,3121,2950,0
1790566500000,179,140,3121,2950,0
1790566560000,245,236,2615,30100,0
1790566620000,256,238,3121,15597,0
1790566680000,247,238,2615,30100,0
1790566740000,256,238,3121,2950,0
1790566800000,239,239,2616,30109,0
1790566860000,256,247,3121,2950,0
1790566920000,264,255,3121,2950,0
1790566980000,326,317,3121,2950,0
1790567040000,326,317,3121,2950,0
1790567100000,266,248,3121,15588,0
1790567160000,249,240,2618,30112,0
1790567220000,255,246,2618,30121,0
1790567280000,247,238,3121,2950,0
1790567340000,330,319,3121,2950,0
1790567400000,251,240,3121,2950,0
1790567460000,246,246,2618,30121,0
1790567520000,242,240,3121,15579,0
1790567580000,240,240,2618,30121,0
1790567640000,240,240,3121,2950,0
1790567700000,240,240,3121,2950,0
1790567760000,256,238,3121,2950,0
1790567820000,242,238,3121,2950,0
1790567880000,172,168,3121,2950,0
1790567940000,176,168,3121,2950,0
1790568000000,260,169,3121,2950,0
1790568060000,178,139,2619,30126,0
1790568120000,192,144,3121,2950,0
1790568180000,177,138,3121,2950,0
1790568240000,138,138,2619,30165,0
1790568300000,138,138,2619,30165,0
1790568360000,166,166,2619,30165,0
1790568420000,246,236,3121,15534,0
1790568480000,238,238,2619,30165,0
1790568540000,166,166,2619,30165,0
1790568600000,236,236,2619,30165,0
1790568660000,236,236,2619,30165,0
1790568720000,238,238,2619,30165,0
1790568780000,238,238,2619,30165,0
1790568840000,238,238,2619,30165,0
1790568900000,240,240,2621,30165,0
1790568960000,250,240,3121,15534,0
1790569020000,276,247,3121,15534,0
1790569080000,327,318,2621,30167,0
1790569140000,345,318,3121,2950,0
1790569200000,318,318,2622,30176,0
1790569260000,337,319,3121,2950,0
1790569320000,317,317,2622,30177,0
1790569380000,317,317,2622,30177,0
1790569440000,355,318,3121,2950,0
1790569500000,337,319,2623,30177,0
1790569560000,318,318,2623,30178,0
1790569620000,319,318,3121,15524,0
1790569680000,319,318,3121,15524,0
1790569740000,317,317,2623,30178,0
1790569800000,257,257,2625,30178,0
1790569860000,250,249,3121,15524,0
1790569920000,247,247,2625,30180,0
1790569980000,239,239,3121,2950,0
1790570040000,238,238,2625,30180,0
1790570100000,247,247,3121,2950,0
1790570160000,246,246,2625,30180,0
1790570220000,246,246,2625,30180,0
1790570280000,259,257,3121,15523,0
1790570340000,257,257,2625,30180,0
1790570400000,249,249,3121,2950,0
1790570460000,256,254,3121,2950,0
1790570520000,349,320,3121,2950,0
1790570580000,347,318,3121,2950,0
1790570640000,345,320,3121,2950,0
1790570700000,319,319,2628,30190,0
1790570760000,257,257,2628,30192,0
1790570820000,248,247,3121,15511,0
1790570880000,239,239,2628,30192,0
1790570940000,239,239,3121,2950,0
1790571000000,253,253,3121,2950,0
1790571060000,252,252,2629,30193,0
1790571120000,321,319,3121,15510,0
1790571180000,337,319,3121,15508,0
1790571240000,337,319,3121,2950,0
1790571300000,247,247,2630,30193,0
1790571360000,252,252,2630,30194,0
1790571420000,319,319,3121,2950,0
1790571480000,359,321,3121,2950,0
1790571540000,358,321,3121,2950,0
1790571600000,348,323,3121,2950,0
1790571660000,348,323,3121,2950,0
1790571720000,339,320,3121,2950,0
1790571780000,250,241,3121,2950,0
1790571840000,267,239,3121,2950,0
1790571900000,261,242,3121,2950,0
1790571960000,239,239,2633,30206,0
1790572020000,264,236,3121,15497,0
1790572080000,261,241,3121,2950,0
1790572140000,225,198,3121,2950,0
1790572200000,255,237,3121,2950,0
1790572260000,190,172,3121,2950,0
1790572320000,197,171,3121,2950,0
1790572380000,189,171,3121,2950,0
1790572440000,140,140,2634,30216,0
1790572500000,190,172,3121,2950,0
1790572560000,464,174,3121,2950,0
1790572620000,298,149,3121,2950,0
1790572680000,220,139,3121,2950,0
1790572740000,180,139,3121,2950,0
1790572800000,139,139,3121,2950,0
1790572860000,138,138,2635,30256,0
1790572920000,357,158,3121,2950,0
1790572980000,1430,471,3121,2950,0
1790573040000,1344,382,3121,2950,0
1790573100000,122,79,3121,2950,0
1790573160000,122,79,3121,2950,0
1790573220000,79,79,2635,30299,0
1790573280000,80,80,2635,30299,0
1790573340000,79,79,2635,30299,0
1790573400000,79,79,2635,30299,0
1790573460000,165,79,3121,15398,0
1790573520000,165,79,3121,2950,0
1790573580000,1385,382,3121,2950,0
1790573640000,1342,382,3121,2950,0
1790573700000,1342,382,3121,2950,0
1790573760000,2607,382,3121,2950,0
1790573820000,1342,382,2635,30342,0
1790573880000,103,90,2635,30343,0
1790573940000,2,2,2635,30343,0
1790574000000,101,89,2635,30355,0
1790574060000,175,89,3121,15355,0
1790574120000,134,91,2635,30355,0
1790574180000,177,91,3121,2950,0
1790574240000,141,97,3121,2950,0
1790574300000,188,187,3121,2950,0
1790574360000,158,114,3121,2950,0
1790574420000,278,185,3121,2950,0
1790574480000,242,185,3121,2950,0
1790574540000,111,111,3121,2950,0
1790574600000,193,107,3121,2950,0
1790574660000,136,93,3121,2950,0
1790574720000,150,107,3121,2950,0
1790574780000,134,91,3121,2950,0
1790574840000,135,92,3121,2950,0
1790574900000,93,93,2639,30480,0
1790574960000,204,188,3121,15254,0
1790575020000,187,187,2639,30495,0
1790575080000,187,187,3121,2950,0
1790575140000,187,187,3121,2950,0
1790575200000,191,188,3121,15252,0
1790575260000,103,102,2641,30497,0
1790575320000,100,98,3121,2950,0
1790575380000,279,188,3121,2950,0
1790575440000,234,188,3121,2950,0
1790575500000,190,187,3121,15250,0
1790575560000,226,206,2642,30519,0
1790575620000,205,205,2642,30519,0
1790575680000,205,205,2642,30519,0
1790575740000,205,205,2642,30519,0
1790575800000,248,207,3121,15250,0
1790575860000,227,207,2643,30520,0
1790575920000,246,206,3121,2950,0
1790575980000,205,205,2643,30540,0
1790576040000,226,206,3121,2950,0
1790576100000,207,207,2645,30540,0
1790576160000,207,207,2645,30542,0
1790576220000,205,205,2645,30542,0
1790576280000,205,205,2645,30542,0
1790576340000,185,185,2645,30542,0
1790576400000,210,208,3121,15229,0
1790576460000,218,188,3121,15229,0
1790576520000,185,185,2646,30543,0
1790576580000,92,92,2646,30543,0
1790576640000,178,92,3121,15229,0
1790576700000,135,92,2647,30543,0
1790576760000,136,93,2647,30587,0
1790576820000,136,92,3121,2950,0
1790576880000,136,92,3121,2950,0
1790576940000,220,91,3121,2950,0
1790577000000,151,107,3121,2950,0
1790577060000,284,110,3121,2950,0
1790577120000,162,116,3121,15144,0
1790577180000,192,103,3121,2950,0
1790577240000,98,98,3121,2950,0
1790577300000,194,104,3121,2950,0
1790577360000,149,104,3121,2950,0
1790577420000,136,93,2649,30632,0
1790577480000,91,91,2649,30632,0
1790577540000,91,91,2649,30632,0
1790577600000,102,100,3121,2950,0
1790577660000,294,190,3121,15128,0
1790577720000,267,210,3121,2950,0
1790577780000,309,210,3121,2950,0
1790577840000,207,206,3121,2950,0
1790577900000,255,212,3121,2950,0
1790577960000,301,211,3121,2950,0
1790578020000,258,189,3121,2950,0
1790578080000,198,185,2652,30692,0
1790578140000,185,185,2652,30692,0
1790578200000,188,187,3121,15079,0
1790578260000,99,99,2653,30693,0
1790578320000,112,112,2653,30693,0
1790578380000,186,186,3121,2950,0
1790578440000,185,185,2653,30693,0
1790578500000,99,99,3121,2950,0
1790578560000,94,94,3121,2950,0
1790578620000,96,94,3121,2950,0
1790578680000,99,99,2654,30694,0
1790578740000,115,113,3121,2950,0
1790578800000,215,211,3121,2950,0
1790578860000,323,211,3121,2950,0
1790578920000,268,210,3121,2950,0
1790578980000,265,207,3121,15019,0
1790579040000,264,208,3121,2950,0
1790579100000,212,208,3121,15019,0
1790579160000,189,188,2658,30754,0
1790579220000,117,115,3121,2950,0
1790579280000,95,95,3121,2950,0
1790579340000,101,101,3121,2950,0
1790579400000,114,114,3121,2950,0
1790579460000,94,94,3121,2950,0
1790579520000,95,95,3121,2950,0
1790579580000,95,95,3121,2950,0
1790579640000,95,95,3121,2950,0
1790579700000,97,97,3121,2950,0
1790579760000,101,100,3121,15015,0
1790579820000,100,100,2661,30757,0
1790579880000,93,93,3121,2950,0
1790579940000,100,100,3121,2950,0
1790580000000,103,101,3121,15014,0
1790580060000,102,101,3121,15014,0
1790580120000,97,95,3121,2950,0
1790580180000,154,110,3121,2950,0
1790580240000,152,108,3121,2950,0
1790580300000,155,111,3121,2950,0
1790580360000,90,90,2663,30760,0
1790580420000,152,108,3121,2950,0
1790580480000,89,89,2663,30760,0
1790580540000,152,108,3121,2950,0
1790580600000,92,91,3121,15012,0
1790580660000,92,91,3121,15012,0
1790580720000,89,89,2664,30761,0
1790580780000,89,89,2664,30761,0
1790580840000,219,110,3121,2950,0
1790580900000,157,113,2665,30761,0
1790580960000,94,94,3121,2950,0
1790581020000,93,93,3121,2950,0
1790581080000,91,91,2665,30762,0
1790581140000,89,89,2665,30762,0
1790581200000,90,90,2666,30762,0
1790581260000,90,90,2666,30763,0
1790581320000,89,89,2666,30763,0
1790581380000,89,89,2666,30763,0
1790581440000,89,89,2666,30763,0
1790581500000,90,90,2667,30763,0
1790581560000,90,90,2667,30764,0
1790581620000,89,89,2667,30764,0
1790581680000,93,92,3121,15010,0
1790581740000,90,90,2667,30764,0
1790581800000,91,91,3121,2950,0
1790581860000,95,94,3121,2950,0
1790581920000,94,93,3121,2950,0
1790581980000,89,89,2668,30765,0
1790582040000,92,92,3121,2950,0
1790582100000,100,98,3121,2950,0
1790582160000,98,98,3121,2950,0
1790582220000,91,91,2669,30766,0
1790582280000,91,91,3121,2950,0
1790582340000,91,90,3121,15007,0
1790582400000,93,92,3121,15007,0
1790582460000,97,96,3121,2950,0
1790582520000,105,104,3121,2950,0
1790582580000,101,100,3121,15006,0
1790582640000,97,97,3121,2950,0
1790582700000,92,92,2672,30768,0
1790582760000,92,92,2672,30769,0
1790582820000,91,90,3121,15006,0
1790582880000,91,90,3121,15006,0
1790582940000,89,89,2672,30769,0
1790583000000,92,91,3121,15006,0
1790583060000,91,91,2673,30770,0
1790583120000,90,90,3121,2950,0
1790583180000,90,90,3121,2950,0
1790583240000,91,91,2673,30770,0
1790583300000,93,93,2675,30770,0
1790583360000,93,93,2675,30772,0
1790583420000,91,91,2675,30772,0
1790583480000,94,92,3121,2950,0
1790583540000,91,91,2675,30772,0
1790583600000,93,93,3121,2950,0
1790583660000,90,90,2676,30773,0
1790583720000,92,92,3121,2950,0
1790583780000,92,92,3121,2950,0
1790583840000,92,92,3121,2950,0
1790583900000,5,5,3121,2950,0
1790583960000,92,91,3121,15003,0
1790584020000,91,90,3121,15003,0
1790584080000,89,89,2677,30774,0
1790584140000,1,1,2677,30774,0
1790584200000,90,90,2678,30774,0
1790584260000,90,90,2678,30775,0
1790584320000,91,90,3121,15003,0
1790584380000,92,91,3121,15002,0
1790584440000,91,91,3121,2950,0
1790584500000,90,90,2679,30775,0
1790584560000,92,92,3121,2950,0
1790584620000,91,90,3121,15001,0
1790584680000,96,93,3121,2950,0
1790584740000,117,93,3121,2950,0
1790584800000,103,91,3121,2950,0
1790584860000,102,90,2680,30789,0
1790584920000,101,89,3121,2950,0
1790584980000,89,89,2680,30789,0
1790585040000,91,90,3121,14988,0
1790585100000,93,92,3121,14988,0
1790585160000,91,91,2682,30791,0
1790585220000,91,91,3121,2950,0
1790585280000,91,91,3121,2950,0
1790585340000,91,90,3121,14988,0
1790585400000,92,91,3121,14988,0
1790585460000,94,92,3121,14988,0
1790585520000,91,91,2683,30792,0
1790585580000,93,93,3121,2950,0
1790585640000,91,91,2683,30792,0
1790585700000,94,94,3121,2950,0
1790585760000,90,90,2684,30793,0
1790585820000,89,89,2684,30793,0
1790585880000,91,90,3121,14986,0
1790585940000,91,90,3121,14986,0
1790586000000,93,92,3121,14986,0
1790586060000,93,92,3121,14986,0
1790586120000,106,92,3121,2950,0
1790586180000,16,16,3121,2950,0
1790586240000,1,1,2686,30795,0
1790586300000,2,2,2686,30795,0
1790586360000,27,21,3121,2950,0
1790586420000,7,7,2686,30795,0
1790586480000,17,17,3121,2950,0
1790586540000,109,61,3121,2950,0
1790586600000,94,48,2686,30841,0
1790586660000,48,48,2686,30841,0
1790586720000,57,52,2686,30846,0
1790586780000,52,52,2686,30846,0
1790586840000,140,140,2686,30846,0
1790586900000,142,142,2688,30846,0
1790586960000,142,142,2688,30848,0
1790587020000,140,140,2688,30848,0
1790587080000,164,140,3121,14970,0
1790587140000,164,140,3121,14970,0
1790587200000,141,141,2689,30848,0
1790587260000,141,141,2689,30849,0
1790587320000,140,140,2689,30849,0
1790587380000,140,140,2689,30849,0
1790587440000,140,140,2689,30849,0
1790587500000,145,143,3121,14970,0
1790587560000,55,55,2690,30850,0
1790587620000,54,54,3121,2950,0
1790587680000,52,52,2690,30850,0
1790587740000,54,54,3121,2950,0
1790587800000,54,54,2692,30850,0
1790587860000,54,54,2692,30852,0
1790587920000,52,52,2692,30852,0
1790587980000,54,53,3121,14968,0
1790588040000,58,56,3121,2950,0
1790588100000,53,52,3121,2950,0
1790588160000,146,52,3121,2950,0
1790588220000,51,51,3121,2950,0
1790588280000,5,5,3121,2950,0
1790588340000,51,51,3121,2950,0
1790588400000,94,48,2693,30854,0
1790588460000,94,48,2693,30900,0
1790588520000,48,48,2693,30900,0
1790588580000,94,48,3121,2950,0
1790588640000,94,48,3121,2950,0
1790588700000,94,48,3121,2950,0
1790588760000,48,48,2693,30900,0
1790588820000,52,49,3121,14920,0
1790588880000,50,49,3121,2950,0
1790588940000,56,54,3121,2950,0
1790589000000,57,55,3121,2950,0
1790589060000,55,55,3121,2950,0
1790589120000,54,53,2694,30901,0
1790589180000,49,48,2694,30902,0
1790589240000,49,48,3121,2950,0
1790589300000,2,2,2694,30902,0
1790589360000,2,2,2694,30902,0
1790589420000,142,48,3121,14918,0
1790589480000,95,48,2694,30902,0
1790589540000,96,48,3121,2950,0
1790589600000,103,54,3121,2950,0
1790589660000,51,49,3121,2950,0
1790589720000,54,53,3121,2950,0
1790589780000,58,55,3121,2950,0
1790589840000,149,145,3121,2950,0
1790589900000,61,57,3121,2950,0
1790589960000,54,54,3121,2950,0
1790590020000,58,54,3121,14870,0
1790590080000,55,55,2695,30950,0
1790590140000,64,55,3121,2950,0
1790590200000,57,56,3121,2950,0
1790590260000,49,49,2696,30951,0
1790590320000,56,55,3121,2950,0
1790590380000,48,48,2696,30951,0
1790590440000,62,53,3121,14867,0
1790590500000,55,54,3121,14867,0
1790590560000,54,54,2697,30953,0
1790590620000,52,52,2697,30953,0
1790590680000,53,53,3121,2950,0
1790590740000,52,52,2697,30953,0
1790590800000,52,52,2697,30953,0
1790590860000,48,48,2697,30953,0
1790590920000,54,52,3121,14866,0
1790590980000,53,52,2697,30953,0
1790591040000,55,53,3121,14865,0
1790591100000,58,56,3121,2950,0
1790591160000,56,56,3121,2950,0
1790591220000,56,55,3121,2950,0
1790591280000,52,52,2698,30955,0
1790591340000,52,52,2698,30955,0
1790591400000,53,53,2699,30955,0
1790591460000,55,53,3121,14864,0
1790591520000,54,52,3121,14864,0
1790591580000,52,52,2699,30956,0
1790591640000,168,143,3121,2950,0
1790591700000,172,146,3121,2950,0
1790591760000,141,141,2700,30957,0
1790591820000,140,140,2700,30957,0
1790591880000,147,145,3121,2950,0
1790591940000,140,140,2700,30957,0
1790592000000,148,146,3121,2950,0
1790592060000,143,142,3121,14863,0
1790592120000,149,146,3121,2950,0
1790592180000,142,141,3121,14863,0
1790592240000,142,141,3121,14863,0
1790592300000,142,142,2703,30958,0
1790592360000,142,142,2703,30960,0
1790592420000,142,141,3121,14863,0
1790592480000,165,141,3121,14862,0
1790592540000,164,140,3121,14862,0
1790592600000,170,144,3121,2950,0
1790592660000,157,143,3121,14855,0
1790592720000,181,149,3121,2950,0
1790592780000,167,149,3121,2950,0
1790592840000,140,140,2704,30973,0
1790592900000,143,143,3121,2950,0
1790592960000,145,143,3121,2950,0
1790593020000,142,142,2705,30974,0
1790593080000,140,140,2705,30974,0
1790593140000,140,140,2705,30974,0
1790593200000,191,150,3121,2950,0
1790593260000,168,150,2708,30977,0
1790593320000,142,142,2708,30977,0
1790593380000,142,142,2708,30977,0
1790593440000,140,140,2708,30977,0
1790593500000,143,143,2709,30977,0
1790593560000,143,143,2709,30978,0
1790593620000,142,142,2709,30978,0
1790593680000,142,142,2709,30978,0
1790593740000,142,142,2709,30978,0
1790593800000,141,141,2710,30978,0
1790593860000,149,145,3121,14848,0
1790593920000,144,144,2710,30979,0
1790593980000,140,140,2710,30979,0
1790594040000,146,145,3121,2950,0
1790594100000,145,145,2712,30979,0
1790594160000,147,146,3121,2950,0
1790594220000,172,145,3121,2950,0
1790594280000,172,145,3121,2950,0
1790594340000,142,142,2712,30983,0
1790594400000,143,143,2713,30983,0
1790594460000,143,143,2713,30984,0
1790594520000,144,144,2713,30984,0
1790594580000,174,145,3121,14841,0
1790594640000,171,145,3121,14838,0
1790594700000,150,146,3121,2950,0
1790594760000,143,143,2714,30987,0
1790594820000,144,144,2714,30987,0
1790594880000,144,144,2714,30987,0
1790594940000,146,145,3121,14838,0
1790595000000,148,147,3121,14838,0
1790595060000,146,146,2716,30989,0
1790595120000,146,142,3121,14838,0
1790595180000,146,142,3121,14838,0
1790595240000,177,148,3121,2950,0
1790595300000,172,148,3121,14835,0
1790595360000,148,146,3121,2950,0
1790595420000,150,148,3121,2950,0
1790595480000,150,148,3121,2950,0
1790595540000,156,148,3121,2950,0
1790595600000,155,150,3121,2950,0
1790595660000,162,152,2718,30990,0
1790595720000,152,147,2718,30995,0
1790595780000,149,149,2718,30995,0
1790595840000,147,147,2718,30995,0
1790595900000,151,151,2720,30995,0
1790595960000,151,151,2720,30997,0
1790596020000,173,149,3121,14833,0
1790596080000,159,147,2720,30997,0
1790596140000,171,147,3121,2950,0
1790596200000,164,148,3121,2950,0
1790596260000,164,148,3121,2950,0
1790596320000,149,149,2721,31010,0
1790596380000,163,147,3121,2950,0
1790596440000,149,147,2721,31010,0
1790596500000,164,148,3121,2950,0
1790596560000,180,153,3121,14819,0
1790596620000,164,152,2722,31013,0
1790596680000,169,147,3121,14804,0
1790596740000,162,150,3121,2950,0
1790596800000,163,153,3121,14804,0
1790596860000,153,153,2726,31029,0
1790596920000,151,150,3121,14804,0
1790596980000,151,150,3121,14804,0
1790597040000,587,280,3121,2950,0
1790597100000,598,367,3121,2950,0
1790597160000,597,349,3121,2950,0
1790597220000,573,361,3121,2950,0
1790597280000,620,357,3121,2950,0
1790597340000,540,427,3121,2950,0
1790597400000,423,423,2726,31113,0
1790597460000,464,361,3121,2950,0
1790597520000,456,346,3121,14713,0
1790597580000,397,341,2726,31114,0
1790597640000,411,346,3121,14658,0
1790597700000,403,348,3121,2950,0
1790597760000,270,270,2728,31171,0
1790597820000,333,276,3121,2950,0
1790597880000,349,348,2728,31171,0
1790597940000,469,348,3121,2950,0
1790598000000,473,360,3121,2950,0
1790598060000,523,355,3121,2950,0
1790598120000,351,348,3121,14602,0
1790598180000,345,343,3121,14602,0
1790598240000,455,344,3121,14602,0
1790598300000,541,366,3121,2950,0
1790598360000,422,367,3121,2950,0
1790598420000,456,345,3121,14602,0
1790598480000,458,347,3121,14602,0
1790598540000,344,344,2730,31238,0
1790598600000,348,348,2732,31238,0
1790598660000,256,254,3121,14602,0
1790598720000,266,264,3121,14602,0
1790598780000,303,303,2732,31240,0
1790598840000,470,348,3121,14602,0
1790598900000,407,347,2732,31240,0
1790598960000,467,347,3121,2950,0
1790599020000,346,346,2732,31300,0
1790599080000,280,278,3121,14540,0
1790599140000,254,252,3121,14540,0
1790599200000,329,270,3121,2950,0
1790599260000,324,268,3121,2950,0
1790599320000,380,268,3121,2950,0
1790599380000,324,268,3121,2950,0
1790599440000,292,290,3121,14537,0
1790599500000,461,351,3121,14535,0
1790599560000,473,358,3121,2950,0
1790599620000,464,349,3121,2950,0
1790599680000,400,345,3121,2950,0
1790599740000,345,345,2733,31357,0
1790599800000,345,345,2733,31357,0
1790599860000,345,345,2733,31357,0
1790599920000,664,430,3121,2950,0
1790599980000,896,438,3121,2950,0
1790600040000,849,438,3121,2950,0
1790600100000,575,514,2733,31452,0
1790600160000,812,435,3121,2950,0
1790600220000,492,432,3121,14383,0
1790600280000,429,398,3121,14362,0
1790600340000,422,393,2733,31481,0
1790600400000,502,436,3121,2950,0
1790600460000,379,374,3121,2950,0
1790600520000,361,361,3121,2950,0
1790600580000,361,361,3121,2950,0
1790600640000,481,361,3121,2950,0
1790600700000,420,360,3121,2950,0
1790600760000,480,360,3121,2950,0
1790600820000,421,361,3121,2950,0
1790600880000,424,364,3121,2950,0
1790600940000,352,297,3121,2950,0
1790601000000,353,298,3121,2950,0
1790601060000,418,363,3121,2950,0
1790601120000,355,355,2737,31556,0
1790601180000,355,355,2737,31556,0
1790601240000,468,357,3121,14294,0
1790601300000,413,358,2738,31556,0
1790601360000,412,357,2738,31612,0
1790601420000,412,357,3121,2950,0
1790601480000,369,359,3121,14238,0
1790601540000,365,355,3121,14238,0
1790601600000,356,356,2738,31612,0
1790601660000,356,356,2738,31612,0
1790601720000,468,357,3121,14238,0
1790601780000,412,357,2738,31612,0
1790601840000,411,356,2738,31667,0
1790601900000,472,360,3121,2950,0
1790601960000,689,438,3121,2950,0
1790602020000,513,436,3121,2950,0
1790602080000,627,438,3121,2950,0
1790602140000,599,434,3121,2950,0
1790602200000,1380,547,3121,2950,0
1790602260000,1066,443,3121,2950,0
1790602320000,501,435,3121,2950,0
1790602380000,461,435,3121,14103,0
1790602440000,749,519,3121,2950,0
1790602500000,581,523,3121,14103,0
1790602560000,567,435,3121,2950,0
1790602620000,638,519,2739,31745,0
1790602680000,645,490,3121,2950,0
1790602740000,984,792,3121,2950,0
1790602800000,840,635,3121,2950,0
1790602860000,698,698,2739,31822,0
1790602920000,1367,854,3121,2950,0
1790602980000,1011,788,3121,2950,0
1790603040000,733,622,3121,13988,0
1790603100000,689,652,3121,2950,0
1790603160000,744,704,3121,2950,0
1790603220000,968,888,3121,2950,0
1790603280000,833,702,3121,2950,0
1790603340000,859,626,3121,2950,0
1790603400000,626,481,3121,2950,0
1790603460000,611,439,3121,2950,0
1790603520000,465,439,3121,13851,0
1790603580000,654,526,3121,2950,0
1790603640000,652,630,3121,2950,0
1790603700000,712,704,3121,13841,0
1790603760000,523,503,3121,2950,0
1790603820000,497,478,3121,2950,0
1790603880000,528,485,3121,2950,0
1790603940000,505,486,3121,2950,0
1790604000000,621,529,3121,2950,0
1790604060000,675,490,3121,2950,0
1790604120000,691,487,3121,2950,0
1790604180000,509,439,3121,2950,0
1790604240000,648,462,3121,2950,0
1790604300000,595,456,3121,2950,0
1790604360000,465,382,3121,13736,0
1790604420000,824,479,3121,2950,0
1790604480000,666,439,3121,2950,0
1790604540000,556,440,3121,13730,0
1790604600000,443,375,3121,2950,0
1790604660000,631,441,3121,2950,0
1790604720000,593,440,3121,2950,0
1790604780000,548,439,3121,2950,0
1790604840000,489,376,3121,2950,0
1790604900000,645,468,3121,2950,0
1790604960000,468,322,3121,2950,0
1790605020000,716,471,3121,2950,0
1790605080000,387,380,3121,2950,0
1790605140000,390,380,3121,2950,0
1790605200000,365,365,2747,32211,0
1790605260000,379,379,2747,32212,0
1790605320000,641,440,3121,2950,0
1790605380000,549,440,3121,2950,0
1790605440000,647,443,3121,2950,0
1790605500000,407,403,3121,13548,0
1790605560000,551,441,3121,2950,0
1790605620000,441,441,2747,32307,0
1790605680000,426,383,3121,2950,0
1790605740000,634,429,3121,2950,0
1790605800000,619,416,3121,2950,0
1790605860000,337,303,3121,2950,0
1790605920000,875,432,3121,2950,0
1790605980000,623,416,3121,2950,0
1790606040000,297,283,2749,32345,0
1790606100000,458,381,3121,2950,0
1790606160000,414,371,3121,2950,0
1790606220000,398,378,2750,32379,0
1790606280000,431,362,3121,2950,0
1790606340000,421,377,3121,13490,0
1790606400000,363,363,2751,32380,0
1790606460000,340,339,2751,32381,0
1790606520000,338,311,3121,2950,0
1790606580000,252,223,3121,2950,0
1790606640000,193,189,3121,2950,0
1790606700000,241,220,3121,2950,0
1790606760000,204,198,3121,2950,0
1790606820000,195,193,3121,2950,0
1790606880000,282,221,3121,2950,0
1790606940000,238,218,3121,2950,0
1790607000000,206,201,3121,13481,0
1790607060000,207,201,3121,2950,0
1790607120000,104,102,3121,13480,0
1790607180000,422,192,3121,2950,0
1790607240000,307,191,3121,2950,0
1790607300000,192,192,2755,32396,0
1790607360000,192,192,2755,32397,0
1790607420000,202,198,3121,13480,0
1790607480000,202,198,3121,13480,0
1790607540000,200,199,3121,13480,0
1790607600000,204,204,2758,32397,0
1790607660000,203,203,2758,32400,0
1790607720000,207,201,3121,2950,0
1790607780000,204,201,3121,2950,0
1790607840000,207,201,3121,2950,0
1790607900000,201,201,2759,32403,0
1790607960000,201,201,2759,32404,0
1790608020000,212,203,3121,2950,0
1790608080000,206,203,2759,32404,0
1790608140000,322,319,3121,2950,0
1790608200000,297,294,3121,2950,0
1790608260000,307,300,3121,2950,0
1790608320000,204,200,3121,13471,0
1790608380000,203,203,3121,2950,0
1790608440000,206,199,3121,13471,0
1790608500000,207,201,3121,2950,0
1790608560000,205,198,3121,2950,0
1790608620000,200,193,3121,2950,0
1790608680000,199,192,3121,2950,0
1790608740000,192,192,3121,2950,0
1790608800000,192,192,2763,32411,0
1790608860000,202,194,3121,2950,0
1790608920000,196,193,2763,32412,0
1790608980000,191,191,2763,32412,0
1790609040000,210,202,3121,13466,0
1790609100000,204,201,2764,32412,0
1790609160000,207,201,3121,2950,0
1790609220000,205,202,3121,2950,0
1790609280000,226,203,3121,2950,0
1790609340000,228,203,3121,2950,0
1790609400000,204,202,3121,13461,0
1790609460000,210,203,3121,13461,0
1790609520000,213,202,3121,13461,0
1790609580000,213,201,3121,13461,0
1790609640000,212,200,3121,13461,0
1790609700000,227,204,3121,2950,0
1790609760000,311,309,3121,2950,0
1790609820000,318,298,3121,2950,0
1790609880000,398,396,3121,2950,0
1790609940000,302,300,3121,2950,0
1790610000000,315,296,3121,13461,0
1790610060000,295,294,3121,13461,0
1790610120000,312,294,3121,13461,0
1790610180000,301,292,2768,32420,0
1790610240000,301,292,2768,32429,0
1790610300000,303,294,3121,2950,0
1790610360000,322,322,2770,32431,0
1790610420000,296,294,3121,13452,0
1790610480000,296,294,3121,13452,0
1790610540000,292,292,2770,32431,0
1790610600000,296,295,3121,13452,0
1790610660000,295,294,3121,13452,0
1790610720000,292,292,2771,32432,0
1790610780000,292,292,2771,32432,0
1790610840000,330,324,3121,13452,0
1790610900000,402,383,3121,2950,0
1790610960000,387,378,3121,2950,0
1790611020000,379,371,3121,13448,0
1790611080000,377,373,3121,2950,0
1790611140000,385,377,3121,2950,0
1790611200000,414,379,3121,2950,0
1790611260000,399,377,3121,2950,0
1790611320000,395,372,3121,2950,0
1790611380000,306,293,3121,2950,0
1790611440000,294,294,3121,2950,0
1790611500000,294,294,2777,32459,0
1790611560000,294,294,2777,32460,0
1790611620000,394,377,3121,2950,0
1790611680000,440,374,3121,2950,0
1790611740000,413,371,3121,2950,0
1790611800000,446,388,3121,2950,0
1790611860000,387,387,2778,32481,0
1790611920000,435,388,3121,2950,0
1790611980000,446,375,3121,2950,0
1790612040000,370,370,2778,32481,0
1790612100000,372,372,2780,32481,0
1790612160000,513,455,3121,2950,0
1790612220000,941,544,3121,2950,0
1790612280000,781,583,3121,13380,0
1790612340000,719,502,3121,2950,0
1790612400000,784,583,3121,2950,0
1790612460000,864,677,3121,2950,0
1790612520000,711,707,3121,2950,0
1790612580000,1430,1075,3121,2950,0
1790612640000,1477,1183,3121,2950,0
1790612700000,1382,1068,3121,2950,0
1790612760000,1799,1242,3121,2950,0
1790612820000,1887,1338,3121,2950,0
1790612880000,1881,1338,3121,2950,0
1790612940000,1605,1285,3121,2950,0
1790613000000,1358,1262,3121,2950,0
1790613060000,1338,1208,3121,2950,0
1790613120000,1390,1209,3121,2950,0
1790613180000,1253,1163,3121,2950,0
1790613240000,1318,1163,3121,2950,0
1790613300000,1221,1163,3121,2950,0
1790613360000,1152,1150,3121,2950,0
1790613420000,1347,1096,3121,2950,0
1790613480000,1291,1055,3121,2950,0
1790613540000,1268,1052,3121,2950,0
1790613600000,1181,943,3121,2950,0
1790613660000,938,823,3121,2950,0
1790613720000,661,649,3121,2950,0
1790613780000,795,721,3121,2950,0
1790613840000,917,740,3121,2950,0
1790613900000,689,689,2787,32977,0
1790613960000,755,708,3121,2950,0
1790614020000,528,519,2787,32979,0
1790614080000,724,636,3121,2950,0
1790614140000,639,590,3121,2950,0
1790614200000,693,636,3121,2950,0
1790614260000,480,470,3121,2950,0
1790614320000,571,526,3121,2950,0
1790614380000,536,526,3121,2950,0
1790614440000,559,551,3121,2950,0
1790614500000,602,602,2789,33017,0
1790614560000,602,602,2789,33018,0
1790614620000,545,529,3121,2950,0
1790614680000,536,536,2789,33018,0
1790614740000,593,593,2789,33018,0
1790614800000,849,614,3121,12893,0
1790614860000,645,528,2792,33021,0
1790614920000,806,680,3121,2950,0
1790614980000,815,681,3121,2950,0
1790615040000,540,523,3121,12775,0
1790615100000,534,526,2793,33138,0
1790615160000,537,527,3121,2950,0
1790615220000,546,529,3121,2950,0
1790615280000,715,576,3121,2950,0
1790615340000,715,576,3121,2950,0
1790615400000,449,446,3121,2950,0
1790615460000,1607,1232,3121,2950,0
1790615520000,1368,1185,3121,2950,0
1790615580000,1978,1317,3121,2950,0
1790615640000,2527,1449,3121,2950,0
1790615700000,1693,1401,3121,12344,0
1790615760000,2558,1347,3121,2950,0
1790615820000,2480,1498,3121,2950,0
1790615880000,1604,1331,3121,2950,0
1790615940000,1425,1251,3121,2950,0
1790616000000,1345,1184,3121,2950,0
1790616060000,1322,1241,3121,2950,0
1790616120000,1178,1178,2796,33718,0
1790616180000,1238,1218,3121,12179,0
1790616240000,1198,1180,3121,12179,0
1790616300000,1182,1176,3121,12179,0
1790616360000,1357,1213,3121,2950,0
1790616420000,1271,1136,3121,2950,0
1790616480000,1223,1086,3121,2950,0
1790616540000,1124,1105,3121,2950,0
1790616600000,1222,1178,3121,2950,0
1790616660000,1188,1178,3121,2950,0
1790616720000,1192,1175,3121,2950,0
1790616780000,1188,1175,3121,2950,0
1790616840000,1232,1095,3121,2950,0
1790616900000,1236,1096,3121,2950,0
1790616960000,1139,1136,2800,33752,0
1790617020000,1264,1150,3121,2950,0
1790617080000,1277,1151,3121,2950,0
1790617140000,1101,1101,2800,33752,0
1790617200000,1157,1150,3121,12150,0
1790617260000,1238,1187,3121,2950,0
1790617320000,1189,1185,3121,2950,0
1790617380000,1202,1185,3121,2950,0
1790617440000,1188,1182,3121,2950,0
1790617500000,1234,1220,3121,2950,0
1790617560000,1198,1180,3121,2950,0
1790617620000,1177,1167,3121,12141,0
1790617680000,1141,1134,3121,12140,0
1790617740000,1109,1107,3121,2950,0
1790617800000,1088,1039,3121,2950,0
1790617860000,1072,1022,3121,12122,0
1790617920000,1189,1148,3121,2950,0
1790617980000,1157,1135,3121,2950,0
1790618040000,1126,1040,3121,2950,0
1790618100000,1378,1070,3121,2950,0
1790618160000,1214,1093,3121,2950,0
1790618220000,1056,1053,3121,2950,0
1790618280000,1047,1046,3121,2950,0
1790618340000,1058,1033,3121,2950,0
1790618400000,1027,1015,3121,2950,0
1790618460000,1041,1028,3121,2950,0
1790618520000,1218,1162,3121,2950,0
1790618580000,1198,1160,3121,2950,0
1790618640000,1177,1172,3121,2950,0
1790618700000,1168,1167,3121,2950,0
1790618760000,1146,1138,3121,2950,0
1790618820000,1053,1052,2809,33801,0
1790618880000,1133,1106,3121,2950,0
1790618940000,1107,1102,3121,2950,0
1790619000000,1151,1149,3121,12103,0
1790619060000,1209,1148,3121,12103,0
1790619120000,1205,1166,3121,12102,0
1790619180000,1151,1147,3121,2950,0
1790619240000,1171,1161,3121,2950,0
1790619300000,1236,1178,3121,2950,0
1790619360000,1216,1159,3121,2950,0
1790619420000,1168,1158,3121,2950,0
1790619480000,1062,1053,3121,12099,0
1790619540000,1085,1041,3121,2950,0
1790619600000,1144,1106,3121,2950,0
1790619660000,1132,1104,3121,2950,0
1790619720000,1215,1172,3121,2950,0
1790619780000,1198,1179,3121,2950,0
1790619840000,1148,1147,2813,33839,0
1790619900000,1180,1175,3121,2950,0
1790619960000,1178,1169,3121,2950,0
1790620020000,1200,1177,3121,2950,0
1790620080000,1223,1177,3121,2950,0
1790620140000,1111,1111,3121,2950,0
1790620200000,1187,1118,3121,2950,0
1790620260000,1140,1069,3121,2950,0
1790620320000,1209,1085,3121,2950,0
1790620380000,977,933,3121,12027,0
1790620440000,1247,1072,3121,2950,0
1790620500000,1093,1044,3121,2950,0
1790620560000,1051,1022,3121,2950,0
1790620620000,1093,1025,3121,2950,0
1790620680000,1077,1050,3121,2950,0
1790620740000,1020,949,3121,2950,0
1790620800000,975,950,3121,2950,0
1790620860000,983,977,3121,11993,0
1790620920000,991,977,3121,11993,0
1790620980000,955,930,3121,11986,0
1790621040000,1059,1009,3121,11986,0
1790621100000,1012,980,3121,2950,0
1790621160000,939,932,3121,2950,0
1790621220000,1189,1061,3121,2950,0
1790621280000,1239,1140,3121,2950,0
1790621340000,1152,1057,3121,2950,0
1790621400000,1077,1032,3121,2950,0
1790621460000,1061,1033,3121,11962,0
1790621520000,1213,1186,3121,2950,0
1790621580000,1241,1217,3121,2950,0
1790621640000,1245,1216,3121,2950,0
1790621700000,1264,1212,3121,2950,0
1790621760000,1229,1215,3121,2950,0
1790621820000,1185,1177,3121,2950,0
1790621880000,1362,1184,3121,2950,0
1790621940000,1326,1184,3121,2950,0
1790622000000,1344,1189,3121,2950,0
1790622060000,1316,1173,3121,2950,0
1790622120000,1105,1051,3121,11840,0
1790622180000,1114,1024,3121,2950,0
1790622240000,1028,935,3121,2950,0
1790622300000,1028,846,3121,2950,0
1790622360000,941,873,3121,2950,0
1790622420000,780,734,3121,2950,0
1790622480000,839,725,3121,2950,0
1790622540000,682,653,3121,2950,0
1790622600000,545,537,2827,34080,0
1790622660000,587,576,3121,2950,0
1790622720000,557,549,3121,2950,0
1790622780000,751,670,3121,2950,0
1790622840000,678,669,3121,2950,0
1790622900000,552,552,2829,34089,0
1790622960000,615,615,2829,34091,0
1790623020000,613,613,2829,34091,0
1790623080000,614,613,2829,34091,0
1790623140000,628,613,3121,11804,0
1790623200000,613,606,3121,2950,0
1790623260000,550,550,3121,2950,0
1790623320000,549,549,3121,2950,0
1790623380000,537,534,3121,2950,0
1790623440000,535,532,3121,11804,0
1790623500000,531,531,3121,2950,0
1790623560000,533,532,3121,2950,0
1790623620000,531,531,2831,34094,0
1790623680000,529,529,2831,34094,0
1790623740000,618,581,3121,2950,0
1790623800000,600,583,3121,2950,0
1790623860000,610,585,3121,2950,0
1790623920000,599,582,3121,2950,0
1790623980000,830,654,3121,2950,0
1790624040000,492,490,2833,34110,0
1790624100000,825,660,3121,2950,0
1790624160000,764,599,3121,2950,0
1790624220000,751,593,3121,2950,0
1790624280000,701,537,3121,2950,0
1790624340000,350,337,2834,34112,0
1790624400000,748,549,3121,2950,0
1790624460000,738,548,3121,2950,0
1790624520000,343,340,2835,34131,0
1790624580000,341,340,2835,34132,0
1790624640000,342,342,2835,34132,0
1790624700000,425,423,2837,34134,0
1790624760000,433,423,3121,11768,0
1790624820000,378,376,3121,11768,0
1790624880000,341,341,2837,34136,0
1790624940000,339,339,2837,34136,0
1790625000000,342,342,2838,34136,0
1790625060000,434,424,3121,11768,0
1790625120000,421,421,2838,34137,0
1790625180000,420,420,2838,34137,0
1790625240000,431,422,3121,11766,0
1790625300000,429,425,3121,2950,0
1790625360000,424,420,2839,34142,0
1790625420000,434,424,3121,2950,0
1790625480000,426,422,3121,2950,0
1790625540000,420,420,2839,34142,0
1790625600000,424,424,2843,34142,0
1790625660000,454,448,3121,2950,0
1790625720000,395,395,2843,34146,0
1790625780000,428,423,3121,2950,0
1790625840000,501,501,2843,34146,0
1790625900000,505,501,3121,2950,0
1790625960000,504,501,3121,2950,0
1790626020000,501,496,3121,2950,0
1790626080000,464,464,3121,2950,0
1790626140000,464,464,3121,2950,0
1790626200000,465,465,3121,2950,0
1790626260000,467,467,2845,34152,0
1790626320000,470,467,3121,2950,0
1790626380000,467,464,3121,11760,0
1790626440000,461,461,2845,34152,0
1790626500000,501,498,3121,11760,0
1790626560000,506,502,3121,11759,0
1790626620000,499,499,3121,2950,0
1790626680000,604,498,3121,11759,0
1790626740000,607,500,3121,2950,0
1790626800000,494,493,2848,34155,0
1790626860000,497,493,3121,11758,0
1790626920000,497,492,3121,2950,0
1790626980000,508,501,3121,2950,0
1790627040000,512,504,3121,11758,0
1790627100000,465,464,3121,2950,0
1790627160000,493,490,2849,34157,0
1790627220000,506,496,3121,2950,0
1790627280000,496,493,3121,11755,0
1790627340000,505,502,3121,2950,0
1790627400000,514,507,3121,2950,0
1790627460000,514,507,3121,2950,0
1790627520000,499,499,2851,34159,0
1790627580000,501,499,3121,11755,0
1790627640000,495,493,3121,11754,0
1790627700000,464,462,3121,2950,0
1790627760000,490,490,2852,34161,0
1790627820000,494,493,3121,2950,0
1790627880000,496,492,3121,11753,0
1790627940000,506,498,3121,2950,0
1790628000000,467,465,3121,2950,0
1790628060000,468,465,3121,2950,0
1790628120000,468,466,3121,2950,0
1790628180000,503,499,3121,11750,0
1790628240000,609,501,3121,11750,0
1790628300000,510,504,3121,11748,0
1790628360000,625,507,3121,2950,0
1790628420000,506,505,3121,2950,0
1790628480000,507,501,3121,11748,0
1790628540000,440,438,2855,34168,0
1790628600000,446,442,3121,2950,0
1790628660000,434,432,3121,2950,0
1790628720000,427,427,2856,34171,0
1790628780000,427,427,2856,34171,0
1790628840000,436,436,2856,34171,0
1790628900000,504,502,3121,11744,0
1790628960000,502,502,2857,34172,0
1790629020000,494,494,3121,2950,0
1790629080000,494,494,3121,2950,0
1790629140000,492,492,2857,34172,0
1790629200000,484,478,3121,2950,0
1790629260000,596,562,3121,2950,0
1790629320000,569,549,3121,2950,0
1790629380000,588,550,3121,2950,0
1790629440000,580,557,3121,2950,0
1790629500000,617,559,3121,2950,0
1790629560000,588,560,3121,2950,0
1790629620000,552,546,3121,2950,0
1790629680000,471,468,3121,2950,0
1790629740000,471,466,3121,11720,0
1790629800000,472,467,3121,2950,0
1790629860000,467,467,2862,34196,0
1790629920000,471,466,3121,2950,0
1790629980000,468,466,2862,34196,0
1790630040000,467,461,3121,2950,0
1790630100000,467,463,3121,2950,0
1790630160000,468,463,3121,2950,0
1790630220000,499,495,3121,2950,0
1790630280000,505,500,3121,2950,0
1790630340000,501,500,3121,11717,0
1790630400000,518,500,3121,2950,0
1790630460000,624,500,3121,2950,0
1790630520000,502,499,3121,2950,0
1790630580000,433,429,3121,2950,0
1790630640000,433,429,3121,2950,0
1790630700000,437,437,2866,34202,0
1790630760000,437,437,2866,34203,0
1790630820000,423,420,3121,2950,0
1790630880000,423,420,3121,2950,0
1790630940000,419,419,2866,34203,0
1790631000000,442,440,3121,11717,0
1790631060000,448,437,3121,2950,0
1790631120000,432,425,3121,2950,0
1790631180000,434,425,3121,2950,0
1790631240000,431,429,3121,11715,0
1790631300000,432,430,3121,11715,0
1790631360000,428,428,2869,34208,0
1790631420000,427,427,2869,34208,0
1790631480000,430,422,3121,2950,0
1790631540000,426,422,3121,2950,0
1790631600000,451,428,3121,2950,0
1790631660000,436,427,3121,2950,0
1790631720000,421,421,2870,34211,0
1790631780000,420,420,2870,34211,0
1790631840000,420,420,2870,34211,0
1790631900000,424,423,3121,11711,0
1790631960000,424,423,3121,11711,0
1790632020000,420,420,2872,34213,0
1790632080000,418,418,2872,34213,0
1790632140000,420,420,2872,34213,0
1790632200000,421,421,2873,34213,0
1790632260000,426,424,3121,2950,0
1790632320000,447,423,3121,2950,0
1790632380000,425,423,3121,2950,0
1790632440000,361,352,3121,2950,0
1790632500000,356,351,3121,2950,0
1790632560000,347,343,3121,2950,0
1790632620000,343,343,3121,2950,0
1790632680000,347,340,3121,11707,0
1790632740000,354,351,3121,2950,0
1790632800000,469,352,3121,2950,0
1790632860000,422,328,3121,2950,0
1790632920000,1109,559,3121,2950,0
1790632980000,738,556,3121,2950,0
1790633040000,344,340,3121,11684,0
1790633100000,341,331,3121,11684,0
1790633160000,246,236,3121,11684,0
1790633220000,254,234,3121,11684,0
1790633280000,350,330,3121,11684,0
1790633340000,335,326,2875,34238,0
1790633400000,437,348,3121,2950,0
1790633460000,364,318,3121,2950,0
1790633520000,419,339,3121,2950,0
1790633580000,338,338,2875,34284,0
1790633640000,402,339,3121,2950,0
1790633700000,346,326,3121,2950,0
1790633760000,356,326,3121,2950,0
1790633820000,511,349,3121,2950,0
1790633880000,430,349,3121,2950,0
1790633940000,463,349,3121,2950,0
1790634000000,474,349,3121,2950,0
1790634060000,382,347,3121,2950,0
1790634120000,382,347,3121,2950,0
1790634180000,337,337,2876,34329,0
1790634240000,337,337,2876,34329,0
1790634300000,337,337,2876,34329,0
1790634360000,408,338,3121,11584,0
1790634420000,417,347,3121,2950,0
1790634480000,452,347,3121,2950,0
1790634540000,340,340,2876,34364,0
1790634600000,422,350,3121,2950,0
1790634660000,426,350,3121,2950,0
1790634720000,424,350,3121,2950,0
1790634780000,403,333,3121,2950,0
1790634840000,350,350,2877,34365,0
1790634900000,463,388,3121,2950,0
1790634960000,529,435,3121,2950,0
1790635020000,511,435,3121,2950,0
1790635080000,521,448,3121,2950,0
1790635140000,518,443,3121,2950,0
1790635200000,440,437,3121,2950,0
1790635260000,525,453,3121,2950,0
1790635320000,524,452,3121,2950,0
1790635380000,524,452,3121,2950,0
1790635440000,641,515,3121,2950,0
1790635500000,710,518,3121,2950,0
1790635560000,592,519,3121,2950,0
1790635620000,710,517,3121,2950,0
1790635680000,553,500,2881,34428,0
1790635740000,796,516,3121,2950,0
1790635800000,644,518,3121,11481,0
1790635860000,605,497,3121,2950,0
1790635920000,549,496,3121,2950,0
1790635980000,549,496,3121,2950,0
1790636040000,493,493,2882,34482,0
1790636100000,712,498,3121,2950,0
1790636160000,604,498,3121,2950,0
1790636220000,624,464,3121,2950,0
1790636280000,515,462,3121,2950,0
1790636340000,517,464,3121,2950,0
1790636400000,518,465,3121,2950,0
1790636460000,529,471,3121,2950,0
1790636520000,613,554,3121,2950,0
1790636580000,617,556,3121,2950,0
1790636640000,557,551,3121,11367,0
1790636700000,542,478,3121,2950,0
1790636760000,613,507,3121,11364,0
1790636820000,606,500,3121,11364,0
1790636880000,496,496,3121,2950,0
1790636940000,516,501,3121,11364,0
1790637000000,502,502,2888,34542,0
1790637060000,507,506,3121,2950,0
1790637120000,500,500,2888,34543,0
1790637180000,440,439,3121,2950,0
1790637240000,426,426,3121,2950,0
1790637300000,508,508,3121,2950,0
1790637360000,504,503,3121,11361,0
1790637420000,501,501,2890,34545,0
1790637480000,501,501,3121,2950,0
1790637540000,500,500,2890,34545,0
1790637600000,516,502,3121,2950,0
1790637660000,519,503,3121,11360,0
1790637720000,502,502,2891,34546,0
1790637780000,500,500,2891,34546,0
1790637840000,605,499,3121,2950,0
1790637900000,557,498,3121,2950,0
1790637960000,574,464,3121,2950,0
1790638020000,518,463,3121,2950,0
1790638080000,520,463,3121,2950,0
1790638140000,518,463,3121,2950,0
1790638200000,525,470,3121,2950,0
1790638260000,523,468,3121,2950,0
1790638320000,465,465,2894,34604,0
1790638380000,465,465,2894,34604,0
1790638440000,469,465,3121,11303,0
1790638500000,467,463,3121,11303,0
1790638560000,462,462,2895,34604,0
1790638620000,463,463,2895,34605,0
1790638680000,462,462,2895,34605,0
1790638740000,527,470,3121,2950,0
1790638800000,618,555,3121,2950,0
1790638860000,614,553,3121,2950,0
1790638920000,471,470,3121,2950,0
1790638980000,467,466,3121,11301,0
1790639040000,465,465,2896,34606,0
1790639100000,581,469,3121,11301,0
1790639160000,529,468,3121,11244,0
1790639220000,523,462,3121,11244,0
1790639280000,519,464,3121,2950,0
1790639340000,468,462,3121,11244,0
1790639400000,558,501,3121,2950,0
1790639460000,521,466,3121,2950,0
1790639520000,472,466,3121,2950,0
1790639580000,578,462,3121,11242,0
1790639640000,520,462,2899,34664,0
1790639700000,521,463,2900,34722,0
1790639760000,521,463,3121,2950,0
1790639820000,462,462,2900,34723,0
1790639880000,468,467,3121,2950,0
1790639940000,560,505,3121,2950,0
1790640000000,568,512,3121,2950,0
1790640060000,582,512,3121,2950,0
1790640120000,500,500,2904,34727,0
1790640180000,500,500,2904,34727,0
1790640240000,493,493,2904,34727,0
1790640300000,523,505,3121,11183,0
1790640360000,509,505,3121,11183,0
1790640420000,491,487,3121,11183,0
1790640480000,497,493,3121,11183,0
1790640540000,493,493,2905,34728,0
1790640600000,511,506,3121,11183,0
1790640660000,631,513,3121,2950,0
1790640720000,576,507,3121,11179,0
1790640780000,504,504,3121,2950,0
1790640840000,493,493,2906,34729,0
1790640900000,520,504,3121,11179,0
1790640960000,445,445,3121,2950,0
1790641020000,437,433,3121,2950,0
1790641080000,423,421,2908,34731,0
1790641140000,437,433,3121,2950,0
1790641200000,424,422,3121,2950,0
1790641260000,422,422,2909,34734,0
1790641320000,445,434,3121,2950,0
1790641380000,443,433,3121,2950,0
1790641440000,438,422,3121,2950,0
1790641500000,473,456,3121,2950,0
1790641560000,443,441,2910,34739,0
1790641620000,439,437,2910,34741,0
1790641680000,507,504,3121,2950,0
1790641740000,504,504,2910,34741,0
1790641800000,493,493,3121,2950,0
1790641860000,510,507,3121,2950,0
1790641920000,502,501,3121,11164,0
1790641980000,679,508,3121,2950,0
1790642040000,659,548,3121,11164,0
1790642100000,618,555,3121,2950,0
1790642160000,538,475,3121,2950,0
1790642220000,469,469,2913,34744,0
1790642280000,608,497,3121,11164,0
1790642340000,556,501,2913,34744,0
1790642400000,626,502,3121,2950,0
1790642460000,571,502,3121,2950,0
1790642520000,556,501,3121,2950,0
1790642580000,500,500,2914,34800,0
1790642640000,493,493,2914,34800,0
1790642700000,564,506,3121,2950,0
1790642760000,494,488,3121,2950,0
1790642820000,482,478,3121,2950,0
1790642880000,425,421,3121,2950,0
1790642940000,514,494,3121,2950,0
1790643000000,433,421,3121,2950,0
1790643060000,405,399,3121,2950,0
1790643120000,420,414,3121,2950,0
1790643180000,340,340,2917,34805,0
1790643240000,421,415,3121,2950,0
1790643300000,422,416,3121,2950,0
1790643360000,430,417,3121,2950,0
1790643420000,511,416,3121,2950,0
1790643480000,477,416,3121,2950,0
1790643540000,490,413,3121,2950,0
1790643600000,468,407,3121,2950,0
1790643660000,309,263,3121,2950,0
1790643720000,519,424,3121,2950,0
1790643780000,351,340,3121,2950,0
1790643840000,355,346,2920,34863,0
1790643900000,410,331,3121,2950,0
1790643960000,330,328,3121,11055,0
1790644020000,540,411,3121,2950,0
1790644080000,432,384,3121,2950,0
1790644140000,393,355,3121,2950,0
1790644200000,251,243,3121,2950,0
1790644260000,391,356,3121,2950,0
1790644320000,573,385,3121,2950,0
1790644380000,398,359,3121,2950,0
1790644440000,539,358,3121,2950,0
1790644500000,248,246,3121,11027,0
1790644560000,244,241,3121,2950,0
1790644620000,235,233,3121,2950,0
1790644680000,235,233,3121,2950,0
1790644740000,239,234,3121,2950,0
1790644800000,240,235,3121,2950,0
1790644860000,240,240,2924,34886,0
1790644920000,268,247,3121,11027,0
1790644980000,267,247,3121,11027,0
1790645040000,244,244,2924,34887,0
1790645100000,245,245,2925,34887,0
1790645160000,245,244,3121,11027,0
1790645220000,235,235,2925,34888,0
1790645280000,237,235,3121,2950,0
1790645340000,239,235,3121,2950,0
1790645400000,244,235,3121,2950,0
1790645460000,241,236,3121,2950,0
1790645520000,239,235,3121,2950,0
1790645580000,236,235,3121,2950,0
1790645640000,234,234,2926,34890,0
1790645700000,239,235,3121,11025,0
1790645760000,155,150,3121,2950,0
1790645820000,247,237,3121,2950,0
1790645880000,240,237,2927,34896,0
1790645940000,240,237,3121,2950,0
1790646000000,239,237,3121,2950,0
1790646060000,243,237,3121,2950,0
1790646120000,248,245,2927,34897,0
1790646180000,245,245,2927,34897,0
1790646240000,238,238,2927,34897,0
1790646300000,289,253,3121,11020,0
1790646360000,331,295,3121,11020,0
1790646420000,250,250,2929,34899,0
1790646480000,256,250,3121,11020,0
1790646540000,247,247,2929,34899,0
1790646600000,243,243,2930,34899,0
1790646660000,238,238,2930,34900,0
1790646720000,253,247,3121,11020,0
1790646780000,295,253,3121,11020,0
1790646840000,272,252,2930,34900,0
1790646900000,271,251,2931,34920,0
1790646960000,273,253,3121,2950,0
1790647020000,272,252,3121,2950,0
1790647080000,367,323,3121,2950,0
1790647140000,277,255,3121,10998,0
1790647200000,310,297,3121,10997,0
1790647260000,265,255,3121,10997,0
1790647320000,253,251,3121,2950,0
1790647380000,292,250,3121,10997,0
1790647440000,278,250,3121,10985,0
1790647500000,284,248,3121,2950,0
1790647560000,245,245,2934,34943,0
1790647620000,278,253,3121,2950,0
1790647680000,262,253,3121,10979,0
1790647740000,287,248,3121,10979,0
1790647800000,284,249,3121,2950,0
1790647860000,255,238,2935,34961,0
1790647920000,258,250,3121,10959,0
1790647980000,288,253,3121,2950,0
1790648040000,254,250,3121,10959,0
1790648100000,257,253,3121,10959,0
1790648160000,297,296,3121,2950,0
1790648220000,251,251,2937,34963,0
1790648280000,252,252,2937,34963,0
1790648340000,392,321,3121,10959,0
1790648400000,325,322,3121,10958,0
1790648460000,329,328,2938,35034,0
1790648520000,331,255,3121,2950,0
1790648580000,288,253,2938,35034,0
1790648640000,258,252,3121,2950,0
1790648700000,249,246,2939,35034,0
1790648760000,251,248,3121,2950,0
1790648820000,250,247,3121,2950,0
1790648880000,242,242,3121,2950,0
1790648940000,249,245,3121,2950,0
1790649000000,251,249,3121,10953,0
1790649060000,252,246,3121,10953,0
1790649120000,244,243,3121,10953,0
1790649180000,248,243,3121,2950,0
1790649240000,281,245,3121,2950,0
1790649300000,286,245,3121,2950,0
1790649360000,237,237,2940,35036,0
1790649420000,237,237,2940,35036,0
1790649480000,274,247,3121,10952,0
1790649540000,265,252,3121,10944,0
1790649600000,266,246,3121,2950,0
1790649660000,260,247,3121,2950,0
1790649720000,272,250,3121,2950,0
1790649780000,257,246,2940,35049,0
1790649840000,262,250,3121,2950,0
1790649900000,304,295,3121,2950,0
1790649960000,332,321,3121,2950,0
1790650020000,328,322,3121,2950,0
1790650080000,256,252,3121,2950,0
1790650140000,255,251,3121,2950,0
1790650200000,249,248,2942,35056,0
1790650260000,285,249,3121,2950,0
1790650320000,258,240,3121,2950,0
1790650380000,257,239,3121,2950,0
1790650440000,259,240,3121,2950,0
1790650500000,246,246,2942,35075,0
1790650560000,245,245,2942,35075,0
1790650620000,277,243,3121,2950,0
1790650680000,274,238,3121,10914,0
1790650740000,244,242,3121,10914,0
1790650800000,251,251,3121,2950,0
1790650860000,253,253,2945,35078,0
1790650920000,246,246,3121,2950,0
1790650980000,252,251,3121,2950,0
1790651040000,322,250,3121,2950,0
1790651100000,274,240,2945,35078,0
1790651160000,272,238,3121,2950,0
1790651220000,237,237,2945,35095,0
1790651280000,237,237,2945,35095,0
1790651340000,237,237,2945,35095,0
1790651400000,237,237,2945,35095,0
1790651460000,237,237,2945,35095,0
1790651520000,271,237,3121,10896,0
1790651580000,254,237,2945,35095,0
1790651640000,289,238,3121,2950,0
1790651700000,239,238,3121,2950,0
1790651760000,273,239,3121,2950,0
1790651820000,237,237,2945,35112,0
1790651880000,237,237,2945,35112,0
1790651940000,256,253,3121,10879,0
1790652000000,262,256,3121,2950,0
1790652060000,333,320,3121,2950,0
1790652120000,307,297,3121,2950,0
1790652180000,325,321,3121,2950,0
1790652240000,339,325,3121,2950,0
1790652300000,545,409,3121,2950,0
1790652360000,567,410,3121,2950,0
1790652420000,537,400,3121,2950,0
1790652480000,469,399,3121,2950,0
1790652540000,515,422,3121,2950,0
1790652600000,515,433,3121,2950,0
1790652660000,336,336,2949,35185,0
1790652720000,513,405,3121,2950,0
1790652780000,448,395,2949,35185,0
1790652840000,525,417,3121,2950,0
1790652900000,474,419,3121,2950,0
1790652960000,396,396,2950,35239,0
1790653020000,408,406,3121,10751,0
1790653080000,334,332,3121,10749,0
1790653140000,318,317,3121,2950,0
1790653200000,321,318,3121,2950,0
1790653260000,410,407,3121,2950,0
1790653320000,332,330,3121,10748,0
1790653380000,330,330,2951,35241,0
1790653440000,315,315,2951,35241,0
1790653500000,312,312,2953,35241,0
1790653560000,319,319,2953,35243,0
1790653620000,319,317,3121,10748,0
1790653680000,405,403,3121,10748,0
1790653740000,319,317,3121,10748,0
1790653800000,331,331,2954,35243,0
1790653860000,381,322,3121,2950,0
1790653920000,324,322,3121,2950,0
1790653980000,469,410,3121,2950,0
1790654040000,328,325,3121,2950,0
1790654100000,302,296,3121,2950,0
1790654160000,298,296,3121,2950,0
1790654220000,254,251,3121,2950,0
1790654280000,256,251,3121,2950,0
1790654340000,257,252,3121,2950,0
1790654400000,256,255,3121,2950,0
1790654460000,271,257,3121,2950,0
1790654520000,320,320,2959,35250,0
1790654580000,310,294,3121,2950,0
1790654640000,256,251,3121,10746,0
1790654700000,252,252,2960,35250,0
1790654760000,265,253,3121,10746,0
1790654820000,305,294,3121,2950,0
1790654880000,257,251,3121,10746,0
1790654940000,256,250,3121,10746,0
1790655000000,306,299,3121,10746,0
1790655060000,322,321,3121,10741,0
1790655120000,320,320,3121,2950,0
1790655180000,346,339,3121,2950,0
1790655240000,344,339,3121,2950,0
1790655300000,332,332,2963,35252,0
1790655360000,319,319,2963,35254,0
1790655420000,851,442,3121,2950,0
1790655480000,699,431,3121,2950,0
1790655540000,427,422,3121,2950,0
1790655600000,433,426,3121,2950,0
1790655660000,435,428,3121,2950,0
1790655720000,436,431,3121,2950,0
1790655780000,439,429,3121,2950,0
1790655840000,424,420,3121,2950,0
1790655900000,421,421,2964,35257,0
1790655960000,428,421,3121,2950,0
1790656020000,422,418,3121,10733,0
1790656080000,421,421,2964,35259,0
1790656140000,424,421,2964,35262,0
1790656200000,454,423,3121,10733,0
1790656260000,436,421,2965,35263,0
1790656320000,540,401,3121,2950,0
1790656380000,470,402,3121,2950,0
1790656440000,461,338,3121,2950,0
1790656500000,454,342,3121,2950,0
1790656560000,347,318,2966,35332,0
1790656620000,532,342,3121,2950,0
1790656680000,489,407,3121,2950,0
1790656740000,461,408,2966,35414,0
1790656800000,517,408,3121,2950,0
1790656860000,464,408,3121,10579,0
1790656920000,407,407,2967,35415,0
1790656980000,440,334,3121,10579,0
1790657040000,504,398,3121,10579,0
1790657100000,409,409,2969,35415,0
1790657160000,381,323,3121,10579,0
1790657220000,450,337,3121,2950,0
1790657280000,457,344,3121,2950,0
1790657340000,454,342,3121,2950,0
1790657400000,267,255,3121,10549,0
1790657460000,451,420,3121,2950,0
1790657520000,597,402,3121,2950,0
1790657580000,527,403,3121,2950,0
1790657640000,595,403,3121,2950,0
1790657700000,399,399,2971,35517,0
1790657760000,671,424,3121,2950,0
1790657820000,546,422,3121,10476,0
1790657880000,402,400,3121,10475,0
1790657940000,423,421,3121,2950,0
1790658000000,428,427,3121,2950,0
1790658060000,424,423,3121,2950,0
1790658120000,421,420,3121,2950,0
1790658180000,433,424,3121,2950,0
1790658240000,426,422,2974,35522,0
1790658300000,427,424,3121,2950,0
1790658360000,428,422,3121,2950,0
1790658420000,561,420,3121,10471,0
1790658480000,527,400,3121,2950,0
1790658540000,548,420,3121,10401,0
1790658600000,558,424,3121,2950,0
1790658660000,454,426,2976,35596,0
1790658720000,480,424,3121,2950,0
1790658780000,458,427,3121,2950,0
1790658840000,459,427,3121,2950,0
1790658900000,461,429,3121,2950,0
1790658960000,424,422,2978,35628,0
1790659020000,463,428,3121,2950,0
1790659080000,469,432,3121,2950,0
1790659140000,432,431,3121,2950,0
1790659200000,465,431,3121,2950,0
1790659260000,421,421,2979,35630,0
1790659320000,420,420,2979,35630,0
1790659380000,402,402,2979,35630,0
1790659440000,455,439,3121,10362,0
1790659500000,478,437,3121,2950,0
1790659560000,494,444,3121,2950,0
1790659620000,437,435,3121,2950,0
1790659680000,438,437,3121,2950,0
1790659740000,403,403,2979,35645,0
1790659800000,438,438,3121,2950,0
1790659860000,643,441,3121,2950,0
1790659920000,540,437,3121,2950,0
1790659980000,682,429,3121,2950,0
1790660040000,657,360,3121,2950,0
1790660100000,266,266,2981,35732,0
1790660160000,575,361,3121,2950,0
1790660220000,568,354,3121,2950,0
1790660280000,577,359,3121,2950,0
1790660340000,342,336,3121,10257,0
1790660400000,362,335,3121,10256,0
1790660460000,451,423,3121,2950,0
1790660520000,439,410,3121,2950,0
1790660580000,455,437,3121,2950,0
1790660640000,428,427,2982,35761,0
1790660700000,448,434,3121,2950,0
1790660760000,438,435,3121,2950,0
1790660820000,432,432,2984,35764,0
1790660880000,440,435,3121,2950,0
1790660940000,552,497,3121,2950,0
1790661000000,505,501,2984,35768,0
1790661060000,501,501,2984,35768,0
1790661120000,507,506,2984,35769,0
1790661180000,565,526,3121,2950,0
1790661240000,559,519,3121,2950,0
1790661300000,557,519,3121,2950,0
1790661360000,614,519,3121,2950,0
1790661420000,557,519,3121,2950,0
1790661480000,500,500,2984,35771,0
1790661540000,502,500,3121,2950,0
1790661600000,515,515,2986,35771,0
1790661660000,508,502,3121,2950,0
1790661720000,509,507,2986,35773,0
1790661780000,585,579,3121,2950,0
1790661840000,587,579,3121,2950,0
1790661900000,584,582,2986,35775,0
1790661960000,587,577,3121,2950,0
1790662020000,961,641,3121,2950,0
1790662080000,902,668,3121,2950,0
1790662140000,998,754,3121,2950,0
1790662200000,1141,751,3121,2950,0
1790662260000,939,826,3121,2950,0
1790662320000,990,990,2986,35824,0
1790662380000,978,895,3121,2950,0
1790662440000,1264,1133,3121,2950,0
1790662500000,1125,1119,2987,35834,0
1790662560000,1097,1009,3121,2950,0
1790662620000,755,731,3121,2950,0
1790662680000,740,726,3121,10169,0
1790662740000,1010,941,3121,2950,0
1790662800000,1023,987,3121,10168,0
1790662860000,1168,1078,3121,2950,0
1790662920000,1207,1077,3121,10168,0
1790662980000,1145,1066,3121,2950,0
1790663040000,1087,986,3121,10131,0
1790663100000,1078,986,3121,2950,0
1790663160000,1013,995,3121,2950,0
1790663220000,1032,986,3121,2950,0
1790663280000,995,986,3121,2950,0
1790663340000,1160,1105,3121,2950,0
1790663400000,1292,1144,3121,2950,0
1790663460000,1403,1213,3121,2950,0
1790663520000,1390,1212,3121,2950,0
1790663580000,1530,1250,3121,2950,0
1790663640000,1370,1239,3121,2950,0
1790663700000,1178,1166,3121,2950,0
1790663760000,1104,1079,3121,10072,0
1790663820000,1087,1087,3121,2950,0
1790663880000,1005,1005,3121,2950,0
1790663940000,1093,1043,3121,10072,0
1790664000000,1120,1072,3121,2950,0
1790664060000,1065,1065,2988,35913,0
1790664120000,1101,1075,3121,10072,0
1790664180000,1075,1074,2988,35913,0
1790664240000,1081,1078,3121,2950,0
1790664300000,1098,1096,3121,2950,0
1790664360000,1095,1091,3121,2950,0
1790664420000,1094,1084,3121,2950,0
1790664480000,1083,1083,2989,35916,0
1790664540000,1093,1085,3121,2950,0
1790664600000,1087,1085,2989,35916,0
1790664660000,1338,1235,3121,2950,0
1790664720000,1288,1229,3121,2950,0
1790664780000,1477,1223,3121,2950,0
1790664840000,1351,1228,3121,2950,0
1790664900000,1432,1230,3121,2950,0
1790664960000,1347,1226,3121,2950,0
1790665020000,1232,1229,3121,2950,0
1790665080000,1243,1229,3121,9946,0
1790665140000,1520,1235,3121,2950,0
1790665200000,1623,1236,3121,2950,0
1790665260000,1212,1089,3121,2950,0
1790665320000,1205,1082,3121,9822,0
1790665380000,1312,1168,3121,2950,0
1790665440000,1225,1191,3121,2950,0
1790665500000,1281,1231,3121,2950,0
1790665560000,1232,1230,3121,9809,0
1790665620000,1238,1234,3121,9809,0
1790665680000,1231,1230,2990,36178,0
1790665740000,1236,1234,3121,2950,0
1790665800000,1243,1238,3121,2950,0
1790665860000,1239,1236,3121,2950,0
1790665920000,1239,1233,3121,9808,0
1790665980000,1261,1233,3121,9808,0
1790666040000,1244,1229,3121,9805,0
1790666100000,1255,1234,3121,9795,0
1790666160000,1240,1237,3121,9794,0
1790666220000,1449,1277,3121,2950,0
1790666280000,1425,1267,3121,2950,0
1790666340000,1241,1225,3121,2950,0
1790666400000,1252,1236,3121,2950,0
1790666460000,1284,1230,3121,9792,0
1790666520000,1237,1194,3121,2950,0
1790666580000,1271,1207,3121,2950,0
1790666640000,1271,1227,3121,2950,0
1790666700000,1238,1234,3121,2950,0
1790666760000,1240,1234,3121,9764,0
1790666820000,1240,1234,3121,9764,0
1790666880000,1233,1233,2990,36222,0
1790666940000,1230,1228,3121,2950,0
1790667000000,1231,1230,2990,36222,0
1790667060000,1233,1225,3121,9764,0
1790667120000,1271,1259,3121,2950,0
1790667180000,1273,1271,3121,9764,0
1790667240000,1270,1261,3121,2950,0
1790667300000,1586,1247,3121,2950,0
1790667360000,1422,1245,3121,2950,0
1790667420000,1399,1229,3121,2950,0
1790667480000,1379,1271,3121,2950,0
1790667540000,1566,1320,3121,2950,0
1790667600000,1463,1283,3121,2950,0
1790667660000,1470,1254,3121,9677,0
1790667720000,1376,1253,3121,9595,0
1790667780000,1458,1236,3121,2950,0
1790667840000,1353,1233,3121,2950,0
1790667900000,1277,1269,3121,2950,0
1790667960000,1238,1234,3121,2950,0
1790668020000,1238,1234,3121,9562,0
1790668080000,1235,1234,3121,2950,0
1790668140000,1481,1235,3121,2950,0
1790668200000,1478,1236,3121,2950,0
1790668260000,1269,1269,2990,36425,0
1790668320000,1269,1269,2990,36425,0
1790668380000,1236,1234,3121,9562,0
1790668440000,1234,1234,2990,36425,0
1790668500000,1567,1234,3121,2950,0
1790668560000,1453,1231,3121,2950,0
1790668620000,1568,1231,3121,2950,0
1790668680000,1448,1226,3121,2950,0
1790668740000,1443,1222,3121,2950,0
1790668800000,1511,1277,3121,2950,0
1790668860000,1386,1274,2993,36542,0
1790668920000,1457,1231,3121,2950,0
1790668980000,1367,1253,3121,2950,0
1790669040000,1256,1254,3121,9336,0
1790669100000,1261,1258,3121,9336,0
1790669160000,1260,1258,3121,2950,0
1790669220000,1250,1236,3121,2950,0
1790669280000,1242,1228,3121,2950,0
1790669340000,1233,1233,2993,36655,0
1790669400000,1256,1256,2993,36655,0
1790669460000,1239,1236,3121,9334,0
1790669520000,1272,1269,3121,2950,0
1790669580000,1281,1272,3121,2950,0
1790669640000,1277,1272,3121,2950,0
1790669700000,1275,1273,3121,2950,0
1790669760000,1599,1256,3121,2950,0
1790669820000,1376,1261,3121,9304,0
1790669880000,1461,1234,3121,2950,0
1790669940000,1360,1247,3121,2950,0
1790670000000,1529,1299,3121,2950,0
1790670060000,2073,1471,3121,2950,0
1790670120000,1459,1221,3121,2950,0
1790670180000,1950,1385,3121,2950,0
1790670240000,1256,1233,3121,9039,0
1790670300000,1257,1254,3121,2950,0
1790670360000,1118,1115,3121,2950,0
1790670420000,1034,1029,3121,2950,0
1790670480000,1275,1193,3121,2950,0
1790670540000,1208,1164,3121,2950,0
1790670600000,1387,1366,3121,2950,0
1790670660000,1306,1305,3121,2950,0
1790670720000,1316,1314,3121,2950,0
1790670780000,1582,1354,3121,2950,0
1790670840000,1432,1319,3121,2950,0
1790670900000,1473,1239,3121,2950,0
1790670960000,1674,1319,3121,2950,0
1790671020000,1714,1251,3121,2950,0
1790671080000,1707,1282,3121,2950,0
1790671140000,1257,1207,3121,8902,0
1790671200000,1474,1211,3121,8902,0
1790671260000,2440,1198,3121,2950,0
1790671320000,1765,1258,3121,8895,0
1790671380000,1197,1168,3121,8894,0
1790671440000,1368,1112,3121,2950,0
1790671500000,1183,1032,3121,2950,0
1790671560000,1340,1050,3121,2950,0
1790671620000,1071,972,3121,2950,0
1790671680000,1328,1109,3121,2950,0
1790671740000,1080,1070,3121,2950,0
1790671800000,1005,1002,3000,37265,0
1790671860000,1007,1002,3121,8762,0
1790671920000,1323,1001,3121,2950,0
1790671980000,1044,841,3121,2950,0
1790672040000,1110,992,3121,2950,0
1790672100000,1128,1005,3121,2950,0
1790672160000,1191,1085,3121,2950,0
1790672220000,1124,1073,3121,2950,0
1790672280000,1166,1068,3121,2950,0
1790672340000,1093,1067,3121,2950,0
1790672400000,1123,1112,3121,2950,0
1790672460000,1151,1074,3121,2950,0
1790672520000,1337,1039,3121,2950,0
1790672580000,1335,985,3121,2950,0
1790672640000,1052,946,3121,2950,0
1790672700000,1284,986,3121,2950,0
1790672760000,817,813,3121,8517,0
1790672820000,817,813,3121,2950,0
1790672880000,817,813,3121,8515,0
1790672940000,807,805,3121,2950,0
1790673000000,808,807,3006,37510,0
1790673060000,814,810,3121,2950,0
1790673120000,809,806,3121,2950,0
1790673180000,815,811,3121,2950,0
1790673240000,805,804,3121,2950,0
1790673300000,1153,852,3121,2950,0
1790673360000,1147,855,3121,2950,0
1790673420000,803,803,3121,2950,0
1790673480000,810,810,3121,2950,0
1790673540000,812,810,3121,2950,0
1790673600000,1056,994,3121,2950,0
1790673660000,1196,994,3121,2950,0
1790673720000,1242,993,3121,2950,0
1790673780000,877,814,3121,2950,0
1790673840000,1075,995,3121,2950,0
1790673900000,1018,995,3121,2950,0
1790673960000,1001,995,3121,2950,0
1790674020000,1285,1211,3121,2950,0
1790674080000,1168,1098,3121,2950,0
1790674140000,1012,1003,3121,2950,0
1790674200000,990,989,3121,2950,0
1790674260000,1264,1178,3121,2950,0
1790674320000,1256,1199,3121,2950,0
1790674380000,1291,1215,3121,2950,0
1790674440000,1263,1223,3121,2950,0
1790674500000,1277,1216,3121,2950,0
1790674560000,1209,1208,3013,37568,0
1790674620000,1267,1224,3121,2950,0
1790674680000,1343,1235,3121,2950,0
1790674740000,1297,1234,3121,2950,0
1790674800000,1328,1237,3121,2950,0
1790674860000,1225,1215,3121,2950,0
1790674920000,1226,1217,3121,8440,0
1790674980000,1241,1231,3121,2950,0
1790675040000,1305,1236,3121,2950,0
1790675100000,1241,1239,3121,8440,0
1790675160000,1534,1243,3121,2950,0
1790675220000,1500,1361,3121,2950,0
1790675280000,1446,1291,3121,2950,0
1790675340000,1511,1356,3121,2950,0
1790675400000,1609,1327,3121,2950,0
1790675460000,1466,1210,3121,2950,0
1790675520000,1392,1193,3121,8359,0
1790675580000,1259,1067,3121,8265,0
1790675640000,1296,1087,3121,2950,0
1790675700000,1946,1325,3121,2950,0
1790675760000,1492,1325,3121,2950,0
1790675820000,1093,1070,3121,8241,0
1790675880000,1347,1062,3121,2950,0
1790675940000,1159,1059,3018,37816,0
1790676000000,1367,1091,3121,2950,0
1790676060000,1374,1192,3121,8132,0
1790676120000,1466,1226,3121,2950,0
1790676180000,1320,1190,3121,2950,0
1790676240000,1182,1162,3121,8120,0
1790676300000,1298,1163,3121,2950,0
1790676360000,1309,1186,3121,2950,0
1790676420000,1186,1171,3121,2950,0
1790676480000,1169,1166,3121,2950,0
1790676540000,1387,1187,3121,2950,0
1790676600000,1269,1139,3121,2950,0
1790676660000,1346,1225,3121,2950,0
1790676720000,1318,1210,3121,2950,0
1790676780000,1142,1087,3121,2950,0
1790676840000,1121,1121,3121,2950,0
1790676900000,1135,1135,3121,2950,0
1790676960000,1216,1192,3121,2950,0
1790677020000,1187,1165,3121,2950,0
1790677080000,1719,1288,3121,2950,0
1790677140000,1603,1288,3121,2950,0
1790677200000,1557,1215,3121,2950,0
1790677260000,1568,1263,3121,2950,0
1790677320000,1611,1287,3121,2950,0
1790677380000,1308,1264,3121,2950,0
1790677440000,1355,1268,3121,2950,0
1790677500000,1309,1266,3121,2950,0
1790677560000,1264,1264,3025,38228,0
1790677620000,1291,1289,3121,7836,0
1790677680000,1162,1159,3121,7836,0
1790677740000,1158,1156,3121,2950,0
1790677800000,1292,1290,3121,7835,0
1790677860000,1268,1266,3121,2950,0
1790677920000,1292,1282,3121,2950,0
1790677980000,1979,1301,3121,2950,0
1790678040000,1808,1303,3121,2950,0
1790678100000,1658,1261,3121,2950,0
1790678160000,1737,1269,3121,2950,0
1790678220000,1773,1303,3121,2950,0
1790678280000,1742,1272,3121,2950,0
1790678340000,1240,1238,3121,7634,0
1790678400000,2213,1310,3121,2950,0
1790678460000,1674,1277,3121,7632,0
1790678520000,1237,1237,3028,38431,0
1790678580000,1753,1273,3121,2950,0
1790678640000,1749,1271,3121,2950,0
1790678700000,1235,1235,3030,38431,0
1790678760000,1253,1240,3121,7632,0
1790678820000,1744,1275,3121,2950,0
1790678880000,1745,1265,3121,2950,0
1790678940000,1232,1232,3030,38433,0
1790679000000,1249,1237,3121,7632,0
1790679060000,1666,1263,3121,7626,0
1790679120000,1488,1276,3121,2950,0
1790679180000,1466,1260,3121,2950,0
1790679240000,1500,1267,3121,2950,0
1790679300000,1477,1250,3121,2950,0
1790679360000,1471,1250,3121,2950,0
1790679420000,1692,1264,3121,2950,0
1790679480000,1446,1239,3121,7222,0
1790679540000,1647,1241,3121,2950,0
1790679600000,1445,1242,3121,2950,0
1790679660000,1241,1240,3035,38862,0
1790679720000,1443,1239,3121,2950,0
1790679780000,1238,1238,3035,38862,0
1790679840000,2005,1274,3121,2950,0
1790679900000,1278,1216,3121,7202,0
1790679960000,2345,1281,3121,2950,0
1790680020000,1483,1264,3121,7011,0
1790680080000,2083,1255,3121,2950,0
1790680140000,1696,1278,3121,2950,0
1790680200000,1280,1264,3121,2950,0
1790680260000,1246,1240,3121,6994,0
1790680320000,1270,1259,3121,6993,0
1790680380000,1246,1235,3121,2950,0
1790680440000,1237,1237,3121,2950,0
1790680500000,1255,1240,3121,2950,0
1790680560000,1242,1233,3121,6989,0
1790680620000,1244,1234,3121,2950,0
1790680680000,1276,1262,3121,6988,0
1790680740000,1310,1274,3121,2950,0
1790680800000,1250,1239,3040,39076,0
1790680860000,1244,1240,3121,6988,0
1790680920000,1262,1259,3121,6987,0
1790680980000,1260,1259,3040,39078,0
1790681040000,1641,1254,3121,2950,0
1790681100000,1633,1247,3121,6987,0
1790681160000,1251,1247,3121,6987,0
1790681220000,1235,1233,3041,39079,0
1790681280000,1229,1225,3121,2950,0
1790681340000,1628,1244,3121,6985,0
1790681400000,1635,1249,3121,2950,0
1790681460000,1425,1232,3121,2950,0
1790681520000,1584,1360,3121,2950,0
1790681580000,1424,1233,3121,2950,0
1790681640000,1289,1162,3121,2950,0
1790681700000,1302,1165,3121,2950,0
1790681760000,1124,1073,3121,2950,0
1790681820000,1214,1197,3121,2950,0
1790681880000,1720,1278,3121,2950,0
1790681940000,1285,1167,3121,2950,0
1790682000000,1236,1119,3045,39106,0
1790682060000,1038,1030,3121,2950,0
1790682120000,1077,1076,3121,2950,0
1790682180000,1202,1193,3121,6960,0
1790682240000,1097,1067,3121,2950,0
1790682300000,1120,1092,3121,6960,0
1790682360000,1472,1205,3121,2950,0
1790682420000,1725,1217,3121,2950,0
1790682480000,1745,1224,3121,2950,0
1790682540000,3367,1562,3121,2950,0
1790682600000,1156,1107,3121,2950,0
1790682660000,3219,1559,3121,2950,0
1790682720000,1303,1244,3121,2950,0
1790682780000,1071,1069,3121,6616,0
1790682840000,1576,1181,3121,6616,0
1790682900000,1457,1069,3121,6616,0
1790682960000,1073,1069,3121,6616,0
1790683020000,1236,1176,3121,6615,0
1790683080000,1180,1169,3121,2950,0
1790683140000,1245,1228,3121,2950,0
1790683200000,1332,1324,3121,2950,0
1790683260000,1238,1223,3121,2950,0
1790683320000,1177,1170,3121,2950,0
1790683380000,1218,1214,3121,2950,0
1790683440000,1261,1214,3121,2950,0
1790683500000,1216,1170,3121,2950,0
1790683560000,1753,1314,3121,2950,0
1790683620000,1529,1313,3121,6394,0
1790683680000,1738,1302,3121,2950,0
1790683740000,1311,1309,3121,6389,0
1790683800000,1546,1310,3121,2950,0
1790683860000,1285,1285,3048,39755,0
1790683920000,1308,1308,3048,39755,0
1790683980000,1313,1313,3048,39755,0
1790684040000,1312,1312,3048,39755,0
1790684100000,1339,1317,3121,6389,0
1790684160000,1329,1322,3121,6389,0
1790684220000,1184,1179,3121,2950,0
1790684280000,1151,1123,3121,2950,0
1790684340000,1982,1335,3121,2950,0
1790684400000,1579,1219,3121,2950,0
1790684460000,1712,1208,3121,2950,0
1790684520000,1793,1225,3121,2950,0
1790684580000,1522,1204,3121,2950,0
1790684640000,1493,1318,3121,2950,0
1790684700000,1579,1410,3121,2950,0
1790684760000,1544,1387,3121,2950,0
1790684820000,1314,1312,3121,6220,0
1790684880000,1287,1285,3121,6220,0
1790684940000,1328,1282,3121,6220,0
1790685000000,1540,1176,3121,6220,0
1790685060000,1328,1122,3121,6062,0
1790685120000,1557,1173,3121,2950,0
1790685180000,1374,1159,3121,2950,0
1790685240000,1461,1186,3121,2950,0
1790685300000,1510,1313,3121,2950,0
1790685360000,1473,1288,3121,2950,0
1790685420000,1895,1326,3121,2950,0
1790685480000,1437,1161,3121,2950,0
1790685540000,1562,1238,3121,2950,0
1790685600000,1425,1231,3121,2950,0
1790685660000,1169,1168,3053,40337,0
1790685720000,1214,1213,3121,2950,0
1790685780000,1209,1209,3121,2950,0
1790685840000,1311,1311,3053,40337,0
1790685900000,1410,1329,3121,2950,0
1790685960000,1232,1183,3121,5778,0
1790686020000,1372,1299,3121,2950,0
1790686080000,1410,1288,3121,5772,0
1790686140000,1301,1286,3121,2950,0
1790686200000,1185,1181,3121,2950,0
1790686260000,1314,1235,3121,2950,0
1790686320000,1471,1314,3121,2950,0
1790686380000,1311,1309,3121,5772,0
1790686440000,1309,1309,3056,40375,0
1790686500000,1313,1313,3057,40375,0
1790686560000,1317,1317,3057,40376,0
1790686620000,1208,1208,3057,40376,0
1790686680000,1312,1312,3057,40376,0
1790686740000,1308,1308,3057,40376,0
1790686800000,1315,1315,3060,40376,0
1790686860000,1302,1300,3121,5772,0
1790686920000,1430,1309,3121,5771,0
1790686980000,1699,1299,3121,2950,0
1790687040000,1572,1189,3121,2950,0
1790687100000,1519,1315,3121,2950,0
1790687160000,1289,1289,3061,40414,0
1790687220000,1446,1316,3121,2950,0
1790687280000,1305,1240,3121,2950,0
1790687340000,1705,1180,3121,2950,0
1790687400000,1288,1093,3121,5477,0
1790687460000,1670,1219,3121,2950,0
1790687520000,1082,1082,3062,40673,0
1790687580000,1366,1169,3121,2950,0
1790687640000,1094,1091,3121,5475,0
1790687700000,1321,1319,3121,2950,0
1790687760000,1216,1215,3121,2950,0
1790687820000,1754,1172,3121,2950,0
1790687880000,1477,1088,3121,5474,0
1790687940000,1407,1082,3121,2950,0
1790688000000,1237,1065,3121,5474,0
1790688060000,1074,1065,3121,5473,0
1790688120000,1073,1064,3121,5473,0
1790688180000,1044,1043,3121,2950,0
1790688240000,1842,1180,3121,2950,0
1790688300000,4926,1418,3121,2950,0
1790688360000,3654,1484,3121,2950,0
1790688420000,1424,1219,3121,2950,0
1790688480000,1422,1223,3121,2950,0
1790688540000,1437,1243,3121,2950,0
1790688600000,2147,1451,3121,2950,0
1790688660000,1672,1476,3121,2950,0
1790688720000,2378,1526,3121,2950,0
1790688780000,2018,1527,3121,2950,0
1790688840000,1428,1426,3121,2950,0
1790688900000,2462,1566,3121,2950,0
1790688960000,2635,1547,3121,2950,0
1790689020000,1696,1417,3121,5107,0
1790689080000,1682,1416,3121,4971,0
1790689140000,1613,1287,3121,2950,0
1790689200000,1648,1401,3121,2950,0
1790689260000,1346,1314,3121,2950,0
1790689320000,1855,1270,3121,2950,0
1790689380000,1967,1494,3121,2950,0
1790689440000,1577,1410,3121,2950,0
1790689500000,1651,1318,3121,2950,0
1790689560000,1630,1448,3121,2950,0
1790689620000,1564,1426,3072,41356,0
1790689680000,1581,1437,3121,2950,0
1790689740000,1602,1446,3121,2950,0
1790689800000,1411,1411,3121,2950,0
1790689860000,1297,1285,3121,4788,0
1790689920000,1360,1306,3121,2950,0
1790689980000,1356,1317,3121,2950,0
1790690040000,1257,1216,3121,2950,0
1790690100000,1579,1181,3121,2950,0
1790690160000,1618,1227,3121,2950,0
1790690220000,1359,1322,3121,2950,0
1790690280000,1332,1300,3121,2950,0
1790690340000,1323,1322,3121,2950,0
1790690400000,1337,1302,3121,2950,0
1790690460000,1832,1519,3121,2950,0
1790690520000,2550,1541,3121,2950,0
1790690580000,2541,1538,3121,2950,0
1790690640000,1508,1370,3121,2950,0
1790690700000,1339,1329,3121,4604,0
1790690760000,2910,1542,3121,2950,0
1790690820000,2850,1524,3121,2950,0
1790690880000,1386,1349,3121,4566,0
1790690940000,1380,1321,3121,2950,0
1790691000000,1392,1309,3121,4565,0
1790691060000,1369,1328,3121,2950,0
1790691120000,4213,1444,3121,2950,0
1790691180000,2836,1525,3121,4564,0
1790691240000,1320,1319,3121,2950,0
1790691300000,1232,1229,3121,2950,0
1790691360000,1251,1183,3121,2950,0
1790691420000,1361,1282,3121,2950,0
1790691480000,1544,1340,3121,4562,0
1790691540000,1511,1376,3121,4512,0
1790691600000,1462,1393,3121,2950,0
1790691660000,1343,1284,3121,2950,0
1790691720000,1411,1339,3121,2950,0
1790691780000,1397,1341,3121,4478,0
1790691840000,1262,1253,3121,2950,0
1790691900000,1458,1349,3121,2950,0
1790691960000,1889,1390,3121,2950,0
1790692020000,1930,1359,3121,2950,0
1790692080000,1871,1388,3121,4272,0
1790692140000,1706,1347,3121,2950,0
1790692200000,1358,1283,3121,4255,0
1790692260000,1399,1348,3121,4255,0
1790692320000,1352,1350,3121,4255,0
1790692380000,1360,1338,3121,4255,0
1790692440000,1297,1280,3121,2950,0
1790692500000,1335,1207,3121,2950,0
1790692560000,1509,1231,3121,2950,0
1790692620000,1921,1107,3121,2950,0
1790692680000,1742,1234,3121,2950,0
1790692740000,1337,1187,3121,2950,0
1790692800000,1437,1348,3121,2950,0
1790692860000,1404,1345,3121,4095,0
1790692920000,1405,1356,3121,4093,0
1790692980000,1345,1340,3121,2950,0
1790693040000,1403,1191,3121,2950,0
1790693100000,1993,1358,3121,2950,0
1790693160000,1809,1358,3121,4075,0
1790693220000,1463,1338,3121,2950,0
1790693280000,1394,1288,3121,4074,0
1790693340000,1532,1232,3121,2950,0
1790693400000,1309,946,3121,2950,0
1790693460000,1580,1239,3121,2950,0
1790693520000,1378,1220,3121,2950,0
1790693580000,1058,1046,3121,2950,0
1790693640000,1180,1096,3121,2950,0
1790693700000,1297,1232,3121,3962,0
1790693760000,1463,1180,3121,2950,0
1790693820000,1461,1182,3121,2950,0
1790693880000,1295,1213,3121,2950,0
1790693940000,1259,1133,3121,2950,0
1790694000000,1234,872,3121,2950,0
1790694060000,857,760,3121,2950,0
1790694120000,1048,836,3121,2950,0
1790694180000,742,714,3121,2950,0
1790694240000,923,776,3121,2950,0
1790694300000,957,756,3121,2950,0
1790694360000,949,756,3121,2950,0
1790694420000,696,684,3121,2950,0
1790694480000,790,684,3121,3864,0
1790694540000,871,758,3121,2950,0
1790694600000,817,732,3121,3785,0
1790694660000,754,645,3121,2950,0
1790694720000,860,758,3121,2950,0
1790694780000,774,685,3121,2950,0
1790694840000,767,683,3121,2950,0
1790694900000,693,682,3121,2950,0
1790694960000,685,683,3121,2950,0
1790695020000,647,619,3121,2950,0
1790695080000,814,717,3121,2950,0
1790695140000,750,644,3121,2950,0
1790695200000,895,646,3121,2950,0
1790695260000,705,622,3121,2950,0
1790695320000,716,618,3121,2950,0
1790695380000,589,547,3121,2950,0
1790695440000,474,446,3121,2950,0
1790695500000,397,367,3121,2950,0
1790695560000,397,369,3121,2950,0
1790695620000,704,453,3121,2950,0
1790695680000,368,365,3093,42448,0
1790695740000,707,456,3121,2950,0
1790695800000,373,370,3121,2950,0
1790695860000,402,368,3121,2950,0
1790695920000,647,532,3121,3726,0
1790695980000,537,522,3121,2950,0
1790696040000,608,543,3121,2950,0
1790696100000,586,522,3121,2950,0
1790696160000,571,522,3121,2950,0
1790696220000,513,512,3094,42516,0
1790696280000,512,512,3094,42516,0
1790696340000,552,533,3121,2950,0
1790696400000,554,535,3121,2950,0
1790696460000,542,537,3121,3675,0
1790696520000,542,522,3121,2950,0
1790696580000,570,520,3121,2950,0
1790696640000,522,521,3121,2950,0
1790696700000,682,536,3121,2950,0
1790696760000,742,527,3121,2950,0
1790696820000,793,558,3121,2950,0
1790696880000,746,541,3121,2950,0
1790696940000,644,537,3121,2950,0
1790697000000,608,553,3121,2950,0
1790697060000,465,439,3121,2950,0
1790697120000,566,492,3121,2950,0
1790697180000,462,420,3121,2950,0
1790697240000,375,362,3096,42606,0
1790697300000,466,420,3121,2950,0
1790697360000,421,367,3121,3583,0
1790697420000,419,369,3121,3583,0
1790697480000,387,362,3121,2950,0
1790697540000,395,368,3121,2950,0
1790697600000,443,441,3121,3583,0
1790697660000,441,440,3121,3583,0
1790697720000,437,437,3098,42611,0
1790697780000,522,438,3121,2950,0
1790697840000,410,410,3098,42611,0
1790697900000,452,410,3098,42611,0
1790697960000,452,410,3121,2950,0
1790698020000,367,367,3098,42611,0
1790698080000,465,409,3121,2950,0
1790698140000,395,364,3121,3517,0
1790698200000,419,369,3121,2950,0
1790698260000,367,367,3098,42636,0
1790698320000,398,367,3121,2950,0
1790698380000,402,367,3121,2950,0
1790698440000,511,409,3121,2950,0
1790698500000,437,409,3098,42636,0
1790698560000,586,438,3121,3515,0
1790698620000,465,439,3121,2950,0
1790698680000,515,437,3121,2950,0
1790698740000,465,437,3121,2950,0
1790698800000,536,453,3121,2950,0
1790698860000,527,523,3121,3460,0
1790698920000,571,544,3121,2950,0
1790698980000,548,523,3121,2950,0
1790699040000,588,536,3121,2950,0
1790699100000,562,537,3121,2950,0
1790699160000,566,539,3121,2950,0
1790699220000,536,534,3121,3460,0
1790699280000,534,534,3098,42731,0
1790699340000,590,536,3121,2950,0
1790699400000,538,538,3099,42731,0
1790699460000,524,522,3121,3460,0
1790699520000,547,544,3121,3460,0
1790699580000,526,522,3121,2950,0
1790699640000,535,535,3099,42733,0
1790699700000,536,536,3100,42733,0
1790699760000,538,536,3121,3459,0
1790699820000,536,535,3100,42734,0
1790699880000,536,534,3121,2950,0
1790699940000,540,537,3121,2950,0
1790700000000,524,522,3121,2950,0
1790700060000,511,458,3121,2950,0
1790700120000,502,438,3121,2950,0
1790700180000,460,399,3121,2950,0
1790700240000,423,398,3121,2950,0
1790700300000,451,400,3121,2950,0
1790700360000,450,399,3121,2950,0
1790700420000,369,369,3101,42761,0
1790700480000,367,367,3101,42761,0
1790700540000,371,367,3121,3431,0
1790700600000,371,367,3121,3431,0
1790700660000,368,368,3101,42761,0
1790700720000,367,367,3101,42761,0
1790700780000,449,398,3121,2950,0
1790700840000,423,388,3121,2950,0
1790700900000,369,343,3121,2950,0
1790700960000,1169,478,3121,2950,0
1790701020000,857,494,3121,2950,0
1790701080000,417,367,3121,3418,0
1790701140000,394,369,3101,42774,0
1790701200000,394,369,3103,42799,0
1790701260000,394,369,3121,2950,0
1790701320000,367,367,3103,42801,0
1790701380000,407,370,3121,2950,0
1790701440000,544,437,3121,2950,0
1790701500000,550,443,3121,2950,0
1790701560000,548,522,3121,2950,0
1790701620000,547,521,3121,2950,0
1790701680000,522,520,3121,2950,0
1790701740000,566,513,3121,2950,0
1790701800000,476,449,3121,3391,0
1790701860000,579,522,3121,2950,0
1790701920000,466,438,3121,2950,0
1790701980000,465,437,3121,2950,0
1790702040000,551,522,3121,2950,0
1790702100000,524,524,3106,42832,0
1790702160000,488,448,3121,2950,0
1790702220000,469,439,3121,2950,0
1790702280000,519,437,3121,3362,0
1790702340000,521,439,3121,2950,0
1790702400000,494,438,3121,3362,0
1790702460000,472,442,3121,2950,0
1790702520000,369,369,3106,42834,0
1790702580000,497,441,3121,2950,0
1790702640000,460,432,3106,42862,0
1790702700000,459,431,3121,2950,0
1790702760000,431,431,3106,42862,0
1790702820000,438,436,3121,3332,0
1790702880000,518,436,3121,3332,0
1790702940000,610,526,3121,2950,0
1790703000000,536,536,3121,2950,0
1790703060000,536,536,3121,2950,0
1790703120000,536,536,3121,2950,0
1790703180000,534,534,3107,42863,0
1790703240000,534,534,3107,42863,0
1790703300000,525,525,3107,42863,0
1790703360000,447,447,3107,42863,0
1790703420000,438,438,3107,42863,0
1790703480000,514,432,3121,3332,0
1790703540000,519,437,3121,3332,0
1790703600000,436,434,3121,3332,0
1790703660000,524,521,3121,3332,0
1790703720000,523,520,3121,2950,0
1790703780000,450,447,3121,2950,0
1790703840000,433,433,3121,2950,0
1790703900000,521,520,3121,2950,0
1790703960000,454,452,3121,2950,0
1790704020000,548,438,3121,2950,0
1790704080000,603,437,3121,2950,0
1790704140000,467,439,3121,2950,0
1790704200000,431,400,3121,2950,0
1790704260000,369,369,3107,42865,0
1790704320000,428,399,3121,2950,0
1790704380000,369,369,3121,2950,0
1790704440000,369,369,3121,2950,0
1790704500000,367,367,3107,42865,0
1790704560000,421,369,3121,2950,0
1790704620000,392,367,3107,42865,0
1790704680000,472,393,3121,2950,0
1790704740000,453,399,3121,2950,0
1790704800000,623,562,3121,2950,0
1790704860000,546,541,3121,2950,0
1790704920000,539,538,3121,2950,0
1790704980000,539,539,3121,2950,0
1790705040000,536,536,3121,2950,0
1790705100000,799,635,3121,2950,0
1790705160000,734,625,3121,2950,0
1790705220000,660,610,3109,42943,0
1790705280000,732,620,3121,2950,0
1790705340000,624,616,3121,3252,0
1790705400000,536,536,3110,42943,0
1790705460000,544,544,3110,42944,0
1790705520000,707,607,3121,3252,0
1790705580000,655,604,3121,3214,0
1790705640000,703,603,3121,2950,0
1790705700000,782,629,3121,2950,0
1790705760000,854,701,3121,2950,0
1790705820000,785,632,3121,2950,0
1790705880000,602,602,3112,42996,0
1790705940000,602,602,3112,42996,0
1790706000000,712,612,3121,3201,0
1790706060000,674,622,3121,3152,0
1790706120000,1130,701,3121,2950,0
1790706180000,906,700,3121,2950,0
1790706240000,687,684,3121,2950,0
1790706300000,688,684,3121,2950,0
1790706360000,684,683,3121,3146,0
1790706420000,618,618,3113,43051,0
1790706480000,683,683,3121,2950,0
1790706540000,622,622,3121,2950,0
1790706600000,686,686,3114,43051,0
1790706660000,686,686,3121,2950,0
1790706720000,844,688,3121,2950,0
1790706780000,702,647,3121,2950,0
1790706840000,853,646,3121,2950,0
1790706900000,844,682,3121,2950,0
1790706960000,680,680,3115,43104,0
1790707020000,646,646,3115,43104,0
1790707080000,910,651,3121,2950,0
1790707140000,859,731,3121,2950,0
1790707200000,1102,736,3121,2950,0
1790707260000,999,719,3121,2950,0
1790707320000,1092,705,3121,2950,0
1790707380000,1129,707,3121,2950,0
1790707440000,737,720,3121,2950,0
1790707500000,738,736,3121,2979,0
1790707560000,689,689,3118,43223,0
1790707620000,738,733,3121,2979,0
1790707680000,763,733,3121,2979,0
1790707740000,740,724,3121,2979,0
1790707800000,763,737,3121,2970,0
1790707860000,730,718,3121,2950,0
1790707920000,694,694,3121,2950,0
1790707980000,690,690,3119,43225,0
1790708040000,746,718,3121,2950,0
1790708100000,741,724,3121,2964,0
1790708160000,736,726,3121,2950,0
1790708220000,760,733,3121,2950,0
1790708280000,737,731,3121,2950,0
1790708340000,746,725,3121,2950,0
1790708400000,767,725,3121,2950,0
1790708460000,759,735,3121,2956,0
1790708520000,744,732,3121,2950,0
1790708580000,693,693,3121,2950,0
1790708640000,739,733,3121,43248,0
1790708700000,717,717,3121,43248,0
1790708760000,696,686,3121,2956,0
1790708820000,1042,690,3121,2950,0
1790708880000,887,689,3121,2950,0
1790708940000,674,658,3121,2950,0
